
UPDATE creature_model_info SET modelid_other_gender=11227 WHERE modelid=11226;
UPDATE creature_model_info SET modelid_other_gender=15551 WHERE modelid=15552;
UPDATE creature_model_info SET modelid_other_gender=20286 WHERE modelid=20287;
UPDATE creature_model_info SET modelid_other_gender=0 WHERE modelid=22511;
UPDATE creature_model_info SET modelid_other_gender=0 WHERE modelid=22512;

INSERT IGNORE INTO pool_template VALUES (895,25,'MASTER Minerals Borean Tundra zone 3537');
INSERT IGNORE INTO pool_template VALUES (894,25,'MASTER Minerals Howling Fjord zone 495');
INSERT IGNORE INTO pool_template VALUES (893,25,'MASTER Minerals Dragonblight zone 65');
INSERT IGNORE INTO pool_template VALUES (892,25,'MASTER Minerals Grizzly Hills zone 394');
INSERT IGNORE INTO pool_template VALUES (891,30,'MASTER Minerals Zul\'Drak zone 66');
INSERT IGNORE INTO pool_template VALUES (890,25,'MASTER Minerals Hellfire Peninsula zone 3483');

-- slightly higher, large zones
UPDATE pool_template SET max_limit=30 WHERE entry IN (899,898,897);

UPDATE pool_pool SET mother_pool=895 WHERE mother_pool=5000;
UPDATE pool_pool SET mother_pool=894 WHERE mother_pool=5121;
UPDATE pool_pool SET mother_pool=893 WHERE mother_pool=5122;
UPDATE pool_pool SET mother_pool=892 WHERE mother_pool=5181;
UPDATE pool_pool SET mother_pool=891 WHERE mother_pool=5238;

DELETE FROM pool_template WHERE entry IN (5000,5121,5122,5181,5238);

-- borean tundra
UPDATE gameobject SET guid=199999 WHERE guid=120544;
INSERT IGNORE INTO pool_gameobject VALUES (199999,10000,0,'Borean Tundra 189978, node 74');
INSERT IGNORE INTO gameobject VALUES (199998,189979,571,1,1,3339.99,6077.69,70.5354,3.14159,0.0,0.0,0.0,1.0,3600,255,1);
INSERT IGNORE INTO pool_gameobject VALUES (199998,10000,20,'Borean Tundra 189979, node 74');
INSERT IGNORE INTO pool_template VALUES (10000,1,'Borean Tundra mineral, node 74');
INSERT IGNORE INTO pool_pool VALUES (10000,895,0,'Borean Tundra mineral, node 74');

UPDATE gameobject SET guid=199997 WHERE guid=120706;
INSERT IGNORE INTO pool_gameobject VALUES (199997,10001,0,'Borean Tundra 189978, node 75');
INSERT IGNORE INTO gameobject VALUES (199996,189979,571,1,1,3791.72,6400.17,201.611,-0.680679,0.0,0.0,0.0,1.0,3600,255,1);
INSERT IGNORE INTO pool_gameobject VALUES (199996,10001,20,'Borean Tundra 189979, node 75');
INSERT IGNORE INTO pool_template VALUES (10001,1,'Borean Tundra mineral, node 75');
INSERT IGNORE INTO pool_pool VALUES (10001,895,0,'Borean Tundra mineral, node 75');

UPDATE gameobject SET guid=199995 WHERE guid=120708;
INSERT IGNORE INTO pool_gameobject VALUES (199995,10002,0,'Borean Tundra 189978, node 76');
INSERT IGNORE INTO gameobject VALUES (199994,189979,571,1,1,3637.1,4875.02,-4.46438,1.23918,0.0,0.0,0.0,1.0,3600,255,1);
INSERT IGNORE INTO pool_gameobject VALUES (199994,10002,20,'Borean Tundra 189979, node 76');
INSERT IGNORE INTO pool_template VALUES (10002,1,'Borean Tundra mineral, node 76');
INSERT IGNORE INTO pool_pool VALUES (10002,895,0,'Borean Tundra mineral, node 76');

UPDATE gameobject SET guid=199993 WHERE guid=120714;
INSERT IGNORE INTO pool_gameobject VALUES (199993,10003,0,'Borean Tundra 189978, node 77');
INSERT IGNORE INTO gameobject VALUES (199992,189979,571,1,1,3966.95,4626.57,3.96658,1.48353,0.0,0.0,0.0,1.0,3600,255,1);
INSERT IGNORE INTO pool_gameobject VALUES (199992,10003,20,'Borean Tundra 189979, node 77');
INSERT IGNORE INTO pool_template VALUES (10003,1,'Borean Tundra mineral, node 77');
INSERT IGNORE INTO pool_pool VALUES (10003,895,0,'Borean Tundra mineral, node 77');

UPDATE gameobject SET guid=199991 WHERE guid=121572;
INSERT IGNORE INTO pool_gameobject VALUES (199991,10004,0,'Borean Tundra 189978, node 78');
INSERT IGNORE INTO gameobject VALUES (199990,189979,571,1,1,4027.44,5977.49,-126.068,-1.27409,0.0,0.0,0.0,1.0,7200,255,1);
INSERT IGNORE INTO pool_gameobject VALUES (199990,10004,20,'Borean Tundra 189979, node 78');
INSERT IGNORE INTO pool_template VALUES (10004,1,'Borean Tundra mineral, node 78');
INSERT IGNORE INTO pool_pool VALUES (10004,895,0,'Borean Tundra mineral, node 78');

UPDATE gameobject SET guid=199989 WHERE guid=121573;
INSERT IGNORE INTO pool_gameobject VALUES (199989,10005,0,'Borean Tundra 189978, node 79');
INSERT IGNORE INTO gameobject VALUES (199988,189979,571,1,1,2620.51,5873.98,-13.0427,-0.069812,0.0,0.0,0.0,1.0,7200,255,1);
INSERT IGNORE INTO pool_gameobject VALUES (199988,10005,20,'Borean Tundra 189979, node 79');
INSERT IGNORE INTO pool_template VALUES (10005,1,'Borean Tundra mineral, node 79');
INSERT IGNORE INTO pool_pool VALUES (10005,895,0,'Borean Tundra mineral, node 79');

UPDATE gameobject SET guid=199987 WHERE guid=121577;
INSERT IGNORE INTO pool_gameobject VALUES (199987,10006,0,'Borean Tundra 189978, node 80');
INSERT IGNORE INTO gameobject VALUES (199986,189979,571,1,1,4420.92,5968.57,58.9111,-1.78023,0.0,0.0,0.0,1.0,7200,255,1);
INSERT IGNORE INTO pool_gameobject VALUES (199986,10006,20,'Borean Tundra 189979, node 80');
INSERT IGNORE INTO pool_template VALUES (10006,1,'Borean Tundra mineral, node 80');
INSERT IGNORE INTO pool_pool VALUES (10006,895,0,'Borean Tundra mineral, node 80');

UPDATE gameobject SET guid=199985 WHERE guid=121578;
INSERT IGNORE INTO pool_gameobject VALUES (199985,10007,0,'Borean Tundra 189978, node 81');
INSERT IGNORE INTO gameobject VALUES (199984,189979,571,1,1,3969.57,6320.44,3.27146,-2.56563,0.0,0.0,0.0,1.0,7200,255,1);
INSERT IGNORE INTO pool_gameobject VALUES (199984,10007,20,'Borean Tundra 189979, node 81');
INSERT IGNORE INTO pool_template VALUES (10007,1,'Borean Tundra mineral, node 81');
INSERT IGNORE INTO pool_pool VALUES (10007,895,0,'Borean Tundra mineral, node 81');

UPDATE gameobject SET guid=199983 WHERE guid=121634;
INSERT IGNORE INTO pool_gameobject VALUES (199983,10008,0,'Borean Tundra 189978, node 82');
INSERT IGNORE INTO gameobject VALUES (199982,189979,571,1,1,2210.39,6140.07,102.586,-1.43117,0.0,0.0,0.0,1.0,7200,255,1);
INSERT IGNORE INTO pool_gameobject VALUES (199982,10008,20,'Borean Tundra 189979, node 82');
INSERT IGNORE INTO pool_template VALUES (10008,1,'Borean Tundra mineral, node 82');
INSERT IGNORE INTO pool_pool VALUES (10008,895,0,'Borean Tundra mineral, node 82');

UPDATE gameobject SET guid=199981 WHERE guid=121638;
INSERT IGNORE INTO pool_gameobject VALUES (199981,10009,0,'Borean Tundra 189978, node 83');
INSERT IGNORE INTO gameobject VALUES (199980,189979,571,1,1,4285.31,5841.81,59.8419,1.23918,0.0,0.0,0.0,1.0,7200,255,1);
INSERT IGNORE INTO pool_gameobject VALUES (199980,10009,20,'Borean Tundra 189979, node 83');
INSERT IGNORE INTO pool_template VALUES (10009,1,'Borean Tundra mineral, node 83');
INSERT IGNORE INTO pool_pool VALUES (10009,895,0,'Borean Tundra mineral, node 83');

UPDATE gameobject SET guid=199979 WHERE guid=121648;
INSERT IGNORE INTO pool_gameobject VALUES (199979,10010,0,'Borean Tundra 189978, node 84');
INSERT IGNORE INTO gameobject VALUES (199978,189979,571,1,1,4028.67,6774.96,163.169,0.942477,0.0,0.0,0.0,1.0,7200,255,1);
INSERT IGNORE INTO pool_gameobject VALUES (199978,10010,20,'Borean Tundra 189979, node 84');
INSERT IGNORE INTO pool_template VALUES (10010,1,'Borean Tundra mineral, node 84');
INSERT IGNORE INTO pool_pool VALUES (10010,895,0,'Borean Tundra mineral, node 84');

UPDATE gameobject SET guid=199977 WHERE guid=121649;
INSERT IGNORE INTO pool_gameobject VALUES (199977,10011,0,'Borean Tundra 189978, node 85');
INSERT IGNORE INTO gameobject VALUES (199976,189979,571,1,1,2207.81,5461.62,1.41788,-2.25147,0.0,0.0,0.0,1.0,7200,255,1);
INSERT IGNORE INTO pool_gameobject VALUES (199976,10011,20,'Borean Tundra 189979, node 85');
INSERT IGNORE INTO pool_template VALUES (10011,1,'Borean Tundra mineral, node 85');
INSERT IGNORE INTO pool_pool VALUES (10011,895,0,'Borean Tundra mineral, node 85');

-- howling fjord
UPDATE gameobject SET id=189978 WHERE guid IN (60194,60440,60740);

UPDATE gameobject SET guid=199975 WHERE guid=56180;
INSERT IGNORE INTO pool_gameobject VALUES (199975,10012,0,'Howling Fjord 189978, node 63');
INSERT IGNORE INTO gameobject VALUES (199974,189979,571,1,1,2192.97,-2536.35,5.33532,2.49582,0.0,0.0,0.0,1.0,3600,100,1);
INSERT IGNORE INTO pool_gameobject VALUES (199974,10012,20,'Howling Fjord 189979, node 63');
INSERT IGNORE INTO pool_template VALUES (10012,1,'Howling Fjord mineral, node 63');
INSERT IGNORE INTO pool_pool VALUES (10012,894,0,'Howling Fjord mineral, node 63');

UPDATE gameobject SET guid=199973 WHERE guid=56453;
INSERT IGNORE INTO pool_gameobject VALUES (199973,10013,0,'Howling Fjord 189978, node 64');
INSERT IGNORE INTO gameobject VALUES (199972,189979,571,1,1,2588.11,-3004.66,111.536,-2.19912,0.0,0.0,0.0,1.0,3600,100,1);
INSERT IGNORE INTO pool_gameobject VALUES (199972,10013,20,'Howling Fjord 189979, node 64');
INSERT IGNORE INTO pool_template VALUES (10013,1,'Howling Fjord mineral, node 64');
INSERT IGNORE INTO pool_pool VALUES (10013,894,0,'Howling Fjord mineral, node 64');

UPDATE gameobject SET guid=199971 WHERE guid=56798;
INSERT IGNORE INTO pool_gameobject VALUES (199971,10014,0,'Howling Fjord 189978, node 65');
INSERT IGNORE INTO gameobject VALUES (199970,189979,571,1,1,2022.6,-2729.91,0.300366,0.837757,0.0,0.0,0.0,1.0,3600,100,1);
INSERT IGNORE INTO pool_gameobject VALUES (199970,10014,20,'Howling Fjord 189979, node 65');
INSERT IGNORE INTO pool_template VALUES (10014,1,'Howling Fjord mineral, node 65');
INSERT IGNORE INTO pool_pool VALUES (10014,894,0,'Howling Fjord mineral, node 65');

UPDATE gameobject SET guid=199969 WHERE guid=56812;
INSERT IGNORE INTO pool_gameobject VALUES (199969,10015,0,'Howling Fjord 189978, node 66');
INSERT IGNORE INTO gameobject VALUES (199968,189979,571,1,1,2275.29,-2949.5,123.738,2.14675,0.0,0.0,0.0,1.0,3600,100,1);
INSERT IGNORE INTO pool_gameobject VALUES (199968,10015,20,'Howling Fjord 189979, node 66');
INSERT IGNORE INTO pool_template VALUES (10015,1,'Howling Fjord mineral, node 66');
INSERT IGNORE INTO pool_pool VALUES (10015,894,0,'Howling Fjord mineral, node 66');

UPDATE gameobject SET guid=199967 WHERE guid=58769;
INSERT IGNORE INTO pool_gameobject VALUES (199967,10016,0,'Howling Fjord 189978, node 67');
INSERT IGNORE INTO gameobject VALUES (199966,189979,571,1,1,2407.69,-2824.83,9.7012,-0.855211,0.0,0.0,0.0,1.0,3600,100,1);
INSERT IGNORE INTO pool_gameobject VALUES (199966,10016,20,'Howling Fjord 189979, node 67');
INSERT IGNORE INTO pool_template VALUES (10016,1,'Howling Fjord mineral, node 67');
INSERT IGNORE INTO pool_pool VALUES (10016,894,0,'Howling Fjord mineral, node 67');

UPDATE gameobject SET guid=199965 WHERE guid=59006;
INSERT IGNORE INTO pool_gameobject VALUES (199965,10017,0,'Howling Fjord 189978, node 68');
INSERT IGNORE INTO gameobject VALUES (199964,189979,571,1,1,1864.17,-3001.18,144.162,2.77507,0.0,0.0,0.0,1.0,3600,100,1);
INSERT IGNORE INTO pool_gameobject VALUES (199964,10017,20,'Howling Fjord 189979, node 68');
INSERT IGNORE INTO pool_template VALUES (10017,1,'Howling Fjord mineral, node 68');
INSERT IGNORE INTO pool_pool VALUES (10017,894,0,'Howling Fjord mineral, node 68');

UPDATE gameobject SET guid=199963 WHERE guid=59194;
INSERT IGNORE INTO pool_gameobject VALUES (199963,10018,0,'Howling Fjord 189978, node 69');
INSERT IGNORE INTO gameobject VALUES (199962,189979,571,1,1,2467.06,-2824.69,20.6504,-1.09956,0.0,0.0,0.0,1.0,3600,100,1);
INSERT IGNORE INTO pool_gameobject VALUES (199962,10018,20,'Howling Fjord 189979, node 69');
INSERT IGNORE INTO pool_template VALUES (10018,1,'Howling Fjord mineral, node 69');
INSERT IGNORE INTO pool_pool VALUES (10018,894,0,'Howling Fjord mineral, node 69');

UPDATE gameobject SET guid=199961 WHERE guid=59195;
INSERT IGNORE INTO pool_gameobject VALUES (199961,10019,0,'Howling Fjord 189978, node 70');
INSERT IGNORE INTO gameobject VALUES (199960,189979,571,1,1,1963.89,-2986.95,155.574,-2.18166,0.0,0.0,0.0,1.0,3600,100,1);
INSERT IGNORE INTO pool_gameobject VALUES (199960,10019,20,'Howling Fjord 189979, node 70');
INSERT IGNORE INTO pool_template VALUES (10019,1,'Howling Fjord mineral, node 70');
INSERT IGNORE INTO pool_pool VALUES (10019,894,0,'Howling Fjord mineral, node 70');

UPDATE gameobject SET guid=199959 WHERE guid=60008;
INSERT IGNORE INTO pool_gameobject VALUES (199959,10020,0,'Howling Fjord 189978, node 71');
INSERT IGNORE INTO gameobject VALUES (199958,189979,571,1,1,2304.78,-2744.87,-0.041522,2.47837,0.0,0.0,0.0,1.0,3600,100,1);
INSERT IGNORE INTO pool_gameobject VALUES (199958,10020,20,'Howling Fjord 189979, node 71');
INSERT IGNORE INTO pool_template VALUES (10020,1,'Howling Fjord mineral, node 71');
INSERT IGNORE INTO pool_pool VALUES (10020,894,0,'Howling Fjord mineral, node 71');

UPDATE gameobject SET guid=199957 WHERE guid=60194;
INSERT IGNORE INTO pool_gameobject VALUES (199957,10021,0,'Howling Fjord 189978, node 72');
INSERT IGNORE INTO gameobject VALUES (199956,189979,571,1,1,2275.29,-2949.5,123.738,2.14675,0.0,0.0,0.0,1.0,3600,100,1);
INSERT IGNORE INTO pool_gameobject VALUES (199956,10021,20,'Howling Fjord 189979, node 72');
INSERT IGNORE INTO pool_template VALUES (10021,1,'Howling Fjord mineral, node 72');
INSERT IGNORE INTO pool_pool VALUES (10021,894,0,'Howling Fjord mineral, node 72');

UPDATE gameobject SET guid=199955 WHERE guid=60440;
INSERT IGNORE INTO pool_gameobject VALUES (199955,10022,0,'Howling Fjord 189978, node 73');
INSERT IGNORE INTO gameobject VALUES (199954,189979,571,1,1,1864.17,-3001.18,144.162,2.77507,0.0,0.0,0.0,1.0,3600,100,1);
INSERT IGNORE INTO pool_gameobject VALUES (199954,10022,20,'Howling Fjord 189979, node 73');
INSERT IGNORE INTO pool_template VALUES (10022,1,'Howling Fjord mineral, node 73');
INSERT IGNORE INTO pool_pool VALUES (10022,894,0,'Howling Fjord mineral, node 73');

UPDATE gameobject SET guid=199953 WHERE guid=60740;
INSERT IGNORE INTO pool_gameobject VALUES (199953,10023,0,'Howling Fjord 189978, node 74');
INSERT IGNORE INTO gameobject VALUES (199952,189979,571,1,1,2407.69,-2824.83,9.7012,-0.855211,0.0,0.0,0.0,1.0,3600,100,1);
INSERT IGNORE INTO pool_gameobject VALUES (199952,10023,20,'Howling Fjord 189979, node 74');
INSERT IGNORE INTO pool_template VALUES (10023,1,'Howling Fjord mineral, node 74');
INSERT IGNORE INTO pool_pool VALUES (10023,894,0,'Howling Fjord mineral, node 74');

UPDATE gameobject SET guid=199951 WHERE guid=120536;
INSERT IGNORE INTO pool_gameobject VALUES (199951,10024,0,'Howling Fjord 189978, node 75');
INSERT IGNORE INTO gameobject VALUES (199950,189979,571,1,1,998.078,-5148.79,-57.7402,2.47837,0.0,0.0,0.0,1.0,3600,255,1);
INSERT IGNORE INTO pool_gameobject VALUES (199950,10024,20,'Howling Fjord 189979, node 75');
INSERT IGNORE INTO pool_template VALUES (10024,1,'Howling Fjord mineral, node 75');
INSERT IGNORE INTO pool_pool VALUES (10024,894,0,'Howling Fjord mineral, node 75');

UPDATE gameobject SET guid=199949 WHERE guid=120540;
INSERT IGNORE INTO pool_gameobject VALUES (199949,10025,0,'Howling Fjord 189978, node 76');
INSERT IGNORE INTO gameobject VALUES (199948,189979,571,1,1,2869.77,-3186.19,134.01,1.18682,0.0,0.0,0.0,1.0,3600,255,1);
INSERT IGNORE INTO pool_gameobject VALUES (199948,10025,20,'Howling Fjord 189979, node 76');
INSERT IGNORE INTO pool_template VALUES (10025,1,'Howling Fjord mineral, node 76');
INSERT IGNORE INTO pool_pool VALUES (10025,894,0,'Howling Fjord mineral, node 76');

UPDATE gameobject SET guid=199947 WHERE guid=120543;
INSERT IGNORE INTO pool_gameobject VALUES (199947,10026,0,'Howling Fjord 189978, node 77');
INSERT IGNORE INTO gameobject VALUES (199946,189979,571,1,1,2143.75,-5151.33,240.641,2.60053,0.0,0.0,0.0,1.0,3600,255,1);
INSERT IGNORE INTO pool_gameobject VALUES (199946,10026,20,'Howling Fjord 189979, node 77');
INSERT IGNORE INTO pool_template VALUES (10026,1,'Howling Fjord mineral, node 77');
INSERT IGNORE INTO pool_pool VALUES (10026,894,0,'Howling Fjord mineral, node 77');

UPDATE gameobject SET guid=199945 WHERE guid=120545;
INSERT IGNORE INTO pool_gameobject VALUES (199945,10027,0,'Howling Fjord 189978, node 78');
INSERT IGNORE INTO gameobject VALUES (199944,189979,571,1,1,895.472,-4540.75,159.154,0.261798,0.0,0.0,0.0,1.0,3600,255,1);
INSERT IGNORE INTO pool_gameobject VALUES (199944,10027,20,'Howling Fjord 189979, node 78');
INSERT IGNORE INTO pool_template VALUES (10027,1,'Howling Fjord mineral, node 78');
INSERT IGNORE INTO pool_pool VALUES (10027,894,0,'Howling Fjord mineral, node 78');

UPDATE gameobject SET guid=199943 WHERE guid=120673;
INSERT IGNORE INTO pool_gameobject VALUES (199943,10028,0,'Howling Fjord 189978, node 79');
INSERT IGNORE INTO gameobject VALUES (199942,189979,571,1,3,2733.18,-4021.56,378.243,0.104719,0.0,0.0,0.0,1.0,3600,255,1);
INSERT IGNORE INTO pool_gameobject VALUES (199942,10028,20,'Howling Fjord 189979, node 79');
INSERT IGNORE INTO pool_template VALUES (10028,1,'Howling Fjord mineral, node 79');
INSERT IGNORE INTO pool_pool VALUES (10028,894,0,'Howling Fjord mineral, node 79');

UPDATE gameobject SET guid=199941 WHERE guid=120674;
INSERT IGNORE INTO pool_gameobject VALUES (199941,10029,0,'Howling Fjord 189978, node 80');
INSERT IGNORE INTO gameobject VALUES (199940,189979,571,1,3,2696.92,-4105.83,365.928,-2.44346,0.0,0.0,0.0,1.0,3600,255,1);
INSERT IGNORE INTO pool_gameobject VALUES (199940,10029,20,'Howling Fjord 189979, node 80');
INSERT IGNORE INTO pool_template VALUES (10029,1,'Howling Fjord mineral, node 80');
INSERT IGNORE INTO pool_pool VALUES (10029,894,0,'Howling Fjord mineral, node 80');

UPDATE gameobject SET guid=199939 WHERE guid=120675;
INSERT IGNORE INTO pool_gameobject VALUES (199939,10030,0,'Howling Fjord 189978, node 81');
INSERT IGNORE INTO gameobject VALUES (199938,189979,571,1,3,788.804,-5611.92,231.818,2.63544,0.0,0.0,0.0,1.0,3600,255,1);
INSERT IGNORE INTO pool_gameobject VALUES (199938,10030,20,'Howling Fjord 189979, node 81');
INSERT IGNORE INTO pool_template VALUES (10030,1,'Howling Fjord mineral, node 81');
INSERT IGNORE INTO pool_pool VALUES (10030,894,0,'Howling Fjord mineral, node 81');

UPDATE gameobject SET guid=199937 WHERE guid=120679;
INSERT IGNORE INTO pool_gameobject VALUES (199937,10031,0,'Howling Fjord 189978, node 82');
INSERT IGNORE INTO gameobject VALUES (199936,189979,571,1,3,2570.45,-2766.36,8.74007,-0.488691,0.0,0.0,0.0,1.0,3600,255,1);
INSERT IGNORE INTO pool_gameobject VALUES (199936,10031,20,'Howling Fjord 189979, node 82');
INSERT IGNORE INTO pool_template VALUES (10031,1,'Howling Fjord mineral, node 82');
INSERT IGNORE INTO pool_pool VALUES (10031,894,0,'Howling Fjord mineral, node 82');

UPDATE gameobject SET guid=199935 WHERE guid=120680;
INSERT IGNORE INTO pool_gameobject VALUES (199935,10032,0,'Howling Fjord 189978, node 83');
INSERT IGNORE INTO gameobject VALUES (199934,189979,571,1,3,1257.94,-6169.47,234.71,-2.72271,0.0,0.0,0.0,1.0,3600,255,1);
INSERT IGNORE INTO pool_gameobject VALUES (199934,10032,20,'Howling Fjord 189979, node 83');
INSERT IGNORE INTO pool_template VALUES (10032,1,'Howling Fjord mineral, node 83');
INSERT IGNORE INTO pool_pool VALUES (10032,894,0,'Howling Fjord mineral, node 83');

UPDATE gameobject SET guid=199933 WHERE guid=120697;
INSERT IGNORE INTO pool_gameobject VALUES (199933,10033,0,'Howling Fjord 189978, node 84');
INSERT IGNORE INTO gameobject VALUES (199932,189979,571,1,1,2192.25,-2648.39,1.16994,-1.55334,0.0,0.0,0.0,1.0,3600,255,1);
INSERT IGNORE INTO pool_gameobject VALUES (199932,10033,20,'Howling Fjord 189979, node 84');
INSERT IGNORE INTO pool_template VALUES (10033,1,'Howling Fjord mineral, node 84');
INSERT IGNORE INTO pool_pool VALUES (10033,894,0,'Howling Fjord mineral, node 84');

UPDATE gameobject SET guid=199931 WHERE guid=120704;
INSERT IGNORE INTO pool_gameobject VALUES (199931,10034,0,'Howling Fjord 189978, node 85');
INSERT IGNORE INTO gameobject VALUES (199930,189979,571,1,1,1041.89,-4154.15,152.618,0.942477,0.0,0.0,0.0,1.0,3600,255,1);
INSERT IGNORE INTO pool_gameobject VALUES (199930,10034,20,'Howling Fjord 189979, node 85');
INSERT IGNORE INTO pool_template VALUES (10034,1,'Howling Fjord mineral, node 85');
INSERT IGNORE INTO pool_pool VALUES (10034,894,0,'Howling Fjord mineral, node 85');

UPDATE gameobject SET guid=199929 WHERE guid=120713;
INSERT IGNORE INTO pool_gameobject VALUES (199929,10035,0,'Howling Fjord 189978, node 86');
INSERT IGNORE INTO gameobject VALUES (199928,189979,571,1,1,316.353,-5817.65,83.6513,0.925024,0.0,0.0,0.0,1.0,3600,255,1);
INSERT IGNORE INTO pool_gameobject VALUES (199928,10035,20,'Howling Fjord 189979, node 86');
INSERT IGNORE INTO pool_template VALUES (10035,1,'Howling Fjord mineral, node 86');
INSERT IGNORE INTO pool_pool VALUES (10035,894,0,'Howling Fjord mineral, node 86');

UPDATE gameobject SET guid=199927 WHERE guid=121636;
INSERT IGNORE INTO pool_gameobject VALUES (199927,10036,0,'Howling Fjord 189978, node 87');
INSERT IGNORE INTO gameobject VALUES (199926,189979,571,1,1,2378.33,-4777.66,241.511,-2.79252,0.0,0.0,0.0,1.0,7200,255,1);
INSERT IGNORE INTO pool_gameobject VALUES (199926,10036,20,'Howling Fjord 189979, node 87');
INSERT IGNORE INTO pool_template VALUES (10036,1,'Howling Fjord mineral, node 87');
INSERT IGNORE INTO pool_pool VALUES (10036,894,0,'Howling Fjord mineral, node 87');

UPDATE gameobject SET guid=199925 WHERE guid=121647;
INSERT IGNORE INTO pool_gameobject VALUES (199925,10037,0,'Howling Fjord 189978, node 88');
INSERT IGNORE INTO gameobject VALUES (199924,189979,571,1,1,854.087,-5928.98,280.452,-1.3439,0.0,0.0,0.0,1.0,7200,255,1);
INSERT IGNORE INTO pool_gameobject VALUES (199924,10037,20,'Howling Fjord 189979, node 88');
INSERT IGNORE INTO pool_template VALUES (10037,1,'Howling Fjord mineral, node 88');
INSERT IGNORE INTO pool_pool VALUES (10037,894,0,'Howling Fjord mineral, node 88');

-- dragonblight
UPDATE gameobject SET id=189978 WHERE guid=120698;

UPDATE gameobject SET guid=199923 WHERE guid=60170;
INSERT IGNORE INTO pool_gameobject VALUES (199923,10038,0,'Dragonblight 189978, node 72');
INSERT IGNORE INTO gameobject VALUES (199922,189979,571,1,1,5231.89,1041.12,226.329,1.78023,0.0,0.0,0.0,1.0,3600,100,1);
INSERT IGNORE INTO pool_gameobject VALUES (199922,10038,30,'Dragonblight 189979, node 72');
INSERT IGNORE INTO pool_template VALUES (10038,1,'Dragonblight mineral, node 72');
INSERT IGNORE INTO pool_pool VALUES (10038,893,0,'Dragonblight mineral, node 72');

UPDATE gameobject SET guid=199921 WHERE guid=120538;
INSERT IGNORE INTO pool_gameobject VALUES (199921,10039,0,'Dragonblight 189978, node 73');
INSERT IGNORE INTO gameobject VALUES (199920,189979,571,1,1,3505.23,-364.256,83.2001,2.86233,0.0,0.0,0.0,1.0,3600,255,1);
INSERT IGNORE INTO pool_gameobject VALUES (199920,10039,30,'Dragonblight 189979, node 73');
INSERT IGNORE INTO pool_template VALUES (10039,1,'Dragonblight mineral, node 73');
INSERT IGNORE INTO pool_pool VALUES (10039,893,0,'Dragonblight mineral, node 73');

UPDATE gameobject SET guid=199919 WHERE guid=120539;
INSERT IGNORE INTO pool_gameobject VALUES (199919,10040,0,'Dragonblight 189978, node 74');
INSERT IGNORE INTO gameobject VALUES (199918,189979,571,1,1,3747.5,-180.62,80.074,-1.01229,0.0,0.0,0.0,1.0,3600,255,1);
INSERT IGNORE INTO pool_gameobject VALUES (199918,10040,30,'Dragonblight 189979, node 74');
INSERT IGNORE INTO pool_template VALUES (10040,1,'Dragonblight mineral, node 74');
INSERT IGNORE INTO pool_pool VALUES (10040,893,0,'Dragonblight mineral, node 74');

UPDATE gameobject SET guid=199917 WHERE guid=120696;
INSERT IGNORE INTO pool_gameobject VALUES (199917,10041,0,'Dragonblight 189978, node 75');
INSERT IGNORE INTO gameobject VALUES (199916,189979,571,1,1,2904.41,44.2299,3.35415,2.94959,0.0,0.0,0.0,1.0,3600,255,1);
INSERT IGNORE INTO pool_gameobject VALUES (199916,10041,30,'Dragonblight 189979, node 75');
INSERT IGNORE INTO pool_template VALUES (10041,1,'Dragonblight mineral, node 75');
INSERT IGNORE INTO pool_pool VALUES (10041,893,0,'Dragonblight mineral, node 75');

UPDATE gameobject SET guid=199915 WHERE guid=120698;
INSERT IGNORE INTO pool_gameobject VALUES (199915,10042,0,'Dragonblight 189978, node 76');
INSERT IGNORE INTO gameobject VALUES (199914,189979,571,1,1,2477.93,-490.846,-11.7411,-2.80997,0.0,0.0,0.0,1.0,3600,255,1);
INSERT IGNORE INTO pool_gameobject VALUES (199914,10042,30,'Dragonblight 189979, node 76');
INSERT IGNORE INTO pool_template VALUES (10042,1,'Dragonblight mineral, node 76');
INSERT IGNORE INTO pool_pool VALUES (10042,893,0,'Dragonblight mineral, node 76');

UPDATE gameobject SET guid=199913 WHERE guid=120707;
INSERT IGNORE INTO pool_gameobject VALUES (199913,10043,0,'Dragonblight 189978, node 77');
INSERT IGNORE INTO gameobject VALUES (199912,189979,571,1,1,4719.08,-439.314,180.821,1.55334,0.0,0.0,0.0,1.0,3600,255,1);
INSERT IGNORE INTO pool_gameobject VALUES (199912,10043,30,'Dragonblight 189979, node 77');
INSERT IGNORE INTO pool_template VALUES (10043,1,'Dragonblight mineral, node 77');
INSERT IGNORE INTO pool_pool VALUES (10043,893,0,'Dragonblight mineral, node 77');

UPDATE gameobject SET guid=199911 WHERE guid=120710;
INSERT IGNORE INTO pool_gameobject VALUES (199911,10044,0,'Dragonblight 189978, node 78');
INSERT IGNORE INTO gameobject VALUES (199910,189979,571,1,1,4914.59,-1231.76,174.732,0.087266,0.0,0.0,0.0,1.0,3600,255,1);
INSERT IGNORE INTO pool_gameobject VALUES (199910,10044,30,'Dragonblight 189979, node 78');
INSERT IGNORE INTO pool_template VALUES (10044,1,'Dragonblight mineral, node 78');
INSERT IGNORE INTO pool_pool VALUES (10044,893,0,'Dragonblight mineral, node 78');

UPDATE gameobject SET guid=199909 WHERE guid=121574;
INSERT IGNORE INTO pool_gameobject VALUES (199909,10045,0,'Dragonblight 189978, node 79');
INSERT IGNORE INTO gameobject VALUES (199908,189979,571,1,1,3165.07,473.845,27.9369,-0.104719,0.0,0.0,0.0,1.0,7200,255,1);
INSERT IGNORE INTO pool_gameobject VALUES (199908,10045,30,'Dragonblight 189979, node 79');
INSERT IGNORE INTO pool_template VALUES (10045,1,'Dragonblight mineral, node 79');
INSERT IGNORE INTO pool_pool VALUES (10045,893,0,'Dragonblight mineral, node 79');

UPDATE gameobject SET guid=199907 WHERE guid=121575;
INSERT IGNORE INTO pool_gameobject VALUES (199907,10046,0,'Dragonblight 189978, node 80');
INSERT IGNORE INTO gameobject VALUES (199906,189979,571,1,1,3376.43,1544.4,134.025,-0.261798,0.0,0.0,0.0,1.0,7200,255,1);
INSERT IGNORE INTO pool_gameobject VALUES (199906,10046,30,'Dragonblight 189979, node 80');
INSERT IGNORE INTO pool_template VALUES (10046,1,'Dragonblight mineral, node 80');
INSERT IGNORE INTO pool_pool VALUES (10046,893,0,'Dragonblight mineral, node 80');

UPDATE gameobject SET guid=199905 WHERE guid=121635;
INSERT IGNORE INTO pool_gameobject VALUES (199905,10047,0,'Dragonblight 189978, node 81');
INSERT IGNORE INTO gameobject VALUES (199904,189979,571,1,1,3453.85,-31.1215,69.852,-3.07177,0.0,0.0,0.0,1.0,7200,255,1);
INSERT IGNORE INTO pool_gameobject VALUES (199904,10047,30,'Dragonblight 189979, node 81');
INSERT IGNORE INTO pool_template VALUES (10047,1,'Dragonblight mineral, node 81');
INSERT IGNORE INTO pool_pool VALUES (10047,893,0,'Dragonblight mineral, node 81');

-- grizzly hills
UPDATE gameobject SET guid=199903 WHERE guid=120514;
INSERT IGNORE INTO pool_gameobject VALUES (199903,10048,0,'Grizzly Hills 189978, node 40');
INSERT IGNORE INTO gameobject VALUES (199902,189979,571,1,1,4151.42,-4614.51,144.271,0.104719,0.0,0.0,0.0,1.0,3600,255,1);
INSERT IGNORE INTO pool_gameobject VALUES (199902,10048,40,'Grizzly Hills 189979, node 40');
INSERT IGNORE INTO pool_template VALUES (10048,1,'Grizzly Hills mineral, node 40');
INSERT IGNORE INTO pool_pool VALUES (10048,892,0,'Grizzly Hills mineral, node 40');

UPDATE gameobject SET guid=199901 WHERE guid=120537;
INSERT IGNORE INTO pool_gameobject VALUES (199901,10049,0,'Grizzly Hills 189978, node 41');
INSERT IGNORE INTO gameobject VALUES (199900,189979,571,1,1,4882.17,-4206.04,253.289,-0.191985,0.0,0.0,0.0,1.0,3600,255,1);
INSERT IGNORE INTO pool_gameobject VALUES (199900,10049,40,'Grizzly Hills 189979, node 41');
INSERT IGNORE INTO pool_template VALUES (10049,1,'Grizzly Hills mineral, node 41');
INSERT IGNORE INTO pool_pool VALUES (10049,892,0,'Grizzly Hills mineral, node 41');

UPDATE gameobject SET guid=199899 WHERE guid=120542;
INSERT IGNORE INTO pool_gameobject VALUES (199899,10050,0,'Grizzly Hills 189978, node 42');
INSERT IGNORE INTO gameobject VALUES (199898,189979,571,1,1,3543.85,-5054.89,234.061,2.80997,0.0,0.0,0.0,1.0,3600,255,1);
INSERT IGNORE INTO pool_gameobject VALUES (199898,10050,40,'Grizzly Hills 189979, node 42');
INSERT IGNORE INTO pool_template VALUES (10050,1,'Grizzly Hills mineral, node 42');
INSERT IGNORE INTO pool_pool VALUES (10050,892,0,'Grizzly Hills mineral, node 42');

UPDATE gameobject SET guid=199897 WHERE guid=120677;
INSERT IGNORE INTO pool_gameobject VALUES (199897,10051,0,'Grizzly Hills 189978, node 43');
INSERT IGNORE INTO gameobject VALUES (199896,189979,571,1,3,3932.55,-3970.73,174.807,-1.97222,0.0,0.0,0.0,1.0,3600,255,1);
INSERT IGNORE INTO pool_gameobject VALUES (199896,10051,40,'Grizzly Hills 189979, node 43');
INSERT IGNORE INTO pool_template VALUES (10051,1,'Grizzly Hills mineral, node 43');
INSERT IGNORE INTO pool_pool VALUES (10051,892,0,'Grizzly Hills mineral, node 43');

-- zul'drak
UPDATE gameobject SET id=189978 WHERE guid IN (120098,121582,121583);

UPDATE gameobject SET guid=199895 WHERE guid=56138;
INSERT IGNORE INTO pool_gameobject VALUES (199895,10052,0,'ZulDrak 189978, node 43');
INSERT IGNORE INTO gameobject VALUES (199894,189979,571,1,1,6914.57,-4477.57,440.913,1.55334,0.0,0.0,0.0,1.0,3600,100,1);
INSERT IGNORE INTO pool_gameobject VALUES (199894,10052,45,'ZulDrak 189979, node 43');
INSERT IGNORE INTO gameobject VALUES (199893,189980,571,1,1,6914.57,-4477.57,440.913,1.55334,0.0,0.0,0.0,1.0,3600,100,1);
INSERT IGNORE INTO pool_gameobject VALUES (199893,10052,5,'ZulDrak 189980, node 43');
INSERT IGNORE INTO pool_template VALUES (10052,1,'ZulDrak mineral, node 43');
INSERT IGNORE INTO pool_pool VALUES (10052,891,0,'ZulDrak mineral, node 43');

UPDATE gameobject SET guid=199892 WHERE guid=120010;
INSERT IGNORE INTO pool_gameobject VALUES (199892,10053,0,'ZulDrak 189978, node 44');
INSERT IGNORE INTO gameobject VALUES (199891,189979,571,1,1,5402.13,-1898.59,237.159,1.74533,0.0,0.0,0.0,1.0,3600,255,1);
INSERT IGNORE INTO pool_gameobject VALUES (199891,10053,45,'ZulDrak 189979, node 44');
INSERT IGNORE INTO gameobject VALUES (199890,189980,571,1,1,5402.13,-1898.59,237.159,1.74533,0.0,0.0,0.0,1.0,3600,255,1);
INSERT IGNORE INTO pool_gameobject VALUES (199890,10053,5,'ZulDrak 189980, node 44');
INSERT IGNORE INTO pool_template VALUES (10053,1,'ZulDrak mineral, node 44');
INSERT IGNORE INTO pool_pool VALUES (10053,891,0,'ZulDrak mineral, node 44');

UPDATE gameobject SET guid=199889 WHERE guid=120011;
INSERT IGNORE INTO pool_gameobject VALUES (199889,10054,0,'ZulDrak 189978, node 45');
INSERT IGNORE INTO gameobject VALUES (199888,189979,571,1,1,5213.89,-3377.16,290.401,1.81514,0.0,0.0,0.0,1.0,3600,255,1);
INSERT IGNORE INTO pool_gameobject VALUES (199888,10054,45,'ZulDrak 189979, node 45');
INSERT IGNORE INTO gameobject VALUES (199887,189980,571,1,1,5213.89,-3377.16,290.401,1.81514,0.0,0.0,0.0,1.0,3600,255,1);
INSERT IGNORE INTO pool_gameobject VALUES (199887,10054,5,'ZulDrak 189980, node 45');
INSERT IGNORE INTO pool_template VALUES (10054,1,'ZulDrak mineral, node 45');
INSERT IGNORE INTO pool_pool VALUES (10054,891,0,'ZulDrak mineral, node 45');

UPDATE gameobject SET guid=199886 WHERE guid=120098;
INSERT IGNORE INTO pool_gameobject VALUES (199886,10055,0,'ZulDrak 189978, node 46');
INSERT IGNORE INTO gameobject VALUES (199885,189979,571,1,1,5179.08,-3316.92,283.774,-0.90757,0.0,0.0,0.0,1.0,3600,255,1);
INSERT IGNORE INTO pool_gameobject VALUES (199885,10055,45,'ZulDrak 189979, node 46');
INSERT IGNORE INTO gameobject VALUES (199884,189980,571,1,1,5179.08,-3316.92,283.774,-0.90757,0.0,0.0,0.0,1.0,3600,255,1);
INSERT IGNORE INTO pool_gameobject VALUES (199884,10055,5,'ZulDrak 189980, node 46');
INSERT IGNORE INTO pool_template VALUES (10055,1,'ZulDrak mineral, node 46');
INSERT IGNORE INTO pool_pool VALUES (10055,891,0,'ZulDrak mineral, node 46');

UPDATE gameobject SET guid=199883 WHERE guid=120184;
INSERT IGNORE INTO pool_gameobject VALUES (199883,10056,0,'ZulDrak 189978, node 47');
INSERT IGNORE INTO gameobject VALUES (199882,189979,571,1,1,5894.34,-3293.63,360.434,2.11185,0.0,0.0,0.0,1.0,7200,255,1);
INSERT IGNORE INTO pool_gameobject VALUES (199882,10056,45,'ZulDrak 189979, node 47');
INSERT IGNORE INTO gameobject VALUES (199881,189980,571,1,1,5894.34,-3293.63,360.434,2.11185,0.0,0.0,0.0,1.0,7200,255,1);
INSERT IGNORE INTO pool_gameobject VALUES (199881,10056,5,'ZulDrak 189980, node 47');
INSERT IGNORE INTO pool_template VALUES (10056,1,'ZulDrak mineral, node 47');
INSERT IGNORE INTO pool_pool VALUES (10056,891,0,'ZulDrak mineral, node 47');

UPDATE gameobject SET guid=199880 WHERE guid=120515;
INSERT IGNORE INTO pool_gameobject VALUES (199880,10057,0,'ZulDrak 189978, node 48');
INSERT IGNORE INTO gameobject VALUES (199879,189979,571,1,1,6265.88,-2931.17,307.012,0.767944,0.0,0.0,0.0,1.0,3600,255,1);
INSERT IGNORE INTO pool_gameobject VALUES (199879,10057,45,'ZulDrak 189979, node 48');
INSERT IGNORE INTO gameobject VALUES (199878,189980,571,1,1,6265.88,-2931.17,307.012,0.767944,0.0,0.0,0.0,1.0,3600,255,1);
INSERT IGNORE INTO pool_gameobject VALUES (199878,10057,5,'ZulDrak 189980, node 48');
INSERT IGNORE INTO pool_template VALUES (10057,1,'ZulDrak mineral, node 48');
INSERT IGNORE INTO pool_pool VALUES (10057,891,0,'ZulDrak mineral, node 48');

UPDATE gameobject SET guid=199877 WHERE guid=120516;
INSERT IGNORE INTO pool_gameobject VALUES (199877,10058,0,'ZulDrak 189978, node 49');
INSERT IGNORE INTO gameobject VALUES (199876,189979,571,1,1,6564.48,-4107.55,464.168,1.76278,0.0,0.0,0.0,1.0,3600,255,1);
INSERT IGNORE INTO pool_gameobject VALUES (199876,10058,45,'ZulDrak 189979, node 49');
INSERT IGNORE INTO gameobject VALUES (199875,189980,571,1,1,6564.48,-4107.55,464.168,1.76278,0.0,0.0,0.0,1.0,3600,255,1);
INSERT IGNORE INTO pool_gameobject VALUES (199875,10058,5,'ZulDrak 189980, node 49');
INSERT IGNORE INTO pool_template VALUES (10058,1,'ZulDrak mineral, node 49');
INSERT IGNORE INTO pool_pool VALUES (10058,891,0,'ZulDrak mineral, node 49');

UPDATE gameobject SET guid=199874 WHERE guid=120517;
INSERT IGNORE INTO pool_gameobject VALUES (199874,10059,0,'ZulDrak 189978, node 50');
INSERT IGNORE INTO gameobject VALUES (199873,189979,571,1,1,4862.15,-3603.41,307.034,1.50098,0.0,0.0,0.0,1.0,3600,255,1);
INSERT IGNORE INTO pool_gameobject VALUES (199873,10059,45,'ZulDrak 189979, node 50');
INSERT IGNORE INTO gameobject VALUES (199872,189980,571,1,1,4862.15,-3603.41,307.034,1.50098,0.0,0.0,0.0,1.0,3600,255,1);
INSERT IGNORE INTO pool_gameobject VALUES (199872,10059,5,'ZulDrak 189980, node 50');
INSERT IGNORE INTO pool_template VALUES (10059,1,'ZulDrak mineral, node 50');
INSERT IGNORE INTO pool_pool VALUES (10059,891,0,'ZulDrak mineral, node 50');

UPDATE gameobject SET guid=199871 WHERE guid=120541;
INSERT IGNORE INTO pool_gameobject VALUES (199871,10060,0,'ZulDrak 189978, node 51');
INSERT IGNORE INTO gameobject VALUES (199870,189979,571,1,1,5966.88,-4236.39,358.494,-1.43117,0.0,0.0,0.0,1.0,3600,255,1);
INSERT IGNORE INTO pool_gameobject VALUES (199870,10060,45,'ZulDrak 189979, node 51');
INSERT IGNORE INTO gameobject VALUES (199869,189980,571,1,1,5966.88,-4236.39,358.494,-1.43117,0.0,0.0,0.0,1.0,3600,255,1);
INSERT IGNORE INTO pool_gameobject VALUES (199869,10060,5,'ZulDrak 189980, node 51');
INSERT IGNORE INTO pool_template VALUES (10060,1,'ZulDrak mineral, node 51');
INSERT IGNORE INTO pool_pool VALUES (10060,891,0,'ZulDrak mineral, node 51');

UPDATE gameobject SET guid=199868 WHERE guid=120676;
INSERT IGNORE INTO pool_gameobject VALUES (199868,10061,0,'ZulDrak 189978, node 52');
INSERT IGNORE INTO gameobject VALUES (199867,189979,571,1,3,4859.57,-2766.92,293.176,1.39626,0.0,0.0,0.0,1.0,3600,255,1);
INSERT IGNORE INTO pool_gameobject VALUES (199867,10061,45,'ZulDrak 189979, node 52');
INSERT IGNORE INTO gameobject VALUES (199866,189980,571,1,3,4859.57,-2766.92,293.176,1.39626,0.0,0.0,0.0,1.0,3600,255,1);
INSERT IGNORE INTO pool_gameobject VALUES (199866,10061,5,'ZulDrak 189980, node 52');
INSERT IGNORE INTO pool_template VALUES (10061,1,'ZulDrak mineral, node 52');
INSERT IGNORE INTO pool_pool VALUES (10061,891,0,'ZulDrak mineral, node 52');

UPDATE gameobject SET guid=199865 WHERE guid=120678;
INSERT IGNORE INTO pool_gameobject VALUES (199865,10062,0,'ZulDrak 189978, node 53');
INSERT IGNORE INTO gameobject VALUES (199864,189979,571,1,3,5374.42,-1755.01,240.063,2.9845,0.0,0.0,0.0,1.0,3600,255,1);
INSERT IGNORE INTO pool_gameobject VALUES (199864,10062,45,'ZulDrak 189979, node 53');
INSERT IGNORE INTO gameobject VALUES (199863,189980,571,1,3,5374.42,-1755.01,240.063,2.9845,0.0,0.0,0.0,1.0,3600,255,1);
INSERT IGNORE INTO pool_gameobject VALUES (199863,10062,5,'ZulDrak 189980, node 53');
INSERT IGNORE INTO pool_template VALUES (10062,1,'ZulDrak mineral, node 53');
INSERT IGNORE INTO pool_pool VALUES (10062,891,0,'ZulDrak mineral, node 53');

UPDATE gameobject SET guid=199862 WHERE guid=120681;
INSERT IGNORE INTO pool_gameobject VALUES (199862,10063,0,'ZulDrak 189978, node 54');
INSERT IGNORE INTO gameobject VALUES (199861,189979,571,1,3,4988.3,-3547.63,289.522,3.07177,0.0,0.0,0.0,1.0,3600,255,1);
INSERT IGNORE INTO pool_gameobject VALUES (199861,10063,45,'ZulDrak 189979, node 54');
INSERT IGNORE INTO gameobject VALUES (199860,189980,571,1,3,4988.3,-3547.63,289.522,3.07177,0.0,0.0,0.0,1.0,3600,255,1);
INSERT IGNORE INTO pool_gameobject VALUES (199860,10063,5,'ZulDrak 189980, node 54');
INSERT IGNORE INTO pool_template VALUES (10063,1,'ZulDrak mineral, node 54');
INSERT IGNORE INTO pool_pool VALUES (10063,891,0,'ZulDrak mineral, node 54');

UPDATE gameobject SET guid=199859 WHERE guid=120705;
INSERT IGNORE INTO pool_gameobject VALUES (199859,10064,0,'ZulDrak 189978, node 55');
INSERT IGNORE INTO gameobject VALUES (199858,189979,571,1,1,5138.82,-1427.07,246.807,-1.43117,0.0,0.0,0.0,1.0,3600,255,1);
INSERT IGNORE INTO pool_gameobject VALUES (199858,10064,45,'ZulDrak 189979, node 55');
INSERT IGNORE INTO gameobject VALUES (199857,189980,571,1,1,5138.82,-1427.07,246.807,-1.43117,0.0,0.0,0.0,1.0,3600,255,1);
INSERT IGNORE INTO pool_gameobject VALUES (199857,10064,5,'ZulDrak 189980, node 55');
INSERT IGNORE INTO pool_template VALUES (10064,1,'ZulDrak mineral, node 55');
INSERT IGNORE INTO pool_pool VALUES (10064,891,0,'ZulDrak mineral, node 55');

UPDATE gameobject SET guid=199856 WHERE guid=120709;
INSERT IGNORE INTO pool_gameobject VALUES (199856,10065,0,'ZulDrak 189978, node 56');
INSERT IGNORE INTO gameobject VALUES (199855,189979,571,1,1,5517.87,-1276.3,239.408,2.16421,0.0,0.0,0.0,1.0,3600,255,1);
INSERT IGNORE INTO pool_gameobject VALUES (199855,10065,45,'ZulDrak 189979, node 56');
INSERT IGNORE INTO gameobject VALUES (199854,189980,571,1,1,5517.87,-1276.3,239.408,2.16421,0.0,0.0,0.0,1.0,3600,255,1);
INSERT IGNORE INTO pool_gameobject VALUES (199854,10065,5,'ZulDrak 189980, node 56');
INSERT IGNORE INTO pool_template VALUES (10065,1,'ZulDrak mineral, node 56');
INSERT IGNORE INTO pool_pool VALUES (10065,891,0,'ZulDrak mineral, node 56');

UPDATE gameobject SET guid=199853 WHERE guid=120711;
INSERT IGNORE INTO pool_gameobject VALUES (199853,10066,0,'ZulDrak 189978, node 57');
INSERT IGNORE INTO gameobject VALUES (199852,189979,571,1,1,5107.33,-1267.57,262.382,2.28638,0.0,0.0,0.0,1.0,3600,255,1);
INSERT IGNORE INTO pool_gameobject VALUES (199852,10066,45,'ZulDrak 189979, node 57');
INSERT IGNORE INTO gameobject VALUES (199851,189980,571,1,1,5107.33,-1267.57,262.382,2.28638,0.0,0.0,0.0,1.0,3600,255,1);
INSERT IGNORE INTO pool_gameobject VALUES (199851,10066,5,'ZulDrak 189980, node 57');
INSERT IGNORE INTO pool_template VALUES (10066,1,'ZulDrak mineral, node 57');
INSERT IGNORE INTO pool_pool VALUES (10066,891,0,'ZulDrak mineral, node 57');

UPDATE gameobject SET guid=199850 WHERE guid=120712;
INSERT IGNORE INTO pool_gameobject VALUES (199850,10067,0,'ZulDrak 189978, node 58');
INSERT IGNORE INTO gameobject VALUES (199849,189979,571,1,1,5090.21,-1197.57,267.128,-2.60053,0.0,0.0,0.0,1.0,3600,255,1);
INSERT IGNORE INTO pool_gameobject VALUES (199849,10067,45,'ZulDrak 189979, node 58');
INSERT IGNORE INTO gameobject VALUES (199848,189980,571,1,1,5090.21,-1197.57,267.128,-2.60053,0.0,0.0,0.0,1.0,3600,255,1);
INSERT IGNORE INTO pool_gameobject VALUES (199848,10067,5,'ZulDrak 189980, node 58');
INSERT IGNORE INTO pool_template VALUES (10067,1,'ZulDrak mineral, node 58');
INSERT IGNORE INTO pool_pool VALUES (10067,891,0,'ZulDrak mineral, node 58');

UPDATE gameobject SET guid=199847 WHERE guid=120715;
INSERT IGNORE INTO pool_gameobject VALUES (199847,10068,0,'ZulDrak 189978, node 59');
INSERT IGNORE INTO gameobject VALUES (199846,189979,571,1,1,5174.09,-1159.02,257.851,2.26892,0.0,0.0,0.0,1.0,3600,255,1);
INSERT IGNORE INTO pool_gameobject VALUES (199846,10068,45,'ZulDrak 189979, node 59');
INSERT IGNORE INTO gameobject VALUES (199845,189980,571,1,1,5174.09,-1159.02,257.851,2.26892,0.0,0.0,0.0,1.0,3600,255,1);
INSERT IGNORE INTO pool_gameobject VALUES (199845,10068,5,'ZulDrak 189980, node 59');
INSERT IGNORE INTO pool_template VALUES (10068,1,'ZulDrak mineral, node 59');
INSERT IGNORE INTO pool_pool VALUES (10068,891,0,'ZulDrak mineral, node 59');

UPDATE gameobject SET guid=199844 WHERE guid=120716;
INSERT IGNORE INTO pool_gameobject VALUES (199844,10069,0,'ZulDrak 189978, node 60');
INSERT IGNORE INTO gameobject VALUES (199843,189979,571,1,1,5131.74,-1276.76,248.314,3.07177,0.0,0.0,0.0,1.0,3600,255,1);
INSERT IGNORE INTO pool_gameobject VALUES (199843,10069,45,'ZulDrak 189979, node 60');
INSERT IGNORE INTO gameobject VALUES (199842,189980,571,1,1,5131.74,-1276.76,248.314,3.07177,0.0,0.0,0.0,1.0,3600,255,1);
INSERT IGNORE INTO pool_gameobject VALUES (199842,10069,5,'ZulDrak 189980, node 60');
INSERT IGNORE INTO pool_template VALUES (10069,1,'ZulDrak mineral, node 60');
INSERT IGNORE INTO pool_pool VALUES (10069,891,0,'ZulDrak mineral, node 60');

UPDATE gameobject SET guid=199841 WHERE guid=121576;
INSERT IGNORE INTO pool_gameobject VALUES (199841,10070,0,'ZulDrak 189978, node 61');
INSERT IGNORE INTO gameobject VALUES (199840,189979,571,1,1,5286.28,-2085.2,236.267,3.03684,0.0,0.0,0.0,1.0,7200,255,1);
INSERT IGNORE INTO pool_gameobject VALUES (199840,10070,45,'ZulDrak 189979, node 61');
INSERT IGNORE INTO gameobject VALUES (199839,189980,571,1,1,5286.28,-2085.2,236.267,3.03684,0.0,0.0,0.0,1.0,7200,255,1);
INSERT IGNORE INTO pool_gameobject VALUES (199839,10070,5,'ZulDrak 189980, node 61');
INSERT IGNORE INTO pool_template VALUES (10070,1,'ZulDrak mineral, node 61');
INSERT IGNORE INTO pool_pool VALUES (10070,891,0,'ZulDrak mineral, node 61');

UPDATE gameobject SET guid=199838 WHERE guid=121579;
INSERT IGNORE INTO pool_gameobject VALUES (199838,10071,0,'ZulDrak 189978, node 62');
INSERT IGNORE INTO gameobject VALUES (199837,189979,571,1,1,5714.95,-2415.05,288.185,2.16421,0.0,0.0,0.0,1.0,7200,255,1);
INSERT IGNORE INTO pool_gameobject VALUES (199837,10071,45,'ZulDrak 189979, node 62');
INSERT IGNORE INTO gameobject VALUES (199836,189980,571,1,1,5714.95,-2415.05,288.185,2.16421,0.0,0.0,0.0,1.0,7200,255,1);
INSERT IGNORE INTO pool_gameobject VALUES (199836,10071,5,'ZulDrak 189980, node 62');
INSERT IGNORE INTO pool_template VALUES (10071,1,'ZulDrak mineral, node 62');
INSERT IGNORE INTO pool_pool VALUES (10071,891,0,'ZulDrak mineral, node 62');

UPDATE gameobject SET guid=199835 WHERE guid=121580;
INSERT IGNORE INTO pool_gameobject VALUES (199835,10072,0,'ZulDrak 189978, node 63');
INSERT IGNORE INTO gameobject VALUES (199834,189979,571,1,1,6467.04,-3401.27,388.714,0.680677,0.0,0.0,0.0,1.0,7200,255,1);
INSERT IGNORE INTO pool_gameobject VALUES (199834,10072,45,'ZulDrak 189979, node 63');
INSERT IGNORE INTO gameobject VALUES (199833,189980,571,1,1,6467.04,-3401.27,388.714,0.680677,0.0,0.0,0.0,1.0,7200,255,1);
INSERT IGNORE INTO pool_gameobject VALUES (199833,10072,5,'ZulDrak 189980, node 63');
INSERT IGNORE INTO pool_template VALUES (10072,1,'ZulDrak mineral, node 63');
INSERT IGNORE INTO pool_pool VALUES (10072,891,0,'ZulDrak mineral, node 63');

UPDATE gameobject SET guid=199832 WHERE guid=121581;
INSERT IGNORE INTO pool_gameobject VALUES (199832,10073,0,'ZulDrak 189978, node 64');
INSERT IGNORE INTO gameobject VALUES (199831,189979,571,1,1,5754.9,-1402.17,234.586,-1.51844,0.0,0.0,0.0,1.0,7200,255,1);
INSERT IGNORE INTO pool_gameobject VALUES (199831,10073,45,'ZulDrak 189979, node 64');
INSERT IGNORE INTO gameobject VALUES (199830,189980,571,1,1,5754.9,-1402.17,234.586,-1.51844,0.0,0.0,0.0,1.0,7200,255,1);
INSERT IGNORE INTO pool_gameobject VALUES (199830,10073,5,'ZulDrak 189980, node 64');
INSERT IGNORE INTO pool_template VALUES (10073,1,'ZulDrak mineral, node 64');
INSERT IGNORE INTO pool_pool VALUES (10073,891,0,'ZulDrak mineral, node 64');

UPDATE gameobject SET guid=199829 WHERE guid=121582;
INSERT IGNORE INTO pool_gameobject VALUES (199829,10074,0,'ZulDrak 189978, node 65');
INSERT IGNORE INTO gameobject VALUES (199828,189979,571,1,1,6171.83,-3366.97,363.118,0.733038,0.0,0.0,0.0,1.0,7200,255,1);
INSERT IGNORE INTO pool_gameobject VALUES (199828,10074,45,'ZulDrak 189979, node 65');
INSERT IGNORE INTO gameobject VALUES (199827,189980,571,1,1,6171.83,-3366.97,363.118,0.733038,0.0,0.0,0.0,1.0,7200,255,1);
INSERT IGNORE INTO pool_gameobject VALUES (199827,10074,5,'ZulDrak 189980, node 65');
INSERT IGNORE INTO pool_template VALUES (10074,1,'ZulDrak mineral, node 65');
INSERT IGNORE INTO pool_pool VALUES (10074,891,0,'ZulDrak mineral, node 65');

UPDATE gameobject SET guid=199826 WHERE guid=121583;
INSERT IGNORE INTO pool_gameobject VALUES (199826,10075,0,'ZulDrak 189978, node 66');
INSERT IGNORE INTO gameobject VALUES (199825,189979,571,1,1,5660.36,-2367.7,287.542,-3.00195,0.0,0.0,0.0,1.0,7200,255,1);
INSERT IGNORE INTO pool_gameobject VALUES (199825,10075,45,'ZulDrak 189979, node 66');
INSERT IGNORE INTO gameobject VALUES (199824,189980,571,1,1,5660.36,-2367.7,287.542,-3.00195,0.0,0.0,0.0,1.0,7200,255,1);
INSERT IGNORE INTO pool_gameobject VALUES (199824,10075,5,'ZulDrak 189980, node 66');
INSERT IGNORE INTO pool_template VALUES (10075,1,'ZulDrak mineral, node 66');
INSERT IGNORE INTO pool_pool VALUES (10075,891,0,'ZulDrak mineral, node 66');

UPDATE gameobject SET guid=199823 WHERE guid=121637;
INSERT IGNORE INTO pool_gameobject VALUES (199823,10076,0,'ZulDrak 189978, node 67');
INSERT IGNORE INTO gameobject VALUES (199822,189979,571,1,1,5849.14,-3516.87,372.972,2.09439,0.0,0.0,0.0,1.0,7200,255,1);
INSERT IGNORE INTO pool_gameobject VALUES (199822,10076,45,'ZulDrak 189979, node 67');
INSERT IGNORE INTO gameobject VALUES (199821,189980,571,1,1,5849.14,-3516.87,372.972,2.09439,0.0,0.0,0.0,1.0,7200,255,1);
INSERT IGNORE INTO pool_gameobject VALUES (199821,10076,5,'ZulDrak 189980, node 67');
INSERT IGNORE INTO pool_template VALUES (10076,1,'ZulDrak mineral, node 67');
INSERT IGNORE INTO pool_pool VALUES (10076,891,0,'ZulDrak mineral, node 67');

UPDATE gameobject SET guid=199820 WHERE guid=121650;
INSERT IGNORE INTO pool_gameobject VALUES (199820,10077,0,'ZulDrak 189978, node 68');
INSERT IGNORE INTO gameobject VALUES (199819,189979,571,1,1,5159.13,-2823.0,292.931,-0.698132,0.0,0.0,0.0,1.0,7200,255,1);
INSERT IGNORE INTO pool_gameobject VALUES (199819,10077,45,'ZulDrak 189979, node 68');
INSERT IGNORE INTO gameobject VALUES (199818,189980,571,1,1,5159.13,-2823.0,292.931,-0.698132,0.0,0.0,0.0,1.0,7200,255,1);
INSERT IGNORE INTO pool_gameobject VALUES (199818,10077,5,'ZulDrak 189980, node 68');
INSERT IGNORE INTO pool_template VALUES (10077,1,'ZulDrak mineral, node 68');
INSERT IGNORE INTO pool_pool VALUES (10077,891,0,'ZulDrak mineral, node 68');

UPDATE gameobject SET guid=199817 WHERE guid=121651;
INSERT IGNORE INTO pool_gameobject VALUES (199817,10078,0,'ZulDrak 189978, node 69');
INSERT IGNORE INTO gameobject VALUES (199816,189979,571,1,1,5093.4,-3388.83,281.222,-2.21656,0.0,0.0,0.0,1.0,7200,255,1);
INSERT IGNORE INTO pool_gameobject VALUES (199816,10078,45,'ZulDrak 189979, node 69');
INSERT IGNORE INTO gameobject VALUES (199815,189980,571,1,1,5093.4,-3388.83,281.222,-2.21656,0.0,0.0,0.0,1.0,7200,255,1);
INSERT IGNORE INTO pool_gameobject VALUES (199815,10078,5,'ZulDrak 189980, node 69');
INSERT IGNORE INTO pool_template VALUES (10078,1,'ZulDrak mineral, node 69');
INSERT IGNORE INTO pool_pool VALUES (10078,891,0,'ZulDrak mineral, node 69');

UPDATE gameobject SET guid=199814 WHERE guid=121652;
INSERT IGNORE INTO pool_gameobject VALUES (199814,10079,0,'ZulDrak 189978, node 70');
INSERT IGNORE INTO gameobject VALUES (199813,189979,571,1,1,5823.88,-2446.71,296.067,-0.226892,0.0,0.0,0.0,1.0,7200,255,1);
INSERT IGNORE INTO pool_gameobject VALUES (199813,10079,45,'ZulDrak 189979, node 70');
INSERT IGNORE INTO gameobject VALUES (199812,189980,571,1,1,5823.88,-2446.71,296.067,-0.226892,0.0,0.0,0.0,1.0,7200,255,1);
INSERT IGNORE INTO pool_gameobject VALUES (199812,10079,5,'ZulDrak 189980, node 70');
INSERT IGNORE INTO pool_template VALUES (10079,1,'ZulDrak mineral, node 70');
INSERT IGNORE INTO pool_pool VALUES (10079,891,0,'ZulDrak mineral, node 70');

UPDATE gameobject SET guid=199811 WHERE guid=121653;
INSERT IGNORE INTO pool_gameobject VALUES (199811,10080,0,'ZulDrak 189978, node 71');
INSERT IGNORE INTO gameobject VALUES (199810,189979,571,1,1,5229.91,-3205.72,273.227,2.32129,0.0,0.0,0.0,1.0,7200,255,1);
INSERT IGNORE INTO pool_gameobject VALUES (199810,10080,45,'ZulDrak 189979, node 71');
INSERT IGNORE INTO gameobject VALUES (199809,189980,571,1,1,5229.91,-3205.72,273.227,2.32129,0.0,0.0,0.0,1.0,7200,255,1);
INSERT IGNORE INTO pool_gameobject VALUES (199809,10080,5,'ZulDrak 189980, node 71');
INSERT IGNORE INTO pool_template VALUES (10080,1,'ZulDrak mineral, node 71');
INSERT IGNORE INTO pool_pool VALUES (10080,891,0,'ZulDrak mineral, node 71');

-- sholazar basin
UPDATE gameobject SET id=189980 WHERE guid IN (121608);

UPDATE gameobject SET guid=199808 WHERE guid=121590;
INSERT IGNORE INTO pool_gameobject VALUES (199808,10081,0,'Sholazar Basin 189980, node 85');
INSERT IGNORE INTO gameobject VALUES (199807,189981,571,1,1,5684.01,4043.39,-92.3868,-1.01229,0.0,0.0,0.0,1.0,7200,255,1);
INSERT IGNORE INTO pool_gameobject VALUES (199807,10081,40,'Sholazar Basin 189981, node 85');
INSERT IGNORE INTO gameobject VALUES (199806,191133,571,1,1,5684.01,4043.39,-92.3868,-1.01229,0.0,0.0,0.0,1.0,7200,255,1);
INSERT IGNORE INTO pool_gameobject VALUES (199806,10081,5,'Sholazar Basin 191133, node 85');
INSERT IGNORE INTO pool_template VALUES (10081,1,'Sholazar Basin mineral, node 85');
INSERT IGNORE INTO pool_pool VALUES (10081,899,0,'Sholazar Basin mineral, node 85');

UPDATE gameobject SET guid=199805 WHERE guid=121591;
INSERT IGNORE INTO pool_gameobject VALUES (199805,10082,0,'Sholazar Basin 189980, node 86');
INSERT IGNORE INTO gameobject VALUES (199804,189981,571,1,1,5691.38,5268.67,-131.679,-1.41372,0.0,0.0,0.0,1.0,7200,255,1);
INSERT IGNORE INTO pool_gameobject VALUES (199804,10082,40,'Sholazar Basin 189981, node 86');
INSERT IGNORE INTO gameobject VALUES (199803,191133,571,1,1,5691.38,5268.67,-131.679,-1.41372,0.0,0.0,0.0,1.0,7200,255,1);
INSERT IGNORE INTO pool_gameobject VALUES (199803,10082,5,'Sholazar Basin 191133, node 86');
INSERT IGNORE INTO pool_template VALUES (10082,1,'Sholazar Basin mineral, node 86');
INSERT IGNORE INTO pool_pool VALUES (10082,899,0,'Sholazar Basin mineral, node 86');

UPDATE gameobject SET guid=199802 WHERE guid=121592;
INSERT IGNORE INTO pool_gameobject VALUES (199802,10083,0,'Sholazar Basin 189980, node 87');
INSERT IGNORE INTO gameobject VALUES (199801,189981,571,1,1,5605.17,5426.35,-126.236,-2.79252,0.0,0.0,0.0,1.0,7200,255,1);
INSERT IGNORE INTO pool_gameobject VALUES (199801,10083,40,'Sholazar Basin 189981, node 87');
INSERT IGNORE INTO gameobject VALUES (199800,191133,571,1,1,5605.17,5426.35,-126.236,-2.79252,0.0,0.0,0.0,1.0,7200,255,1);
INSERT IGNORE INTO pool_gameobject VALUES (199800,10083,5,'Sholazar Basin 191133, node 87');
INSERT IGNORE INTO pool_template VALUES (10083,1,'Sholazar Basin mineral, node 87');
INSERT IGNORE INTO pool_pool VALUES (10083,899,0,'Sholazar Basin mineral, node 87');

UPDATE gameobject SET guid=199799 WHERE guid=121608;
INSERT IGNORE INTO pool_gameobject VALUES (199799,10084,0,'Sholazar Basin 189980, node 88');
INSERT IGNORE INTO gameobject VALUES (199798,189981,571,1,1,5959.89,5466.21,-90.3105,1.36136,0.0,0.0,0.0,1.0,7200,255,1);
INSERT IGNORE INTO pool_gameobject VALUES (199798,10084,40,'Sholazar Basin 189981, node 88');
INSERT IGNORE INTO gameobject VALUES (199797,191133,571,1,1,5959.89,5466.21,-90.3105,1.36136,0.0,0.0,0.0,1.0,7200,255,1);
INSERT IGNORE INTO pool_gameobject VALUES (199797,10084,5,'Sholazar Basin 191133, node 88');
INSERT IGNORE INTO pool_template VALUES (10084,1,'Sholazar Basin mineral, node 88');
INSERT IGNORE INTO pool_pool VALUES (10084,899,0,'Sholazar Basin mineral, node 88');

UPDATE gameobject SET guid=199796 WHERE guid=121640;
INSERT IGNORE INTO pool_gameobject VALUES (199796,10085,0,'Sholazar Basin 189980, node 89');
INSERT IGNORE INTO gameobject VALUES (199795,189981,571,1,1,5603.09,3514.98,1.33732,-0.593412,0.0,0.0,0.0,1.0,7200,255,1);
INSERT IGNORE INTO pool_gameobject VALUES (199795,10085,40,'Sholazar Basin 189981, node 89');
INSERT IGNORE INTO gameobject VALUES (199794,191133,571,1,1,5603.09,3514.98,1.33732,-0.593412,0.0,0.0,0.0,1.0,7200,255,1);
INSERT IGNORE INTO pool_gameobject VALUES (199794,10085,5,'Sholazar Basin 191133, node 89');
INSERT IGNORE INTO pool_template VALUES (10085,1,'Sholazar Basin mineral, node 89');
INSERT IGNORE INTO pool_pool VALUES (10085,899,0,'Sholazar Basin mineral, node 89');

UPDATE gameobject SET guid=199793 WHERE guid=121641;
INSERT IGNORE INTO pool_gameobject VALUES (199793,10086,0,'Sholazar Basin 189980, node 90');
INSERT IGNORE INTO gameobject VALUES (199792,189981,571,1,1,5094.16,6031.35,-23.0399,-2.44346,0.0,0.0,0.0,1.0,7200,255,1);
INSERT IGNORE INTO pool_gameobject VALUES (199792,10086,40,'Sholazar Basin 189981, node 90');
INSERT IGNORE INTO gameobject VALUES (199791,191133,571,1,1,5094.16,6031.35,-23.0399,-2.44346,0.0,0.0,0.0,1.0,7200,255,1);
INSERT IGNORE INTO pool_gameobject VALUES (199791,10086,5,'Sholazar Basin 191133, node 90');
INSERT IGNORE INTO pool_template VALUES (10086,1,'Sholazar Basin mineral, node 90');
INSERT IGNORE INTO pool_pool VALUES (10086,899,0,'Sholazar Basin mineral, node 90');

UPDATE gameobject SET guid=199790 WHERE guid=121673;
INSERT IGNORE INTO pool_gameobject VALUES (199790,10087,0,'Sholazar Basin 189980, node 91');
INSERT IGNORE INTO gameobject VALUES (199789,189981,571,1,1,5122.12,3883.24,-3.71528,2.84488,0.0,0.0,0.0,1.0,7200,255,1);
INSERT IGNORE INTO pool_gameobject VALUES (199789,10087,40,'Sholazar Basin 189981, node 91');
INSERT IGNORE INTO gameobject VALUES (199788,191133,571,1,1,5122.12,3883.24,-3.71528,2.84488,0.0,0.0,0.0,1.0,7200,255,1);
INSERT IGNORE INTO pool_gameobject VALUES (199788,10087,5,'Sholazar Basin 191133, node 91');
INSERT IGNORE INTO pool_template VALUES (10087,1,'Sholazar Basin mineral, node 91');
INSERT IGNORE INTO pool_pool VALUES (10087,899,0,'Sholazar Basin mineral, node 91');

UPDATE gameobject SET guid=199787 WHERE guid=121678;
INSERT IGNORE INTO pool_gameobject VALUES (199787,10088,0,'Sholazar Basin 189980, node 92');
INSERT IGNORE INTO gameobject VALUES (199786,189981,571,1,1,4725.85,5016.74,-50.0228,-0.366518,0.0,0.0,0.0,1.0,7200,255,1);
INSERT IGNORE INTO pool_gameobject VALUES (199786,10088,40,'Sholazar Basin 189981, node 92');
INSERT IGNORE INTO gameobject VALUES (199785,191133,571,1,1,4725.85,5016.74,-50.0228,-0.366518,0.0,0.0,0.0,1.0,7200,255,1);
INSERT IGNORE INTO pool_gameobject VALUES (199785,10088,5,'Sholazar Basin 191133, node 92');
INSERT IGNORE INTO pool_template VALUES (10088,1,'Sholazar Basin mineral, node 92');
INSERT IGNORE INTO pool_pool VALUES (10088,899,0,'Sholazar Basin mineral, node 92');

UPDATE gameobject SET guid=199784 WHERE guid=121679;
INSERT IGNORE INTO pool_gameobject VALUES (199784,10089,0,'Sholazar Basin 189980, node 93');
INSERT IGNORE INTO gameobject VALUES (199783,189981,571,1,1,4704.72,5425.79,-32.3253,1.79769,0.0,0.0,0.0,1.0,7200,255,1);
INSERT IGNORE INTO pool_gameobject VALUES (199783,10089,40,'Sholazar Basin 189981, node 93');
INSERT IGNORE INTO gameobject VALUES (199782,191133,571,1,1,4704.72,5425.79,-32.3253,1.79769,0.0,0.0,0.0,1.0,7200,255,1);
INSERT IGNORE INTO pool_gameobject VALUES (199782,10089,5,'Sholazar Basin 191133, node 93');
INSERT IGNORE INTO pool_template VALUES (10089,1,'Sholazar Basin mineral, node 93');
INSERT IGNORE INTO pool_pool VALUES (10089,899,0,'Sholazar Basin mineral, node 93');

UPDATE gameobject SET guid=199781 WHERE guid=121680;
INSERT IGNORE INTO pool_gameobject VALUES (199781,10090,0,'Sholazar Basin 189980, node 94');
INSERT IGNORE INTO gameobject VALUES (199780,189981,571,1,1,5449.07,6036.19,-27.0957,-0.95993,0.0,0.0,0.0,1.0,7200,255,1);
INSERT IGNORE INTO pool_gameobject VALUES (199780,10090,40,'Sholazar Basin 189981, node 94');
INSERT IGNORE INTO gameobject VALUES (199779,191133,571,1,1,5449.07,6036.19,-27.0957,-0.95993,0.0,0.0,0.0,1.0,7200,255,1);
INSERT IGNORE INTO pool_gameobject VALUES (199779,10090,5,'Sholazar Basin 191133, node 94');
INSERT IGNORE INTO pool_template VALUES (10090,1,'Sholazar Basin mineral, node 94');
INSERT IGNORE INTO pool_pool VALUES (10090,899,0,'Sholazar Basin mineral, node 94');

UPDATE gameobject SET guid=199778 WHERE guid=121681;
INSERT IGNORE INTO pool_gameobject VALUES (199778,10091,0,'Sholazar Basin 189980, node 95');
INSERT IGNORE INTO gameobject VALUES (199777,189981,571,1,1,5296.03,6038.0,-30.3204,-1.13446,0.0,0.0,0.0,1.0,7200,255,1);
INSERT IGNORE INTO pool_gameobject VALUES (199777,10091,40,'Sholazar Basin 189981, node 95');
INSERT IGNORE INTO gameobject VALUES (199776,191133,571,1,1,5296.03,6038.0,-30.3204,-1.13446,0.0,0.0,0.0,1.0,7200,255,1);
INSERT IGNORE INTO pool_gameobject VALUES (199776,10091,5,'Sholazar Basin 191133, node 95');
INSERT IGNORE INTO pool_template VALUES (10091,1,'Sholazar Basin mineral, node 95');
INSERT IGNORE INTO pool_pool VALUES (10091,899,0,'Sholazar Basin mineral, node 95');

UPDATE gameobject SET guid=199775 WHERE guid=121684;
INSERT IGNORE INTO pool_gameobject VALUES (199775,10092,0,'Sholazar Basin 189980, node 96');
INSERT IGNORE INTO gameobject VALUES (199774,189981,571,1,1,5047.36,5997.05,-42.6062,2.14675,0.0,0.0,0.0,1.0,7200,255,1);
INSERT IGNORE INTO pool_gameobject VALUES (199774,10092,40,'Sholazar Basin 189981, node 96');
INSERT IGNORE INTO gameobject VALUES (199773,191133,571,1,1,5047.36,5997.05,-42.6062,2.14675,0.0,0.0,0.0,1.0,7200,255,1);
INSERT IGNORE INTO pool_gameobject VALUES (199773,10092,5,'Sholazar Basin 191133, node 96');
INSERT IGNORE INTO pool_template VALUES (10092,1,'Sholazar Basin mineral, node 96');
INSERT IGNORE INTO pool_pool VALUES (10092,899,0,'Sholazar Basin mineral, node 96');

-- storm peaks
UPDATE gameobject SET guid=199772 WHERE guid=121593;
INSERT IGNORE INTO pool_gameobject VALUES (199772,10093,0,'Storm Peaks 189980, node 73');
INSERT IGNORE INTO gameobject VALUES (199771,189981,571,1,1,6754.36,-3855.35,628.766,-2.65289,0.0,0.0,0.0,1.0,7200,255,1);
INSERT IGNORE INTO pool_gameobject VALUES (199771,10093,40,'Storm Peaks 189981, node 73');
INSERT IGNORE INTO gameobject VALUES (199770,191133,571,1,1,6754.36,-3855.35,628.766,-2.65289,0.0,0.0,0.0,1.0,7200,255,1);
INSERT IGNORE INTO pool_gameobject VALUES (199770,10093,10,'Storm Peaks 191133, node 73');
INSERT IGNORE INTO pool_template VALUES (10093,1,'Storm Peaks mineral, node 73');
INSERT IGNORE INTO pool_pool VALUES (10093,898,0,'Storm Peaks mineral, node 73');

UPDATE gameobject SET guid=199769 WHERE guid=121639;
INSERT IGNORE INTO pool_gameobject VALUES (199769,10094,0,'Storm Peaks 189980, node 74');
INSERT IGNORE INTO gameobject VALUES (199768,189981,571,1,1,7975.3,-275.941,848.647,-0.90757,0.0,0.0,0.0,1.0,7200,255,1);
INSERT IGNORE INTO pool_gameobject VALUES (199768,10094,40,'Storm Peaks 189981, node 74');
INSERT IGNORE INTO gameobject VALUES (199767,191133,571,1,1,7975.3,-275.941,848.647,-0.90757,0.0,0.0,0.0,1.0,7200,255,1);
INSERT IGNORE INTO pool_gameobject VALUES (199767,10094,10,'Storm Peaks 191133, node 74');
INSERT IGNORE INTO pool_template VALUES (10094,1,'Storm Peaks mineral, node 74');
INSERT IGNORE INTO pool_pool VALUES (10094,898,0,'Storm Peaks mineral, node 74');

UPDATE gameobject SET guid=199766 WHERE guid=121642;
INSERT IGNORE INTO pool_gameobject VALUES (199766,10095,0,'Storm Peaks 189980, node 75');
INSERT IGNORE INTO gameobject VALUES (199765,189981,571,1,1,6394.66,-876.401,409.343,1.27409,0.0,0.0,0.0,1.0,7200,255,1);
INSERT IGNORE INTO pool_gameobject VALUES (199765,10095,40,'Storm Peaks 189981, node 75');
INSERT IGNORE INTO gameobject VALUES (199764,191133,571,1,1,6394.66,-876.401,409.343,1.27409,0.0,0.0,0.0,1.0,7200,255,1);
INSERT IGNORE INTO pool_gameobject VALUES (199764,10095,10,'Storm Peaks 191133, node 75');
INSERT IGNORE INTO pool_template VALUES (10095,1,'Storm Peaks mineral, node 75');
INSERT IGNORE INTO pool_pool VALUES (10095,898,0,'Storm Peaks mineral, node 75');

UPDATE gameobject SET guid=199763 WHERE guid=121645;
INSERT IGNORE INTO pool_gameobject VALUES (199763,10096,0,'Storm Peaks 189980, node 76');
INSERT IGNORE INTO gameobject VALUES (199762,189981,571,1,1,6321.32,-658.356,436.213,0.523598,0.0,0.0,0.0,1.0,7200,255,1);
INSERT IGNORE INTO pool_gameobject VALUES (199762,10096,40,'Storm Peaks 189981, node 76');
INSERT IGNORE INTO gameobject VALUES (199761,191133,571,1,1,6321.32,-658.356,436.213,0.523598,0.0,0.0,0.0,1.0,7200,255,1);
INSERT IGNORE INTO pool_gameobject VALUES (199761,10096,10,'Storm Peaks 191133, node 76');
INSERT IGNORE INTO pool_template VALUES (10096,1,'Storm Peaks mineral, node 76');
INSERT IGNORE INTO pool_pool VALUES (10096,898,0,'Storm Peaks mineral, node 76');

UPDATE gameobject SET guid=199760 WHERE guid=121646;
INSERT IGNORE INTO pool_gameobject VALUES (199760,10097,0,'Storm Peaks 189980, node 77');
INSERT IGNORE INTO gameobject VALUES (199759,189981,571,1,1,5928.23,-920.936,371.746,0.279252,0.0,0.0,0.0,1.0,7200,255,1);
INSERT IGNORE INTO pool_gameobject VALUES (199759,10097,40,'Storm Peaks 189981, node 77');
INSERT IGNORE INTO gameobject VALUES (199758,191133,571,1,1,5928.23,-920.936,371.746,0.279252,0.0,0.0,0.0,1.0,7200,255,1);
INSERT IGNORE INTO pool_gameobject VALUES (199758,10097,10,'Storm Peaks 191133, node 77');
INSERT IGNORE INTO pool_template VALUES (10097,1,'Storm Peaks mineral, node 77');
INSERT IGNORE INTO pool_pool VALUES (10097,898,0,'Storm Peaks mineral, node 77');

UPDATE gameobject SET guid=199757 WHERE guid=121669;
INSERT IGNORE INTO pool_gameobject VALUES (199757,10098,0,'Storm Peaks 189980, node 78');
INSERT IGNORE INTO gameobject VALUES (199756,189981,571,1,1,7372.88,-2636.17,755.826,1.09956,0.0,0.0,0.0,1.0,7200,255,1);
INSERT IGNORE INTO pool_gameobject VALUES (199756,10098,40,'Storm Peaks 189981, node 78');
INSERT IGNORE INTO gameobject VALUES (199755,191133,571,1,1,7372.88,-2636.17,755.826,1.09956,0.0,0.0,0.0,1.0,7200,255,1);
INSERT IGNORE INTO pool_gameobject VALUES (199755,10098,10,'Storm Peaks 191133, node 78');
INSERT IGNORE INTO pool_template VALUES (10098,1,'Storm Peaks mineral, node 78');
INSERT IGNORE INTO pool_pool VALUES (10098,898,0,'Storm Peaks mineral, node 78');

UPDATE gameobject SET guid=199754 WHERE guid=121671;
INSERT IGNORE INTO pool_gameobject VALUES (199754,10099,0,'Storm Peaks 189980, node 79');
INSERT IGNORE INTO gameobject VALUES (199753,189981,571,1,1,7253.87,78.6343,791.238,-2.37364,0.0,0.0,0.0,1.0,7200,255,1);
INSERT IGNORE INTO pool_gameobject VALUES (199753,10099,40,'Storm Peaks 189981, node 79');
INSERT IGNORE INTO gameobject VALUES (199752,191133,571,1,1,7253.87,78.6343,791.238,-2.37364,0.0,0.0,0.0,1.0,7200,255,1);
INSERT IGNORE INTO pool_gameobject VALUES (199752,10099,10,'Storm Peaks 191133, node 79');
INSERT IGNORE INTO pool_template VALUES (10099,1,'Storm Peaks mineral, node 79');
INSERT IGNORE INTO pool_pool VALUES (10099,898,0,'Storm Peaks mineral, node 79');

UPDATE gameobject SET guid=199751 WHERE guid=121675;
INSERT IGNORE INTO pool_gameobject VALUES (199751,10100,0,'Storm Peaks 189980, node 80');
INSERT IGNORE INTO gameobject VALUES (199750,189981,571,1,1,7214.04,-2058.9,769.238,-1.67551,0.0,0.0,0.0,1.0,7200,255,1);
INSERT IGNORE INTO pool_gameobject VALUES (199750,10100,40,'Storm Peaks 189981, node 80');
INSERT IGNORE INTO gameobject VALUES (199749,191133,571,1,1,7214.04,-2058.9,769.238,-1.67551,0.0,0.0,0.0,1.0,7200,255,1);
INSERT IGNORE INTO pool_gameobject VALUES (199749,10100,10,'Storm Peaks 191133, node 80');
INSERT IGNORE INTO pool_template VALUES (10100,1,'Storm Peaks mineral, node 80');
INSERT IGNORE INTO pool_pool VALUES (10100,898,0,'Storm Peaks mineral, node 80');

UPDATE gameobject SET guid=199748 WHERE guid=121676;
INSERT IGNORE INTO pool_gameobject VALUES (199748,10101,0,'Storm Peaks 189980, node 81');
INSERT IGNORE INTO gameobject VALUES (199747,189981,571,1,1,6738.28,-1553.82,366.337,0.645772,0.0,0.0,0.0,1.0,7200,255,1);
INSERT IGNORE INTO pool_gameobject VALUES (199747,10101,40,'Storm Peaks 189981, node 81');
INSERT IGNORE INTO gameobject VALUES (199746,191133,571,1,1,6738.28,-1553.82,366.337,0.645772,0.0,0.0,0.0,1.0,7200,255,1);
INSERT IGNORE INTO pool_gameobject VALUES (199746,10101,10,'Storm Peaks 191133, node 81');
INSERT IGNORE INTO pool_template VALUES (10101,1,'Storm Peaks mineral, node 81');
INSERT IGNORE INTO pool_pool VALUES (10101,898,0,'Storm Peaks mineral, node 81');

UPDATE gameobject SET guid=199745 WHERE guid=121677;
INSERT IGNORE INTO pool_gameobject VALUES (199745,10102,0,'Storm Peaks 189980, node 82');
INSERT IGNORE INTO gameobject VALUES (199744,189981,571,1,1,7119.19,-1404.3,931.731,-1.72787,0.0,0.0,0.0,1.0,7200,255,1);
INSERT IGNORE INTO pool_gameobject VALUES (199744,10102,40,'Storm Peaks 189981, node 82');
INSERT IGNORE INTO gameobject VALUES (199743,191133,571,1,1,7119.19,-1404.3,931.731,-1.72787,0.0,0.0,0.0,1.0,7200,255,1);
INSERT IGNORE INTO pool_gameobject VALUES (199743,10102,10,'Storm Peaks 191133, node 82');
INSERT IGNORE INTO pool_template VALUES (10102,1,'Storm Peaks mineral, node 82');
INSERT IGNORE INTO pool_pool VALUES (10102,898,0,'Storm Peaks mineral, node 82');

UPDATE gameobject SET guid=199742 WHERE guid=121691;
INSERT IGNORE INTO pool_gameobject VALUES (199742,10103,0,'Storm Peaks 189980, node 83');
INSERT IGNORE INTO gameobject VALUES (199741,189981,571,1,1,7180.22,-2830.26,826.301,0.244346,0.0,0.0,0.0,1.0,7200,255,1);
INSERT IGNORE INTO pool_gameobject VALUES (199741,10103,40,'Storm Peaks 189981, node 83');
INSERT IGNORE INTO gameobject VALUES (199740,191133,571,1,1,7180.22,-2830.26,826.301,0.244346,0.0,0.0,0.0,1.0,7200,255,1);
INSERT IGNORE INTO pool_gameobject VALUES (199740,10103,10,'Storm Peaks 191133, node 83');
INSERT IGNORE INTO pool_template VALUES (10103,1,'Storm Peaks mineral, node 83');
INSERT IGNORE INTO pool_pool VALUES (10103,898,0,'Storm Peaks mineral, node 83');

-- icecrown
UPDATE gameobject SET guid=199739 WHERE guid=121661;
INSERT IGNORE INTO pool_gameobject VALUES (199739,10104,0,'Icecrown 189980, node 170');
INSERT IGNORE INTO gameobject VALUES (199738,189981,571,1,1,6424.52,2875.56,579.955,2.35619,0.0,0.0,0.0,1.0,7200,255,1);
INSERT IGNORE INTO pool_gameobject VALUES (199738,10104,40,'Icecrown 189981, node 170');
INSERT IGNORE INTO gameobject VALUES (199737,191133,571,1,1,6424.52,2875.56,579.955,2.35619,0.0,0.0,0.0,1.0,7200,255,1);
INSERT IGNORE INTO pool_gameobject VALUES (199737,10104,10,'Icecrown 191133, node 170');
INSERT IGNORE INTO pool_template VALUES (10104,1,'Icecrown mineral, node 170');
INSERT IGNORE INTO pool_pool VALUES (10104,897,0,'Icecrown mineral, node 170');

UPDATE gameobject SET guid=199736 WHERE guid=121662;
INSERT IGNORE INTO pool_gameobject VALUES (199736,10105,0,'Icecrown 189980, node 171');
INSERT IGNORE INTO gameobject VALUES (199735,189981,571,1,1,6437.51,2498.71,472.506,-1.20428,0.0,0.0,0.0,1.0,7200,255,1);
INSERT IGNORE INTO pool_gameobject VALUES (199735,10105,40,'Icecrown 189981, node 171');
INSERT IGNORE INTO gameobject VALUES (199734,191133,571,1,1,6437.51,2498.71,472.506,-1.20428,0.0,0.0,0.0,1.0,7200,255,1);
INSERT IGNORE INTO pool_gameobject VALUES (199734,10105,10,'Icecrown 191133, node 171');
INSERT IGNORE INTO pool_template VALUES (10105,1,'Icecrown mineral, node 171');
INSERT IGNORE INTO pool_pool VALUES (10105,897,0,'Icecrown mineral, node 171');

UPDATE gameobject SET guid=199733 WHERE guid=121663;
INSERT IGNORE INTO pool_gameobject VALUES (199733,10106,0,'Icecrown 189980, node 172');
INSERT IGNORE INTO gameobject VALUES (199732,189981,571,1,1,7287.76,1531.43,319.482,0.191985,0.0,0.0,0.0,1.0,7200,255,1);
INSERT IGNORE INTO pool_gameobject VALUES (199732,10106,40,'Icecrown 189981, node 172');
INSERT IGNORE INTO gameobject VALUES (199731,191133,571,1,1,7287.76,1531.43,319.482,0.191985,0.0,0.0,0.0,1.0,7200,255,1);
INSERT IGNORE INTO pool_gameobject VALUES (199731,10106,10,'Icecrown 191133, node 172');
INSERT IGNORE INTO pool_template VALUES (10106,1,'Icecrown mineral, node 172');
INSERT IGNORE INTO pool_pool VALUES (10106,897,0,'Icecrown mineral, node 172');

UPDATE gameobject SET guid=199730 WHERE guid=121664;
INSERT IGNORE INTO pool_gameobject VALUES (199730,10107,0,'Icecrown 189980, node 173');
INSERT IGNORE INTO gameobject VALUES (199729,189981,571,1,1,6954.01,1470.53,395.307,2.94959,0.0,0.0,0.0,1.0,7200,255,1);
INSERT IGNORE INTO pool_gameobject VALUES (199729,10107,40,'Icecrown 189981, node 173');
INSERT IGNORE INTO gameobject VALUES (199728,191133,571,1,1,6954.01,1470.53,395.307,2.94959,0.0,0.0,0.0,1.0,7200,255,1);
INSERT IGNORE INTO pool_gameobject VALUES (199728,10107,10,'Icecrown 191133, node 173');
INSERT IGNORE INTO pool_template VALUES (10107,1,'Icecrown mineral, node 173');
INSERT IGNORE INTO pool_pool VALUES (10107,897,0,'Icecrown mineral, node 173');

UPDATE gameobject SET guid=199727 WHERE guid=121665;
INSERT IGNORE INTO pool_gameobject VALUES (199727,10108,0,'Icecrown 189980, node 174');
INSERT IGNORE INTO gameobject VALUES (199726,189981,571,1,1,6583.15,1267.12,286.026,0.925024,0.0,0.0,0.0,1.0,7200,255,1);
INSERT IGNORE INTO pool_gameobject VALUES (199726,10108,40,'Icecrown 189981, node 174');
INSERT IGNORE INTO gameobject VALUES (199725,191133,571,1,1,6583.15,1267.12,286.026,0.925024,0.0,0.0,0.0,1.0,7200,255,1);
INSERT IGNORE INTO pool_gameobject VALUES (199725,10108,10,'Icecrown 191133, node 174');
INSERT IGNORE INTO pool_template VALUES (10108,1,'Icecrown mineral, node 174');
INSERT IGNORE INTO pool_pool VALUES (10108,897,0,'Icecrown mineral, node 174');

UPDATE gameobject SET guid=199724 WHERE guid=121666;
INSERT IGNORE INTO pool_gameobject VALUES (199724,10109,0,'Icecrown 189980, node 175');
INSERT IGNORE INTO gameobject VALUES (199723,189981,571,1,1,6717.32,1228.8,275.079,-2.86233,0.0,0.0,0.0,1.0,7200,255,1);
INSERT IGNORE INTO pool_gameobject VALUES (199723,10109,40,'Icecrown 189981, node 175');
INSERT IGNORE INTO gameobject VALUES (199722,191133,571,1,1,6717.32,1228.8,275.079,-2.86233,0.0,0.0,0.0,1.0,7200,255,1);
INSERT IGNORE INTO pool_gameobject VALUES (199722,10109,10,'Icecrown 191133, node 175');
INSERT IGNORE INTO pool_template VALUES (10109,1,'Icecrown mineral, node 175');
INSERT IGNORE INTO pool_pool VALUES (10109,897,0,'Icecrown mineral, node 175');

UPDATE gameobject SET guid=199721 WHERE guid=121667;
INSERT IGNORE INTO pool_gameobject VALUES (199721,10110,0,'Icecrown 189980, node 176');
INSERT IGNORE INTO gameobject VALUES (199720,189981,571,1,1,6915.19,1470.29,397.617,-1.64061,0.0,0.0,0.0,1.0,7200,255,1);
INSERT IGNORE INTO pool_gameobject VALUES (199720,10110,40,'Icecrown 189981, node 176');
INSERT IGNORE INTO gameobject VALUES (199719,191133,571,1,1,6915.19,1470.29,397.617,-1.64061,0.0,0.0,0.0,1.0,7200,255,1);
INSERT IGNORE INTO pool_gameobject VALUES (199719,10110,10,'Icecrown 191133, node 176');
INSERT IGNORE INTO pool_template VALUES (10110,1,'Icecrown mineral, node 176');
INSERT IGNORE INTO pool_pool VALUES (10110,897,0,'Icecrown mineral, node 176');

UPDATE gameobject SET guid=199718 WHERE guid=121668;
INSERT IGNORE INTO pool_gameobject VALUES (199718,10111,0,'Icecrown 189980, node 177');
INSERT IGNORE INTO gameobject VALUES (199717,189981,571,1,1,7488.8,1813.89,361.498,-2.65289,0.0,0.0,0.0,1.0,7200,255,1);
INSERT IGNORE INTO pool_gameobject VALUES (199717,10111,40,'Icecrown 189981, node 177');
INSERT IGNORE INTO gameobject VALUES (199716,191133,571,1,1,7488.8,1813.89,361.498,-2.65289,0.0,0.0,0.0,1.0,7200,255,1);
INSERT IGNORE INTO pool_gameobject VALUES (199716,10111,10,'Icecrown 191133, node 177');
INSERT IGNORE INTO pool_template VALUES (10111,1,'Icecrown mineral, node 177');
INSERT IGNORE INTO pool_pool VALUES (10111,897,0,'Icecrown mineral, node 177');

UPDATE gameobject SET guid=199715 WHERE guid=121683;
INSERT IGNORE INTO pool_gameobject VALUES (199715,10112,0,'Icecrown 189980, node 178');
INSERT IGNORE INTO gameobject VALUES (199714,189981,571,1,1,7653.55,2224.11,371.474,2.68781,0.0,0.0,0.0,1.0,7200,255,1);
INSERT IGNORE INTO pool_gameobject VALUES (199714,10112,40,'Icecrown 189981, node 178');
INSERT IGNORE INTO gameobject VALUES (199713,191133,571,1,1,7653.55,2224.11,371.474,2.68781,0.0,0.0,0.0,1.0,7200,255,1);
INSERT IGNORE INTO pool_gameobject VALUES (199713,10112,10,'Icecrown 191133, node 178');
INSERT IGNORE INTO pool_template VALUES (10112,1,'Icecrown mineral, node 178');
INSERT IGNORE INTO pool_pool VALUES (10112,897,0,'Icecrown mineral, node 178');

UPDATE gameobject SET guid=199712 WHERE guid=121689;
INSERT IGNORE INTO pool_gameobject VALUES (199712,10113,0,'Icecrown 189980, node 179');
INSERT IGNORE INTO gameobject VALUES (199711,189981,571,1,1,7588.63,1943.56,368.411,-1.67551,0.0,0.0,0.0,1.0,7200,255,1);
INSERT IGNORE INTO pool_gameobject VALUES (199711,10113,40,'Icecrown 189981, node 179');
INSERT IGNORE INTO gameobject VALUES (199710,191133,571,1,1,7588.63,1943.56,368.411,-1.67551,0.0,0.0,0.0,1.0,7200,255,1);
INSERT IGNORE INTO pool_gameobject VALUES (199710,10113,10,'Icecrown 191133, node 179');
INSERT IGNORE INTO pool_template VALUES (10113,1,'Icecrown mineral, node 179');
INSERT IGNORE INTO pool_pool VALUES (10113,897,0,'Icecrown mineral, node 179');

UPDATE gameobject SET guid=199709 WHERE guid=121690;
INSERT IGNORE INTO pool_gameobject VALUES (199709,10114,0,'Icecrown 189980, node 180');
INSERT IGNORE INTO gameobject VALUES (199708,189981,571,1,1,8149.87,2365.18,494.099,1.0821,0.0,0.0,0.0,1.0,7200,255,1);
INSERT IGNORE INTO pool_gameobject VALUES (199708,10114,40,'Icecrown 189981, node 180');
INSERT IGNORE INTO gameobject VALUES (199707,191133,571,1,1,8149.87,2365.18,494.099,1.0821,0.0,0.0,0.0,1.0,7200,255,1);
INSERT IGNORE INTO pool_gameobject VALUES (199707,10114,10,'Icecrown 191133, node 180');
INSERT IGNORE INTO pool_template VALUES (10114,1,'Icecrown mineral, node 180');
INSERT IGNORE INTO pool_pool VALUES (10114,897,0,'Icecrown mineral, node 180');

-- wintergrasp
UPDATE gameobject SET id=189980 WHERE guid IN (121594);

UPDATE gameobject SET guid=199706 WHERE guid=121584;
INSERT IGNORE INTO pool_gameobject VALUES (199706,10115,0,'Wintergrasp 189980, node 46');
INSERT IGNORE INTO gameobject VALUES (199705,189981,571,1,1,4804.17,3412.16,356.282,-1.01229,0.0,0.0,0.0,1.0,7200,255,1);
INSERT IGNORE INTO pool_gameobject VALUES (199705,10115,40,'Wintergrasp 189981, node 46');
INSERT IGNORE INTO gameobject VALUES (199704,191133,571,1,1,4804.17,3412.16,356.282,-1.01229,0.0,0.0,0.0,1.0,7200,255,1);
INSERT IGNORE INTO pool_gameobject VALUES (199704,10115,10,'Wintergrasp 191133, node 46');
INSERT IGNORE INTO pool_template VALUES (10115,1,'Wintergrasp mineral, node 46');
INSERT IGNORE INTO pool_pool VALUES (10115,896,0,'Wintergrasp mineral, node 46');

UPDATE gameobject SET guid=199703 WHERE guid=121585;
INSERT IGNORE INTO pool_gameobject VALUES (199703,10116,0,'Wintergrasp 189980, node 47');
INSERT IGNORE INTO gameobject VALUES (199702,189981,571,1,1,4635.89,3321.86,345.809,1.65806,0.0,0.0,0.0,1.0,7200,255,1);
INSERT IGNORE INTO pool_gameobject VALUES (199702,10116,40,'Wintergrasp 189981, node 47');
INSERT IGNORE INTO gameobject VALUES (199701,191133,571,1,1,4635.89,3321.86,345.809,1.65806,0.0,0.0,0.0,1.0,7200,255,1);
INSERT IGNORE INTO pool_gameobject VALUES (199701,10116,10,'Wintergrasp 191133, node 47');
INSERT IGNORE INTO pool_template VALUES (10116,1,'Wintergrasp mineral, node 47');
INSERT IGNORE INTO pool_pool VALUES (10116,896,0,'Wintergrasp mineral, node 47');

UPDATE gameobject SET guid=199700 WHERE guid=121586;
INSERT IGNORE INTO pool_gameobject VALUES (199700,10117,0,'Wintergrasp 189980, node 48');
INSERT IGNORE INTO gameobject VALUES (199699,189981,571,1,1,4753.01,3331.21,347.886,1.32645,0.0,0.0,0.0,1.0,7200,255,1);
INSERT IGNORE INTO pool_gameobject VALUES (199699,10117,40,'Wintergrasp 189981, node 48');
INSERT IGNORE INTO gameobject VALUES (199698,191133,571,1,1,4753.01,3331.21,347.886,1.32645,0.0,0.0,0.0,1.0,7200,255,1);
INSERT IGNORE INTO pool_gameobject VALUES (199698,10117,10,'Wintergrasp 191133, node 48');
INSERT IGNORE INTO pool_template VALUES (10117,1,'Wintergrasp mineral, node 48');
INSERT IGNORE INTO pool_pool VALUES (10117,896,0,'Wintergrasp mineral, node 48');

UPDATE gameobject SET guid=199697 WHERE guid=121587;
INSERT IGNORE INTO pool_gameobject VALUES (199697,10118,0,'Wintergrasp 189980, node 49');
INSERT IGNORE INTO gameobject VALUES (199696,189981,571,1,1,4530.76,3704.3,381.47,-2.19912,0.0,0.0,0.0,1.0,7200,255,1);
INSERT IGNORE INTO pool_gameobject VALUES (199696,10118,40,'Wintergrasp 189981, node 49');
INSERT IGNORE INTO gameobject VALUES (199695,191133,571,1,1,4530.76,3704.3,381.47,-2.19912,0.0,0.0,0.0,1.0,7200,255,1);
INSERT IGNORE INTO pool_gameobject VALUES (199695,10118,10,'Wintergrasp 191133, node 49');
INSERT IGNORE INTO pool_template VALUES (10118,1,'Wintergrasp mineral, node 49');
INSERT IGNORE INTO pool_pool VALUES (10118,896,0,'Wintergrasp mineral, node 49');

UPDATE gameobject SET guid=199694 WHERE guid=121588;
INSERT IGNORE INTO pool_gameobject VALUES (199694,10119,0,'Wintergrasp 189980, node 50');
INSERT IGNORE INTO gameobject VALUES (199693,189981,571,1,1,4502.45,3564.55,392.429,1.67551,0.0,0.0,0.0,1.0,7200,255,1);
INSERT IGNORE INTO pool_gameobject VALUES (199693,10119,40,'Wintergrasp 189981, node 50');
INSERT IGNORE INTO gameobject VALUES (199692,191133,571,1,1,4502.45,3564.55,392.429,1.67551,0.0,0.0,0.0,1.0,7200,255,1);
INSERT IGNORE INTO pool_gameobject VALUES (199692,10119,10,'Wintergrasp 191133, node 50');
INSERT IGNORE INTO pool_template VALUES (10119,1,'Wintergrasp mineral, node 50');
INSERT IGNORE INTO pool_pool VALUES (10119,896,0,'Wintergrasp mineral, node 50');

UPDATE gameobject SET guid=199691 WHERE guid=121589;
INSERT IGNORE INTO pool_gameobject VALUES (199691,10120,0,'Wintergrasp 189980, node 51');
INSERT IGNORE INTO gameobject VALUES (199690,189981,571,1,1,4622.65,3446.06,362.903,3.10665,0.0,0.0,0.0,1.0,7200,255,1);
INSERT IGNORE INTO pool_gameobject VALUES (199690,10120,40,'Wintergrasp 189981, node 51');
INSERT IGNORE INTO gameobject VALUES (199689,191133,571,1,1,4622.65,3446.06,362.903,3.10665,0.0,0.0,0.0,1.0,7200,255,1);
INSERT IGNORE INTO pool_gameobject VALUES (199689,10120,10,'Wintergrasp 191133, node 51');
INSERT IGNORE INTO pool_template VALUES (10120,1,'Wintergrasp mineral, node 51');
INSERT IGNORE INTO pool_pool VALUES (10120,896,0,'Wintergrasp mineral, node 51');

UPDATE gameobject SET guid=199688 WHERE guid=121594;
INSERT IGNORE INTO pool_gameobject VALUES (199688,10121,0,'Wintergrasp 189980, node 52');
INSERT IGNORE INTO gameobject VALUES (199687,189981,571,1,1,4423.84,3978.38,411.712,-2.40855,0.0,0.0,0.0,1.0,7200,255,0);
INSERT IGNORE INTO pool_gameobject VALUES (199687,10121,40,'Wintergrasp 189981, node 52');
INSERT IGNORE INTO gameobject VALUES (199686,191133,571,1,1,4423.84,3978.38,411.712,-2.40855,0.0,0.0,0.0,1.0,7200,255,0);
INSERT IGNORE INTO pool_gameobject VALUES (199686,10121,10,'Wintergrasp 191133, node 52');
INSERT IGNORE INTO pool_template VALUES (10121,1,'Wintergrasp mineral, node 52');
INSERT IGNORE INTO pool_pool VALUES (10121,896,0,'Wintergrasp mineral, node 52');

UPDATE gameobject SET guid=199685 WHERE guid=121644;
INSERT IGNORE INTO pool_gameobject VALUES (199685,10122,0,'Wintergrasp 189980, node 53');
INSERT IGNORE INTO gameobject VALUES (199684,189981,571,1,1,5107.71,2697.8,379.582,-1.78023,0.0,0.0,0.0,1.0,7200,255,1);
INSERT IGNORE INTO pool_gameobject VALUES (199684,10122,40,'Wintergrasp 189981, node 53');
INSERT IGNORE INTO gameobject VALUES (199683,191133,571,1,1,5107.71,2697.8,379.582,-1.78023,0.0,0.0,0.0,1.0,7200,255,1);
INSERT IGNORE INTO pool_gameobject VALUES (199683,10122,10,'Wintergrasp 191133, node 53');
INSERT IGNORE INTO pool_template VALUES (10122,1,'Wintergrasp mineral, node 53');
INSERT IGNORE INTO pool_pool VALUES (10122,896,0,'Wintergrasp mineral, node 53');

UPDATE gameobject SET guid=199682 WHERE guid=121654;
INSERT IGNORE INTO pool_gameobject VALUES (199682,10123,0,'Wintergrasp 189980, node 54');
INSERT IGNORE INTO gameobject VALUES (199681,189981,571,1,1,5380.42,2551.13,412.705,-0.523598,0.0,0.0,0.0,1.0,7200,255,1);
INSERT IGNORE INTO pool_gameobject VALUES (199681,10123,40,'Wintergrasp 189981, node 54');
INSERT IGNORE INTO gameobject VALUES (199680,191133,571,1,1,5380.42,2551.13,412.705,-0.523598,0.0,0.0,0.0,1.0,7200,255,1);
INSERT IGNORE INTO pool_gameobject VALUES (199680,10123,10,'Wintergrasp 191133, node 54');
INSERT IGNORE INTO pool_template VALUES (10123,1,'Wintergrasp mineral, node 54');
INSERT IGNORE INTO pool_pool VALUES (10123,896,0,'Wintergrasp mineral, node 54');

UPDATE gameobject SET guid=199679 WHERE guid=121655;
INSERT IGNORE INTO pool_gameobject VALUES (199679,10124,0,'Wintergrasp 189980, node 55');
INSERT IGNORE INTO gameobject VALUES (199678,189981,571,1,1,5326.56,3483.84,380.992,-0.575957,0.0,0.0,0.0,1.0,7200,255,1);
INSERT IGNORE INTO pool_gameobject VALUES (199678,10124,40,'Wintergrasp 189981, node 55');
INSERT IGNORE INTO gameobject VALUES (199677,191133,571,1,1,5326.56,3483.84,380.992,-0.575957,0.0,0.0,0.0,1.0,7200,255,1);
INSERT IGNORE INTO pool_gameobject VALUES (199677,10124,10,'Wintergrasp 191133, node 55');
INSERT IGNORE INTO pool_template VALUES (10124,1,'Wintergrasp mineral, node 55');
INSERT IGNORE INTO pool_pool VALUES (10124,896,0,'Wintergrasp mineral, node 55');

UPDATE gameobject SET guid=199676 WHERE guid=121656;
INSERT IGNORE INTO pool_gameobject VALUES (199676,10125,0,'Wintergrasp 189980, node 56');
INSERT IGNORE INTO gameobject VALUES (199675,189981,571,1,1,4763.41,3388.18,337.817,2.51327,0.0,0.0,0.0,1.0,7200,255,1);
INSERT IGNORE INTO pool_gameobject VALUES (199675,10125,40,'Wintergrasp 189981, node 56');
INSERT IGNORE INTO gameobject VALUES (199674,191133,571,1,1,4763.41,3388.18,337.817,2.51327,0.0,0.0,0.0,1.0,7200,255,1);
INSERT IGNORE INTO pool_gameobject VALUES (199674,10125,10,'Wintergrasp 191133, node 56');
INSERT IGNORE INTO pool_template VALUES (10125,1,'Wintergrasp mineral, node 56');
INSERT IGNORE INTO pool_pool VALUES (10125,896,0,'Wintergrasp mineral, node 56');

UPDATE gameobject SET guid=199673 WHERE guid=121657;
INSERT IGNORE INTO pool_gameobject VALUES (199673,10126,0,'Wintergrasp 189980, node 57');
INSERT IGNORE INTO gameobject VALUES (199672,189981,571,1,1,5215.07,3081.94,392.753,-3.08918,0.0,0.0,0.0,1.0,7200,255,1);
INSERT IGNORE INTO pool_gameobject VALUES (199672,10126,40,'Wintergrasp 189981, node 57');
INSERT IGNORE INTO gameobject VALUES (199671,191133,571,1,1,5215.07,3081.94,392.753,-3.08918,0.0,0.0,0.0,1.0,7200,255,1);
INSERT IGNORE INTO pool_gameobject VALUES (199671,10126,10,'Wintergrasp 191133, node 57');
INSERT IGNORE INTO pool_template VALUES (10126,1,'Wintergrasp mineral, node 57');
INSERT IGNORE INTO pool_pool VALUES (10126,896,0,'Wintergrasp mineral, node 57');

UPDATE gameobject SET guid=199670 WHERE guid=121658;
INSERT IGNORE INTO pool_gameobject VALUES (199670,10127,0,'Wintergrasp 189980, node 58');
INSERT IGNORE INTO gameobject VALUES (199669,189981,571,1,1,4965.12,3845.37,376.579,-2.74016,0.0,0.0,0.0,1.0,7200,255,1);
INSERT IGNORE INTO pool_gameobject VALUES (199669,10127,40,'Wintergrasp 189981, node 58');
INSERT IGNORE INTO gameobject VALUES (199668,191133,571,1,1,4965.12,3845.37,376.579,-2.74016,0.0,0.0,0.0,1.0,7200,255,1);
INSERT IGNORE INTO pool_gameobject VALUES (199668,10127,10,'Wintergrasp 191133, node 58');
INSERT IGNORE INTO pool_template VALUES (10127,1,'Wintergrasp mineral, node 58');
INSERT IGNORE INTO pool_pool VALUES (10127,896,0,'Wintergrasp mineral, node 58');

UPDATE gameobject SET guid=199667 WHERE guid=121659;
INSERT IGNORE INTO pool_gameobject VALUES (199667,10128,0,'Wintergrasp 189980, node 59');
INSERT IGNORE INTO gameobject VALUES (199666,189981,571,1,1,5120.84,2987.45,393.058,-3.10665,0.0,0.0,0.0,1.0,7200,255,1);
INSERT IGNORE INTO pool_gameobject VALUES (199666,10128,40,'Wintergrasp 189981, node 59');
INSERT IGNORE INTO gameobject VALUES (199665,191133,571,1,1,5120.84,2987.45,393.058,-3.10665,0.0,0.0,0.0,1.0,7200,255,1);
INSERT IGNORE INTO pool_gameobject VALUES (199665,10128,10,'Wintergrasp 191133, node 59');
INSERT IGNORE INTO pool_template VALUES (10128,1,'Wintergrasp mineral, node 59');
INSERT IGNORE INTO pool_pool VALUES (10128,896,0,'Wintergrasp mineral, node 59');

UPDATE gameobject SET guid=199664 WHERE guid=121660;
INSERT IGNORE INTO pool_gameobject VALUES (199664,10129,0,'Wintergrasp 189980, node 60');
INSERT IGNORE INTO gameobject VALUES (199663,189981,571,1,1,5318.82,2326.94,406.337,2.19912,0.0,0.0,0.0,1.0,7200,255,1);
INSERT IGNORE INTO pool_gameobject VALUES (199663,10129,40,'Wintergrasp 189981, node 60');
INSERT IGNORE INTO gameobject VALUES (199662,191133,571,1,1,5318.82,2326.94,406.337,2.19912,0.0,0.0,0.0,1.0,7200,255,1);
INSERT IGNORE INTO pool_gameobject VALUES (199662,10129,10,'Wintergrasp 191133, node 60');
INSERT IGNORE INTO pool_template VALUES (10129,1,'Wintergrasp mineral, node 60');
INSERT IGNORE INTO pool_pool VALUES (10129,896,0,'Wintergrasp mineral, node 60');

UPDATE gameobject SET guid=199661 WHERE guid=121670;
INSERT IGNORE INTO pool_gameobject VALUES (199661,10130,0,'Wintergrasp 189980, node 61');
INSERT IGNORE INTO gameobject VALUES (199660,189981,571,1,1,4673.31,4094.27,336.639,0.855211,0.0,0.0,0.0,1.0,7200,255,1);
INSERT IGNORE INTO pool_gameobject VALUES (199660,10130,40,'Wintergrasp 189981, node 61');
INSERT IGNORE INTO gameobject VALUES (199659,191133,571,1,1,4673.31,4094.27,336.639,0.855211,0.0,0.0,0.0,1.0,7200,255,1);
INSERT IGNORE INTO pool_gameobject VALUES (199659,10130,10,'Wintergrasp 191133, node 61');
INSERT IGNORE INTO pool_template VALUES (10130,1,'Wintergrasp mineral, node 61');
INSERT IGNORE INTO pool_pool VALUES (10130,896,0,'Wintergrasp mineral, node 61');

UPDATE gameobject SET guid=199658 WHERE guid=121672;
INSERT IGNORE INTO pool_gameobject VALUES (199658,10131,0,'Wintergrasp 189980, node 62');
INSERT IGNORE INTO gameobject VALUES (199657,189981,571,1,1,4629.78,3026.04,340.05,-1.18682,0.0,0.0,0.0,1.0,7200,255,1);
INSERT IGNORE INTO pool_gameobject VALUES (199657,10131,40,'Wintergrasp 189981, node 62');
INSERT IGNORE INTO gameobject VALUES (199656,191133,571,1,1,4629.78,3026.04,340.05,-1.18682,0.0,0.0,0.0,1.0,7200,255,1);
INSERT IGNORE INTO pool_gameobject VALUES (199656,10131,10,'Wintergrasp 191133, node 62');
INSERT IGNORE INTO pool_template VALUES (10131,1,'Wintergrasp mineral, node 62');
INSERT IGNORE INTO pool_pool VALUES (10131,896,0,'Wintergrasp mineral, node 62');

UPDATE gameobject SET guid=199655 WHERE guid=121674;
INSERT IGNORE INTO pool_gameobject VALUES (199655,10132,0,'Wintergrasp 189980, node 63');
INSERT IGNORE INTO gameobject VALUES (199654,189981,571,1,1,4408.71,4037.89,412.94,0.523598,0.0,0.0,0.0,1.0,7200,255,1);
INSERT IGNORE INTO pool_gameobject VALUES (199654,10132,40,'Wintergrasp 189981, node 63');
INSERT IGNORE INTO gameobject VALUES (199653,191133,571,1,1,4408.71,4037.89,412.94,0.523598,0.0,0.0,0.0,1.0,7200,255,1);
INSERT IGNORE INTO pool_gameobject VALUES (199653,10132,10,'Wintergrasp 191133, node 63');
INSERT IGNORE INTO pool_template VALUES (10132,1,'Wintergrasp mineral, node 63');
INSERT IGNORE INTO pool_pool VALUES (10132,896,0,'Wintergrasp mineral, node 63');

UPDATE gameobject SET guid=199652 WHERE guid=121682;
INSERT IGNORE INTO pool_gameobject VALUES (199652,10133,0,'Wintergrasp 189980, node 64');
INSERT IGNORE INTO gameobject VALUES (199651,189981,571,1,1,4479.33,3712.68,362.034,0.279252,0.0,0.0,0.0,1.0,7200,255,1);
INSERT IGNORE INTO pool_gameobject VALUES (199651,10133,40,'Wintergrasp 189981, node 64');
INSERT IGNORE INTO gameobject VALUES (199650,191133,571,1,1,4479.33,3712.68,362.034,0.279252,0.0,0.0,0.0,1.0,7200,255,1);
INSERT IGNORE INTO pool_gameobject VALUES (199650,10133,10,'Wintergrasp 191133, node 64');
INSERT IGNORE INTO pool_template VALUES (10133,1,'Wintergrasp mineral, node 64');
INSERT IGNORE INTO pool_pool VALUES (10133,896,0,'Wintergrasp mineral, node 64');

UPDATE gameobject SET guid=199649 WHERE guid=121688;
INSERT IGNORE INTO pool_gameobject VALUES (199649,10134,0,'Wintergrasp 189980, node 65');
INSERT IGNORE INTO gameobject VALUES (199648,189981,571,1,1,4760.48,3693.79,375.718,0.837757,0.0,0.0,0.0,1.0,7200,255,1);
INSERT IGNORE INTO pool_gameobject VALUES (199648,10134,40,'Wintergrasp 189981, node 65');
INSERT IGNORE INTO gameobject VALUES (199647,191133,571,1,1,4760.48,3693.79,375.718,0.837757,0.0,0.0,0.0,1.0,7200,255,1);
INSERT IGNORE INTO pool_gameobject VALUES (199647,10134,10,'Wintergrasp 191133, node 65');
INSERT IGNORE INTO pool_template VALUES (10134,1,'Wintergrasp mineral, node 65');
INSERT IGNORE INTO pool_pool VALUES (10134,896,0,'Wintergrasp mineral, node 65');

-- manual correct
UPDATE gameobject SET guid=199646 WHERE guid=120530;
INSERT IGNORE INTO pool_gameobject VALUES (199646,10135,10,'Wintergrasp 191133, node 66');
INSERT IGNORE INTO gameobject VALUES (199645,189981,571,1,1,3940.99,3177.93,402.245,1.67551,0.0,0.0,0.0,1.0,7200,255,1);
INSERT IGNORE INTO pool_gameobject VALUES (199645,10135,40,'Wintergrasp 189981, node 66');
INSERT IGNORE INTO gameobject VALUES (199644,189980,571,1,1,3940.99,3177.93,402.245,1.67551,0.0,0.0,0.0,1.0,7200,255,1);
INSERT IGNORE INTO pool_gameobject VALUES (199644,10135,0,'Wintergrasp 189980, node 66');
INSERT IGNORE INTO pool_template VALUES (10135,1,'Wintergrasp mineral, node 66');
INSERT IGNORE INTO pool_pool VALUES (10135,896,0,'Wintergrasp mineral, node 66');

UPDATE gameobject SET guid=199643 WHERE guid=66700;
INSERT IGNORE INTO pool_gameobject VALUES (199643,10136,0,'Wintergrasp 189980, node 67');
INSERT IGNORE INTO gameobject VALUES (199642,189981,571,1,1,4817.05,1830.32,462.234,-2.25147,0.0,0.0,0.0,1.0,7200,255,1);
INSERT IGNORE INTO pool_gameobject VALUES (199642,10136,40,'Wintergrasp 189981, node 67');
INSERT IGNORE INTO gameobject VALUES (199641,191133,571,1,1,4817.05,1830.32,462.234,-2.25147,0.0,0.0,0.0,1.0,7200,255,1);
INSERT IGNORE INTO pool_gameobject VALUES (199641,10136,10,'Wintergrasp 191133, node 67');
INSERT IGNORE INTO pool_template VALUES (10136,1,'Wintergrasp mineral, node 67');
INSERT IGNORE INTO pool_pool VALUES (10136,896,0,'Wintergrasp mineral, node 67');

UPDATE gameobject SET guid=199640 WHERE guid=66880;
INSERT IGNORE INTO pool_gameobject VALUES (199640,10137,0,'ZulDrak 189978, node 72');
INSERT IGNORE INTO gameobject VALUES (199639,189979,571,1,1,6085.92,-1623.47,273.396,-1.41372,0.0,0.0,0.0,1.0,7200,255,1);
INSERT IGNORE INTO pool_gameobject VALUES (199639,10137,45,'ZulDrak 189979, node 72');
INSERT IGNORE INTO gameobject VALUES (199638,189980,571,1,1,6085.92,-1623.47,273.396,-1.41372,0.0,0.0,0.0,1.0,7200,255,1);
INSERT IGNORE INTO pool_gameobject VALUES (199638,10137,5,'ZulDrak 189980, node 72');
INSERT IGNORE INTO pool_template VALUES (10137,1,'ZulDrak mineral, node 72');
INSERT IGNORE INTO pool_pool VALUES (10137,891,0,'ZulDrak mineral, node 72');

-- icecrown
UPDATE gameobject SET guid=199637 WHERE guid=61281;
INSERT IGNORE INTO pool_gameobject VALUES (199637,10138,0,'Icecrown 189980, node 181');
INSERT IGNORE INTO gameobject VALUES (199636,189981,571,1,1,5978.92,559.39,212.441,-2.80997,0.0,0.0,0.0,1.0,3600,100,1);
INSERT IGNORE INTO pool_gameobject VALUES (199636,10138,40,'Icecrown 189981, node 181');
INSERT IGNORE INTO gameobject VALUES (199635,191133,571,1,1,5978.92,559.39,212.441,-2.80997,0.0,0.0,0.0,1.0,3600,100,1);
INSERT IGNORE INTO pool_gameobject VALUES (199635,10138,10,'Icecrown 191133, node 181');
INSERT IGNORE INTO pool_template VALUES (10138,1,'Icecrown mineral, node 181');
INSERT IGNORE INTO pool_pool VALUES (10138,897,0,'Icecrown mineral, node 181');

UPDATE gameobject SET guid=199634 WHERE guid=61318;
INSERT IGNORE INTO pool_gameobject VALUES (199634,10139,0,'Icecrown 189980, node 182');
INSERT IGNORE INTO gameobject VALUES (199633,189981,571,1,1,5903.81,380.04,220.506,-2.72271,0.0,0.0,0.0,1.0,3600,100,1);
INSERT IGNORE INTO pool_gameobject VALUES (199633,10139,40,'Icecrown 189981, node 182');
INSERT IGNORE INTO gameobject VALUES (199632,191133,571,1,1,5903.81,380.04,220.506,-2.72271,0.0,0.0,0.0,1.0,3600,100,1);
INSERT IGNORE INTO pool_gameobject VALUES (199632,10139,10,'Icecrown 191133, node 182');
INSERT IGNORE INTO pool_template VALUES (10139,1,'Icecrown mineral, node 182');
INSERT IGNORE INTO pool_pool VALUES (10139,897,0,'Icecrown mineral, node 182');

UPDATE gameobject SET guid=199631 WHERE guid=61320;
INSERT IGNORE INTO pool_gameobject VALUES (199631,10140,0,'Icecrown 189980, node 183');
INSERT IGNORE INTO gameobject VALUES (199630,189981,571,1,1,5905.28,334.268,230.584,-2.1293,0.0,0.0,0.0,1.0,3600,100,1);
INSERT IGNORE INTO pool_gameobject VALUES (199630,10140,40,'Icecrown 189981, node 183');
INSERT IGNORE INTO gameobject VALUES (199629,191133,571,1,1,5905.28,334.268,230.584,-2.1293,0.0,0.0,0.0,1.0,3600,100,1);
INSERT IGNORE INTO pool_gameobject VALUES (199629,10140,10,'Icecrown 191133, node 183');
INSERT IGNORE INTO pool_template VALUES (10140,1,'Icecrown mineral, node 183');
INSERT IGNORE INTO pool_pool VALUES (10140,897,0,'Icecrown mineral, node 183');

UPDATE gameobject SET guid=199628 WHERE guid=61321;
INSERT IGNORE INTO pool_gameobject VALUES (199628,10141,0,'Icecrown 189980, node 184');
INSERT IGNORE INTO gameobject VALUES (199627,189981,571,1,1,6035.78,631.157,201.116,0.994837,0.0,0.0,0.0,1.0,3600,100,1);
INSERT IGNORE INTO pool_gameobject VALUES (199627,10141,40,'Icecrown 189981, node 184');
INSERT IGNORE INTO gameobject VALUES (199626,191133,571,1,1,6035.78,631.157,201.116,0.994837,0.0,0.0,0.0,1.0,3600,100,1);
INSERT IGNORE INTO pool_gameobject VALUES (199626,10141,10,'Icecrown 191133, node 184');
INSERT IGNORE INTO pool_template VALUES (10141,1,'Icecrown mineral, node 184');
INSERT IGNORE INTO pool_pool VALUES (10141,897,0,'Icecrown mineral, node 184');

UPDATE gameobject SET guid=199625 WHERE guid=120027;
INSERT IGNORE INTO pool_gameobject VALUES (199625,10142,0,'Icecrown 189980, node 185');
INSERT IGNORE INTO gameobject VALUES (199624,189981,571,1,1,6185.18,718.735,196.0,2.09439,0.0,0.0,0.0,1.0,3600,255,1);
INSERT IGNORE INTO pool_gameobject VALUES (199624,10142,40,'Icecrown 189981, node 185');
INSERT IGNORE INTO gameobject VALUES (199623,191133,571,1,1,6185.18,718.735,196.0,2.09439,0.0,0.0,0.0,1.0,3600,255,1);
INSERT IGNORE INTO pool_gameobject VALUES (199623,10142,10,'Icecrown 191133, node 185');
INSERT IGNORE INTO pool_template VALUES (10142,1,'Icecrown mineral, node 185');
INSERT IGNORE INTO pool_pool VALUES (10142,897,0,'Icecrown mineral, node 185');

UPDATE gameobject SET guid=199622 WHERE guid=120090;
INSERT IGNORE INTO pool_gameobject VALUES (199622,10143,0,'Icecrown 189980, node 186');
INSERT IGNORE INTO gameobject VALUES (199621,189981,571,1,1,6125.19,761.549,183.29,0.331611,0.0,0.0,0.0,1.0,3600,255,1);
INSERT IGNORE INTO pool_gameobject VALUES (199621,10143,40,'Icecrown 189981, node 186');
INSERT IGNORE INTO gameobject VALUES (199620,191133,571,1,1,6125.19,761.549,183.29,0.331611,0.0,0.0,0.0,1.0,3600,255,1);
INSERT IGNORE INTO pool_gameobject VALUES (199620,10143,10,'Icecrown 191133, node 186');
INSERT IGNORE INTO pool_template VALUES (10143,1,'Icecrown mineral, node 186');
INSERT IGNORE INTO pool_pool VALUES (10143,897,0,'Icecrown mineral, node 186');

UPDATE gameobject SET guid=199619 WHERE guid=121643;
INSERT IGNORE INTO pool_gameobject VALUES (199619,10144,0,'Icecrown 189980, node 187');
INSERT IGNORE INTO gameobject VALUES (199618,189981,571,1,1,6142.72,796.28,175.27,-0.715585,0.0,0.0,0.0,1.0,7200,255,1);
INSERT IGNORE INTO pool_gameobject VALUES (199618,10144,40,'Icecrown 189981, node 187');
INSERT IGNORE INTO gameobject VALUES (199617,191133,571,1,1,6142.72,796.28,175.27,-0.715585,0.0,0.0,0.0,1.0,7200,255,1);
INSERT IGNORE INTO pool_gameobject VALUES (199617,10144,10,'Icecrown 191133, node 187');
INSERT IGNORE INTO pool_template VALUES (10144,1,'Icecrown mineral, node 187');
INSERT IGNORE INTO pool_pool VALUES (10144,897,0,'Icecrown mineral, node 187');

-- borean tundra, reguid
UPDATE pool_gameobject SET pool_entry=5286 WHERE guid=66873;

UPDATE gameobject SET guid=199616 WHERE guid=56131;
UPDATE pool_gameobject SET guid=199616, pool_entry=10145, description='Borean Tundra 189978, node 1' WHERE guid=56131;
UPDATE pool_pool SET pool_id=10145, description='Borean Tundra mineral, node 1' WHERE pool_id=5001;
UPDATE pool_template SET entry=10145, description='Borean Tundra mineral, node 1' WHERE entry=5001;
UPDATE gameobject SET guid=199615 WHERE guid=63161;
UPDATE pool_gameobject SET guid=199615, pool_entry=10145, description='Borean Tundra 189979, node 1' WHERE guid=63161;
UPDATE gameobject SET guid=199614 WHERE guid=56132;
UPDATE pool_gameobject SET guid=199614, pool_entry=10146, description='Borean Tundra 189978, node 2' WHERE guid=56132;
UPDATE pool_pool SET pool_id=10146, description='Borean Tundra mineral, node 2' WHERE pool_id=5002;
UPDATE pool_template SET entry=10146, description='Borean Tundra mineral, node 2' WHERE entry=5002;
UPDATE gameobject SET guid=199613 WHERE guid=63162;
UPDATE pool_gameobject SET guid=199613, pool_entry=10146, description='Borean Tundra 189979, node 2' WHERE guid=63162;
UPDATE gameobject SET guid=199612 WHERE guid=56133;
UPDATE pool_gameobject SET guid=199612, pool_entry=10147, description='Borean Tundra 189978, node 3' WHERE guid=56133;
UPDATE pool_pool SET pool_id=10147, description='Borean Tundra mineral, node 3' WHERE pool_id=5003;
UPDATE pool_template SET entry=10147, description='Borean Tundra mineral, node 3' WHERE entry=5003;
UPDATE gameobject SET guid=199611 WHERE guid=63163;
UPDATE pool_gameobject SET guid=199611, pool_entry=10147, description='Borean Tundra 189979, node 3' WHERE guid=63163;
UPDATE gameobject SET guid=199610 WHERE guid=56135;
UPDATE pool_gameobject SET guid=199610, pool_entry=10148, description='Borean Tundra 189978, node 4' WHERE guid=56135;
UPDATE pool_pool SET pool_id=10148, description='Borean Tundra mineral, node 4' WHERE pool_id=5004;
UPDATE pool_template SET entry=10148, description='Borean Tundra mineral, node 4' WHERE entry=5004;
UPDATE gameobject SET guid=199609 WHERE guid=63164;
UPDATE pool_gameobject SET guid=199609, pool_entry=10148, description='Borean Tundra 189979, node 4' WHERE guid=63164;
UPDATE gameobject SET guid=199608 WHERE guid=56141;
UPDATE pool_gameobject SET guid=199608, pool_entry=10149, description='Borean Tundra 189978, node 5' WHERE guid=56141;
UPDATE pool_pool SET pool_id=10149, description='Borean Tundra mineral, node 5' WHERE pool_id=5005;
UPDATE pool_template SET entry=10149, description='Borean Tundra mineral, node 5' WHERE entry=5005;
UPDATE gameobject SET guid=199607 WHERE guid=63165;
UPDATE pool_gameobject SET guid=199607, pool_entry=10149, description='Borean Tundra 189979, node 5' WHERE guid=63165;
UPDATE gameobject SET guid=199606 WHERE guid=56193;
UPDATE pool_gameobject SET guid=199606, pool_entry=10150, description='Borean Tundra 189978, node 6' WHERE guid=56193;
UPDATE pool_pool SET pool_id=10150, description='Borean Tundra mineral, node 6' WHERE pool_id=5006;
UPDATE pool_template SET entry=10150, description='Borean Tundra mineral, node 6' WHERE entry=5006;
UPDATE gameobject SET guid=199605 WHERE guid=63166;
UPDATE pool_gameobject SET guid=199605, pool_entry=10150, description='Borean Tundra 189979, node 6' WHERE guid=63166;
UPDATE gameobject SET guid=199604 WHERE guid=56194;
UPDATE pool_gameobject SET guid=199604, pool_entry=10151, description='Borean Tundra 189978, node 7' WHERE guid=56194;
UPDATE pool_pool SET pool_id=10151, description='Borean Tundra mineral, node 7' WHERE pool_id=5007;
UPDATE pool_template SET entry=10151, description='Borean Tundra mineral, node 7' WHERE entry=5007;
UPDATE gameobject SET guid=199603 WHERE guid=63167;
UPDATE pool_gameobject SET guid=199603, pool_entry=10151, description='Borean Tundra 189979, node 7' WHERE guid=63167;
UPDATE gameobject SET guid=199602 WHERE guid=63168;
UPDATE pool_gameobject SET guid=199602, pool_entry=10152, description='Borean Tundra 189979, node 8' WHERE guid=63168;
UPDATE pool_pool SET pool_id=10152, description='Borean Tundra mineral, node 8' WHERE pool_id=5008;
UPDATE pool_template SET entry=10152, description='Borean Tundra mineral, node 8' WHERE entry=5008;
UPDATE gameobject SET guid=199601 WHERE guid=56195;
UPDATE pool_gameobject SET guid=199601, pool_entry=10152, description='Borean Tundra 189978, node 8' WHERE guid=56195;
UPDATE gameobject SET guid=199600 WHERE guid=56196;
UPDATE pool_gameobject SET guid=199600, pool_entry=10153, description='Borean Tundra 189978, node 9' WHERE guid=56196;
UPDATE pool_pool SET pool_id=10153, description='Borean Tundra mineral, node 9' WHERE pool_id=5009;
UPDATE pool_template SET entry=10153, description='Borean Tundra mineral, node 9' WHERE entry=5009;
UPDATE gameobject SET guid=199599 WHERE guid=63169;
UPDATE pool_gameobject SET guid=199599, pool_entry=10153, description='Borean Tundra 189979, node 9' WHERE guid=63169;
UPDATE gameobject SET guid=199598 WHERE guid=56197;
UPDATE pool_gameobject SET guid=199598, pool_entry=10154, description='Borean Tundra 189978, node 10' WHERE guid=56197;
UPDATE pool_pool SET pool_id=10154, description='Borean Tundra mineral, node 10' WHERE pool_id=5010;
UPDATE pool_template SET entry=10154, description='Borean Tundra mineral, node 10' WHERE entry=5010;
UPDATE gameobject SET guid=199597 WHERE guid=63211;
UPDATE pool_gameobject SET guid=199597, pool_entry=10154, description='Borean Tundra 189979, node 10' WHERE guid=63211;
UPDATE gameobject SET guid=199596 WHERE guid=56198;
UPDATE pool_gameobject SET guid=199596, pool_entry=10155, description='Borean Tundra 189978, node 11' WHERE guid=56198;
UPDATE pool_pool SET pool_id=10155, description='Borean Tundra mineral, node 11' WHERE pool_id=5011;
UPDATE pool_template SET entry=10155, description='Borean Tundra mineral, node 11' WHERE entry=5011;
UPDATE gameobject SET guid=199595 WHERE guid=63213;
UPDATE pool_gameobject SET guid=199595, pool_entry=10155, description='Borean Tundra 189979, node 11' WHERE guid=63213;
UPDATE gameobject SET guid=199594 WHERE guid=56199;
UPDATE pool_gameobject SET guid=199594, pool_entry=10156, description='Borean Tundra 189978, node 12' WHERE guid=56199;
UPDATE pool_pool SET pool_id=10156, description='Borean Tundra mineral, node 12' WHERE pool_id=5012;
UPDATE pool_template SET entry=10156, description='Borean Tundra mineral, node 12' WHERE entry=5012;
UPDATE gameobject SET guid=199593 WHERE guid=63221;
UPDATE pool_gameobject SET guid=199593, pool_entry=10156, description='Borean Tundra 189979, node 12' WHERE guid=63221;
UPDATE gameobject SET guid=199592 WHERE guid=56200;
UPDATE pool_gameobject SET guid=199592, pool_entry=10157, description='Borean Tundra 189978, node 13' WHERE guid=56200;
UPDATE pool_pool SET pool_id=10157, description='Borean Tundra mineral, node 13' WHERE pool_id=5013;
UPDATE pool_template SET entry=10157, description='Borean Tundra mineral, node 13' WHERE entry=5013;
UPDATE gameobject SET guid=199591 WHERE guid=63223;
UPDATE pool_gameobject SET guid=199591, pool_entry=10157, description='Borean Tundra 189979, node 13' WHERE guid=63223;
UPDATE gameobject SET guid=199590 WHERE guid=56201;
UPDATE pool_gameobject SET guid=199590, pool_entry=10158, description='Borean Tundra 189978, node 14' WHERE guid=56201;
UPDATE pool_pool SET pool_id=10158, description='Borean Tundra mineral, node 14' WHERE pool_id=5014;
UPDATE pool_template SET entry=10158, description='Borean Tundra mineral, node 14' WHERE entry=5014;
UPDATE gameobject SET guid=199589 WHERE guid=63227;
UPDATE pool_gameobject SET guid=199589, pool_entry=10158, description='Borean Tundra 189979, node 14' WHERE guid=63227;
UPDATE gameobject SET guid=199588 WHERE guid=56202;
UPDATE pool_gameobject SET guid=199588, pool_entry=10159, description='Borean Tundra 189978, node 15' WHERE guid=56202;
UPDATE pool_pool SET pool_id=10159, description='Borean Tundra mineral, node 15' WHERE pool_id=5015;
UPDATE pool_template SET entry=10159, description='Borean Tundra mineral, node 15' WHERE entry=5015;
UPDATE gameobject SET guid=199587 WHERE guid=63228;
UPDATE pool_gameobject SET guid=199587, pool_entry=10159, description='Borean Tundra 189979, node 15' WHERE guid=63228;
UPDATE gameobject SET guid=199586 WHERE guid=63229;
UPDATE pool_gameobject SET guid=199586, pool_entry=10160, description='Borean Tundra 189979, node 16' WHERE guid=63229;
UPDATE pool_pool SET pool_id=10160, description='Borean Tundra mineral, node 16' WHERE pool_id=5016;
UPDATE pool_template SET entry=10160, description='Borean Tundra mineral, node 16' WHERE entry=5016;
UPDATE gameobject SET guid=199585 WHERE guid=56203;
UPDATE pool_gameobject SET guid=199585, pool_entry=10160, description='Borean Tundra 189978, node 16' WHERE guid=56203;
UPDATE gameobject SET guid=199584 WHERE guid=56204;
UPDATE pool_gameobject SET guid=199584, pool_entry=10161, description='Borean Tundra 189978, node 17' WHERE guid=56204;
UPDATE pool_pool SET pool_id=10161, description='Borean Tundra mineral, node 17' WHERE pool_id=5017;
UPDATE pool_template SET entry=10161, description='Borean Tundra mineral, node 17' WHERE entry=5017;
UPDATE gameobject SET guid=199583 WHERE guid=63230;
UPDATE pool_gameobject SET guid=199583, pool_entry=10161, description='Borean Tundra 189979, node 17' WHERE guid=63230;
UPDATE gameobject SET guid=199582 WHERE guid=56205;
UPDATE pool_gameobject SET guid=199582, pool_entry=10162, description='Borean Tundra 189978, node 18' WHERE guid=56205;
UPDATE pool_pool SET pool_id=10162, description='Borean Tundra mineral, node 18' WHERE pool_id=5018;
UPDATE pool_template SET entry=10162, description='Borean Tundra mineral, node 18' WHERE entry=5018;
UPDATE gameobject SET guid=199581 WHERE guid=63231;
UPDATE pool_gameobject SET guid=199581, pool_entry=10162, description='Borean Tundra 189979, node 18' WHERE guid=63231;
UPDATE gameobject SET guid=199580 WHERE guid=56220;
UPDATE pool_gameobject SET guid=199580, pool_entry=10163, description='Borean Tundra 189978, node 19' WHERE guid=56220;
UPDATE pool_pool SET pool_id=10163, description='Borean Tundra mineral, node 19' WHERE pool_id=5019;
UPDATE pool_template SET entry=10163, description='Borean Tundra mineral, node 19' WHERE entry=5019;
UPDATE gameobject SET guid=199579 WHERE guid=63232;
UPDATE pool_gameobject SET guid=199579, pool_entry=10163, description='Borean Tundra 189979, node 19' WHERE guid=63232;
UPDATE gameobject SET guid=199578 WHERE guid=56240;
UPDATE pool_gameobject SET guid=199578, pool_entry=10164, description='Borean Tundra 189978, node 20' WHERE guid=56240;
UPDATE pool_pool SET pool_id=10164, description='Borean Tundra mineral, node 20' WHERE pool_id=5020;
UPDATE pool_template SET entry=10164, description='Borean Tundra mineral, node 20' WHERE entry=5020;
UPDATE gameobject SET guid=199577 WHERE guid=63235;
UPDATE pool_gameobject SET guid=199577, pool_entry=10164, description='Borean Tundra 189979, node 20' WHERE guid=63235;
UPDATE gameobject SET guid=199576 WHERE guid=56526;
UPDATE pool_gameobject SET guid=199576, pool_entry=10165, description='Borean Tundra 189978, node 21' WHERE guid=56526;
UPDATE pool_pool SET pool_id=10165, description='Borean Tundra mineral, node 21' WHERE pool_id=5021;
UPDATE pool_template SET entry=10165, description='Borean Tundra mineral, node 21' WHERE entry=5021;
UPDATE gameobject SET guid=199575 WHERE guid=63237;
UPDATE pool_gameobject SET guid=199575, pool_entry=10165, description='Borean Tundra 189979, node 21' WHERE guid=63237;
UPDATE gameobject SET guid=199574 WHERE guid=56731;
UPDATE pool_gameobject SET guid=199574, pool_entry=10166, description='Borean Tundra 189978, node 22' WHERE guid=56731;
UPDATE pool_pool SET pool_id=10166, description='Borean Tundra mineral, node 22' WHERE pool_id=5022;
UPDATE pool_template SET entry=10166, description='Borean Tundra mineral, node 22' WHERE entry=5022;
UPDATE gameobject SET guid=199573 WHERE guid=63249;
UPDATE pool_gameobject SET guid=199573, pool_entry=10166, description='Borean Tundra 189979, node 22' WHERE guid=63249;
UPDATE gameobject SET guid=199572 WHERE guid=56800;
UPDATE pool_gameobject SET guid=199572, pool_entry=10167, description='Borean Tundra 189978, node 23' WHERE guid=56800;
UPDATE pool_pool SET pool_id=10167, description='Borean Tundra mineral, node 23' WHERE pool_id=5023;
UPDATE pool_template SET entry=10167, description='Borean Tundra mineral, node 23' WHERE entry=5023;
UPDATE gameobject SET guid=199571 WHERE guid=63253;
UPDATE pool_gameobject SET guid=199571, pool_entry=10167, description='Borean Tundra 189979, node 23' WHERE guid=63253;
UPDATE gameobject SET guid=199570 WHERE guid=63254;
UPDATE pool_gameobject SET guid=199570, pool_entry=10168, description='Borean Tundra 189979, node 24' WHERE guid=63254;
UPDATE pool_pool SET pool_id=10168, description='Borean Tundra mineral, node 24' WHERE pool_id=5024;
UPDATE pool_template SET entry=10168, description='Borean Tundra mineral, node 24' WHERE entry=5024;
UPDATE gameobject SET guid=199569 WHERE guid=56804;
UPDATE pool_gameobject SET guid=199569, pool_entry=10168, description='Borean Tundra 189978, node 24' WHERE guid=56804;
UPDATE gameobject SET guid=199568 WHERE guid=56805;
UPDATE pool_gameobject SET guid=199568, pool_entry=10169, description='Borean Tundra 189978, node 25' WHERE guid=56805;
UPDATE pool_pool SET pool_id=10169, description='Borean Tundra mineral, node 25' WHERE pool_id=5025;
UPDATE pool_template SET entry=10169, description='Borean Tundra mineral, node 25' WHERE entry=5025;
UPDATE gameobject SET guid=199567 WHERE guid=63255;
UPDATE pool_gameobject SET guid=199567, pool_entry=10169, description='Borean Tundra 189979, node 25' WHERE guid=63255;
UPDATE gameobject SET guid=199566 WHERE guid=56816;
UPDATE pool_gameobject SET guid=199566, pool_entry=10170, description='Borean Tundra 189978, node 26' WHERE guid=56816;
UPDATE pool_pool SET pool_id=10170, description='Borean Tundra mineral, node 26' WHERE pool_id=5026;
UPDATE pool_template SET entry=10170, description='Borean Tundra mineral, node 26' WHERE entry=5026;
UPDATE gameobject SET guid=199565 WHERE guid=63258;
UPDATE pool_gameobject SET guid=199565, pool_entry=10170, description='Borean Tundra 189979, node 26' WHERE guid=63258;
UPDATE gameobject SET guid=199564 WHERE guid=56825;
UPDATE pool_gameobject SET guid=199564, pool_entry=10171, description='Borean Tundra 189978, node 27' WHERE guid=56825;
UPDATE pool_pool SET pool_id=10171, description='Borean Tundra mineral, node 27' WHERE pool_id=5027;
UPDATE pool_template SET entry=10171, description='Borean Tundra mineral, node 27' WHERE entry=5027;
UPDATE gameobject SET guid=199563 WHERE guid=63259;
UPDATE pool_gameobject SET guid=199563, pool_entry=10171, description='Borean Tundra 189979, node 27' WHERE guid=63259;
UPDATE gameobject SET guid=199562 WHERE guid=57201;
UPDATE pool_gameobject SET guid=199562, pool_entry=10172, description='Borean Tundra 189978, node 28' WHERE guid=57201;
UPDATE pool_pool SET pool_id=10172, description='Borean Tundra mineral, node 28' WHERE pool_id=5028;
UPDATE pool_template SET entry=10172, description='Borean Tundra mineral, node 28' WHERE entry=5028;
UPDATE gameobject SET guid=199561 WHERE guid=63262;
UPDATE pool_gameobject SET guid=199561, pool_entry=10172, description='Borean Tundra 189979, node 28' WHERE guid=63262;
UPDATE gameobject SET guid=199560 WHERE guid=57375;
UPDATE pool_gameobject SET guid=199560, pool_entry=10173, description='Borean Tundra 189978, node 29' WHERE guid=57375;
UPDATE pool_pool SET pool_id=10173, description='Borean Tundra mineral, node 29' WHERE pool_id=5029;
UPDATE pool_template SET entry=10173, description='Borean Tundra mineral, node 29' WHERE entry=5029;
UPDATE gameobject SET guid=199559 WHERE guid=63263;
UPDATE pool_gameobject SET guid=199559, pool_entry=10173, description='Borean Tundra 189979, node 29' WHERE guid=63263;
UPDATE gameobject SET guid=199558 WHERE guid=57573;
UPDATE pool_gameobject SET guid=199558, pool_entry=10174, description='Borean Tundra 189978, node 30' WHERE guid=57573;
UPDATE pool_pool SET pool_id=10174, description='Borean Tundra mineral, node 30' WHERE pool_id=5030;
UPDATE pool_template SET entry=10174, description='Borean Tundra mineral, node 30' WHERE entry=5030;
UPDATE gameobject SET guid=199557 WHERE guid=63270;
UPDATE pool_gameobject SET guid=199557, pool_entry=10174, description='Borean Tundra 189979, node 30' WHERE guid=63270;
UPDATE gameobject SET guid=199556 WHERE guid=57624;
UPDATE pool_gameobject SET guid=199556, pool_entry=10175, description='Borean Tundra 189978, node 31' WHERE guid=57624;
UPDATE pool_pool SET pool_id=10175, description='Borean Tundra mineral, node 31' WHERE pool_id=5031;
UPDATE pool_template SET entry=10175, description='Borean Tundra mineral, node 31' WHERE entry=5031;
UPDATE gameobject SET guid=199555 WHERE guid=63279;
UPDATE pool_gameobject SET guid=199555, pool_entry=10175, description='Borean Tundra 189979, node 31' WHERE guid=63279;
UPDATE gameobject SET guid=199554 WHERE guid=63280;
UPDATE pool_gameobject SET guid=199554, pool_entry=10176, description='Borean Tundra 189979, node 32' WHERE guid=63280;
UPDATE pool_pool SET pool_id=10176, description='Borean Tundra mineral, node 32' WHERE pool_id=5032;
UPDATE pool_template SET entry=10176, description='Borean Tundra mineral, node 32' WHERE entry=5032;
UPDATE gameobject SET guid=199553 WHERE guid=58118;
UPDATE pool_gameobject SET guid=199553, pool_entry=10176, description='Borean Tundra 189978, node 32' WHERE guid=58118;
UPDATE gameobject SET guid=199552 WHERE guid=58706;
UPDATE pool_gameobject SET guid=199552, pool_entry=10177, description='Borean Tundra 189978, node 33' WHERE guid=58706;
UPDATE pool_pool SET pool_id=10177, description='Borean Tundra mineral, node 33' WHERE pool_id=5033;
UPDATE pool_template SET entry=10177, description='Borean Tundra mineral, node 33' WHERE entry=5033;
UPDATE gameobject SET guid=199551 WHERE guid=63282;
UPDATE pool_gameobject SET guid=199551, pool_entry=10177, description='Borean Tundra 189979, node 33' WHERE guid=63282;
UPDATE gameobject SET guid=199550 WHERE guid=58714;
UPDATE pool_gameobject SET guid=199550, pool_entry=10178, description='Borean Tundra 189978, node 34' WHERE guid=58714;
UPDATE pool_pool SET pool_id=10178, description='Borean Tundra mineral, node 34' WHERE pool_id=5034;
UPDATE pool_template SET entry=10178, description='Borean Tundra mineral, node 34' WHERE entry=5034;
UPDATE gameobject SET guid=199549 WHERE guid=63285;
UPDATE pool_gameobject SET guid=199549, pool_entry=10178, description='Borean Tundra 189979, node 34' WHERE guid=63285;
UPDATE gameobject SET guid=199548 WHERE guid=58716;
UPDATE pool_gameobject SET guid=199548, pool_entry=10179, description='Borean Tundra 189978, node 35' WHERE guid=58716;
UPDATE pool_pool SET pool_id=10179, description='Borean Tundra mineral, node 35' WHERE pool_id=5035;
UPDATE pool_template SET entry=10179, description='Borean Tundra mineral, node 35' WHERE entry=5035;
UPDATE gameobject SET guid=199547 WHERE guid=63286;
UPDATE pool_gameobject SET guid=199547, pool_entry=10179, description='Borean Tundra 189979, node 35' WHERE guid=63286;
UPDATE gameobject SET guid=199546 WHERE guid=58721;
UPDATE pool_gameobject SET guid=199546, pool_entry=10180, description='Borean Tundra 189978, node 36' WHERE guid=58721;
UPDATE pool_pool SET pool_id=10180, description='Borean Tundra mineral, node 36' WHERE pool_id=5036;
UPDATE pool_template SET entry=10180, description='Borean Tundra mineral, node 36' WHERE entry=5036;
UPDATE gameobject SET guid=199545 WHERE guid=63296;
UPDATE pool_gameobject SET guid=199545, pool_entry=10180, description='Borean Tundra 189979, node 36' WHERE guid=63296;
UPDATE gameobject SET guid=199544 WHERE guid=58722;
UPDATE pool_gameobject SET guid=199544, pool_entry=10181, description='Borean Tundra 189978, node 37' WHERE guid=58722;
UPDATE pool_pool SET pool_id=10181, description='Borean Tundra mineral, node 37' WHERE pool_id=5037;
UPDATE pool_template SET entry=10181, description='Borean Tundra mineral, node 37' WHERE entry=5037;
UPDATE gameobject SET guid=199543 WHERE guid=63301;
UPDATE pool_gameobject SET guid=199543, pool_entry=10181, description='Borean Tundra 189979, node 37' WHERE guid=63301;
UPDATE gameobject SET guid=199542 WHERE guid=58751;
UPDATE pool_gameobject SET guid=199542, pool_entry=10182, description='Borean Tundra 189978, node 38' WHERE guid=58751;
UPDATE pool_pool SET pool_id=10182, description='Borean Tundra mineral, node 38' WHERE pool_id=5038;
UPDATE pool_template SET entry=10182, description='Borean Tundra mineral, node 38' WHERE entry=5038;
UPDATE gameobject SET guid=199541 WHERE guid=63302;
UPDATE pool_gameobject SET guid=199541, pool_entry=10182, description='Borean Tundra 189979, node 38' WHERE guid=63302;
UPDATE gameobject SET guid=199540 WHERE guid=59242;
UPDATE pool_gameobject SET guid=199540, pool_entry=10183, description='Borean Tundra 189978, node 39' WHERE guid=59242;
UPDATE pool_pool SET pool_id=10183, description='Borean Tundra mineral, node 39' WHERE pool_id=5039;
UPDATE pool_template SET entry=10183, description='Borean Tundra mineral, node 39' WHERE entry=5039;
UPDATE gameobject SET guid=199539 WHERE guid=63303;
UPDATE pool_gameobject SET guid=199539, pool_entry=10183, description='Borean Tundra 189979, node 39' WHERE guid=63303;
UPDATE gameobject SET guid=199538 WHERE guid=63304;
UPDATE pool_gameobject SET guid=199538, pool_entry=10184, description='Borean Tundra 189979, node 40' WHERE guid=63304;
UPDATE pool_pool SET pool_id=10184, description='Borean Tundra mineral, node 40' WHERE pool_id=5040;
UPDATE pool_template SET entry=10184, description='Borean Tundra mineral, node 40' WHERE entry=5040;
UPDATE gameobject SET guid=199537 WHERE guid=59500;
UPDATE pool_gameobject SET guid=199537, pool_entry=10184, description='Borean Tundra 189978, node 40' WHERE guid=59500;
UPDATE gameobject SET guid=199536 WHERE guid=59512;
UPDATE pool_gameobject SET guid=199536, pool_entry=10185, description='Borean Tundra 189978, node 41' WHERE guid=59512;
UPDATE pool_pool SET pool_id=10185, description='Borean Tundra mineral, node 41' WHERE pool_id=5041;
UPDATE pool_template SET entry=10185, description='Borean Tundra mineral, node 41' WHERE entry=5041;
UPDATE gameobject SET guid=199535 WHERE guid=63307;
UPDATE pool_gameobject SET guid=199535, pool_entry=10185, description='Borean Tundra 189979, node 41' WHERE guid=63307;
UPDATE gameobject SET guid=199534 WHERE guid=59850;
UPDATE pool_gameobject SET guid=199534, pool_entry=10186, description='Borean Tundra 189978, node 42' WHERE guid=59850;
UPDATE pool_pool SET pool_id=10186, description='Borean Tundra mineral, node 42' WHERE pool_id=5042;
UPDATE pool_template SET entry=10186, description='Borean Tundra mineral, node 42' WHERE entry=5042;
UPDATE gameobject SET guid=199533 WHERE guid=63312;
UPDATE pool_gameobject SET guid=199533, pool_entry=10186, description='Borean Tundra 189979, node 42' WHERE guid=63312;
UPDATE gameobject SET guid=199532 WHERE guid=60071;
UPDATE pool_gameobject SET guid=199532, pool_entry=10187, description='Borean Tundra 189978, node 43' WHERE guid=60071;
UPDATE pool_pool SET pool_id=10187, description='Borean Tundra mineral, node 43' WHERE pool_id=5043;
UPDATE pool_template SET entry=10187, description='Borean Tundra mineral, node 43' WHERE entry=5043;
UPDATE gameobject SET guid=199531 WHERE guid=63318;
UPDATE pool_gameobject SET guid=199531, pool_entry=10187, description='Borean Tundra 189979, node 43' WHERE guid=63318;
UPDATE gameobject SET guid=199530 WHERE guid=60088;
UPDATE pool_gameobject SET guid=199530, pool_entry=10188, description='Borean Tundra 189978, node 44' WHERE guid=60088;
UPDATE pool_pool SET pool_id=10188, description='Borean Tundra mineral, node 44' WHERE pool_id=5044;
UPDATE pool_template SET entry=10188, description='Borean Tundra mineral, node 44' WHERE entry=5044;
UPDATE gameobject SET guid=199529 WHERE guid=63320;
UPDATE pool_gameobject SET guid=199529, pool_entry=10188, description='Borean Tundra 189979, node 44' WHERE guid=63320;
UPDATE gameobject SET guid=199528 WHERE guid=60107;
UPDATE pool_gameobject SET guid=199528, pool_entry=10189, description='Borean Tundra 189978, node 45' WHERE guid=60107;
UPDATE pool_pool SET pool_id=10189, description='Borean Tundra mineral, node 45' WHERE pool_id=5045;
UPDATE pool_template SET entry=10189, description='Borean Tundra mineral, node 45' WHERE entry=5045;
UPDATE gameobject SET guid=199527 WHERE guid=63329;
UPDATE pool_gameobject SET guid=199527, pool_entry=10189, description='Borean Tundra 189979, node 45' WHERE guid=63329;
UPDATE gameobject SET guid=199526 WHERE guid=60126;
UPDATE pool_gameobject SET guid=199526, pool_entry=10190, description='Borean Tundra 189978, node 46' WHERE guid=60126;
UPDATE pool_pool SET pool_id=10190, description='Borean Tundra mineral, node 46' WHERE pool_id=5046;
UPDATE pool_template SET entry=10190, description='Borean Tundra mineral, node 46' WHERE entry=5046;
UPDATE gameobject SET guid=199525 WHERE guid=63330;
UPDATE pool_gameobject SET guid=199525, pool_entry=10190, description='Borean Tundra 189979, node 46' WHERE guid=63330;
UPDATE gameobject SET guid=199524 WHERE guid=60130;
UPDATE pool_gameobject SET guid=199524, pool_entry=10191, description='Borean Tundra 189978, node 47' WHERE guid=60130;
UPDATE pool_pool SET pool_id=10191, description='Borean Tundra mineral, node 47' WHERE pool_id=5047;
UPDATE pool_template SET entry=10191, description='Borean Tundra mineral, node 47' WHERE entry=5047;
UPDATE gameobject SET guid=199523 WHERE guid=63335;
UPDATE pool_gameobject SET guid=199523, pool_entry=10191, description='Borean Tundra 189979, node 47' WHERE guid=63335;
UPDATE gameobject SET guid=199522 WHERE guid=63340;
UPDATE pool_gameobject SET guid=199522, pool_entry=10192, description='Borean Tundra 189979, node 48' WHERE guid=63340;
UPDATE pool_pool SET pool_id=10192, description='Borean Tundra mineral, node 48' WHERE pool_id=5048;
UPDATE pool_template SET entry=10192, description='Borean Tundra mineral, node 48' WHERE entry=5048;
UPDATE gameobject SET guid=199521 WHERE guid=60131;
UPDATE pool_gameobject SET guid=199521, pool_entry=10192, description='Borean Tundra 189978, node 48' WHERE guid=60131;
UPDATE gameobject SET guid=199520 WHERE guid=60167;
UPDATE pool_gameobject SET guid=199520, pool_entry=10193, description='Borean Tundra 189978, node 49' WHERE guid=60167;
UPDATE pool_pool SET pool_id=10193, description='Borean Tundra mineral, node 49' WHERE pool_id=5049;
UPDATE pool_template SET entry=10193, description='Borean Tundra mineral, node 49' WHERE entry=5049;
UPDATE gameobject SET guid=199519 WHERE guid=63350;
UPDATE pool_gameobject SET guid=199519, pool_entry=10193, description='Borean Tundra 189979, node 49' WHERE guid=63350;
UPDATE gameobject SET guid=199518 WHERE guid=60168;
UPDATE pool_gameobject SET guid=199518, pool_entry=10194, description='Borean Tundra 189978, node 50' WHERE guid=60168;
UPDATE pool_pool SET pool_id=10194, description='Borean Tundra mineral, node 50' WHERE pool_id=5050;
UPDATE pool_template SET entry=10194, description='Borean Tundra mineral, node 50' WHERE entry=5050;
UPDATE gameobject SET guid=199517 WHERE guid=63351;
UPDATE pool_gameobject SET guid=199517, pool_entry=10194, description='Borean Tundra 189979, node 50' WHERE guid=63351;
UPDATE gameobject SET guid=199516 WHERE guid=60174;
UPDATE pool_gameobject SET guid=199516, pool_entry=10195, description='Borean Tundra 189978, node 51' WHERE guid=60174;
UPDATE pool_pool SET pool_id=10195, description='Borean Tundra mineral, node 51' WHERE pool_id=5051;
UPDATE pool_template SET entry=10195, description='Borean Tundra mineral, node 51' WHERE entry=5051;
UPDATE gameobject SET guid=199515 WHERE guid=63352;
UPDATE pool_gameobject SET guid=199515, pool_entry=10195, description='Borean Tundra 189979, node 51' WHERE guid=63352;
UPDATE gameobject SET guid=199514 WHERE guid=60175;
UPDATE pool_gameobject SET guid=199514, pool_entry=10196, description='Borean Tundra 189978, node 52' WHERE guid=60175;
UPDATE pool_pool SET pool_id=10196, description='Borean Tundra mineral, node 52' WHERE pool_id=5052;
UPDATE pool_template SET entry=10196, description='Borean Tundra mineral, node 52' WHERE entry=5052;
UPDATE gameobject SET guid=199513 WHERE guid=63353;
UPDATE pool_gameobject SET guid=199513, pool_entry=10196, description='Borean Tundra 189979, node 52' WHERE guid=63353;
UPDATE gameobject SET guid=199512 WHERE guid=60176;
UPDATE pool_gameobject SET guid=199512, pool_entry=10197, description='Borean Tundra 189978, node 53' WHERE guid=60176;
UPDATE pool_pool SET pool_id=10197, description='Borean Tundra mineral, node 53' WHERE pool_id=5053;
UPDATE pool_template SET entry=10197, description='Borean Tundra mineral, node 53' WHERE entry=5053;
UPDATE gameobject SET guid=199511 WHERE guid=63354;
UPDATE pool_gameobject SET guid=199511, pool_entry=10197, description='Borean Tundra 189979, node 53' WHERE guid=63354;
UPDATE gameobject SET guid=199510 WHERE guid=60198;
UPDATE pool_gameobject SET guid=199510, pool_entry=10198, description='Borean Tundra 189978, node 54' WHERE guid=60198;
UPDATE pool_pool SET pool_id=10198, description='Borean Tundra mineral, node 54' WHERE pool_id=5054;
UPDATE pool_template SET entry=10198, description='Borean Tundra mineral, node 54' WHERE entry=5054;
UPDATE gameobject SET guid=199509 WHERE guid=63363;
UPDATE pool_gameobject SET guid=199509, pool_entry=10198, description='Borean Tundra 189979, node 54' WHERE guid=63363;
UPDATE gameobject SET guid=199508 WHERE guid=61854;
UPDATE pool_gameobject SET guid=199508, pool_entry=10199, description='Borean Tundra 189978, node 55' WHERE guid=61854;
UPDATE pool_pool SET pool_id=10199, description='Borean Tundra mineral, node 55' WHERE pool_id=5055;
UPDATE pool_template SET entry=10199, description='Borean Tundra mineral, node 55' WHERE entry=5055;
UPDATE gameobject SET guid=199507 WHERE guid=63367;
UPDATE pool_gameobject SET guid=199507, pool_entry=10199, description='Borean Tundra 189979, node 55' WHERE guid=63367;
UPDATE gameobject SET guid=199506 WHERE guid=63387;
UPDATE pool_gameobject SET guid=199506, pool_entry=10200, description='Borean Tundra 189979, node 56' WHERE guid=63387;
UPDATE pool_pool SET pool_id=10200, description='Borean Tundra mineral, node 56' WHERE pool_id=5056;
UPDATE pool_template SET entry=10200, description='Borean Tundra mineral, node 56' WHERE entry=5056;
UPDATE gameobject SET guid=199505 WHERE guid=61863;
UPDATE pool_gameobject SET guid=199505, pool_entry=10200, description='Borean Tundra 189978, node 56' WHERE guid=61863;
UPDATE gameobject SET guid=199504 WHERE guid=61911;
UPDATE pool_gameobject SET guid=199504, pool_entry=10201, description='Borean Tundra 189978, node 57' WHERE guid=61911;
UPDATE pool_pool SET pool_id=10201, description='Borean Tundra mineral, node 57' WHERE pool_id=5057;
UPDATE pool_template SET entry=10201, description='Borean Tundra mineral, node 57' WHERE entry=5057;
UPDATE gameobject SET guid=199503 WHERE guid=63397;
UPDATE pool_gameobject SET guid=199503, pool_entry=10201, description='Borean Tundra 189979, node 57' WHERE guid=63397;
UPDATE gameobject SET guid=199502 WHERE guid=61926;
UPDATE pool_gameobject SET guid=199502, pool_entry=10202, description='Borean Tundra 189978, node 58' WHERE guid=61926;
UPDATE pool_pool SET pool_id=10202, description='Borean Tundra mineral, node 58' WHERE pool_id=5058;
UPDATE pool_template SET entry=10202, description='Borean Tundra mineral, node 58' WHERE entry=5058;
UPDATE gameobject SET guid=199501 WHERE guid=63399;
UPDATE pool_gameobject SET guid=199501, pool_entry=10202, description='Borean Tundra 189979, node 58' WHERE guid=63399;
UPDATE gameobject SET guid=199500 WHERE guid=61968;
UPDATE pool_gameobject SET guid=199500, pool_entry=10203, description='Borean Tundra 189978, node 59' WHERE guid=61968;
UPDATE pool_pool SET pool_id=10203, description='Borean Tundra mineral, node 59' WHERE pool_id=5059;
UPDATE pool_template SET entry=10203, description='Borean Tundra mineral, node 59' WHERE entry=5059;
UPDATE gameobject SET guid=199499 WHERE guid=63413;
UPDATE pool_gameobject SET guid=199499, pool_entry=10203, description='Borean Tundra 189979, node 59' WHERE guid=63413;
UPDATE gameobject SET guid=199498 WHERE guid=62121;
UPDATE pool_gameobject SET guid=199498, pool_entry=10204, description='Borean Tundra 189978, node 60' WHERE guid=62121;
UPDATE pool_pool SET pool_id=10204, description='Borean Tundra mineral, node 60' WHERE pool_id=5060;
UPDATE pool_template SET entry=10204, description='Borean Tundra mineral, node 60' WHERE entry=5060;
UPDATE gameobject SET guid=199497 WHERE guid=63414;
UPDATE pool_gameobject SET guid=199497, pool_entry=10204, description='Borean Tundra 189979, node 60' WHERE guid=63414;
UPDATE gameobject SET guid=199496 WHERE guid=62122;
UPDATE pool_gameobject SET guid=199496, pool_entry=10205, description='Borean Tundra 189978, node 61' WHERE guid=62122;
UPDATE pool_pool SET pool_id=10205, description='Borean Tundra mineral, node 61' WHERE pool_id=5061;
UPDATE pool_template SET entry=10205, description='Borean Tundra mineral, node 61' WHERE entry=5061;
UPDATE gameobject SET guid=199495 WHERE guid=63416;
UPDATE pool_gameobject SET guid=199495, pool_entry=10205, description='Borean Tundra 189979, node 61' WHERE guid=63416;
UPDATE gameobject SET guid=199494 WHERE guid=62123;
UPDATE pool_gameobject SET guid=199494, pool_entry=10206, description='Borean Tundra 189978, node 62' WHERE guid=62123;
UPDATE pool_pool SET pool_id=10206, description='Borean Tundra mineral, node 62' WHERE pool_id=5062;
UPDATE pool_template SET entry=10206, description='Borean Tundra mineral, node 62' WHERE entry=5062;
UPDATE gameobject SET guid=199493 WHERE guid=63417;
UPDATE pool_gameobject SET guid=199493, pool_entry=10206, description='Borean Tundra 189979, node 62' WHERE guid=63417;
UPDATE gameobject SET guid=199492 WHERE guid=62124;
UPDATE pool_gameobject SET guid=199492, pool_entry=10207, description='Borean Tundra 189978, node 63' WHERE guid=62124;
UPDATE pool_pool SET pool_id=10207, description='Borean Tundra mineral, node 63' WHERE pool_id=5063;
UPDATE pool_template SET entry=10207, description='Borean Tundra mineral, node 63' WHERE entry=5063;
UPDATE gameobject SET guid=199491 WHERE guid=63418;
UPDATE pool_gameobject SET guid=199491, pool_entry=10207, description='Borean Tundra 189979, node 63' WHERE guid=63418;
UPDATE gameobject SET guid=199490 WHERE guid=67639;
UPDATE pool_gameobject SET guid=199490, pool_entry=10208, description='Borean Tundra 189978, node 64' WHERE guid=67639;
UPDATE pool_pool SET pool_id=10208, description='Borean Tundra mineral, node 64' WHERE pool_id=5064;
UPDATE pool_template SET entry=10208, description='Borean Tundra mineral, node 64' WHERE entry=5064;
UPDATE gameobject SET guid=199489 WHERE guid=63439;
UPDATE pool_gameobject SET guid=199489, pool_entry=10208, description='Borean Tundra 189979, node 64' WHERE guid=63439;
UPDATE gameobject SET guid=199488 WHERE guid=66866;
UPDATE pool_gameobject SET guid=199488, pool_entry=10209, description='Borean Tundra 189978, node 65' WHERE guid=66866;
UPDATE pool_pool SET pool_id=10209, description='Borean Tundra mineral, node 65' WHERE pool_id=5283;
UPDATE pool_template SET entry=10209, description='Borean Tundra mineral, node 65' WHERE entry=5283;
UPDATE gameobject SET guid=199487 WHERE guid=66919;
UPDATE pool_gameobject SET guid=199487, pool_entry=10209, description='Borean Tundra 189979, node 65' WHERE guid=66919;
UPDATE gameobject SET guid=199486 WHERE guid=66867;
UPDATE pool_gameobject SET guid=199486, pool_entry=10210, description='Borean Tundra 189978, node 66' WHERE guid=66867;
UPDATE pool_pool SET pool_id=10210, description='Borean Tundra mineral, node 66' WHERE pool_id=5284;
UPDATE pool_template SET entry=10210, description='Borean Tundra mineral, node 66' WHERE entry=5284;
UPDATE gameobject SET guid=199485 WHERE guid=66920;
UPDATE pool_gameobject SET guid=199485, pool_entry=10210, description='Borean Tundra 189979, node 66' WHERE guid=66920;
UPDATE gameobject SET guid=199484 WHERE guid=66887;
UPDATE pool_gameobject SET guid=199484, pool_entry=10211, description='Borean Tundra 189978, node 67' WHERE guid=66887;
UPDATE pool_pool SET pool_id=10211, description='Borean Tundra mineral, node 67' WHERE pool_id=5285;
UPDATE pool_template SET entry=10211, description='Borean Tundra mineral, node 67' WHERE entry=5285;
UPDATE gameobject SET guid=199483 WHERE guid=66940;
UPDATE pool_gameobject SET guid=199483, pool_entry=10211, description='Borean Tundra 189979, node 67' WHERE guid=66940;
UPDATE gameobject SET guid=199482 WHERE guid=66873;
UPDATE pool_gameobject SET guid=199482, pool_entry=10212, description='Borean Tundra 189978, node 68' WHERE guid=66873;
UPDATE pool_pool SET pool_id=10212, description='Borean Tundra mineral, node 68' WHERE pool_id=5286;
UPDATE pool_template SET entry=10212, description='Borean Tundra mineral, node 68' WHERE entry=5286;
UPDATE gameobject SET guid=199481 WHERE guid=66926;
UPDATE pool_gameobject SET guid=199481, pool_entry=10212, description='Borean Tundra 189979, node 68' WHERE guid=66926;
UPDATE gameobject SET guid=199480 WHERE guid=66851;
UPDATE pool_gameobject SET guid=199480, pool_entry=10213, description='Borean Tundra 189978, node 69' WHERE guid=66851;
UPDATE pool_pool SET pool_id=10213, description='Borean Tundra mineral, node 69' WHERE pool_id=5287;
UPDATE pool_template SET entry=10213, description='Borean Tundra mineral, node 69' WHERE entry=5287;
UPDATE gameobject SET guid=199479 WHERE guid=66904;
UPDATE pool_gameobject SET guid=199479, pool_entry=10213, description='Borean Tundra 189979, node 69' WHERE guid=66904;
UPDATE gameobject SET guid=199478 WHERE guid=66852;
UPDATE pool_gameobject SET guid=199478, pool_entry=10214, description='Borean Tundra 189978, node 70' WHERE guid=66852;
UPDATE pool_pool SET pool_id=10214, description='Borean Tundra mineral, node 70' WHERE pool_id=5288;
UPDATE pool_template SET entry=10214, description='Borean Tundra mineral, node 70' WHERE entry=5288;
UPDATE gameobject SET guid=199477 WHERE guid=66905;
UPDATE pool_gameobject SET guid=199477, pool_entry=10214, description='Borean Tundra 189979, node 70' WHERE guid=66905;
UPDATE gameobject SET guid=199476 WHERE guid=66882;
UPDATE pool_gameobject SET guid=199476, pool_entry=10215, description='Borean Tundra 189978, node 71' WHERE guid=66882;
UPDATE pool_pool SET pool_id=10215, description='Borean Tundra mineral, node 71' WHERE pool_id=5289;
UPDATE pool_template SET entry=10215, description='Borean Tundra mineral, node 71' WHERE entry=5289;
UPDATE gameobject SET guid=199475 WHERE guid=66935;
UPDATE pool_gameobject SET guid=199475, pool_entry=10215, description='Borean Tundra 189979, node 71' WHERE guid=66935;
UPDATE gameobject SET guid=199474 WHERE guid=66941;
UPDATE pool_gameobject SET guid=199474, pool_entry=10216, description='Borean Tundra 189979, node 72' WHERE guid=66941;
UPDATE pool_pool SET pool_id=10216, description='Borean Tundra mineral, node 72' WHERE pool_id=5290;
UPDATE pool_template SET entry=10216, description='Borean Tundra mineral, node 72' WHERE entry=5290;
UPDATE gameobject SET guid=199473 WHERE guid=66888;
UPDATE pool_gameobject SET guid=199473, pool_entry=10216, description='Borean Tundra 189978, node 72' WHERE guid=66888;
UPDATE gameobject SET guid=199472 WHERE guid=66892;
UPDATE pool_gameobject SET guid=199472, pool_entry=10217, description='Borean Tundra 189978, node 73' WHERE guid=66892;
UPDATE pool_pool SET pool_id=10217, description='Borean Tundra mineral, node 73' WHERE pool_id=5291;
UPDATE pool_template SET entry=10217, description='Borean Tundra mineral, node 73' WHERE entry=5291;
UPDATE gameobject SET guid=199471 WHERE guid=66901;
UPDATE pool_gameobject SET guid=199471, pool_entry=10217, description='Borean Tundra 189979, node 73' WHERE guid=66901;
-- howling fjord
UPDATE gameobject SET guid=199470 WHERE guid=56139;
UPDATE pool_gameobject SET guid=199470, pool_entry=10218, description='Howling Fjord 189978, node 1' WHERE guid=56139;
UPDATE pool_pool SET pool_id=10218, description='Howling Fjord mineral, node 1' WHERE pool_id=5065;
UPDATE pool_template SET entry=10218, description='Howling Fjord mineral, node 1' WHERE entry=5065;
UPDATE gameobject SET guid=199469 WHERE guid=63440;
UPDATE pool_gameobject SET guid=199469, pool_entry=10218, description='Howling Fjord 189979, node 1' WHERE guid=63440;
UPDATE gameobject SET guid=199468 WHERE guid=56153;
UPDATE pool_gameobject SET guid=199468, pool_entry=10219, description='Howling Fjord 189978, node 2' WHERE guid=56153;
UPDATE pool_pool SET pool_id=10219, description='Howling Fjord mineral, node 2' WHERE pool_id=5066;
UPDATE pool_template SET entry=10219, description='Howling Fjord mineral, node 2' WHERE entry=5066;
UPDATE gameobject SET guid=199467 WHERE guid=63448;
UPDATE pool_gameobject SET guid=199467, pool_entry=10219, description='Howling Fjord 189979, node 2' WHERE guid=63448;
UPDATE gameobject SET guid=199466 WHERE guid=56154;
UPDATE pool_gameobject SET guid=199466, pool_entry=10220, description='Howling Fjord 189978, node 3' WHERE guid=56154;
UPDATE pool_pool SET pool_id=10220, description='Howling Fjord mineral, node 3' WHERE pool_id=5067;
UPDATE pool_template SET entry=10220, description='Howling Fjord mineral, node 3' WHERE entry=5067;
UPDATE gameobject SET guid=199465 WHERE guid=63451;
UPDATE pool_gameobject SET guid=199465, pool_entry=10220, description='Howling Fjord 189979, node 3' WHERE guid=63451;
UPDATE gameobject SET guid=199464 WHERE guid=56155;
UPDATE pool_gameobject SET guid=199464, pool_entry=10221, description='Howling Fjord 189978, node 4' WHERE guid=56155;
UPDATE pool_pool SET pool_id=10221, description='Howling Fjord mineral, node 4' WHERE pool_id=5068;
UPDATE pool_template SET entry=10221, description='Howling Fjord mineral, node 4' WHERE entry=5068;
UPDATE gameobject SET guid=199463 WHERE guid=63464;
UPDATE pool_gameobject SET guid=199463, pool_entry=10221, description='Howling Fjord 189979, node 4' WHERE guid=63464;
UPDATE gameobject SET guid=199462 WHERE guid=56156;
UPDATE pool_gameobject SET guid=199462, pool_entry=10222, description='Howling Fjord 189978, node 5' WHERE guid=56156;
UPDATE pool_pool SET pool_id=10222, description='Howling Fjord mineral, node 5' WHERE pool_id=5069;
UPDATE pool_template SET entry=10222, description='Howling Fjord mineral, node 5' WHERE entry=5069;
UPDATE gameobject SET guid=199461 WHERE guid=63468;
UPDATE pool_gameobject SET guid=199461, pool_entry=10222, description='Howling Fjord 189979, node 5' WHERE guid=63468;
UPDATE gameobject SET guid=199460 WHERE guid=56159;
UPDATE pool_gameobject SET guid=199460, pool_entry=10223, description='Howling Fjord 189978, node 6' WHERE guid=56159;
UPDATE pool_pool SET pool_id=10223, description='Howling Fjord mineral, node 6' WHERE pool_id=5070;
UPDATE pool_template SET entry=10223, description='Howling Fjord mineral, node 6' WHERE entry=5070;
UPDATE gameobject SET guid=199459 WHERE guid=63469;
UPDATE pool_gameobject SET guid=199459, pool_entry=10223, description='Howling Fjord 189979, node 6' WHERE guid=63469;
UPDATE gameobject SET guid=199458 WHERE guid=56160;
UPDATE pool_gameobject SET guid=199458, pool_entry=10224, description='Howling Fjord 189978, node 7' WHERE guid=56160;
UPDATE pool_pool SET pool_id=10224, description='Howling Fjord mineral, node 7' WHERE pool_id=5071;
UPDATE pool_template SET entry=10224, description='Howling Fjord mineral, node 7' WHERE entry=5071;
UPDATE gameobject SET guid=199457 WHERE guid=63475;
UPDATE pool_gameobject SET guid=199457, pool_entry=10224, description='Howling Fjord 189979, node 7' WHERE guid=63475;
UPDATE gameobject SET guid=199456 WHERE guid=63477;
UPDATE pool_gameobject SET guid=199456, pool_entry=10225, description='Howling Fjord 189979, node 8' WHERE guid=63477;
UPDATE pool_pool SET pool_id=10225, description='Howling Fjord mineral, node 8' WHERE pool_id=5072;
UPDATE pool_template SET entry=10225, description='Howling Fjord mineral, node 8' WHERE entry=5072;
UPDATE gameobject SET guid=199455 WHERE guid=56161;
UPDATE pool_gameobject SET guid=199455, pool_entry=10225, description='Howling Fjord 189978, node 8' WHERE guid=56161;
UPDATE gameobject SET guid=199454 WHERE guid=56162;
UPDATE pool_gameobject SET guid=199454, pool_entry=10226, description='Howling Fjord 189978, node 9' WHERE guid=56162;
UPDATE pool_pool SET pool_id=10226, description='Howling Fjord mineral, node 9' WHERE pool_id=5073;
UPDATE pool_template SET entry=10226, description='Howling Fjord mineral, node 9' WHERE entry=5073;
UPDATE gameobject SET guid=199453 WHERE guid=63480;
UPDATE pool_gameobject SET guid=199453, pool_entry=10226, description='Howling Fjord 189979, node 9' WHERE guid=63480;
UPDATE gameobject SET guid=199452 WHERE guid=56164;
UPDATE pool_gameobject SET guid=199452, pool_entry=10227, description='Howling Fjord 189978, node 10' WHERE guid=56164;
UPDATE pool_pool SET pool_id=10227, description='Howling Fjord mineral, node 10' WHERE pool_id=5074;
UPDATE pool_template SET entry=10227, description='Howling Fjord mineral, node 10' WHERE entry=5074;
UPDATE gameobject SET guid=199451 WHERE guid=63491;
UPDATE pool_gameobject SET guid=199451, pool_entry=10227, description='Howling Fjord 189979, node 10' WHERE guid=63491;
UPDATE gameobject SET guid=199450 WHERE guid=56165;
UPDATE pool_gameobject SET guid=199450, pool_entry=10228, description='Howling Fjord 189978, node 11' WHERE guid=56165;
UPDATE pool_pool SET pool_id=10228, description='Howling Fjord mineral, node 11' WHERE pool_id=5075;
UPDATE pool_template SET entry=10228, description='Howling Fjord mineral, node 11' WHERE entry=5075;
UPDATE gameobject SET guid=199449 WHERE guid=63493;
UPDATE pool_gameobject SET guid=199449, pool_entry=10228, description='Howling Fjord 189979, node 11' WHERE guid=63493;
UPDATE gameobject SET guid=199448 WHERE guid=56166;
UPDATE pool_gameobject SET guid=199448, pool_entry=10229, description='Howling Fjord 189978, node 12' WHERE guid=56166;
UPDATE pool_pool SET pool_id=10229, description='Howling Fjord mineral, node 12' WHERE pool_id=5076;
UPDATE pool_template SET entry=10229, description='Howling Fjord mineral, node 12' WHERE entry=5076;
UPDATE gameobject SET guid=199447 WHERE guid=63494;
UPDATE pool_gameobject SET guid=199447, pool_entry=10229, description='Howling Fjord 189979, node 12' WHERE guid=63494;
UPDATE gameobject SET guid=199446 WHERE guid=56168;
UPDATE pool_gameobject SET guid=199446, pool_entry=10230, description='Howling Fjord 189978, node 13' WHERE guid=56168;
UPDATE pool_pool SET pool_id=10230, description='Howling Fjord mineral, node 13' WHERE pool_id=5077;
UPDATE pool_template SET entry=10230, description='Howling Fjord mineral, node 13' WHERE entry=5077;
UPDATE gameobject SET guid=199445 WHERE guid=63521;
UPDATE pool_gameobject SET guid=199445, pool_entry=10230, description='Howling Fjord 189979, node 13' WHERE guid=63521;
UPDATE gameobject SET guid=199444 WHERE guid=56169;
UPDATE pool_gameobject SET guid=199444, pool_entry=10231, description='Howling Fjord 189978, node 14' WHERE guid=56169;
UPDATE pool_pool SET pool_id=10231, description='Howling Fjord mineral, node 14' WHERE pool_id=5078;
UPDATE pool_template SET entry=10231, description='Howling Fjord mineral, node 14' WHERE entry=5078;
UPDATE gameobject SET guid=199443 WHERE guid=63535;
UPDATE pool_gameobject SET guid=199443, pool_entry=10231, description='Howling Fjord 189979, node 14' WHERE guid=63535;
UPDATE gameobject SET guid=199442 WHERE guid=56170;
UPDATE pool_gameobject SET guid=199442, pool_entry=10232, description='Howling Fjord 189978, node 15' WHERE guid=56170;
UPDATE pool_pool SET pool_id=10232, description='Howling Fjord mineral, node 15' WHERE pool_id=5079;
UPDATE pool_template SET entry=10232, description='Howling Fjord mineral, node 15' WHERE entry=5079;
UPDATE gameobject SET guid=199441 WHERE guid=63550;
UPDATE pool_gameobject SET guid=199441, pool_entry=10232, description='Howling Fjord 189979, node 15' WHERE guid=63550;
UPDATE gameobject SET guid=199440 WHERE guid=63551;
UPDATE pool_gameobject SET guid=199440, pool_entry=10233, description='Howling Fjord 189979, node 16' WHERE guid=63551;
UPDATE pool_pool SET pool_id=10233, description='Howling Fjord mineral, node 16' WHERE pool_id=5080;
UPDATE pool_template SET entry=10233, description='Howling Fjord mineral, node 16' WHERE entry=5080;
UPDATE gameobject SET guid=199439 WHERE guid=56171;
UPDATE pool_gameobject SET guid=199439, pool_entry=10233, description='Howling Fjord 189978, node 16' WHERE guid=56171;
UPDATE gameobject SET guid=199438 WHERE guid=56173;
UPDATE pool_gameobject SET guid=199438, pool_entry=10234, description='Howling Fjord 189978, node 17' WHERE guid=56173;
UPDATE pool_pool SET pool_id=10234, description='Howling Fjord mineral, node 17' WHERE pool_id=5081;
UPDATE pool_template SET entry=10234, description='Howling Fjord mineral, node 17' WHERE entry=5081;
UPDATE gameobject SET guid=199437 WHERE guid=63561;
UPDATE pool_gameobject SET guid=199437, pool_entry=10234, description='Howling Fjord 189979, node 17' WHERE guid=63561;
UPDATE gameobject SET guid=199436 WHERE guid=56174;
UPDATE pool_gameobject SET guid=199436, pool_entry=10235, description='Howling Fjord 189978, node 18' WHERE guid=56174;
UPDATE pool_pool SET pool_id=10235, description='Howling Fjord mineral, node 18' WHERE pool_id=5082;
UPDATE pool_template SET entry=10235, description='Howling Fjord mineral, node 18' WHERE entry=5082;
UPDATE gameobject SET guid=199435 WHERE guid=63573;
UPDATE pool_gameobject SET guid=199435, pool_entry=10235, description='Howling Fjord 189979, node 18' WHERE guid=63573;
UPDATE gameobject SET guid=199434 WHERE guid=56178;
UPDATE pool_gameobject SET guid=199434, pool_entry=10236, description='Howling Fjord 189978, node 19' WHERE guid=56178;
UPDATE pool_pool SET pool_id=10236, description='Howling Fjord mineral, node 19' WHERE pool_id=5083;
UPDATE pool_template SET entry=10236, description='Howling Fjord mineral, node 19' WHERE entry=5083;
UPDATE gameobject SET guid=199433 WHERE guid=63584;
UPDATE pool_gameobject SET guid=199433, pool_entry=10236, description='Howling Fjord 189979, node 19' WHERE guid=63584;
UPDATE gameobject SET guid=199432 WHERE guid=56181;
UPDATE pool_gameobject SET guid=199432, pool_entry=10237, description='Howling Fjord 189978, node 20' WHERE guid=56181;
UPDATE pool_pool SET pool_id=10237, description='Howling Fjord mineral, node 20' WHERE pool_id=5084;
UPDATE pool_template SET entry=10237, description='Howling Fjord mineral, node 20' WHERE entry=5084;
UPDATE gameobject SET guid=199431 WHERE guid=63600;
UPDATE pool_gameobject SET guid=199431, pool_entry=10237, description='Howling Fjord 189979, node 20' WHERE guid=63600;
UPDATE gameobject SET guid=199430 WHERE guid=56182;
UPDATE pool_gameobject SET guid=199430, pool_entry=10238, description='Howling Fjord 189978, node 21' WHERE guid=56182;
UPDATE pool_pool SET pool_id=10238, description='Howling Fjord mineral, node 21' WHERE pool_id=5085;
UPDATE pool_template SET entry=10238, description='Howling Fjord mineral, node 21' WHERE entry=5085;
UPDATE gameobject SET guid=199429 WHERE guid=63601;
UPDATE pool_gameobject SET guid=199429, pool_entry=10238, description='Howling Fjord 189979, node 21' WHERE guid=63601;
UPDATE gameobject SET guid=199428 WHERE guid=56235;
UPDATE pool_gameobject SET guid=199428, pool_entry=10239, description='Howling Fjord 189978, node 22' WHERE guid=56235;
UPDATE pool_pool SET pool_id=10239, description='Howling Fjord mineral, node 22' WHERE pool_id=5086;
UPDATE pool_template SET entry=10239, description='Howling Fjord mineral, node 22' WHERE entry=5086;
UPDATE gameobject SET guid=199427 WHERE guid=63602;
UPDATE pool_gameobject SET guid=199427, pool_entry=10239, description='Howling Fjord 189979, node 22' WHERE guid=63602;
UPDATE gameobject SET guid=199426 WHERE guid=56793;
UPDATE pool_gameobject SET guid=199426, pool_entry=10240, description='Howling Fjord 189978, node 23' WHERE guid=56793;
UPDATE pool_pool SET pool_id=10240, description='Howling Fjord mineral, node 23' WHERE pool_id=5087;
UPDATE pool_template SET entry=10240, description='Howling Fjord mineral, node 23' WHERE entry=5087;
UPDATE gameobject SET guid=199425 WHERE guid=63603;
UPDATE pool_gameobject SET guid=199425, pool_entry=10240, description='Howling Fjord 189979, node 23' WHERE guid=63603;
UPDATE gameobject SET guid=199424 WHERE guid=63604;
UPDATE pool_gameobject SET guid=199424, pool_entry=10241, description='Howling Fjord 189979, node 24' WHERE guid=63604;
UPDATE pool_pool SET pool_id=10241, description='Howling Fjord mineral, node 24' WHERE pool_id=5088;
UPDATE pool_template SET entry=10241, description='Howling Fjord mineral, node 24' WHERE entry=5088;
UPDATE gameobject SET guid=199423 WHERE guid=56794;
UPDATE pool_gameobject SET guid=199423, pool_entry=10241, description='Howling Fjord 189978, node 24' WHERE guid=56794;
UPDATE gameobject SET guid=199422 WHERE guid=56806;
UPDATE pool_gameobject SET guid=199422, pool_entry=10242, description='Howling Fjord 189978, node 25' WHERE guid=56806;
UPDATE pool_pool SET pool_id=10242, description='Howling Fjord mineral, node 25' WHERE pool_id=5089;
UPDATE pool_template SET entry=10242, description='Howling Fjord mineral, node 25' WHERE entry=5089;
UPDATE gameobject SET guid=199421 WHERE guid=63607;
UPDATE pool_gameobject SET guid=199421, pool_entry=10242, description='Howling Fjord 189979, node 25' WHERE guid=63607;
UPDATE gameobject SET guid=199420 WHERE guid=56814;
UPDATE pool_gameobject SET guid=199420, pool_entry=10243, description='Howling Fjord 189978, node 26' WHERE guid=56814;
UPDATE pool_pool SET pool_id=10243, description='Howling Fjord mineral, node 26' WHERE pool_id=5090;
UPDATE pool_template SET entry=10243, description='Howling Fjord mineral, node 26' WHERE entry=5090;
UPDATE gameobject SET guid=199419 WHERE guid=63612;
UPDATE pool_gameobject SET guid=199419, pool_entry=10243, description='Howling Fjord 189979, node 26' WHERE guid=63612;
UPDATE gameobject SET guid=199418 WHERE guid=56815;
UPDATE pool_gameobject SET guid=199418, pool_entry=10244, description='Howling Fjord 189978, node 27' WHERE guid=56815;
UPDATE pool_pool SET pool_id=10244, description='Howling Fjord mineral, node 27' WHERE pool_id=5091;
UPDATE pool_template SET entry=10244, description='Howling Fjord mineral, node 27' WHERE entry=5091;
UPDATE gameobject SET guid=199417 WHERE guid=63613;
UPDATE pool_gameobject SET guid=199417, pool_entry=10244, description='Howling Fjord 189979, node 27' WHERE guid=63613;
UPDATE gameobject SET guid=199416 WHERE guid=56823;
UPDATE pool_gameobject SET guid=199416, pool_entry=10245, description='Howling Fjord 189978, node 28' WHERE guid=56823;
UPDATE pool_pool SET pool_id=10245, description='Howling Fjord mineral, node 28' WHERE pool_id=5092;
UPDATE pool_template SET entry=10245, description='Howling Fjord mineral, node 28' WHERE entry=5092;
UPDATE gameobject SET guid=199415 WHERE guid=63617;
UPDATE pool_gameobject SET guid=199415, pool_entry=10245, description='Howling Fjord 189979, node 28' WHERE guid=63617;
UPDATE gameobject SET guid=199414 WHERE guid=56824;
UPDATE pool_gameobject SET guid=199414, pool_entry=10246, description='Howling Fjord 189978, node 29' WHERE guid=56824;
UPDATE pool_pool SET pool_id=10246, description='Howling Fjord mineral, node 29' WHERE pool_id=5093;
UPDATE pool_template SET entry=10246, description='Howling Fjord mineral, node 29' WHERE entry=5093;
UPDATE gameobject SET guid=199413 WHERE guid=63619;
UPDATE pool_gameobject SET guid=199413, pool_entry=10246, description='Howling Fjord 189979, node 29' WHERE guid=63619;
UPDATE gameobject SET guid=199412 WHERE guid=56883;
UPDATE pool_gameobject SET guid=199412, pool_entry=10247, description='Howling Fjord 189978, node 30' WHERE guid=56883;
UPDATE pool_pool SET pool_id=10247, description='Howling Fjord mineral, node 30' WHERE pool_id=5094;
UPDATE pool_template SET entry=10247, description='Howling Fjord mineral, node 30' WHERE entry=5094;
UPDATE gameobject SET guid=199411 WHERE guid=63625;
UPDATE pool_gameobject SET guid=199411, pool_entry=10247, description='Howling Fjord 189979, node 30' WHERE guid=63625;
UPDATE gameobject SET guid=199410 WHERE guid=57685;
UPDATE pool_gameobject SET guid=199410, pool_entry=10248, description='Howling Fjord 189978, node 31' WHERE guid=57685;
UPDATE pool_pool SET pool_id=10248, description='Howling Fjord mineral, node 31' WHERE pool_id=5095;
UPDATE pool_template SET entry=10248, description='Howling Fjord mineral, node 31' WHERE entry=5095;
UPDATE gameobject SET guid=199409 WHERE guid=63638;
UPDATE pool_gameobject SET guid=199409, pool_entry=10248, description='Howling Fjord 189979, node 31' WHERE guid=63638;
UPDATE gameobject SET guid=199408 WHERE guid=63654;
UPDATE pool_gameobject SET guid=199408, pool_entry=10249, description='Howling Fjord 189979, node 32' WHERE guid=63654;
UPDATE pool_pool SET pool_id=10249, description='Howling Fjord mineral, node 32' WHERE pool_id=5096;
UPDATE pool_template SET entry=10249, description='Howling Fjord mineral, node 32' WHERE entry=5096;
UPDATE gameobject SET guid=199407 WHERE guid=58736;
UPDATE pool_gameobject SET guid=199407, pool_entry=10249, description='Howling Fjord 189978, node 32' WHERE guid=58736;
UPDATE gameobject SET guid=199406 WHERE guid=58753;
UPDATE pool_gameobject SET guid=199406, pool_entry=10250, description='Howling Fjord 189978, node 33' WHERE guid=58753;
UPDATE pool_pool SET pool_id=10250, description='Howling Fjord mineral, node 33' WHERE pool_id=5097;
UPDATE pool_template SET entry=10250, description='Howling Fjord mineral, node 33' WHERE entry=5097;
UPDATE gameobject SET guid=199405 WHERE guid=63656;
UPDATE pool_gameobject SET guid=199405, pool_entry=10250, description='Howling Fjord 189979, node 33' WHERE guid=63656;
UPDATE gameobject SET guid=199404 WHERE guid=58762;
UPDATE pool_gameobject SET guid=199404, pool_entry=10251, description='Howling Fjord 189978, node 34' WHERE guid=58762;
UPDATE pool_pool SET pool_id=10251, description='Howling Fjord mineral, node 34' WHERE pool_id=5098;
UPDATE pool_template SET entry=10251, description='Howling Fjord mineral, node 34' WHERE entry=5098;
UPDATE gameobject SET guid=199403 WHERE guid=63663;
UPDATE pool_gameobject SET guid=199403, pool_entry=10251, description='Howling Fjord 189979, node 34' WHERE guid=63663;
UPDATE gameobject SET guid=199402 WHERE guid=58767;
UPDATE pool_gameobject SET guid=199402, pool_entry=10252, description='Howling Fjord 189978, node 35' WHERE guid=58767;
UPDATE pool_pool SET pool_id=10252, description='Howling Fjord mineral, node 35' WHERE pool_id=5099;
UPDATE pool_template SET entry=10252, description='Howling Fjord mineral, node 35' WHERE entry=5099;
UPDATE gameobject SET guid=199401 WHERE guid=63668;
UPDATE pool_gameobject SET guid=199401, pool_entry=10252, description='Howling Fjord 189979, node 35' WHERE guid=63668;
UPDATE gameobject SET guid=199400 WHERE guid=59082;
UPDATE pool_gameobject SET guid=199400, pool_entry=10253, description='Howling Fjord 189978, node 36' WHERE guid=59082;
UPDATE pool_pool SET pool_id=10253, description='Howling Fjord mineral, node 36' WHERE pool_id=5100;
UPDATE pool_template SET entry=10253, description='Howling Fjord mineral, node 36' WHERE entry=5100;
UPDATE gameobject SET guid=199399 WHERE guid=63682;
UPDATE pool_gameobject SET guid=199399, pool_entry=10253, description='Howling Fjord 189979, node 36' WHERE guid=63682;
UPDATE gameobject SET guid=199398 WHERE guid=59121;
UPDATE pool_gameobject SET guid=199398, pool_entry=10254, description='Howling Fjord 189978, node 37' WHERE guid=59121;
UPDATE pool_pool SET pool_id=10254, description='Howling Fjord mineral, node 37' WHERE pool_id=5101;
UPDATE pool_template SET entry=10254, description='Howling Fjord mineral, node 37' WHERE entry=5101;
UPDATE gameobject SET guid=199397 WHERE guid=63684;
UPDATE pool_gameobject SET guid=199397, pool_entry=10254, description='Howling Fjord 189979, node 37' WHERE guid=63684;
UPDATE gameobject SET guid=199396 WHERE guid=59288;
UPDATE pool_gameobject SET guid=199396, pool_entry=10255, description='Howling Fjord 189978, node 38' WHERE guid=59288;
UPDATE pool_pool SET pool_id=10255, description='Howling Fjord mineral, node 38' WHERE pool_id=5102;
UPDATE pool_template SET entry=10255, description='Howling Fjord mineral, node 38' WHERE entry=5102;
UPDATE gameobject SET guid=199395 WHERE guid=63687;
UPDATE pool_gameobject SET guid=199395, pool_entry=10255, description='Howling Fjord 189979, node 38' WHERE guid=63687;
UPDATE gameobject SET guid=199394 WHERE guid=59385;
UPDATE pool_gameobject SET guid=199394, pool_entry=10256, description='Howling Fjord 189978, node 39' WHERE guid=59385;
UPDATE pool_pool SET pool_id=10256, description='Howling Fjord mineral, node 39' WHERE pool_id=5103;
UPDATE pool_template SET entry=10256, description='Howling Fjord mineral, node 39' WHERE entry=5103;
UPDATE gameobject SET guid=199393 WHERE guid=63688;
UPDATE pool_gameobject SET guid=199393, pool_entry=10256, description='Howling Fjord 189979, node 39' WHERE guid=63688;
UPDATE gameobject SET guid=199392 WHERE guid=63690;
UPDATE pool_gameobject SET guid=199392, pool_entry=10257, description='Howling Fjord 189979, node 40' WHERE guid=63690;
UPDATE pool_pool SET pool_id=10257, description='Howling Fjord mineral, node 40' WHERE pool_id=5104;
UPDATE pool_template SET entry=10257, description='Howling Fjord mineral, node 40' WHERE entry=5104;
UPDATE gameobject SET guid=199391 WHERE guid=59592;
UPDATE pool_gameobject SET guid=199391, pool_entry=10257, description='Howling Fjord 189978, node 40' WHERE guid=59592;
UPDATE gameobject SET guid=199390 WHERE guid=59594;
UPDATE pool_gameobject SET guid=199390, pool_entry=10258, description='Howling Fjord 189978, node 41' WHERE guid=59594;
UPDATE pool_pool SET pool_id=10258, description='Howling Fjord mineral, node 41' WHERE pool_id=5105;
UPDATE pool_template SET entry=10258, description='Howling Fjord mineral, node 41' WHERE entry=5105;
UPDATE gameobject SET guid=199389 WHERE guid=63692;
UPDATE pool_gameobject SET guid=199389, pool_entry=10258, description='Howling Fjord 189979, node 41' WHERE guid=63692;
UPDATE gameobject SET guid=199388 WHERE guid=59611;
UPDATE pool_gameobject SET guid=199388, pool_entry=10259, description='Howling Fjord 189978, node 42' WHERE guid=59611;
UPDATE pool_pool SET pool_id=10259, description='Howling Fjord mineral, node 42' WHERE pool_id=5106;
UPDATE pool_template SET entry=10259, description='Howling Fjord mineral, node 42' WHERE entry=5106;
UPDATE gameobject SET guid=199387 WHERE guid=63693;
UPDATE pool_gameobject SET guid=199387, pool_entry=10259, description='Howling Fjord 189979, node 42' WHERE guid=63693;
UPDATE gameobject SET guid=199386 WHERE guid=59620;
UPDATE pool_gameobject SET guid=199386, pool_entry=10260, description='Howling Fjord 189978, node 43' WHERE guid=59620;
UPDATE pool_pool SET pool_id=10260, description='Howling Fjord mineral, node 43' WHERE pool_id=5107;
UPDATE pool_template SET entry=10260, description='Howling Fjord mineral, node 43' WHERE entry=5107;
UPDATE gameobject SET guid=199385 WHERE guid=63695;
UPDATE pool_gameobject SET guid=199385, pool_entry=10260, description='Howling Fjord 189979, node 43' WHERE guid=63695;
UPDATE gameobject SET guid=199384 WHERE guid=60012;
UPDATE pool_gameobject SET guid=199384, pool_entry=10261, description='Howling Fjord 189978, node 44' WHERE guid=60012;
UPDATE pool_pool SET pool_id=10261, description='Howling Fjord mineral, node 44' WHERE pool_id=5108;
UPDATE pool_template SET entry=10261, description='Howling Fjord mineral, node 44' WHERE entry=5108;
UPDATE gameobject SET guid=199383 WHERE guid=63698;
UPDATE pool_gameobject SET guid=199383, pool_entry=10261, description='Howling Fjord 189979, node 44' WHERE guid=63698;
UPDATE gameobject SET guid=199382 WHERE guid=60013;
UPDATE pool_gameobject SET guid=199382, pool_entry=10262, description='Howling Fjord 189978, node 45' WHERE guid=60013;
UPDATE pool_pool SET pool_id=10262, description='Howling Fjord mineral, node 45' WHERE pool_id=5109;
UPDATE pool_template SET entry=10262, description='Howling Fjord mineral, node 45' WHERE entry=5109;
UPDATE gameobject SET guid=199381 WHERE guid=63700;
UPDATE pool_gameobject SET guid=199381, pool_entry=10262, description='Howling Fjord 189979, node 45' WHERE guid=63700;
UPDATE gameobject SET guid=199380 WHERE guid=60014;
UPDATE pool_gameobject SET guid=199380, pool_entry=10263, description='Howling Fjord 189978, node 46' WHERE guid=60014;
UPDATE pool_pool SET pool_id=10263, description='Howling Fjord mineral, node 46' WHERE pool_id=5110;
UPDATE pool_template SET entry=10263, description='Howling Fjord mineral, node 46' WHERE entry=5110;
UPDATE gameobject SET guid=199379 WHERE guid=63705;
UPDATE pool_gameobject SET guid=199379, pool_entry=10263, description='Howling Fjord 189979, node 46' WHERE guid=63705;
UPDATE gameobject SET guid=199378 WHERE guid=60133;
UPDATE pool_gameobject SET guid=199378, pool_entry=10264, description='Howling Fjord 189978, node 47' WHERE guid=60133;
UPDATE pool_pool SET pool_id=10264, description='Howling Fjord mineral, node 47' WHERE pool_id=5111;
UPDATE pool_template SET entry=10264, description='Howling Fjord mineral, node 47' WHERE entry=5111;
UPDATE gameobject SET guid=199377 WHERE guid=63707;
UPDATE pool_gameobject SET guid=199377, pool_entry=10264, description='Howling Fjord 189979, node 47' WHERE guid=63707;
UPDATE gameobject SET guid=199376 WHERE guid=63710;
UPDATE pool_gameobject SET guid=199376, pool_entry=10265, description='Howling Fjord 189979, node 48' WHERE guid=63710;
UPDATE pool_pool SET pool_id=10265, description='Howling Fjord mineral, node 48' WHERE pool_id=5112;
UPDATE pool_template SET entry=10265, description='Howling Fjord mineral, node 48' WHERE entry=5112;
UPDATE gameobject SET guid=199375 WHERE guid=60134;
UPDATE pool_gameobject SET guid=199375, pool_entry=10265, description='Howling Fjord 189978, node 48' WHERE guid=60134;
UPDATE gameobject SET guid=199374 WHERE guid=60136;
UPDATE pool_gameobject SET guid=199374, pool_entry=10266, description='Howling Fjord 189978, node 49' WHERE guid=60136;
UPDATE pool_pool SET pool_id=10266, description='Howling Fjord mineral, node 49' WHERE pool_id=5113;
UPDATE pool_template SET entry=10266, description='Howling Fjord mineral, node 49' WHERE entry=5113;
UPDATE gameobject SET guid=199373 WHERE guid=63730;
UPDATE pool_gameobject SET guid=199373, pool_entry=10266, description='Howling Fjord 189979, node 49' WHERE guid=63730;
UPDATE gameobject SET guid=199372 WHERE guid=60137;
UPDATE pool_gameobject SET guid=199372, pool_entry=10267, description='Howling Fjord 189978, node 50' WHERE guid=60137;
UPDATE pool_pool SET pool_id=10267, description='Howling Fjord mineral, node 50' WHERE pool_id=5114;
UPDATE pool_template SET entry=10267, description='Howling Fjord mineral, node 50' WHERE entry=5114;
UPDATE gameobject SET guid=199371 WHERE guid=63731;
UPDATE pool_gameobject SET guid=199371, pool_entry=10267, description='Howling Fjord 189979, node 50' WHERE guid=63731;
UPDATE gameobject SET guid=199370 WHERE guid=60143;
UPDATE pool_gameobject SET guid=199370, pool_entry=10268, description='Howling Fjord 189978, node 51' WHERE guid=60143;
UPDATE pool_pool SET pool_id=10268, description='Howling Fjord mineral, node 51' WHERE pool_id=5115;
UPDATE pool_template SET entry=10268, description='Howling Fjord mineral, node 51' WHERE entry=5115;
UPDATE gameobject SET guid=199369 WHERE guid=63738;
UPDATE pool_gameobject SET guid=199369, pool_entry=10268, description='Howling Fjord 189979, node 51' WHERE guid=63738;
UPDATE gameobject SET guid=199368 WHERE guid=60147;
UPDATE pool_gameobject SET guid=199368, pool_entry=10269, description='Howling Fjord 189978, node 52' WHERE guid=60147;
UPDATE pool_pool SET pool_id=10269, description='Howling Fjord mineral, node 52' WHERE pool_id=5116;
UPDATE pool_template SET entry=10269, description='Howling Fjord mineral, node 52' WHERE entry=5116;
UPDATE gameobject SET guid=199367 WHERE guid=63739;
UPDATE pool_gameobject SET guid=199367, pool_entry=10269, description='Howling Fjord 189979, node 52' WHERE guid=63739;
UPDATE gameobject SET guid=199366 WHERE guid=60150;
UPDATE pool_gameobject SET guid=199366, pool_entry=10270, description='Howling Fjord 189978, node 53' WHERE guid=60150;
UPDATE pool_pool SET pool_id=10270, description='Howling Fjord mineral, node 53' WHERE pool_id=5117;
UPDATE pool_template SET entry=10270, description='Howling Fjord mineral, node 53' WHERE entry=5117;
UPDATE gameobject SET guid=199365 WHERE guid=63741;
UPDATE pool_gameobject SET guid=199365, pool_entry=10270, description='Howling Fjord 189979, node 53' WHERE guid=63741;
UPDATE gameobject SET guid=199364 WHERE guid=60155;
UPDATE pool_gameobject SET guid=199364, pool_entry=10271, description='Howling Fjord 189978, node 54' WHERE guid=60155;
UPDATE pool_pool SET pool_id=10271, description='Howling Fjord mineral, node 54' WHERE pool_id=5118;
UPDATE pool_template SET entry=10271, description='Howling Fjord mineral, node 54' WHERE entry=5118;
UPDATE gameobject SET guid=199363 WHERE guid=63743;
UPDATE pool_gameobject SET guid=199363, pool_entry=10271, description='Howling Fjord 189979, node 54' WHERE guid=63743;
UPDATE gameobject SET guid=199362 WHERE guid=60187;
UPDATE pool_gameobject SET guid=199362, pool_entry=10272, description='Howling Fjord 189978, node 55' WHERE guid=60187;
UPDATE pool_pool SET pool_id=10272, description='Howling Fjord mineral, node 55' WHERE pool_id=5119;
UPDATE pool_template SET entry=10272, description='Howling Fjord mineral, node 55' WHERE entry=5119;
UPDATE gameobject SET guid=199361 WHERE guid=63745;
UPDATE pool_gameobject SET guid=199361, pool_entry=10272, description='Howling Fjord 189979, node 55' WHERE guid=63745;
UPDATE gameobject SET guid=199360 WHERE guid=63746;
UPDATE pool_gameobject SET guid=199360, pool_entry=10273, description='Howling Fjord 189979, node 56' WHERE guid=63746;
UPDATE pool_pool SET pool_id=10273, description='Howling Fjord mineral, node 56' WHERE pool_id=5120;
UPDATE pool_template SET entry=10273, description='Howling Fjord mineral, node 56' WHERE entry=5120;
UPDATE gameobject SET guid=199359 WHERE guid=61124;
UPDATE pool_gameobject SET guid=199359, pool_entry=10273, description='Howling Fjord 189978, node 56' WHERE guid=61124;
UPDATE gameobject SET guid=199358 WHERE guid=66858;
UPDATE pool_gameobject SET guid=199358, pool_entry=10274, description='Howling Fjord 189978, node 57' WHERE guid=66858;
UPDATE pool_pool SET pool_id=10274, description='Howling Fjord mineral, node 57' WHERE pool_id=5277;
UPDATE pool_template SET entry=10274, description='Howling Fjord mineral, node 57' WHERE entry=5277;
UPDATE gameobject SET guid=199357 WHERE guid=66911;
UPDATE pool_gameobject SET guid=199357, pool_entry=10274, description='Howling Fjord 189979, node 57' WHERE guid=66911;
UPDATE gameobject SET guid=199356 WHERE guid=66875;
UPDATE pool_gameobject SET guid=199356, pool_entry=10275, description='Howling Fjord 189978, node 58' WHERE guid=66875;
UPDATE pool_pool SET pool_id=10275, description='Howling Fjord mineral, node 58' WHERE pool_id=5278;
UPDATE pool_template SET entry=10275, description='Howling Fjord mineral, node 58' WHERE entry=5278;
UPDATE gameobject SET guid=199355 WHERE guid=66928;
UPDATE pool_gameobject SET guid=199355, pool_entry=10275, description='Howling Fjord 189979, node 58' WHERE guid=66928;
UPDATE gameobject SET guid=199354 WHERE guid=66876;
UPDATE pool_gameobject SET guid=199354, pool_entry=10276, description='Howling Fjord 189978, node 59' WHERE guid=66876;
UPDATE pool_pool SET pool_id=10276, description='Howling Fjord mineral, node 59' WHERE pool_id=5279;
UPDATE pool_template SET entry=10276, description='Howling Fjord mineral, node 59' WHERE entry=5279;
UPDATE gameobject SET guid=199353 WHERE guid=66929;
UPDATE pool_gameobject SET guid=199353, pool_entry=10276, description='Howling Fjord 189979, node 59' WHERE guid=66929;
UPDATE gameobject SET guid=199352 WHERE guid=66868;
UPDATE pool_gameobject SET guid=199352, pool_entry=10277, description='Howling Fjord 189978, node 60' WHERE guid=66868;
UPDATE pool_pool SET pool_id=10277, description='Howling Fjord mineral, node 60' WHERE pool_id=5280;
UPDATE pool_template SET entry=10277, description='Howling Fjord mineral, node 60' WHERE entry=5280;
UPDATE gameobject SET guid=199351 WHERE guid=66921;
UPDATE pool_gameobject SET guid=199351, pool_entry=10277, description='Howling Fjord 189979, node 60' WHERE guid=66921;
UPDATE gameobject SET guid=199350 WHERE guid=66869;
UPDATE pool_gameobject SET guid=199350, pool_entry=10278, description='Howling Fjord 189978, node 61' WHERE guid=66869;
UPDATE pool_pool SET pool_id=10278, description='Howling Fjord mineral, node 61' WHERE pool_id=5281;
UPDATE pool_template SET entry=10278, description='Howling Fjord mineral, node 61' WHERE entry=5281;
UPDATE gameobject SET guid=199349 WHERE guid=66922;
UPDATE pool_gameobject SET guid=199349, pool_entry=10278, description='Howling Fjord 189979, node 61' WHERE guid=66922;
UPDATE gameobject SET guid=199348 WHERE guid=66843;
UPDATE pool_gameobject SET guid=199348, pool_entry=10279, description='Howling Fjord 189978, node 62' WHERE guid=66843;
UPDATE pool_pool SET pool_id=10279, description='Howling Fjord mineral, node 62' WHERE pool_id=5282;
UPDATE pool_template SET entry=10279, description='Howling Fjord mineral, node 62' WHERE entry=5282;
UPDATE gameobject SET guid=199347 WHERE guid=66896;
UPDATE pool_gameobject SET guid=199347, pool_entry=10279, description='Howling Fjord 189979, node 62' WHERE guid=66896;
-- dragonblight
UPDATE gameobject SET guid=199346 WHERE guid=56129;
UPDATE pool_gameobject SET guid=199346, pool_entry=10280, description='Dragonblight 189978, node 1' WHERE guid=56129;
UPDATE pool_pool SET pool_id=10280, description='Dragonblight mineral, node 1' WHERE pool_id=5123;
UPDATE pool_template SET entry=10280, description='Dragonblight mineral, node 1' WHERE entry=5123;
UPDATE gameobject SET guid=199345 WHERE guid=60240;
UPDATE pool_gameobject SET guid=199345, pool_entry=10280, description='Dragonblight 189979, node 1' WHERE guid=60240;
UPDATE gameobject SET guid=199344 WHERE guid=56142;
UPDATE pool_gameobject SET guid=199344, pool_entry=10281, description='Dragonblight 189978, node 2' WHERE guid=56142;
UPDATE pool_pool SET pool_id=10281, description='Dragonblight mineral, node 2' WHERE pool_id=5124;
UPDATE pool_template SET entry=10281, description='Dragonblight mineral, node 2' WHERE entry=5124;
UPDATE gameobject SET guid=199343 WHERE guid=60251;
UPDATE pool_gameobject SET guid=199343, pool_entry=10281, description='Dragonblight 189979, node 2' WHERE guid=60251;
UPDATE gameobject SET guid=199342 WHERE guid=60447;
UPDATE pool_gameobject SET guid=199342, pool_entry=10282, description='Dragonblight 189979, node 3' WHERE guid=60447;
UPDATE pool_pool SET pool_id=10282, description='Dragonblight mineral, node 3' WHERE pool_id=5125;
UPDATE pool_template SET entry=10282, description='Dragonblight mineral, node 3' WHERE entry=5125;
UPDATE gameobject SET guid=199341 WHERE guid=56143;
UPDATE pool_gameobject SET guid=199341, pool_entry=10282, description='Dragonblight 189978, node 3' WHERE guid=56143;
UPDATE gameobject SET guid=199340 WHERE guid=56145;
UPDATE pool_gameobject SET guid=199340, pool_entry=10283, description='Dragonblight 189978, node 4' WHERE guid=56145;
UPDATE pool_pool SET pool_id=10283, description='Dragonblight mineral, node 4' WHERE pool_id=5126;
UPDATE pool_template SET entry=10283, description='Dragonblight mineral, node 4' WHERE entry=5126;
UPDATE gameobject SET guid=199339 WHERE guid=60738;
UPDATE pool_gameobject SET guid=199339, pool_entry=10283, description='Dragonblight 189979, node 4' WHERE guid=60738;
UPDATE gameobject SET guid=199338 WHERE guid=56148;
UPDATE pool_gameobject SET guid=199338, pool_entry=10284, description='Dragonblight 189978, node 5' WHERE guid=56148;
UPDATE pool_pool SET pool_id=10284, description='Dragonblight mineral, node 5' WHERE pool_id=5127;
UPDATE pool_template SET entry=10284, description='Dragonblight mineral, node 5' WHERE entry=5127;
UPDATE gameobject SET guid=199337 WHERE guid=60859;
UPDATE pool_gameobject SET guid=199337, pool_entry=10284, description='Dragonblight 189979, node 5' WHERE guid=60859;
UPDATE gameobject SET guid=199336 WHERE guid=56149;
UPDATE pool_gameobject SET guid=199336, pool_entry=10285, description='Dragonblight 189978, node 6' WHERE guid=56149;
UPDATE pool_pool SET pool_id=10285, description='Dragonblight mineral, node 6' WHERE pool_id=5128;
UPDATE pool_template SET entry=10285, description='Dragonblight mineral, node 6' WHERE entry=5128;
UPDATE gameobject SET guid=199335 WHERE guid=61071;
UPDATE pool_gameobject SET guid=199335, pool_entry=10285, description='Dragonblight 189979, node 6' WHERE guid=61071;
UPDATE gameobject SET guid=199334 WHERE guid=58166;
UPDATE pool_gameobject SET guid=199334, pool_entry=10286, description='Dragonblight 189978, node 7' WHERE guid=58166;
UPDATE pool_pool SET pool_id=10286, description='Dragonblight mineral, node 7' WHERE pool_id=5129;
UPDATE pool_template SET entry=10286, description='Dragonblight mineral, node 7' WHERE entry=5129;
UPDATE gameobject SET guid=199333 WHERE guid=61078;
UPDATE pool_gameobject SET guid=199333, pool_entry=10286, description='Dragonblight 189979, node 7' WHERE guid=61078;
UPDATE gameobject SET guid=199332 WHERE guid=58711;
UPDATE pool_gameobject SET guid=199332, pool_entry=10287, description='Dragonblight 189978, node 8' WHERE guid=58711;
UPDATE pool_pool SET pool_id=10287, description='Dragonblight mineral, node 8' WHERE pool_id=5130;
UPDATE pool_template SET entry=10287, description='Dragonblight mineral, node 8' WHERE entry=5130;
UPDATE gameobject SET guid=199331 WHERE guid=61082;
UPDATE pool_gameobject SET guid=199331, pool_entry=10287, description='Dragonblight 189979, node 8' WHERE guid=61082;
UPDATE gameobject SET guid=199330 WHERE guid=58734;
UPDATE pool_gameobject SET guid=199330, pool_entry=10288, description='Dragonblight 189978, node 9' WHERE guid=58734;
UPDATE pool_pool SET pool_id=10288, description='Dragonblight mineral, node 9' WHERE pool_id=5131;
UPDATE pool_template SET entry=10288, description='Dragonblight mineral, node 9' WHERE entry=5131;
UPDATE gameobject SET guid=199329 WHERE guid=61086;
UPDATE pool_gameobject SET guid=199329, pool_entry=10288, description='Dragonblight 189979, node 9' WHERE guid=61086;
UPDATE gameobject SET guid=199328 WHERE guid=58737;
UPDATE pool_gameobject SET guid=199328, pool_entry=10289, description='Dragonblight 189978, node 10' WHERE guid=58737;
UPDATE pool_pool SET pool_id=10289, description='Dragonblight mineral, node 10' WHERE pool_id=5132;
UPDATE pool_template SET entry=10289, description='Dragonblight mineral, node 10' WHERE entry=5132;
UPDATE gameobject SET guid=199327 WHERE guid=61222;
UPDATE pool_gameobject SET guid=199327, pool_entry=10289, description='Dragonblight 189979, node 10' WHERE guid=61222;
UPDATE gameobject SET guid=199326 WHERE guid=61995;
UPDATE pool_gameobject SET guid=199326, pool_entry=10290, description='Dragonblight 189979, node 11' WHERE guid=61995;
UPDATE pool_pool SET pool_id=10290, description='Dragonblight mineral, node 11' WHERE pool_id=5133;
UPDATE pool_template SET entry=10290, description='Dragonblight mineral, node 11' WHERE entry=5133;
UPDATE gameobject SET guid=199325 WHERE guid=60015;
UPDATE pool_gameobject SET guid=199325, pool_entry=10290, description='Dragonblight 189978, node 11' WHERE guid=60015;
UPDATE gameobject SET guid=199324 WHERE guid=60018;
UPDATE pool_gameobject SET guid=199324, pool_entry=10291, description='Dragonblight 189978, node 12' WHERE guid=60018;
UPDATE pool_pool SET pool_id=10291, description='Dragonblight mineral, node 12' WHERE pool_id=5134;
UPDATE pool_template SET entry=10291, description='Dragonblight mineral, node 12' WHERE entry=5134;
UPDATE gameobject SET guid=199323 WHERE guid=63752;
UPDATE pool_gameobject SET guid=199323, pool_entry=10291, description='Dragonblight 189979, node 12' WHERE guid=63752;
UPDATE gameobject SET guid=199322 WHERE guid=60019;
UPDATE pool_gameobject SET guid=199322, pool_entry=10292, description='Dragonblight 189978, node 13' WHERE guid=60019;
UPDATE pool_pool SET pool_id=10292, description='Dragonblight mineral, node 13' WHERE pool_id=5135;
UPDATE pool_template SET entry=10292, description='Dragonblight mineral, node 13' WHERE entry=5135;
UPDATE gameobject SET guid=199321 WHERE guid=63753;
UPDATE pool_gameobject SET guid=199321, pool_entry=10292, description='Dragonblight 189979, node 13' WHERE guid=63753;
UPDATE gameobject SET guid=199320 WHERE guid=60177;
UPDATE pool_gameobject SET guid=199320, pool_entry=10293, description='Dragonblight 189978, node 14' WHERE guid=60177;
UPDATE pool_pool SET pool_id=10293, description='Dragonblight mineral, node 14' WHERE pool_id=5136;
UPDATE pool_template SET entry=10293, description='Dragonblight mineral, node 14' WHERE entry=5136;
UPDATE gameobject SET guid=199319 WHERE guid=63754;
UPDATE pool_gameobject SET guid=199319, pool_entry=10293, description='Dragonblight 189979, node 14' WHERE guid=63754;
UPDATE gameobject SET guid=199318 WHERE guid=63755;
UPDATE pool_gameobject SET guid=199318, pool_entry=10294, description='Dragonblight 189979, node 15' WHERE guid=63755;
UPDATE pool_pool SET pool_id=10294, description='Dragonblight mineral, node 15' WHERE pool_id=5137;
UPDATE pool_template SET entry=10294, description='Dragonblight mineral, node 15' WHERE entry=5137;
UPDATE gameobject SET guid=199317 WHERE guid=66691;
UPDATE pool_gameobject SET guid=199317, pool_entry=10294, description='Dragonblight 189978, node 15' WHERE guid=66691;
UPDATE gameobject SET guid=199316 WHERE guid=56134;
UPDATE pool_gameobject SET guid=199316, pool_entry=10295, description='Dragonblight 189978, node 16' WHERE guid=56134;
UPDATE pool_pool SET pool_id=10295, description='Dragonblight mineral, node 16' WHERE pool_id=5138;
UPDATE pool_template SET entry=10295, description='Dragonblight mineral, node 16' WHERE entry=5138;
UPDATE gameobject SET guid=199315 WHERE guid=63763;
UPDATE pool_gameobject SET guid=199315, pool_entry=10295, description='Dragonblight 189979, node 16' WHERE guid=63763;
UPDATE gameobject SET guid=199314 WHERE guid=56136;
UPDATE pool_gameobject SET guid=199314, pool_entry=10296, description='Dragonblight 189978, node 17' WHERE guid=56136;
UPDATE pool_pool SET pool_id=10296, description='Dragonblight mineral, node 17' WHERE pool_id=5139;
UPDATE pool_template SET entry=10296, description='Dragonblight mineral, node 17' WHERE entry=5139;
UPDATE gameobject SET guid=199313 WHERE guid=63772;
UPDATE pool_gameobject SET guid=199313, pool_entry=10296, description='Dragonblight 189979, node 17' WHERE guid=63772;
UPDATE gameobject SET guid=199312 WHERE guid=56137;
UPDATE pool_gameobject SET guid=199312, pool_entry=10297, description='Dragonblight 189978, node 18' WHERE guid=56137;
UPDATE pool_pool SET pool_id=10297, description='Dragonblight mineral, node 18' WHERE pool_id=5140;
UPDATE pool_template SET entry=10297, description='Dragonblight mineral, node 18' WHERE entry=5140;
UPDATE gameobject SET guid=199311 WHERE guid=63785;
UPDATE pool_gameobject SET guid=199311, pool_entry=10297, description='Dragonblight 189979, node 18' WHERE guid=63785;
UPDATE gameobject SET guid=199310 WHERE guid=63786;
UPDATE pool_gameobject SET guid=199310, pool_entry=10298, description='Dragonblight 189979, node 19' WHERE guid=63786;
UPDATE pool_pool SET pool_id=10298, description='Dragonblight mineral, node 19' WHERE pool_id=5141;
UPDATE pool_template SET entry=10298, description='Dragonblight mineral, node 19' WHERE entry=5141;
UPDATE gameobject SET guid=199309 WHERE guid=56140;
UPDATE pool_gameobject SET guid=199309, pool_entry=10298, description='Dragonblight 189978, node 19' WHERE guid=56140;
UPDATE gameobject SET guid=199308 WHERE guid=56144;
UPDATE pool_gameobject SET guid=199308, pool_entry=10299, description='Dragonblight 189978, node 20' WHERE guid=56144;
UPDATE pool_pool SET pool_id=10299, description='Dragonblight mineral, node 20' WHERE pool_id=5142;
UPDATE pool_template SET entry=10299, description='Dragonblight mineral, node 20' WHERE entry=5142;
UPDATE gameobject SET guid=199307 WHERE guid=63814;
UPDATE pool_gameobject SET guid=199307, pool_entry=10299, description='Dragonblight 189979, node 20' WHERE guid=63814;
UPDATE gameobject SET guid=199306 WHERE guid=56146;
UPDATE pool_gameobject SET guid=199306, pool_entry=10300, description='Dragonblight 189978, node 21' WHERE guid=56146;
UPDATE pool_pool SET pool_id=10300, description='Dragonblight mineral, node 21' WHERE pool_id=5143;
UPDATE pool_template SET entry=10300, description='Dragonblight mineral, node 21' WHERE entry=5143;
UPDATE gameobject SET guid=199305 WHERE guid=63815;
UPDATE pool_gameobject SET guid=199305, pool_entry=10300, description='Dragonblight 189979, node 21' WHERE guid=63815;
UPDATE gameobject SET guid=199304 WHERE guid=56147;
UPDATE pool_gameobject SET guid=199304, pool_entry=10301, description='Dragonblight 189978, node 22' WHERE guid=56147;
UPDATE pool_pool SET pool_id=10301, description='Dragonblight mineral, node 22' WHERE pool_id=5144;
UPDATE pool_template SET entry=10301, description='Dragonblight mineral, node 22' WHERE entry=5144;
UPDATE gameobject SET guid=199303 WHERE guid=63816;
UPDATE pool_gameobject SET guid=199303, pool_entry=10301, description='Dragonblight 189979, node 22' WHERE guid=63816;
UPDATE gameobject SET guid=199302 WHERE guid=56150;
UPDATE pool_gameobject SET guid=199302, pool_entry=10302, description='Dragonblight 189978, node 23' WHERE guid=56150;
UPDATE pool_pool SET pool_id=10302, description='Dragonblight mineral, node 23' WHERE pool_id=5145;
UPDATE pool_template SET entry=10302, description='Dragonblight mineral, node 23' WHERE entry=5145;
UPDATE gameobject SET guid=199301 WHERE guid=63817;
UPDATE pool_gameobject SET guid=199301, pool_entry=10302, description='Dragonblight 189979, node 23' WHERE guid=63817;
UPDATE gameobject SET guid=199300 WHERE guid=56151;
UPDATE pool_gameobject SET guid=199300, pool_entry=10303, description='Dragonblight 189978, node 24' WHERE guid=56151;
UPDATE pool_pool SET pool_id=10303, description='Dragonblight mineral, node 24' WHERE pool_id=5146;
UPDATE pool_template SET entry=10303, description='Dragonblight mineral, node 24' WHERE entry=5146;
UPDATE gameobject SET guid=199299 WHERE guid=63818;
UPDATE pool_gameobject SET guid=199299, pool_entry=10303, description='Dragonblight 189979, node 24' WHERE guid=63818;
UPDATE gameobject SET guid=199298 WHERE guid=56152;
UPDATE pool_gameobject SET guid=199298, pool_entry=10304, description='Dragonblight 189978, node 25' WHERE guid=56152;
UPDATE pool_pool SET pool_id=10304, description='Dragonblight mineral, node 25' WHERE pool_id=5147;
UPDATE pool_template SET entry=10304, description='Dragonblight mineral, node 25' WHERE entry=5147;
UPDATE gameobject SET guid=199297 WHERE guid=63819;
UPDATE pool_gameobject SET guid=199297, pool_entry=10304, description='Dragonblight 189979, node 25' WHERE guid=63819;
UPDATE gameobject SET guid=199296 WHERE guid=56157;
UPDATE pool_gameobject SET guid=199296, pool_entry=10305, description='Dragonblight 189978, node 26' WHERE guid=56157;
UPDATE pool_pool SET pool_id=10305, description='Dragonblight mineral, node 26' WHERE pool_id=5148;
UPDATE pool_template SET entry=10305, description='Dragonblight mineral, node 26' WHERE entry=5148;
UPDATE gameobject SET guid=199295 WHERE guid=63820;
UPDATE pool_gameobject SET guid=199295, pool_entry=10305, description='Dragonblight 189979, node 26' WHERE guid=63820;
UPDATE gameobject SET guid=199294 WHERE guid=63822;
UPDATE pool_gameobject SET guid=199294, pool_entry=10306, description='Dragonblight 189979, node 27' WHERE guid=63822;
UPDATE pool_pool SET pool_id=10306, description='Dragonblight mineral, node 27' WHERE pool_id=5149;
UPDATE pool_template SET entry=10306, description='Dragonblight mineral, node 27' WHERE entry=5149;
UPDATE gameobject SET guid=199293 WHERE guid=56234;
UPDATE pool_gameobject SET guid=199293, pool_entry=10306, description='Dragonblight 189978, node 27' WHERE guid=56234;
UPDATE gameobject SET guid=199292 WHERE guid=56455;
UPDATE pool_gameobject SET guid=199292, pool_entry=10307, description='Dragonblight 189978, node 28' WHERE guid=56455;
UPDATE pool_pool SET pool_id=10307, description='Dragonblight mineral, node 28' WHERE pool_id=5150;
UPDATE pool_template SET entry=10307, description='Dragonblight mineral, node 28' WHERE entry=5150;
UPDATE gameobject SET guid=199291 WHERE guid=63825;
UPDATE pool_gameobject SET guid=199291, pool_entry=10307, description='Dragonblight 189979, node 28' WHERE guid=63825;
UPDATE gameobject SET guid=199290 WHERE guid=56527;
UPDATE pool_gameobject SET guid=199290, pool_entry=10308, description='Dragonblight 189978, node 29' WHERE guid=56527;
UPDATE pool_pool SET pool_id=10308, description='Dragonblight mineral, node 29' WHERE pool_id=5151;
UPDATE pool_template SET entry=10308, description='Dragonblight mineral, node 29' WHERE entry=5151;
UPDATE gameobject SET guid=199289 WHERE guid=63826;
UPDATE pool_gameobject SET guid=199289, pool_entry=10308, description='Dragonblight 189979, node 29' WHERE guid=63826;
UPDATE gameobject SET guid=199288 WHERE guid=58703;
UPDATE pool_gameobject SET guid=199288, pool_entry=10309, description='Dragonblight 189978, node 30' WHERE guid=58703;
UPDATE pool_pool SET pool_id=10309, description='Dragonblight mineral, node 30' WHERE pool_id=5152;
UPDATE pool_template SET entry=10309, description='Dragonblight mineral, node 30' WHERE entry=5152;
UPDATE gameobject SET guid=199287 WHERE guid=63827;
UPDATE pool_gameobject SET guid=199287, pool_entry=10309, description='Dragonblight 189979, node 30' WHERE guid=63827;
UPDATE gameobject SET guid=199286 WHERE guid=58731;
UPDATE pool_gameobject SET guid=199286, pool_entry=10310, description='Dragonblight 189978, node 31' WHERE guid=58731;
UPDATE pool_pool SET pool_id=10310, description='Dragonblight mineral, node 31' WHERE pool_id=5153;
UPDATE pool_template SET entry=10310, description='Dragonblight mineral, node 31' WHERE entry=5153;
UPDATE gameobject SET guid=199285 WHERE guid=63828;
UPDATE pool_gameobject SET guid=199285, pool_entry=10310, description='Dragonblight 189979, node 31' WHERE guid=63828;
UPDATE gameobject SET guid=199284 WHERE guid=58732;
UPDATE pool_gameobject SET guid=199284, pool_entry=10311, description='Dragonblight 189978, node 32' WHERE guid=58732;
UPDATE pool_pool SET pool_id=10311, description='Dragonblight mineral, node 32' WHERE pool_id=5154;
UPDATE pool_template SET entry=10311, description='Dragonblight mineral, node 32' WHERE entry=5154;
UPDATE gameobject SET guid=199283 WHERE guid=63829;
UPDATE pool_gameobject SET guid=199283, pool_entry=10311, description='Dragonblight 189979, node 32' WHERE guid=63829;
UPDATE gameobject SET guid=199282 WHERE guid=58738;
UPDATE pool_gameobject SET guid=199282, pool_entry=10312, description='Dragonblight 189978, node 33' WHERE guid=58738;
UPDATE pool_pool SET pool_id=10312, description='Dragonblight mineral, node 33' WHERE pool_id=5155;
UPDATE pool_template SET entry=10312, description='Dragonblight mineral, node 33' WHERE entry=5155;
UPDATE gameobject SET guid=199281 WHERE guid=63830;
UPDATE pool_gameobject SET guid=199281, pool_entry=10312, description='Dragonblight 189979, node 33' WHERE guid=63830;
UPDATE gameobject SET guid=199280 WHERE guid=58745;
UPDATE pool_gameobject SET guid=199280, pool_entry=10313, description='Dragonblight 189978, node 34' WHERE guid=58745;
UPDATE pool_pool SET pool_id=10313, description='Dragonblight mineral, node 34' WHERE pool_id=5156;
UPDATE pool_template SET entry=10313, description='Dragonblight mineral, node 34' WHERE entry=5156;
UPDATE gameobject SET guid=199279 WHERE guid=63831;
UPDATE pool_gameobject SET guid=199279, pool_entry=10313, description='Dragonblight 189979, node 34' WHERE guid=63831;
UPDATE gameobject SET guid=199278 WHERE guid=63832;
UPDATE pool_gameobject SET guid=199278, pool_entry=10314, description='Dragonblight 189979, node 35' WHERE guid=63832;
UPDATE pool_pool SET pool_id=10314, description='Dragonblight mineral, node 35' WHERE pool_id=5157;
UPDATE pool_template SET entry=10314, description='Dragonblight mineral, node 35' WHERE entry=5157;
UPDATE gameobject SET guid=199277 WHERE guid=58746;
UPDATE pool_gameobject SET guid=199277, pool_entry=10314, description='Dragonblight 189978, node 35' WHERE guid=58746;
UPDATE gameobject SET guid=199276 WHERE guid=58749;
UPDATE pool_gameobject SET guid=199276, pool_entry=10315, description='Dragonblight 189978, node 36' WHERE guid=58749;
UPDATE pool_pool SET pool_id=10315, description='Dragonblight mineral, node 36' WHERE pool_id=5158;
UPDATE pool_template SET entry=10315, description='Dragonblight mineral, node 36' WHERE entry=5158;
UPDATE gameobject SET guid=199275 WHERE guid=63833;
UPDATE pool_gameobject SET guid=199275, pool_entry=10315, description='Dragonblight 189979, node 36' WHERE guid=63833;
UPDATE gameobject SET guid=199274 WHERE guid=58752;
UPDATE pool_gameobject SET guid=199274, pool_entry=10316, description='Dragonblight 189978, node 37' WHERE guid=58752;
UPDATE pool_pool SET pool_id=10316, description='Dragonblight mineral, node 37' WHERE pool_id=5159;
UPDATE pool_template SET entry=10316, description='Dragonblight mineral, node 37' WHERE entry=5159;
UPDATE gameobject SET guid=199273 WHERE guid=63834;
UPDATE pool_gameobject SET guid=199273, pool_entry=10316, description='Dragonblight 189979, node 37' WHERE guid=63834;
UPDATE gameobject SET guid=199272 WHERE guid=58754;
UPDATE pool_gameobject SET guid=199272, pool_entry=10317, description='Dragonblight 189978, node 38' WHERE guid=58754;
UPDATE pool_pool SET pool_id=10317, description='Dragonblight mineral, node 38' WHERE pool_id=5160;
UPDATE pool_template SET entry=10317, description='Dragonblight mineral, node 38' WHERE entry=5160;
UPDATE gameobject SET guid=199271 WHERE guid=63835;
UPDATE pool_gameobject SET guid=199271, pool_entry=10317, description='Dragonblight 189979, node 38' WHERE guid=63835;
UPDATE gameobject SET guid=199270 WHERE guid=58755;
UPDATE pool_gameobject SET guid=199270, pool_entry=10318, description='Dragonblight 189978, node 39' WHERE guid=58755;
UPDATE pool_pool SET pool_id=10318, description='Dragonblight mineral, node 39' WHERE pool_id=5161;
UPDATE pool_template SET entry=10318, description='Dragonblight mineral, node 39' WHERE entry=5161;
UPDATE gameobject SET guid=199269 WHERE guid=63838;
UPDATE pool_gameobject SET guid=199269, pool_entry=10318, description='Dragonblight 189979, node 39' WHERE guid=63838;
UPDATE gameobject SET guid=199268 WHERE guid=58760;
UPDATE pool_gameobject SET guid=199268, pool_entry=10319, description='Dragonblight 189978, node 40' WHERE guid=58760;
UPDATE pool_pool SET pool_id=10319, description='Dragonblight mineral, node 40' WHERE pool_id=5162;
UPDATE pool_template SET entry=10319, description='Dragonblight mineral, node 40' WHERE entry=5162;
UPDATE gameobject SET guid=199267 WHERE guid=63839;
UPDATE pool_gameobject SET guid=199267, pool_entry=10319, description='Dragonblight 189979, node 40' WHERE guid=63839;
UPDATE gameobject SET guid=199266 WHERE guid=58761;
UPDATE pool_gameobject SET guid=199266, pool_entry=10320, description='Dragonblight 189978, node 41' WHERE guid=58761;
UPDATE pool_pool SET pool_id=10320, description='Dragonblight mineral, node 41' WHERE pool_id=5163;
UPDATE pool_template SET entry=10320, description='Dragonblight mineral, node 41' WHERE entry=5163;
UPDATE gameobject SET guid=199265 WHERE guid=63840;
UPDATE pool_gameobject SET guid=199265, pool_entry=10320, description='Dragonblight 189979, node 41' WHERE guid=63840;
UPDATE gameobject SET guid=199264 WHERE guid=58763;
UPDATE pool_gameobject SET guid=199264, pool_entry=10321, description='Dragonblight 189978, node 42' WHERE guid=58763;
UPDATE pool_pool SET pool_id=10321, description='Dragonblight mineral, node 42' WHERE pool_id=5164;
UPDATE pool_template SET entry=10321, description='Dragonblight mineral, node 42' WHERE entry=5164;
UPDATE gameobject SET guid=199263 WHERE guid=63841;
UPDATE pool_gameobject SET guid=199263, pool_entry=10321, description='Dragonblight 189979, node 42' WHERE guid=63841;
UPDATE gameobject SET guid=199262 WHERE guid=63842;
UPDATE pool_gameobject SET guid=199262, pool_entry=10322, description='Dragonblight 189979, node 43' WHERE guid=63842;
UPDATE pool_pool SET pool_id=10322, description='Dragonblight mineral, node 43' WHERE pool_id=5165;
UPDATE pool_template SET entry=10322, description='Dragonblight mineral, node 43' WHERE entry=5165;
UPDATE gameobject SET guid=199261 WHERE guid=58765;
UPDATE pool_gameobject SET guid=199261, pool_entry=10322, description='Dragonblight 189978, node 43' WHERE guid=58765;
UPDATE gameobject SET guid=199260 WHERE guid=58766;
UPDATE pool_gameobject SET guid=199260, pool_entry=10323, description='Dragonblight 189978, node 44' WHERE guid=58766;
UPDATE pool_pool SET pool_id=10323, description='Dragonblight mineral, node 44' WHERE pool_id=5166;
UPDATE pool_template SET entry=10323, description='Dragonblight mineral, node 44' WHERE entry=5166;
UPDATE gameobject SET guid=199259 WHERE guid=63846;
UPDATE pool_gameobject SET guid=199259, pool_entry=10323, description='Dragonblight 189979, node 44' WHERE guid=63846;
UPDATE gameobject SET guid=199258 WHERE guid=59009;
UPDATE pool_gameobject SET guid=199258, pool_entry=10324, description='Dragonblight 189978, node 45' WHERE guid=59009;
UPDATE pool_pool SET pool_id=10324, description='Dragonblight mineral, node 45' WHERE pool_id=5167;
UPDATE pool_template SET entry=10324, description='Dragonblight mineral, node 45' WHERE entry=5167;
UPDATE gameobject SET guid=199257 WHERE guid=63847;
UPDATE pool_gameobject SET guid=199257, pool_entry=10324, description='Dragonblight 189979, node 45' WHERE guid=63847;
UPDATE gameobject SET guid=199256 WHERE guid=59287;
UPDATE pool_gameobject SET guid=199256, pool_entry=10325, description='Dragonblight 189978, node 46' WHERE guid=59287;
UPDATE pool_pool SET pool_id=10325, description='Dragonblight mineral, node 46' WHERE pool_id=5168;
UPDATE pool_template SET entry=10325, description='Dragonblight mineral, node 46' WHERE entry=5168;
UPDATE gameobject SET guid=199255 WHERE guid=63848;
UPDATE pool_gameobject SET guid=199255, pool_entry=10325, description='Dragonblight 189979, node 46' WHERE guid=63848;
UPDATE gameobject SET guid=199254 WHERE guid=60116;
UPDATE pool_gameobject SET guid=199254, pool_entry=10326, description='Dragonblight 189978, node 47' WHERE guid=60116;
UPDATE pool_pool SET pool_id=10326, description='Dragonblight mineral, node 47' WHERE pool_id=5169;
UPDATE pool_template SET entry=10326, description='Dragonblight mineral, node 47' WHERE entry=5169;
UPDATE gameobject SET guid=199253 WHERE guid=63849;
UPDATE pool_gameobject SET guid=199253, pool_entry=10326, description='Dragonblight 189979, node 47' WHERE guid=63849;
UPDATE gameobject SET guid=199252 WHERE guid=60141;
UPDATE pool_gameobject SET guid=199252, pool_entry=10327, description='Dragonblight 189978, node 48' WHERE guid=60141;
UPDATE pool_pool SET pool_id=10327, description='Dragonblight mineral, node 48' WHERE pool_id=5170;
UPDATE pool_template SET entry=10327, description='Dragonblight mineral, node 48' WHERE entry=5170;
UPDATE gameobject SET guid=199251 WHERE guid=63851;
UPDATE pool_gameobject SET guid=199251, pool_entry=10327, description='Dragonblight 189979, node 48' WHERE guid=63851;
UPDATE gameobject SET guid=199250 WHERE guid=60159;
UPDATE pool_gameobject SET guid=199250, pool_entry=10328, description='Dragonblight 189978, node 49' WHERE guid=60159;
UPDATE pool_pool SET pool_id=10328, description='Dragonblight mineral, node 49' WHERE pool_id=5171;
UPDATE pool_template SET entry=10328, description='Dragonblight mineral, node 49' WHERE entry=5171;
UPDATE gameobject SET guid=199249 WHERE guid=63852;
UPDATE pool_gameobject SET guid=199249, pool_entry=10328, description='Dragonblight 189979, node 49' WHERE guid=63852;
UPDATE gameobject SET guid=199248 WHERE guid=60161;
UPDATE pool_gameobject SET guid=199248, pool_entry=10329, description='Dragonblight 189978, node 50' WHERE guid=60161;
UPDATE pool_pool SET pool_id=10329, description='Dragonblight mineral, node 50' WHERE pool_id=5172;
UPDATE pool_template SET entry=10329, description='Dragonblight mineral, node 50' WHERE entry=5172;
UPDATE gameobject SET guid=199247 WHERE guid=63855;
UPDATE pool_gameobject SET guid=199247, pool_entry=10329, description='Dragonblight 189979, node 50' WHERE guid=63855;
UPDATE gameobject SET guid=199246 WHERE guid=63862;
UPDATE pool_gameobject SET guid=199246, pool_entry=10330, description='Dragonblight 189979, node 51' WHERE guid=63862;
UPDATE pool_pool SET pool_id=10330, description='Dragonblight mineral, node 51' WHERE pool_id=5173;
UPDATE pool_template SET entry=10330, description='Dragonblight mineral, node 51' WHERE entry=5173;
UPDATE gameobject SET guid=199245 WHERE guid=60184;
UPDATE pool_gameobject SET guid=199245, pool_entry=10330, description='Dragonblight 189978, node 51' WHERE guid=60184;
UPDATE gameobject SET guid=199244 WHERE guid=60185;
UPDATE pool_gameobject SET guid=199244, pool_entry=10331, description='Dragonblight 189978, node 52' WHERE guid=60185;
UPDATE pool_pool SET pool_id=10331, description='Dragonblight mineral, node 52' WHERE pool_id=5174;
UPDATE pool_template SET entry=10331, description='Dragonblight mineral, node 52' WHERE entry=5174;
UPDATE gameobject SET guid=199243 WHERE guid=63864;
UPDATE pool_gameobject SET guid=199243, pool_entry=10331, description='Dragonblight 189979, node 52' WHERE guid=63864;
UPDATE gameobject SET guid=199242 WHERE guid=60186;
UPDATE pool_gameobject SET guid=199242, pool_entry=10332, description='Dragonblight 189978, node 53' WHERE guid=60186;
UPDATE pool_pool SET pool_id=10332, description='Dragonblight mineral, node 53' WHERE pool_id=5175;
UPDATE pool_template SET entry=10332, description='Dragonblight mineral, node 53' WHERE entry=5175;
UPDATE gameobject SET guid=199241 WHERE guid=63866;
UPDATE pool_gameobject SET guid=199241, pool_entry=10332, description='Dragonblight 189979, node 53' WHERE guid=63866;
UPDATE gameobject SET guid=199240 WHERE guid=60188;
UPDATE pool_gameobject SET guid=199240, pool_entry=10333, description='Dragonblight 189978, node 54' WHERE guid=60188;
UPDATE pool_pool SET pool_id=10333, description='Dragonblight mineral, node 54' WHERE pool_id=5176;
UPDATE pool_template SET entry=10333, description='Dragonblight mineral, node 54' WHERE entry=5176;
UPDATE gameobject SET guid=199239 WHERE guid=63867;
UPDATE pool_gameobject SET guid=199239, pool_entry=10333, description='Dragonblight 189979, node 54' WHERE guid=63867;
UPDATE gameobject SET guid=199238 WHERE guid=60596;
UPDATE pool_gameobject SET guid=199238, pool_entry=10334, description='Dragonblight 189978, node 55' WHERE guid=60596;
UPDATE pool_pool SET pool_id=10334, description='Dragonblight mineral, node 55' WHERE pool_id=5177;
UPDATE pool_template SET entry=10334, description='Dragonblight mineral, node 55' WHERE entry=5177;
UPDATE gameobject SET guid=199237 WHERE guid=63868;
UPDATE pool_gameobject SET guid=199237, pool_entry=10334, description='Dragonblight 189979, node 55' WHERE guid=63868;
UPDATE gameobject SET guid=199236 WHERE guid=61077;
UPDATE pool_gameobject SET guid=199236, pool_entry=10335, description='Dragonblight 189978, node 56' WHERE guid=61077;
UPDATE pool_pool SET pool_id=10335, description='Dragonblight mineral, node 56' WHERE pool_id=5178;
UPDATE pool_template SET entry=10335, description='Dragonblight mineral, node 56' WHERE entry=5178;
UPDATE gameobject SET guid=199235 WHERE guid=63870;
UPDATE pool_gameobject SET guid=199235, pool_entry=10335, description='Dragonblight 189979, node 56' WHERE guid=63870;
UPDATE gameobject SET guid=199234 WHERE guid=61079;
UPDATE pool_gameobject SET guid=199234, pool_entry=10336, description='Dragonblight 189978, node 57' WHERE guid=61079;
UPDATE pool_pool SET pool_id=10336, description='Dragonblight mineral, node 57' WHERE pool_id=5179;
UPDATE pool_template SET entry=10336, description='Dragonblight mineral, node 57' WHERE entry=5179;
UPDATE gameobject SET guid=199233 WHERE guid=63872;
UPDATE pool_gameobject SET guid=199233, pool_entry=10336, description='Dragonblight 189979, node 57' WHERE guid=63872;
UPDATE gameobject SET guid=199232 WHERE guid=61818;
UPDATE pool_gameobject SET guid=199232, pool_entry=10337, description='Dragonblight 189978, node 58' WHERE guid=61818;
UPDATE pool_pool SET pool_id=10337, description='Dragonblight mineral, node 58' WHERE pool_id=5180;
UPDATE pool_template SET entry=10337, description='Dragonblight mineral, node 58' WHERE entry=5180;
UPDATE gameobject SET guid=199231 WHERE guid=63875;
UPDATE pool_gameobject SET guid=199231, pool_entry=10337, description='Dragonblight 189979, node 58' WHERE guid=63875;
UPDATE gameobject SET guid=199230 WHERE guid=63876;
UPDATE pool_gameobject SET guid=199230, pool_entry=10338, description='Dragonblight 189979, node 59' WHERE guid=63876;
UPDATE pool_pool SET pool_id=10338, description='Dragonblight mineral, node 59' WHERE pool_id=5239;
UPDATE pool_template SET entry=10338, description='Dragonblight mineral, node 59' WHERE entry=5239;
UPDATE gameobject SET guid=199229 WHERE guid=61929;
UPDATE pool_gameobject SET guid=199229, pool_entry=10338, description='Dragonblight 189978, node 59' WHERE guid=61929;
UPDATE gameobject SET guid=199228 WHERE guid=66841;
UPDATE pool_gameobject SET guid=199228, pool_entry=10339, description='Dragonblight 189978, node 60' WHERE guid=66841;
UPDATE pool_pool SET pool_id=10339, description='Dragonblight mineral, node 60' WHERE pool_id=5244;
UPDATE pool_template SET entry=10339, description='Dragonblight mineral, node 60' WHERE entry=5244;
UPDATE gameobject SET guid=199227 WHERE guid=66894;
UPDATE pool_gameobject SET guid=199227, pool_entry=10339, description='Dragonblight 189979, node 60' WHERE guid=66894;
UPDATE gameobject SET guid=199226 WHERE guid=66844;
UPDATE pool_gameobject SET guid=199226, pool_entry=10340, description='Dragonblight 189978, node 61' WHERE guid=66844;
UPDATE pool_pool SET pool_id=10340, description='Dragonblight mineral, node 61' WHERE pool_id=5245;
UPDATE pool_template SET entry=10340, description='Dragonblight mineral, node 61' WHERE entry=5245;
UPDATE gameobject SET guid=199225 WHERE guid=66897;
UPDATE pool_gameobject SET guid=199225, pool_entry=10340, description='Dragonblight 189979, node 61' WHERE guid=66897;
UPDATE gameobject SET guid=199224 WHERE guid=60173;
UPDATE pool_gameobject SET guid=199224, pool_entry=10341, description='Dragonblight 189978, node 62' WHERE guid=60173;
UPDATE pool_pool SET pool_id=10341, description='Dragonblight mineral, node 62' WHERE pool_id=5246;
UPDATE pool_template SET entry=10341, description='Dragonblight mineral, node 62' WHERE entry=5246;
UPDATE gameobject SET guid=199223 WHERE guid=66848;
UPDATE pool_gameobject SET guid=199223, pool_entry=10341, description='Dragonblight 189979, node 62' WHERE guid=66848;
UPDATE gameobject SET guid=199222 WHERE guid=66849;
UPDATE pool_gameobject SET guid=199222, pool_entry=10342, description='Dragonblight 189978, node 63' WHERE guid=66849;
UPDATE pool_pool SET pool_id=10342, description='Dragonblight mineral, node 63' WHERE pool_id=5247;
UPDATE pool_template SET entry=10342, description='Dragonblight mineral, node 63' WHERE entry=5247;
UPDATE gameobject SET guid=199221 WHERE guid=66902;
UPDATE pool_gameobject SET guid=199221, pool_entry=10342, description='Dragonblight 189979, node 63' WHERE guid=66902;
UPDATE gameobject SET guid=199220 WHERE guid=66850;
UPDATE pool_gameobject SET guid=199220, pool_entry=10343, description='Dragonblight 189978, node 64' WHERE guid=66850;
UPDATE pool_pool SET pool_id=10343, description='Dragonblight mineral, node 64' WHERE pool_id=5248;
UPDATE pool_template SET entry=10343, description='Dragonblight mineral, node 64' WHERE entry=5248;
UPDATE gameobject SET guid=199219 WHERE guid=66903;
UPDATE pool_gameobject SET guid=199219, pool_entry=10343, description='Dragonblight 189979, node 64' WHERE guid=66903;
UPDATE gameobject SET guid=199218 WHERE guid=66846;
UPDATE pool_gameobject SET guid=199218, pool_entry=10344, description='Dragonblight 189978, node 65' WHERE guid=66846;
UPDATE pool_pool SET pool_id=10344, description='Dragonblight mineral, node 65' WHERE pool_id=5249;
UPDATE pool_template SET entry=10344, description='Dragonblight mineral, node 65' WHERE entry=5249;
UPDATE gameobject SET guid=199217 WHERE guid=66899;
UPDATE pool_gameobject SET guid=199217, pool_entry=10344, description='Dragonblight 189979, node 65' WHERE guid=66899;
UPDATE gameobject SET guid=199216 WHERE guid=66854;
UPDATE pool_gameobject SET guid=199216, pool_entry=10345, description='Dragonblight 189978, node 66' WHERE guid=66854;
UPDATE pool_pool SET pool_id=10345, description='Dragonblight mineral, node 66' WHERE pool_id=5250;
UPDATE pool_template SET entry=10345, description='Dragonblight mineral, node 66' WHERE entry=5250;
UPDATE gameobject SET guid=199215 WHERE guid=66907;
UPDATE pool_gameobject SET guid=199215, pool_entry=10345, description='Dragonblight 189979, node 66' WHERE guid=66907;
UPDATE gameobject SET guid=199214 WHERE guid=66908;
UPDATE pool_gameobject SET guid=199214, pool_entry=10346, description='Dragonblight 189979, node 67' WHERE guid=66908;
UPDATE pool_pool SET pool_id=10346, description='Dragonblight mineral, node 67' WHERE pool_id=5251;
UPDATE pool_template SET entry=10346, description='Dragonblight mineral, node 67' WHERE entry=5251;
UPDATE gameobject SET guid=199213 WHERE guid=66855;
UPDATE pool_gameobject SET guid=199213, pool_entry=10346, description='Dragonblight 189978, node 67' WHERE guid=66855;
UPDATE gameobject SET guid=199212 WHERE guid=66859;
UPDATE pool_gameobject SET guid=199212, pool_entry=10347, description='Dragonblight 189978, node 68' WHERE guid=66859;
UPDATE pool_pool SET pool_id=10347, description='Dragonblight mineral, node 68' WHERE pool_id=5252;
UPDATE pool_template SET entry=10347, description='Dragonblight mineral, node 68' WHERE entry=5252;
UPDATE gameobject SET guid=199211 WHERE guid=66912;
UPDATE pool_gameobject SET guid=199211, pool_entry=10347, description='Dragonblight 189979, node 68' WHERE guid=66912;
UPDATE gameobject SET guid=199210 WHERE guid=66878;
UPDATE pool_gameobject SET guid=199210, pool_entry=10348, description='Dragonblight 189978, node 69' WHERE guid=66878;
UPDATE pool_pool SET pool_id=10348, description='Dragonblight mineral, node 69' WHERE pool_id=5253;
UPDATE pool_template SET entry=10348, description='Dragonblight mineral, node 69' WHERE entry=5253;
UPDATE gameobject SET guid=199209 WHERE guid=66931;
UPDATE pool_gameobject SET guid=199209, pool_entry=10348, description='Dragonblight 189979, node 69' WHERE guid=66931;
UPDATE gameobject SET guid=199208 WHERE guid=66879;
UPDATE pool_gameobject SET guid=199208, pool_entry=10349, description='Dragonblight 189978, node 70' WHERE guid=66879;
UPDATE pool_pool SET pool_id=10349, description='Dragonblight mineral, node 70' WHERE pool_id=5254;
UPDATE pool_template SET entry=10349, description='Dragonblight mineral, node 70' WHERE entry=5254;
UPDATE gameobject SET guid=199207 WHERE guid=66932;
UPDATE pool_gameobject SET guid=199207, pool_entry=10349, description='Dragonblight 189979, node 70' WHERE guid=66932;
UPDATE gameobject SET guid=199206 WHERE guid=66883;
UPDATE pool_gameobject SET guid=199206, pool_entry=10350, description='Dragonblight 189978, node 71' WHERE guid=66883;
UPDATE pool_pool SET pool_id=10350, description='Dragonblight mineral, node 71' WHERE pool_id=5255;
UPDATE pool_template SET entry=10350, description='Dragonblight mineral, node 71' WHERE entry=5255;
UPDATE gameobject SET guid=199205 WHERE guid=66936;
UPDATE pool_gameobject SET guid=199205, pool_entry=10350, description='Dragonblight 189979, node 71' WHERE guid=66936;
-- grizzly hills
UPDATE gameobject SET guid=199204 WHERE guid=56163;
UPDATE pool_gameobject SET guid=199204, pool_entry=10351, description='Grizzly Hills 189978, node 1' WHERE guid=56163;
UPDATE pool_pool SET pool_id=10351, description='Grizzly Hills mineral, node 1' WHERE pool_id=5182;
UPDATE pool_template SET entry=10351, description='Grizzly Hills mineral, node 1' WHERE entry=5182;
UPDATE gameobject SET guid=199203 WHERE guid=61085;
UPDATE pool_gameobject SET guid=199203, pool_entry=10351, description='Grizzly Hills 189979, node 1' WHERE guid=61085;
UPDATE gameobject SET guid=199202 WHERE guid=56167;
UPDATE pool_gameobject SET guid=199202, pool_entry=10352, description='Grizzly Hills 189978, node 2' WHERE guid=56167;
UPDATE pool_pool SET pool_id=10352, description='Grizzly Hills mineral, node 2' WHERE pool_id=5183;
UPDATE pool_template SET entry=10352, description='Grizzly Hills mineral, node 2' WHERE entry=5183;
UPDATE gameobject SET guid=199201 WHERE guid=61152;
UPDATE pool_gameobject SET guid=199201, pool_entry=10352, description='Grizzly Hills 189979, node 2' WHERE guid=61152;
UPDATE gameobject SET guid=199200 WHERE guid=56172;
UPDATE pool_gameobject SET guid=199200, pool_entry=10353, description='Grizzly Hills 189978, node 3' WHERE guid=56172;
UPDATE pool_pool SET pool_id=10353, description='Grizzly Hills mineral, node 3' WHERE pool_id=5184;
UPDATE pool_template SET entry=10353, description='Grizzly Hills mineral, node 3' WHERE entry=5184;
UPDATE gameobject SET guid=199199 WHERE guid=61153;
UPDATE pool_gameobject SET guid=199199, pool_entry=10353, description='Grizzly Hills 189979, node 3' WHERE guid=61153;
UPDATE gameobject SET guid=199198 WHERE guid=56176;
UPDATE pool_gameobject SET guid=199198, pool_entry=10354, description='Grizzly Hills 189978, node 4' WHERE guid=56176;
UPDATE pool_pool SET pool_id=10354, description='Grizzly Hills mineral, node 4' WHERE pool_id=5185;
UPDATE pool_template SET entry=10354, description='Grizzly Hills mineral, node 4' WHERE entry=5185;
UPDATE gameobject SET guid=199197 WHERE guid=61163;
UPDATE pool_gameobject SET guid=199197, pool_entry=10354, description='Grizzly Hills 189979, node 4' WHERE guid=61163;
UPDATE gameobject SET guid=199196 WHERE guid=56177;
UPDATE pool_gameobject SET guid=199196, pool_entry=10355, description='Grizzly Hills 189978, node 5' WHERE guid=56177;
UPDATE pool_pool SET pool_id=10355, description='Grizzly Hills mineral, node 5' WHERE pool_id=5186;
UPDATE pool_template SET entry=10355, description='Grizzly Hills mineral, node 5' WHERE entry=5186;
UPDATE gameobject SET guid=199195 WHERE guid=63879;
UPDATE pool_gameobject SET guid=199195, pool_entry=10355, description='Grizzly Hills 189979, node 5' WHERE guid=63879;
UPDATE gameobject SET guid=199194 WHERE guid=56179;
UPDATE pool_gameobject SET guid=199194, pool_entry=10356, description='Grizzly Hills 189978, node 6' WHERE guid=56179;
UPDATE pool_pool SET pool_id=10356, description='Grizzly Hills mineral, node 6' WHERE pool_id=5187;
UPDATE pool_template SET entry=10356, description='Grizzly Hills mineral, node 6' WHERE entry=5187;
UPDATE gameobject SET guid=199193 WHERE guid=63880;
UPDATE pool_gameobject SET guid=199193, pool_entry=10356, description='Grizzly Hills 189979, node 6' WHERE guid=63880;
UPDATE gameobject SET guid=199192 WHERE guid=56183;
UPDATE pool_gameobject SET guid=199192, pool_entry=10357, description='Grizzly Hills 189978, node 7' WHERE guid=56183;
UPDATE pool_pool SET pool_id=10357, description='Grizzly Hills mineral, node 7' WHERE pool_id=5188;
UPDATE pool_template SET entry=10357, description='Grizzly Hills mineral, node 7' WHERE entry=5188;
UPDATE gameobject SET guid=199191 WHERE guid=63881;
UPDATE pool_gameobject SET guid=199191, pool_entry=10357, description='Grizzly Hills 189979, node 7' WHERE guid=63881;
UPDATE gameobject SET guid=199190 WHERE guid=56213;
UPDATE pool_gameobject SET guid=199190, pool_entry=10358, description='Grizzly Hills 189978, node 8' WHERE guid=56213;
UPDATE pool_pool SET pool_id=10358, description='Grizzly Hills mineral, node 8' WHERE pool_id=5189;
UPDATE pool_template SET entry=10358, description='Grizzly Hills mineral, node 8' WHERE entry=5189;
UPDATE gameobject SET guid=199189 WHERE guid=63883;
UPDATE pool_gameobject SET guid=199189, pool_entry=10358, description='Grizzly Hills 189979, node 8' WHERE guid=63883;
UPDATE gameobject SET guid=199188 WHERE guid=56423;
UPDATE pool_gameobject SET guid=199188, pool_entry=10359, description='Grizzly Hills 189978, node 9' WHERE guid=56423;
UPDATE pool_pool SET pool_id=10359, description='Grizzly Hills mineral, node 9' WHERE pool_id=5190;
UPDATE pool_template SET entry=10359, description='Grizzly Hills mineral, node 9' WHERE entry=5190;
UPDATE gameobject SET guid=199187 WHERE guid=63884;
UPDATE pool_gameobject SET guid=199187, pool_entry=10359, description='Grizzly Hills 189979, node 9' WHERE guid=63884;
UPDATE gameobject SET guid=199186 WHERE guid=58110;
UPDATE pool_gameobject SET guid=199186, pool_entry=10360, description='Grizzly Hills 189978, node 10' WHERE guid=58110;
UPDATE pool_pool SET pool_id=10360, description='Grizzly Hills mineral, node 10' WHERE pool_id=5191;
UPDATE pool_template SET entry=10360, description='Grizzly Hills mineral, node 10' WHERE entry=5191;
UPDATE gameobject SET guid=199185 WHERE guid=63887;
UPDATE pool_gameobject SET guid=199185, pool_entry=10360, description='Grizzly Hills 189979, node 10' WHERE guid=63887;
UPDATE gameobject SET guid=199184 WHERE guid=58713;
UPDATE pool_gameobject SET guid=199184, pool_entry=10361, description='Grizzly Hills 189978, node 11' WHERE guid=58713;
UPDATE pool_pool SET pool_id=10361, description='Grizzly Hills mineral, node 11' WHERE pool_id=5192;
UPDATE pool_template SET entry=10361, description='Grizzly Hills mineral, node 11' WHERE entry=5192;
UPDATE gameobject SET guid=199183 WHERE guid=63888;
UPDATE pool_gameobject SET guid=199183, pool_entry=10361, description='Grizzly Hills 189979, node 11' WHERE guid=63888;
UPDATE gameobject SET guid=199182 WHERE guid=59196;
UPDATE pool_gameobject SET guid=199182, pool_entry=10362, description='Grizzly Hills 189978, node 12' WHERE guid=59196;
UPDATE pool_pool SET pool_id=10362, description='Grizzly Hills mineral, node 12' WHERE pool_id=5193;
UPDATE pool_template SET entry=10362, description='Grizzly Hills mineral, node 12' WHERE entry=5193;
UPDATE gameobject SET guid=199181 WHERE guid=63893;
UPDATE pool_gameobject SET guid=199181, pool_entry=10362, description='Grizzly Hills 189979, node 12' WHERE guid=63893;
UPDATE gameobject SET guid=199180 WHERE guid=59447;
UPDATE pool_gameobject SET guid=199180, pool_entry=10363, description='Grizzly Hills 189978, node 13' WHERE guid=59447;
UPDATE pool_pool SET pool_id=10363, description='Grizzly Hills mineral, node 13' WHERE pool_id=5194;
UPDATE pool_template SET entry=10363, description='Grizzly Hills mineral, node 13' WHERE entry=5194;
UPDATE gameobject SET guid=199179 WHERE guid=63895;
UPDATE pool_gameobject SET guid=199179, pool_entry=10363, description='Grizzly Hills 189979, node 13' WHERE guid=63895;
UPDATE gameobject SET guid=199178 WHERE guid=59454;
UPDATE pool_gameobject SET guid=199178, pool_entry=10364, description='Grizzly Hills 189978, node 14' WHERE guid=59454;
UPDATE pool_pool SET pool_id=10364, description='Grizzly Hills mineral, node 14' WHERE pool_id=5195;
UPDATE pool_template SET entry=10364, description='Grizzly Hills mineral, node 14' WHERE entry=5195;
UPDATE gameobject SET guid=199177 WHERE guid=63897;
UPDATE pool_gameobject SET guid=199177, pool_entry=10364, description='Grizzly Hills 189979, node 14' WHERE guid=63897;
UPDATE gameobject SET guid=199176 WHERE guid=59591;
UPDATE pool_gameobject SET guid=199176, pool_entry=10365, description='Grizzly Hills 189978, node 15' WHERE guid=59591;
UPDATE pool_pool SET pool_id=10365, description='Grizzly Hills mineral, node 15' WHERE pool_id=5196;
UPDATE pool_template SET entry=10365, description='Grizzly Hills mineral, node 15' WHERE entry=5196;
UPDATE gameobject SET guid=199175 WHERE guid=63899;
UPDATE pool_gameobject SET guid=199175, pool_entry=10365, description='Grizzly Hills 189979, node 15' WHERE guid=63899;
UPDATE gameobject SET guid=199174 WHERE guid=60140;
UPDATE pool_gameobject SET guid=199174, pool_entry=10366, description='Grizzly Hills 189978, node 16' WHERE guid=60140;
UPDATE pool_pool SET pool_id=10366, description='Grizzly Hills mineral, node 16' WHERE pool_id=5197;
UPDATE pool_template SET entry=10366, description='Grizzly Hills mineral, node 16' WHERE entry=5197;
UPDATE gameobject SET guid=199173 WHERE guid=63904;
UPDATE pool_gameobject SET guid=199173, pool_entry=10366, description='Grizzly Hills 189979, node 16' WHERE guid=63904;
UPDATE gameobject SET guid=199172 WHERE guid=60145;
UPDATE pool_gameobject SET guid=199172, pool_entry=10367, description='Grizzly Hills 189978, node 17' WHERE guid=60145;
UPDATE pool_pool SET pool_id=10367, description='Grizzly Hills mineral, node 17' WHERE pool_id=5198;
UPDATE pool_template SET entry=10367, description='Grizzly Hills mineral, node 17' WHERE entry=5198;
UPDATE gameobject SET guid=199171 WHERE guid=63906;
UPDATE pool_gameobject SET guid=199171, pool_entry=10367, description='Grizzly Hills 189979, node 17' WHERE guid=63906;
UPDATE gameobject SET guid=199170 WHERE guid=60156;
UPDATE pool_gameobject SET guid=199170, pool_entry=10368, description='Grizzly Hills 189978, node 18' WHERE guid=60156;
UPDATE pool_pool SET pool_id=10368, description='Grizzly Hills mineral, node 18' WHERE pool_id=5199;
UPDATE pool_template SET entry=10368, description='Grizzly Hills mineral, node 18' WHERE entry=5199;
UPDATE gameobject SET guid=199169 WHERE guid=63907;
UPDATE pool_gameobject SET guid=199169, pool_entry=10368, description='Grizzly Hills 189979, node 18' WHERE guid=63907;
UPDATE gameobject SET guid=199168 WHERE guid=60157;
UPDATE pool_gameobject SET guid=199168, pool_entry=10369, description='Grizzly Hills 189978, node 19' WHERE guid=60157;
UPDATE pool_pool SET pool_id=10369, description='Grizzly Hills mineral, node 19' WHERE pool_id=5200;
UPDATE pool_template SET entry=10369, description='Grizzly Hills mineral, node 19' WHERE entry=5200;
UPDATE gameobject SET guid=199167 WHERE guid=63908;
UPDATE pool_gameobject SET guid=199167, pool_entry=10369, description='Grizzly Hills 189979, node 19' WHERE guid=63908;
UPDATE gameobject SET guid=199166 WHERE guid=60158;
UPDATE pool_gameobject SET guid=199166, pool_entry=10370, description='Grizzly Hills 189978, node 20' WHERE guid=60158;
UPDATE pool_pool SET pool_id=10370, description='Grizzly Hills mineral, node 20' WHERE pool_id=5201;
UPDATE pool_template SET entry=10370, description='Grizzly Hills mineral, node 20' WHERE entry=5201;
UPDATE gameobject SET guid=199165 WHERE guid=63909;
UPDATE pool_gameobject SET guid=199165, pool_entry=10370, description='Grizzly Hills 189979, node 20' WHERE guid=63909;
UPDATE gameobject SET guid=199164 WHERE guid=60162;
UPDATE pool_gameobject SET guid=199164, pool_entry=10371, description='Grizzly Hills 189978, node 21' WHERE guid=60162;
UPDATE pool_pool SET pool_id=10371, description='Grizzly Hills mineral, node 21' WHERE pool_id=5202;
UPDATE pool_template SET entry=10371, description='Grizzly Hills mineral, node 21' WHERE entry=5202;
UPDATE gameobject SET guid=199163 WHERE guid=63911;
UPDATE pool_gameobject SET guid=199163, pool_entry=10371, description='Grizzly Hills 189979, node 21' WHERE guid=63911;
UPDATE gameobject SET guid=199162 WHERE guid=60163;
UPDATE pool_gameobject SET guid=199162, pool_entry=10372, description='Grizzly Hills 189978, node 22' WHERE guid=60163;
UPDATE pool_pool SET pool_id=10372, description='Grizzly Hills mineral, node 22' WHERE pool_id=5203;
UPDATE pool_template SET entry=10372, description='Grizzly Hills mineral, node 22' WHERE entry=5203;
UPDATE gameobject SET guid=199161 WHERE guid=63912;
UPDATE pool_gameobject SET guid=199161, pool_entry=10372, description='Grizzly Hills 189979, node 22' WHERE guid=63912;
UPDATE gameobject SET guid=199160 WHERE guid=60166;
UPDATE pool_gameobject SET guid=199160, pool_entry=10373, description='Grizzly Hills 189978, node 23' WHERE guid=60166;
UPDATE pool_pool SET pool_id=10373, description='Grizzly Hills mineral, node 23' WHERE pool_id=5204;
UPDATE pool_template SET entry=10373, description='Grizzly Hills mineral, node 23' WHERE entry=5204;
UPDATE gameobject SET guid=199159 WHERE guid=63916;
UPDATE pool_gameobject SET guid=199159, pool_entry=10373, description='Grizzly Hills 189979, node 23' WHERE guid=63916;
UPDATE gameobject SET guid=199158 WHERE guid=60179;
UPDATE pool_gameobject SET guid=199158, pool_entry=10374, description='Grizzly Hills 189978, node 24' WHERE guid=60179;
UPDATE pool_pool SET pool_id=10374, description='Grizzly Hills mineral, node 24' WHERE pool_id=5205;
UPDATE pool_template SET entry=10374, description='Grizzly Hills mineral, node 24' WHERE entry=5205;
UPDATE gameobject SET guid=199157 WHERE guid=63917;
UPDATE pool_gameobject SET guid=199157, pool_entry=10374, description='Grizzly Hills 189979, node 24' WHERE guid=63917;
UPDATE gameobject SET guid=199156 WHERE guid=60180;
UPDATE pool_gameobject SET guid=199156, pool_entry=10375, description='Grizzly Hills 189978, node 25' WHERE guid=60180;
UPDATE pool_pool SET pool_id=10375, description='Grizzly Hills mineral, node 25' WHERE pool_id=5206;
UPDATE pool_template SET entry=10375, description='Grizzly Hills mineral, node 25' WHERE entry=5206;
UPDATE gameobject SET guid=199155 WHERE guid=63919;
UPDATE pool_gameobject SET guid=199155, pool_entry=10375, description='Grizzly Hills 189979, node 25' WHERE guid=63919;
UPDATE gameobject SET guid=199154 WHERE guid=60181;
UPDATE pool_gameobject SET guid=199154, pool_entry=10376, description='Grizzly Hills 189978, node 26' WHERE guid=60181;
UPDATE pool_pool SET pool_id=10376, description='Grizzly Hills mineral, node 26' WHERE pool_id=5207;
UPDATE pool_template SET entry=10376, description='Grizzly Hills mineral, node 26' WHERE entry=5207;
UPDATE gameobject SET guid=199153 WHERE guid=63924;
UPDATE pool_gameobject SET guid=199153, pool_entry=10376, description='Grizzly Hills 189979, node 26' WHERE guid=63924;
UPDATE gameobject SET guid=199152 WHERE guid=60182;
UPDATE pool_gameobject SET guid=199152, pool_entry=10377, description='Grizzly Hills 189978, node 27' WHERE guid=60182;
UPDATE pool_pool SET pool_id=10377, description='Grizzly Hills mineral, node 27' WHERE pool_id=5208;
UPDATE pool_template SET entry=10377, description='Grizzly Hills mineral, node 27' WHERE entry=5208;
UPDATE gameobject SET guid=199151 WHERE guid=63928;
UPDATE pool_gameobject SET guid=199151, pool_entry=10377, description='Grizzly Hills 189979, node 27' WHERE guid=63928;
UPDATE gameobject SET guid=199150 WHERE guid=60183;
UPDATE pool_gameobject SET guid=199150, pool_entry=10378, description='Grizzly Hills 189978, node 28' WHERE guid=60183;
UPDATE pool_pool SET pool_id=10378, description='Grizzly Hills mineral, node 28' WHERE pool_id=5209;
UPDATE pool_template SET entry=10378, description='Grizzly Hills mineral, node 28' WHERE entry=5209;
UPDATE gameobject SET guid=199149 WHERE guid=63980;
UPDATE pool_gameobject SET guid=199149, pool_entry=10378, description='Grizzly Hills 189979, node 28' WHERE guid=63980;
UPDATE gameobject SET guid=199148 WHERE guid=56128;
UPDATE pool_gameobject SET guid=199148, pool_entry=10379, description='Grizzly Hills 189978, node 29' WHERE guid=56128;
UPDATE pool_pool SET pool_id=10379, description='Grizzly Hills mineral, node 29' WHERE pool_id=5210;
UPDATE pool_template SET entry=10379, description='Grizzly Hills mineral, node 29' WHERE entry=5210;
UPDATE gameobject SET guid=199147 WHERE guid=63981;
UPDATE pool_gameobject SET guid=199147, pool_entry=10379, description='Grizzly Hills 189979, node 29' WHERE guid=63981;
UPDATE gameobject SET guid=199146 WHERE guid=56175;
UPDATE pool_gameobject SET guid=199146, pool_entry=10380, description='Grizzly Hills 189978, node 30' WHERE guid=56175;
UPDATE pool_pool SET pool_id=10380, description='Grizzly Hills mineral, node 30' WHERE pool_id=5211;
UPDATE pool_template SET entry=10380, description='Grizzly Hills mineral, node 30' WHERE entry=5211;
UPDATE gameobject SET guid=199145 WHERE guid=63983;
UPDATE pool_gameobject SET guid=199145, pool_entry=10380, description='Grizzly Hills 189979, node 30' WHERE guid=63983;
UPDATE gameobject SET guid=199144 WHERE guid=56236;
UPDATE pool_gameobject SET guid=199144, pool_entry=10381, description='Grizzly Hills 189978, node 31' WHERE guid=56236;
UPDATE pool_pool SET pool_id=10381, description='Grizzly Hills mineral, node 31' WHERE pool_id=5212;
UPDATE pool_template SET entry=10381, description='Grizzly Hills mineral, node 31' WHERE entry=5212;
UPDATE gameobject SET guid=199143 WHERE guid=63984;
UPDATE pool_gameobject SET guid=199143, pool_entry=10381, description='Grizzly Hills 189979, node 31' WHERE guid=63984;
UPDATE gameobject SET guid=199142 WHERE guid=59193;
UPDATE pool_gameobject SET guid=199142, pool_entry=10382, description='Grizzly Hills 189978, node 32' WHERE guid=59193;
UPDATE pool_pool SET pool_id=10382, description='Grizzly Hills mineral, node 32' WHERE pool_id=5213;
UPDATE pool_template SET entry=10382, description='Grizzly Hills mineral, node 32' WHERE entry=5213;
UPDATE gameobject SET guid=199141 WHERE guid=63985;
UPDATE pool_gameobject SET guid=199141, pool_entry=10382, description='Grizzly Hills 189979, node 32' WHERE guid=63985;
UPDATE gameobject SET guid=199140 WHERE guid=59241;
UPDATE pool_gameobject SET guid=199140, pool_entry=10383, description='Grizzly Hills 189978, node 33' WHERE guid=59241;
UPDATE pool_pool SET pool_id=10383, description='Grizzly Hills mineral, node 33' WHERE pool_id=5214;
UPDATE pool_template SET entry=10383, description='Grizzly Hills mineral, node 33' WHERE entry=5214;
UPDATE gameobject SET guid=199139 WHERE guid=63986;
UPDATE pool_gameobject SET guid=199139, pool_entry=10383, description='Grizzly Hills 189979, node 33' WHERE guid=63986;
UPDATE gameobject SET guid=199138 WHERE guid=59590;
UPDATE pool_gameobject SET guid=199138, pool_entry=10384, description='Grizzly Hills 189978, node 34' WHERE guid=59590;
UPDATE pool_pool SET pool_id=10384, description='Grizzly Hills mineral, node 34' WHERE pool_id=5215;
UPDATE pool_template SET entry=10384, description='Grizzly Hills mineral, node 34' WHERE entry=5215;
UPDATE gameobject SET guid=199137 WHERE guid=63993;
UPDATE pool_gameobject SET guid=199137, pool_entry=10384, description='Grizzly Hills 189979, node 34' WHERE guid=63993;
UPDATE gameobject SET guid=199136 WHERE guid=61083;
UPDATE pool_gameobject SET guid=199136, pool_entry=10385, description='Grizzly Hills 189978, node 35' WHERE guid=61083;
UPDATE pool_pool SET pool_id=10385, description='Grizzly Hills mineral, node 35' WHERE pool_id=5216;
UPDATE pool_template SET entry=10385, description='Grizzly Hills mineral, node 35' WHERE entry=5216;
UPDATE gameobject SET guid=199135 WHERE guid=63995;
UPDATE pool_gameobject SET guid=199135, pool_entry=10385, description='Grizzly Hills 189979, node 35' WHERE guid=63995;
UPDATE gameobject SET guid=199134 WHERE guid=66840;
UPDATE pool_gameobject SET guid=199134, pool_entry=10386, description='Grizzly Hills 189978, node 36' WHERE guid=66840;
UPDATE pool_pool SET pool_id=10386, description='Grizzly Hills mineral, node 36' WHERE pool_id=5240;
UPDATE pool_template SET entry=10386, description='Grizzly Hills mineral, node 36' WHERE entry=5240;
UPDATE gameobject SET guid=199133 WHERE guid=66893;
UPDATE pool_gameobject SET guid=199133, pool_entry=10386, description='Grizzly Hills 189979, node 36' WHERE guid=66893;
UPDATE gameobject SET guid=199132 WHERE guid=66870;
UPDATE pool_gameobject SET guid=199132, pool_entry=10387, description='Grizzly Hills 189978, node 37' WHERE guid=66870;
UPDATE pool_pool SET pool_id=10387, description='Grizzly Hills mineral, node 37' WHERE pool_id=5241;
UPDATE pool_template SET entry=10387, description='Grizzly Hills mineral, node 37' WHERE entry=5241;
UPDATE gameobject SET guid=199131 WHERE guid=66923;
UPDATE pool_gameobject SET guid=199131, pool_entry=10387, description='Grizzly Hills 189979, node 37' WHERE guid=66923;
UPDATE gameobject SET guid=199130 WHERE guid=66871;
UPDATE pool_gameobject SET guid=199130, pool_entry=10388, description='Grizzly Hills 189978, node 38' WHERE guid=66871;
UPDATE pool_pool SET pool_id=10388, description='Grizzly Hills mineral, node 38' WHERE pool_id=5242;
UPDATE pool_template SET entry=10388, description='Grizzly Hills mineral, node 38' WHERE entry=5242;
UPDATE gameobject SET guid=199129 WHERE guid=66924;
UPDATE pool_gameobject SET guid=199129, pool_entry=10388, description='Grizzly Hills 189979, node 38' WHERE guid=66924;
UPDATE gameobject SET guid=199128 WHERE guid=66877;
UPDATE pool_gameobject SET guid=199128, pool_entry=10389, description='Grizzly Hills 189978, node 39' WHERE guid=66877;
UPDATE pool_pool SET pool_id=10389, description='Grizzly Hills mineral, node 39' WHERE pool_id=5243;
UPDATE pool_template SET entry=10389, description='Grizzly Hills mineral, node 39' WHERE entry=5243;
UPDATE gameobject SET guid=199127 WHERE guid=66930;
UPDATE pool_gameobject SET guid=199127, pool_entry=10389, description='Grizzly Hills 189979, node 39' WHERE guid=66930;
-- zul'drak
UPDATE gameobject SET guid=199126 WHERE guid=56158;
UPDATE pool_gameobject SET guid=199126, pool_entry=10390, description='ZulDrak 189978, node 1' WHERE guid=56158;
UPDATE pool_pool SET pool_id=10390, description='ZulDrak mineral, node 1' WHERE pool_id=5217;
UPDATE pool_template SET entry=10390, description='ZulDrak mineral, node 1' WHERE entry=5217;
UPDATE gameobject SET guid=199125 WHERE guid=64009;
UPDATE pool_gameobject SET guid=199125, pool_entry=10390, description='ZulDrak 189979, node 1' WHERE guid=64009;
UPDATE gameobject SET guid=199124 WHERE guid=64922;
UPDATE pool_gameobject SET guid=199124, pool_entry=10390, description='ZulDrak 189980, node 1' WHERE guid=64922;
UPDATE gameobject SET guid=199123 WHERE guid=56185;
UPDATE pool_gameobject SET guid=199123, pool_entry=10391, description='ZulDrak 189978, node 2' WHERE guid=56185;
UPDATE pool_pool SET pool_id=10391, description='ZulDrak mineral, node 2' WHERE pool_id=5218;
UPDATE pool_template SET entry=10391, description='ZulDrak mineral, node 2' WHERE entry=5218;
UPDATE gameobject SET guid=199122 WHERE guid=64013;
UPDATE pool_gameobject SET guid=199122, pool_entry=10391, description='ZulDrak 189979, node 2' WHERE guid=64013;
UPDATE gameobject SET guid=199121 WHERE guid=64954;
UPDATE pool_gameobject SET guid=199121, pool_entry=10391, description='ZulDrak 189980, node 2' WHERE guid=64954;
UPDATE gameobject SET guid=199120 WHERE guid=56186;
UPDATE pool_gameobject SET guid=199120, pool_entry=10392, description='ZulDrak 189978, node 3' WHERE guid=56186;
UPDATE pool_pool SET pool_id=10392, description='ZulDrak mineral, node 3' WHERE pool_id=5219;
UPDATE pool_template SET entry=10392, description='ZulDrak mineral, node 3' WHERE entry=5219;
UPDATE gameobject SET guid=199119 WHERE guid=64017;
UPDATE pool_gameobject SET guid=199119, pool_entry=10392, description='ZulDrak 189979, node 3' WHERE guid=64017;
UPDATE gameobject SET guid=199118 WHERE guid=64956;
UPDATE pool_gameobject SET guid=199118, pool_entry=10392, description='ZulDrak 189980, node 3' WHERE guid=64956;
UPDATE gameobject SET guid=199117 WHERE guid=56187;
UPDATE pool_gameobject SET guid=199117, pool_entry=10393, description='ZulDrak 189978, node 4' WHERE guid=56187;
UPDATE pool_pool SET pool_id=10393, description='ZulDrak mineral, node 4' WHERE pool_id=5220;
UPDATE pool_template SET entry=10393, description='ZulDrak mineral, node 4' WHERE entry=5220;
UPDATE gameobject SET guid=199116 WHERE guid=64024;
UPDATE pool_gameobject SET guid=199116, pool_entry=10393, description='ZulDrak 189979, node 4' WHERE guid=64024;
UPDATE gameobject SET guid=199115 WHERE guid=64972;
UPDATE pool_gameobject SET guid=199115, pool_entry=10393, description='ZulDrak 189980, node 4' WHERE guid=64972;
UPDATE gameobject SET guid=199114 WHERE guid=64980;
UPDATE pool_gameobject SET guid=199114, pool_entry=10394, description='ZulDrak 189980, node 5' WHERE guid=64980;
UPDATE pool_pool SET pool_id=10394, description='ZulDrak mineral, node 5' WHERE pool_id=5221;
UPDATE pool_template SET entry=10394, description='ZulDrak mineral, node 5' WHERE entry=5221;
UPDATE gameobject SET guid=199113 WHERE guid=56188;
UPDATE pool_gameobject SET guid=199113, pool_entry=10394, description='ZulDrak 189978, node 5' WHERE guid=56188;
UPDATE gameobject SET guid=199112 WHERE guid=64030;
UPDATE pool_gameobject SET guid=199112, pool_entry=10394, description='ZulDrak 189979, node 5' WHERE guid=64030;
UPDATE gameobject SET guid=199111 WHERE guid=56189;
UPDATE pool_gameobject SET guid=199111, pool_entry=10395, description='ZulDrak 189978, node 6' WHERE guid=56189;
UPDATE pool_pool SET pool_id=10395, description='ZulDrak mineral, node 6' WHERE pool_id=5222;
UPDATE pool_template SET entry=10395, description='ZulDrak mineral, node 6' WHERE entry=5222;
UPDATE gameobject SET guid=199110 WHERE guid=64052;
UPDATE pool_gameobject SET guid=199110, pool_entry=10395, description='ZulDrak 189979, node 6' WHERE guid=64052;
UPDATE gameobject SET guid=199109 WHERE guid=64981;
UPDATE pool_gameobject SET guid=199109, pool_entry=10395, description='ZulDrak 189980, node 6' WHERE guid=64981;
UPDATE gameobject SET guid=199108 WHERE guid=56190;
UPDATE pool_gameobject SET guid=199108, pool_entry=10396, description='ZulDrak 189978, node 7' WHERE guid=56190;
UPDATE pool_pool SET pool_id=10396, description='ZulDrak mineral, node 7' WHERE pool_id=5223;
UPDATE pool_template SET entry=10396, description='ZulDrak mineral, node 7' WHERE entry=5223;
UPDATE gameobject SET guid=199107 WHERE guid=64068;
UPDATE pool_gameobject SET guid=199107, pool_entry=10396, description='ZulDrak 189979, node 7' WHERE guid=64068;
UPDATE gameobject SET guid=199106 WHERE guid=64982;
UPDATE pool_gameobject SET guid=199106, pool_entry=10396, description='ZulDrak 189980, node 7' WHERE guid=64982;
UPDATE gameobject SET guid=199105 WHERE guid=56191;
UPDATE pool_gameobject SET guid=199105, pool_entry=10397, description='ZulDrak 189978, node 8' WHERE guid=56191;
UPDATE pool_pool SET pool_id=10397, description='ZulDrak mineral, node 8' WHERE pool_id=5224;
UPDATE pool_template SET entry=10397, description='ZulDrak mineral, node 8' WHERE entry=5224;
UPDATE gameobject SET guid=199104 WHERE guid=64087;
UPDATE pool_gameobject SET guid=199104, pool_entry=10397, description='ZulDrak 189979, node 8' WHERE guid=64087;
UPDATE gameobject SET guid=199103 WHERE guid=64986;
UPDATE pool_gameobject SET guid=199103, pool_entry=10397, description='ZulDrak 189980, node 8' WHERE guid=64986;
UPDATE gameobject SET guid=199102 WHERE guid=56192;
UPDATE pool_gameobject SET guid=199102, pool_entry=10398, description='ZulDrak 189978, node 9' WHERE guid=56192;
UPDATE pool_pool SET pool_id=10398, description='ZulDrak mineral, node 9' WHERE pool_id=5225;
UPDATE pool_template SET entry=10398, description='ZulDrak mineral, node 9' WHERE entry=5225;
UPDATE gameobject SET guid=199101 WHERE guid=64088;
UPDATE pool_gameobject SET guid=199101, pool_entry=10398, description='ZulDrak 189979, node 9' WHERE guid=64088;
UPDATE gameobject SET guid=199100 WHERE guid=64987;
UPDATE pool_gameobject SET guid=199100, pool_entry=10398, description='ZulDrak 189980, node 9' WHERE guid=64987;
UPDATE gameobject SET guid=199099 WHERE guid=56211;
UPDATE pool_gameobject SET guid=199099, pool_entry=10399, description='ZulDrak 189978, node 10' WHERE guid=56211;
UPDATE pool_pool SET pool_id=10399, description='ZulDrak mineral, node 10' WHERE pool_id=5226;
UPDATE pool_template SET entry=10399, description='ZulDrak mineral, node 10' WHERE entry=5226;
UPDATE gameobject SET guid=199098 WHERE guid=64145;
UPDATE pool_gameobject SET guid=199098, pool_entry=10399, description='ZulDrak 189979, node 10' WHERE guid=64145;
UPDATE gameobject SET guid=199097 WHERE guid=65000;
UPDATE pool_gameobject SET guid=199097, pool_entry=10399, description='ZulDrak 189980, node 10' WHERE guid=65000;
UPDATE gameobject SET guid=199096 WHERE guid=56238;
UPDATE pool_gameobject SET guid=199096, pool_entry=10400, description='ZulDrak 189978, node 11' WHERE guid=56238;
UPDATE pool_pool SET pool_id=10400, description='ZulDrak mineral, node 11' WHERE pool_id=5227;
UPDATE pool_template SET entry=10400, description='ZulDrak mineral, node 11' WHERE entry=5227;
UPDATE gameobject SET guid=199095 WHERE guid=64811;
UPDATE pool_gameobject SET guid=199095, pool_entry=10400, description='ZulDrak 189979, node 11' WHERE guid=64811;
UPDATE gameobject SET guid=199094 WHERE guid=65001;
UPDATE pool_gameobject SET guid=199094, pool_entry=10400, description='ZulDrak 189980, node 11' WHERE guid=65001;
UPDATE gameobject SET guid=199093 WHERE guid=56239;
UPDATE pool_gameobject SET guid=199093, pool_entry=10401, description='ZulDrak 189978, node 12' WHERE guid=56239;
UPDATE pool_pool SET pool_id=10401, description='ZulDrak mineral, node 12' WHERE pool_id=5228;
UPDATE pool_template SET entry=10401, description='ZulDrak mineral, node 12' WHERE entry=5228;
UPDATE gameobject SET guid=199092 WHERE guid=64827;
UPDATE pool_gameobject SET guid=199092, pool_entry=10401, description='ZulDrak 189979, node 12' WHERE guid=64827;
UPDATE gameobject SET guid=199091 WHERE guid=65002;
UPDATE pool_gameobject SET guid=199091, pool_entry=10401, description='ZulDrak 189980, node 12' WHERE guid=65002;
UPDATE gameobject SET guid=199090 WHERE guid=56529;
UPDATE pool_gameobject SET guid=199090, pool_entry=10402, description='ZulDrak 189978, node 13' WHERE guid=56529;
UPDATE pool_pool SET pool_id=10402, description='ZulDrak mineral, node 13' WHERE pool_id=5229;
UPDATE pool_template SET entry=10402, description='ZulDrak mineral, node 13' WHERE entry=5229;
UPDATE gameobject SET guid=199089 WHERE guid=64837;
UPDATE pool_gameobject SET guid=199089, pool_entry=10402, description='ZulDrak 189979, node 13' WHERE guid=64837;
UPDATE gameobject SET guid=199088 WHERE guid=65034;
UPDATE pool_gameobject SET guid=199088, pool_entry=10402, description='ZulDrak 189980, node 13' WHERE guid=65034;
UPDATE gameobject SET guid=199087 WHERE guid=57962;
UPDATE pool_gameobject SET guid=199087, pool_entry=10403, description='ZulDrak 189978, node 14' WHERE guid=57962;
UPDATE pool_pool SET pool_id=10403, description='ZulDrak mineral, node 14' WHERE pool_id=5230;
UPDATE pool_template SET entry=10403, description='ZulDrak mineral, node 14' WHERE entry=5230;
UPDATE gameobject SET guid=199086 WHERE guid=64840;
UPDATE pool_gameobject SET guid=199086, pool_entry=10403, description='ZulDrak 189979, node 14' WHERE guid=64840;
UPDATE gameobject SET guid=199085 WHERE guid=65035;
UPDATE pool_gameobject SET guid=199085, pool_entry=10403, description='ZulDrak 189980, node 14' WHERE guid=65035;
UPDATE gameobject SET guid=199084 WHERE guid=58107;
UPDATE pool_gameobject SET guid=199084, pool_entry=10404, description='ZulDrak 189978, node 15' WHERE guid=58107;
UPDATE pool_pool SET pool_id=10404, description='ZulDrak mineral, node 15' WHERE pool_id=5231;
UPDATE pool_template SET entry=10404, description='ZulDrak mineral, node 15' WHERE entry=5231;
UPDATE gameobject SET guid=199083 WHERE guid=64868;
UPDATE pool_gameobject SET guid=199083, pool_entry=10404, description='ZulDrak 189979, node 15' WHERE guid=64868;
UPDATE gameobject SET guid=199082 WHERE guid=65039;
UPDATE pool_gameobject SET guid=199082, pool_entry=10404, description='ZulDrak 189980, node 15' WHERE guid=65039;
UPDATE gameobject SET guid=199081 WHERE guid=64894;
UPDATE pool_gameobject SET guid=199081, pool_entry=10405, description='ZulDrak 189979, node 16' WHERE guid=64894;
UPDATE pool_pool SET pool_id=10405, description='ZulDrak mineral, node 16' WHERE pool_id=5232;
UPDATE pool_template SET entry=10405, description='ZulDrak mineral, node 16' WHERE entry=5232;
UPDATE gameobject SET guid=199080 WHERE guid=65050;
UPDATE pool_gameobject SET guid=199080, pool_entry=10405, description='ZulDrak 189980, node 16' WHERE guid=65050;
UPDATE gameobject SET guid=199079 WHERE guid=58108;
UPDATE pool_gameobject SET guid=199079, pool_entry=10405, description='ZulDrak 189978, node 16' WHERE guid=58108;
UPDATE gameobject SET guid=199078 WHERE guid=59284;
UPDATE pool_gameobject SET guid=199078, pool_entry=10406, description='ZulDrak 189978, node 17' WHERE guid=59284;
UPDATE pool_pool SET pool_id=10406, description='ZulDrak mineral, node 17' WHERE pool_id=5233;
UPDATE pool_template SET entry=10406, description='ZulDrak mineral, node 17' WHERE entry=5233;
UPDATE gameobject SET guid=199077 WHERE guid=64910;
UPDATE pool_gameobject SET guid=199077, pool_entry=10406, description='ZulDrak 189979, node 17' WHERE guid=64910;
UPDATE gameobject SET guid=199076 WHERE guid=65057;
UPDATE pool_gameobject SET guid=199076, pool_entry=10406, description='ZulDrak 189980, node 17' WHERE guid=65057;
UPDATE gameobject SET guid=199075 WHERE guid=59539;
UPDATE pool_gameobject SET guid=199075, pool_entry=10407, description='ZulDrak 189978, node 18' WHERE guid=59539;
UPDATE pool_pool SET pool_id=10407, description='ZulDrak mineral, node 18' WHERE pool_id=5234;
UPDATE pool_template SET entry=10407, description='ZulDrak mineral, node 18' WHERE entry=5234;
UPDATE gameobject SET guid=199074 WHERE guid=64915;
UPDATE pool_gameobject SET guid=199074, pool_entry=10407, description='ZulDrak 189979, node 18' WHERE guid=64915;
UPDATE gameobject SET guid=199073 WHERE guid=65075;
UPDATE pool_gameobject SET guid=199073, pool_entry=10407, description='ZulDrak 189980, node 18' WHERE guid=65075;
UPDATE gameobject SET guid=199072 WHERE guid=60171;
UPDATE pool_gameobject SET guid=199072, pool_entry=10408, description='ZulDrak 189978, node 19' WHERE guid=60171;
UPDATE pool_pool SET pool_id=10408, description='ZulDrak mineral, node 19' WHERE pool_id=5235;
UPDATE pool_template SET entry=10408, description='ZulDrak mineral, node 19' WHERE entry=5235;
UPDATE gameobject SET guid=199071 WHERE guid=64917;
UPDATE pool_gameobject SET guid=199071, pool_entry=10408, description='ZulDrak 189979, node 19' WHERE guid=64917;
UPDATE gameobject SET guid=199070 WHERE guid=65096;
UPDATE pool_gameobject SET guid=199070, pool_entry=10408, description='ZulDrak 189980, node 19' WHERE guid=65096;
UPDATE gameobject SET guid=199069 WHERE guid=60178;
UPDATE pool_gameobject SET guid=199069, pool_entry=10409, description='ZulDrak 189978, node 20' WHERE guid=60178;
UPDATE pool_pool SET pool_id=10409, description='ZulDrak mineral, node 20' WHERE pool_id=5236;
UPDATE pool_template SET entry=10409, description='ZulDrak mineral, node 20' WHERE entry=5236;
UPDATE gameobject SET guid=199068 WHERE guid=64919;
UPDATE pool_gameobject SET guid=199068, pool_entry=10409, description='ZulDrak 189979, node 20' WHERE guid=64919;
UPDATE gameobject SET guid=199067 WHERE guid=65097;
UPDATE pool_gameobject SET guid=199067, pool_entry=10409, description='ZulDrak 189980, node 20' WHERE guid=65097;
UPDATE gameobject SET guid=199066 WHERE guid=65109;
UPDATE pool_gameobject SET guid=199066, pool_entry=10410, description='ZulDrak 189980, node 21' WHERE guid=65109;
UPDATE pool_pool SET pool_id=10410, description='ZulDrak mineral, node 21' WHERE pool_id=5237;
UPDATE pool_template SET entry=10410, description='ZulDrak mineral, node 21' WHERE entry=5237;
UPDATE gameobject SET guid=199065 WHERE guid=60450;
UPDATE pool_gameobject SET guid=199065, pool_entry=10410, description='ZulDrak 189978, node 21' WHERE guid=60450;
UPDATE gameobject SET guid=199064 WHERE guid=64920;
UPDATE pool_gameobject SET guid=199064, pool_entry=10410, description='ZulDrak 189979, node 21' WHERE guid=64920;
UPDATE gameobject SET guid=199063 WHERE guid=66842;
UPDATE pool_gameobject SET guid=199063, pool_entry=10411, description='ZulDrak 189978, node 22' WHERE guid=66842;
UPDATE pool_pool SET pool_id=10411, description='ZulDrak mineral, node 22' WHERE pool_id=5256;
UPDATE pool_template SET entry=10411, description='ZulDrak mineral, node 22' WHERE entry=5256;
UPDATE gameobject SET guid=199062 WHERE guid=66895;
UPDATE pool_gameobject SET guid=199062, pool_entry=10411, description='ZulDrak 189979, node 22' WHERE guid=66895;
UPDATE gameobject SET guid=199061 WHERE guid=66944;
UPDATE pool_gameobject SET guid=199061, pool_entry=10411, description='ZulDrak 189980, node 22' WHERE guid=66944;
UPDATE gameobject SET guid=199060 WHERE guid=66845;
UPDATE pool_gameobject SET guid=199060, pool_entry=10412, description='ZulDrak 189978, node 23' WHERE guid=66845;
UPDATE pool_pool SET pool_id=10412, description='ZulDrak mineral, node 23' WHERE pool_id=5257;
UPDATE pool_template SET entry=10412, description='ZulDrak mineral, node 23' WHERE entry=5257;
UPDATE gameobject SET guid=199059 WHERE guid=66898;
UPDATE pool_gameobject SET guid=199059, pool_entry=10412, description='ZulDrak 189979, node 23' WHERE guid=66898;
UPDATE gameobject SET guid=199058 WHERE guid=66945;
UPDATE pool_gameobject SET guid=199058, pool_entry=10412, description='ZulDrak 189980, node 23' WHERE guid=66945;
UPDATE gameobject SET guid=199057 WHERE guid=66847;
UPDATE pool_gameobject SET guid=199057, pool_entry=10413, description='ZulDrak 189978, node 24' WHERE guid=66847;
UPDATE pool_pool SET pool_id=10413, description='ZulDrak mineral, node 24' WHERE pool_id=5258;
UPDATE pool_template SET entry=10413, description='ZulDrak mineral, node 24' WHERE entry=5258;
UPDATE gameobject SET guid=199056 WHERE guid=66900;
UPDATE pool_gameobject SET guid=199056, pool_entry=10413, description='ZulDrak 189979, node 24' WHERE guid=66900;
UPDATE gameobject SET guid=199055 WHERE guid=66946;
UPDATE pool_gameobject SET guid=199055, pool_entry=10413, description='ZulDrak 189980, node 24' WHERE guid=66946;
UPDATE gameobject SET guid=199054 WHERE guid=66853;
UPDATE pool_gameobject SET guid=199054, pool_entry=10414, description='ZulDrak 189978, node 25' WHERE guid=66853;
UPDATE pool_pool SET pool_id=10414, description='ZulDrak mineral, node 25' WHERE pool_id=5259;
UPDATE pool_template SET entry=10414, description='ZulDrak mineral, node 25' WHERE entry=5259;
UPDATE gameobject SET guid=199053 WHERE guid=66906;
UPDATE pool_gameobject SET guid=199053, pool_entry=10414, description='ZulDrak 189979, node 25' WHERE guid=66906;
UPDATE gameobject SET guid=199052 WHERE guid=66947;
UPDATE pool_gameobject SET guid=199052, pool_entry=10414, description='ZulDrak 189980, node 25' WHERE guid=66947;
UPDATE gameobject SET guid=199051 WHERE guid=66856;
UPDATE pool_gameobject SET guid=199051, pool_entry=10415, description='ZulDrak 189978, node 26' WHERE guid=66856;
UPDATE pool_pool SET pool_id=10415, description='ZulDrak mineral, node 26' WHERE pool_id=5260;
UPDATE pool_template SET entry=10415, description='ZulDrak mineral, node 26' WHERE entry=5260;
UPDATE gameobject SET guid=199050 WHERE guid=66909;
UPDATE pool_gameobject SET guid=199050, pool_entry=10415, description='ZulDrak 189979, node 26' WHERE guid=66909;
UPDATE gameobject SET guid=199049 WHERE guid=66948;
UPDATE pool_gameobject SET guid=199049, pool_entry=10415, description='ZulDrak 189980, node 26' WHERE guid=66948;
UPDATE gameobject SET guid=199048 WHERE guid=66857;
UPDATE pool_gameobject SET guid=199048, pool_entry=10416, description='ZulDrak 189978, node 27' WHERE guid=66857;
UPDATE pool_pool SET pool_id=10416, description='ZulDrak mineral, node 27' WHERE pool_id=5261;
UPDATE pool_template SET entry=10416, description='ZulDrak mineral, node 27' WHERE entry=5261;
UPDATE gameobject SET guid=199047 WHERE guid=66910;
UPDATE pool_gameobject SET guid=199047, pool_entry=10416, description='ZulDrak 189979, node 27' WHERE guid=66910;
UPDATE gameobject SET guid=199046 WHERE guid=66949;
UPDATE pool_gameobject SET guid=199046, pool_entry=10416, description='ZulDrak 189980, node 27' WHERE guid=66949;
UPDATE gameobject SET guid=199045 WHERE guid=66860;
UPDATE pool_gameobject SET guid=199045, pool_entry=10417, description='ZulDrak 189978, node 28' WHERE guid=66860;
UPDATE pool_pool SET pool_id=10417, description='ZulDrak mineral, node 28' WHERE pool_id=5262;
UPDATE pool_template SET entry=10417, description='ZulDrak mineral, node 28' WHERE entry=5262;
UPDATE gameobject SET guid=199044 WHERE guid=66913;
UPDATE pool_gameobject SET guid=199044, pool_entry=10417, description='ZulDrak 189979, node 28' WHERE guid=66913;
UPDATE gameobject SET guid=199043 WHERE guid=66950;
UPDATE pool_gameobject SET guid=199043, pool_entry=10417, description='ZulDrak 189980, node 28' WHERE guid=66950;
UPDATE gameobject SET guid=199042 WHERE guid=66861;
UPDATE pool_gameobject SET guid=199042, pool_entry=10418, description='ZulDrak 189978, node 29' WHERE guid=66861;
UPDATE pool_pool SET pool_id=10418, description='ZulDrak mineral, node 29' WHERE pool_id=5263;
UPDATE pool_template SET entry=10418, description='ZulDrak mineral, node 29' WHERE entry=5263;
UPDATE gameobject SET guid=199041 WHERE guid=66914;
UPDATE pool_gameobject SET guid=199041, pool_entry=10418, description='ZulDrak 189979, node 29' WHERE guid=66914;
UPDATE gameobject SET guid=199040 WHERE guid=66951;
UPDATE pool_gameobject SET guid=199040, pool_entry=10418, description='ZulDrak 189980, node 29' WHERE guid=66951;
UPDATE gameobject SET guid=199039 WHERE guid=66862;
UPDATE pool_gameobject SET guid=199039, pool_entry=10419, description='ZulDrak 189978, node 30' WHERE guid=66862;
UPDATE pool_pool SET pool_id=10419, description='ZulDrak mineral, node 30' WHERE pool_id=5264;
UPDATE pool_template SET entry=10419, description='ZulDrak mineral, node 30' WHERE entry=5264;
UPDATE gameobject SET guid=199038 WHERE guid=66915;
UPDATE pool_gameobject SET guid=199038, pool_entry=10419, description='ZulDrak 189979, node 30' WHERE guid=66915;
UPDATE gameobject SET guid=199037 WHERE guid=66952;
UPDATE pool_gameobject SET guid=199037, pool_entry=10419, description='ZulDrak 189980, node 30' WHERE guid=66952;
UPDATE gameobject SET guid=199036 WHERE guid=66863;
UPDATE pool_gameobject SET guid=199036, pool_entry=10420, description='ZulDrak 189978, node 31' WHERE guid=66863;
UPDATE pool_pool SET pool_id=10420, description='ZulDrak mineral, node 31' WHERE pool_id=5265;
UPDATE pool_template SET entry=10420, description='ZulDrak mineral, node 31' WHERE entry=5265;
UPDATE gameobject SET guid=199035 WHERE guid=66916;
UPDATE pool_gameobject SET guid=199035, pool_entry=10420, description='ZulDrak 189979, node 31' WHERE guid=66916;
UPDATE gameobject SET guid=199034 WHERE guid=66953;
UPDATE pool_gameobject SET guid=199034, pool_entry=10420, description='ZulDrak 189980, node 31' WHERE guid=66953;
UPDATE gameobject SET guid=199033 WHERE guid=66917;
UPDATE pool_gameobject SET guid=199033, pool_entry=10421, description='ZulDrak 189979, node 32' WHERE guid=66917;
UPDATE pool_pool SET pool_id=10421, description='ZulDrak mineral, node 32' WHERE pool_id=5266;
UPDATE pool_template SET entry=10421, description='ZulDrak mineral, node 32' WHERE entry=5266;
UPDATE gameobject SET guid=199032 WHERE guid=66954;
UPDATE pool_gameobject SET guid=199032, pool_entry=10421, description='ZulDrak 189980, node 32' WHERE guid=66954;
UPDATE gameobject SET guid=199031 WHERE guid=66864;
UPDATE pool_gameobject SET guid=199031, pool_entry=10421, description='ZulDrak 189978, node 32' WHERE guid=66864;
UPDATE gameobject SET guid=199030 WHERE guid=66865;
UPDATE pool_gameobject SET guid=199030, pool_entry=10422, description='ZulDrak 189978, node 33' WHERE guid=66865;
UPDATE pool_pool SET pool_id=10422, description='ZulDrak mineral, node 33' WHERE pool_id=5267;
UPDATE pool_template SET entry=10422, description='ZulDrak mineral, node 33' WHERE entry=5267;
UPDATE gameobject SET guid=199029 WHERE guid=66918;
UPDATE pool_gameobject SET guid=199029, pool_entry=10422, description='ZulDrak 189979, node 33' WHERE guid=66918;
UPDATE gameobject SET guid=199028 WHERE guid=66955;
UPDATE pool_gameobject SET guid=199028, pool_entry=10422, description='ZulDrak 189980, node 33' WHERE guid=66955;
UPDATE gameobject SET guid=199027 WHERE guid=66872;
UPDATE pool_gameobject SET guid=199027, pool_entry=10423, description='ZulDrak 189978, node 34' WHERE guid=66872;
UPDATE pool_pool SET pool_id=10423, description='ZulDrak mineral, node 34' WHERE pool_id=5268;
UPDATE pool_template SET entry=10423, description='ZulDrak mineral, node 34' WHERE entry=5268;
UPDATE gameobject SET guid=199026 WHERE guid=66925;
UPDATE pool_gameobject SET guid=199026, pool_entry=10423, description='ZulDrak 189979, node 34' WHERE guid=66925;
UPDATE gameobject SET guid=199025 WHERE guid=66956;
UPDATE pool_gameobject SET guid=199025, pool_entry=10423, description='ZulDrak 189980, node 34' WHERE guid=66956;
UPDATE gameobject SET guid=199024 WHERE guid=66874;
UPDATE pool_gameobject SET guid=199024, pool_entry=10424, description='ZulDrak 189978, node 35' WHERE guid=66874;
UPDATE pool_pool SET pool_id=10424, description='ZulDrak mineral, node 35' WHERE pool_id=5269;
UPDATE pool_template SET entry=10424, description='ZulDrak mineral, node 35' WHERE entry=5269;
UPDATE gameobject SET guid=199023 WHERE guid=66927;
UPDATE pool_gameobject SET guid=199023, pool_entry=10424, description='ZulDrak 189979, node 35' WHERE guid=66927;
UPDATE gameobject SET guid=199022 WHERE guid=66957;
UPDATE pool_gameobject SET guid=199022, pool_entry=10424, description='ZulDrak 189980, node 35' WHERE guid=66957;
UPDATE gameobject SET guid=199021 WHERE guid=66881;
UPDATE pool_gameobject SET guid=199021, pool_entry=10425, description='ZulDrak 189978, node 36' WHERE guid=66881;
UPDATE pool_pool SET pool_id=10425, description='ZulDrak mineral, node 36' WHERE pool_id=5270;
UPDATE pool_template SET entry=10425, description='ZulDrak mineral, node 36' WHERE entry=5270;
UPDATE gameobject SET guid=199020 WHERE guid=66934;
UPDATE pool_gameobject SET guid=199020, pool_entry=10425, description='ZulDrak 189979, node 36' WHERE guid=66934;
UPDATE gameobject SET guid=199019 WHERE guid=66958;
UPDATE pool_gameobject SET guid=199019, pool_entry=10425, description='ZulDrak 189980, node 36' WHERE guid=66958;
UPDATE gameobject SET guid=199018 WHERE guid=66959;
UPDATE pool_gameobject SET guid=199018, pool_entry=10426, description='ZulDrak 189980, node 37' WHERE guid=66959;
UPDATE pool_pool SET pool_id=10426, description='ZulDrak mineral, node 37' WHERE pool_id=5271;
UPDATE pool_template SET entry=10426, description='ZulDrak mineral, node 37' WHERE entry=5271;
UPDATE gameobject SET guid=199017 WHERE guid=66884;
UPDATE pool_gameobject SET guid=199017, pool_entry=10426, description='ZulDrak 189978, node 37' WHERE guid=66884;
UPDATE gameobject SET guid=199016 WHERE guid=66937;
UPDATE pool_gameobject SET guid=199016, pool_entry=10426, description='ZulDrak 189979, node 37' WHERE guid=66937;
UPDATE gameobject SET guid=199015 WHERE guid=66885;
UPDATE pool_gameobject SET guid=199015, pool_entry=10427, description='ZulDrak 189978, node 38' WHERE guid=66885;
UPDATE pool_pool SET pool_id=10427, description='ZulDrak mineral, node 38' WHERE pool_id=5272;
UPDATE pool_template SET entry=10427, description='ZulDrak mineral, node 38' WHERE entry=5272;
UPDATE gameobject SET guid=199014 WHERE guid=66938;
UPDATE pool_gameobject SET guid=199014, pool_entry=10427, description='ZulDrak 189979, node 38' WHERE guid=66938;
UPDATE gameobject SET guid=199013 WHERE guid=66960;
UPDATE pool_gameobject SET guid=199013, pool_entry=10427, description='ZulDrak 189980, node 38' WHERE guid=66960;
UPDATE gameobject SET guid=199012 WHERE guid=66886;
UPDATE pool_gameobject SET guid=199012, pool_entry=10428, description='ZulDrak 189978, node 39' WHERE guid=66886;
UPDATE pool_pool SET pool_id=10428, description='ZulDrak mineral, node 39' WHERE pool_id=5273;
UPDATE pool_template SET entry=10428, description='ZulDrak mineral, node 39' WHERE entry=5273;
UPDATE gameobject SET guid=199011 WHERE guid=66939;
UPDATE pool_gameobject SET guid=199011, pool_entry=10428, description='ZulDrak 189979, node 39' WHERE guid=66939;
UPDATE gameobject SET guid=199010 WHERE guid=66961;
UPDATE pool_gameobject SET guid=199010, pool_entry=10428, description='ZulDrak 189980, node 39' WHERE guid=66961;
UPDATE gameobject SET guid=199009 WHERE guid=66889;
UPDATE pool_gameobject SET guid=199009, pool_entry=10429, description='ZulDrak 189978, node 40' WHERE guid=66889;
UPDATE pool_pool SET pool_id=10429, description='ZulDrak mineral, node 40' WHERE pool_id=5274;
UPDATE pool_template SET entry=10429, description='ZulDrak mineral, node 40' WHERE entry=5274;
UPDATE gameobject SET guid=199008 WHERE guid=66942;
UPDATE pool_gameobject SET guid=199008, pool_entry=10429, description='ZulDrak 189979, node 40' WHERE guid=66942;
UPDATE gameobject SET guid=199007 WHERE guid=66962;
UPDATE pool_gameobject SET guid=199007, pool_entry=10429, description='ZulDrak 189980, node 40' WHERE guid=66962;
UPDATE gameobject SET guid=199006 WHERE guid=66890;
UPDATE pool_gameobject SET guid=199006, pool_entry=10430, description='ZulDrak 189978, node 41' WHERE guid=66890;
UPDATE pool_pool SET pool_id=10430, description='ZulDrak mineral, node 41' WHERE pool_id=5275;
UPDATE pool_template SET entry=10430, description='ZulDrak mineral, node 41' WHERE entry=5275;
UPDATE gameobject SET guid=199005 WHERE guid=66943;
UPDATE pool_gameobject SET guid=199005, pool_entry=10430, description='ZulDrak 189979, node 41' WHERE guid=66943;
UPDATE gameobject SET guid=199004 WHERE guid=66963;
UPDATE pool_gameobject SET guid=199004, pool_entry=10430, description='ZulDrak 189980, node 41' WHERE guid=66963;
UPDATE gameobject SET guid=199003 WHERE guid=66891;
UPDATE pool_gameobject SET guid=199003, pool_entry=10431, description='ZulDrak 189978, node 42' WHERE guid=66891;
UPDATE pool_pool SET pool_id=10431, description='ZulDrak mineral, node 42' WHERE pool_id=5276;
UPDATE pool_template SET entry=10431, description='ZulDrak mineral, node 42' WHERE entry=5276;
UPDATE gameobject SET guid=199002 WHERE guid=66933;
UPDATE pool_gameobject SET guid=199002, pool_entry=10431, description='ZulDrak 189979, node 42' WHERE guid=66933;
UPDATE gameobject SET guid=199001 WHERE guid=66964;
UPDATE pool_gameobject SET guid=199001, pool_entry=10431, description='ZulDrak 189980, node 42' WHERE guid=66964;
-- wintergrasp
UPDATE gameobject SET guid=199000 WHERE guid=56248;
UPDATE pool_gameobject SET guid=199000, pool_entry=10432, description='Wintergrasp 189980, node 1' WHERE guid=56248;
UPDATE pool_pool SET pool_id=10432, description='Wintergrasp mineral, node 1' WHERE pool_id=5617;
UPDATE pool_template SET entry=10432, description='Wintergrasp mineral, node 1' WHERE entry=5617;
UPDATE gameobject SET guid=198999 WHERE guid=121482;
UPDATE pool_gameobject SET guid=198999, pool_entry=10432, description='Wintergrasp 189981, node 1' WHERE guid=121482;
UPDATE gameobject SET guid=198998 WHERE guid=121483;
UPDATE pool_gameobject SET guid=198998, pool_entry=10432, description='Wintergrasp 191133, node 1' WHERE guid=121483;
UPDATE gameobject SET guid=198997 WHERE guid=56335;
UPDATE pool_gameobject SET guid=198997, pool_entry=10433, description='Wintergrasp 189980, node 2' WHERE guid=56335;
UPDATE pool_pool SET pool_id=10433, description='Wintergrasp mineral, node 2' WHERE pool_id=5618;
UPDATE pool_template SET entry=10433, description='Wintergrasp mineral, node 2' WHERE entry=5618;
UPDATE gameobject SET guid=198996 WHERE guid=121484;
UPDATE pool_gameobject SET guid=198996, pool_entry=10433, description='Wintergrasp 189981, node 2' WHERE guid=121484;
UPDATE gameobject SET guid=198995 WHERE guid=121485;
UPDATE pool_gameobject SET guid=198995, pool_entry=10433, description='Wintergrasp 191133, node 2' WHERE guid=121485;
UPDATE gameobject SET guid=198994 WHERE guid=56337;
UPDATE pool_gameobject SET guid=198994, pool_entry=10434, description='Wintergrasp 189980, node 3' WHERE guid=56337;
UPDATE pool_pool SET pool_id=10434, description='Wintergrasp mineral, node 3' WHERE pool_id=5619;
UPDATE pool_template SET entry=10434, description='Wintergrasp mineral, node 3' WHERE entry=5619;
UPDATE gameobject SET guid=198993 WHERE guid=121486;
UPDATE pool_gameobject SET guid=198993, pool_entry=10434, description='Wintergrasp 189981, node 3' WHERE guid=121486;
UPDATE gameobject SET guid=198992 WHERE guid=121487;
UPDATE pool_gameobject SET guid=198992, pool_entry=10434, description='Wintergrasp 191133, node 3' WHERE guid=121487;
UPDATE gameobject SET guid=198991 WHERE guid=63437;
UPDATE pool_gameobject SET guid=198991, pool_entry=10435, description='Wintergrasp 189980, node 4' WHERE guid=63437;
UPDATE pool_pool SET pool_id=10435, description='Wintergrasp mineral, node 4' WHERE pool_id=5620;
UPDATE pool_template SET entry=10435, description='Wintergrasp mineral, node 4' WHERE entry=5620;
UPDATE gameobject SET guid=198990 WHERE guid=121488;
UPDATE pool_gameobject SET guid=198990, pool_entry=10435, description='Wintergrasp 189981, node 4' WHERE guid=121488;
UPDATE gameobject SET guid=198989 WHERE guid=121489;
UPDATE pool_gameobject SET guid=198989, pool_entry=10435, description='Wintergrasp 191133, node 4' WHERE guid=121489;
UPDATE gameobject SET guid=198988 WHERE guid=121491;
UPDATE pool_gameobject SET guid=198988, pool_entry=10436, description='Wintergrasp 191133, node 5' WHERE guid=121491;
UPDATE pool_pool SET pool_id=10436, description='Wintergrasp mineral, node 5' WHERE pool_id=5621;
UPDATE pool_template SET entry=10436, description='Wintergrasp mineral, node 5' WHERE entry=5621;
UPDATE gameobject SET guid=198987 WHERE guid=66696;
UPDATE pool_gameobject SET guid=198987, pool_entry=10436, description='Wintergrasp 189980, node 5' WHERE guid=66696;
UPDATE gameobject SET guid=198986 WHERE guid=121490;
UPDATE pool_gameobject SET guid=198986, pool_entry=10436, description='Wintergrasp 189981, node 5' WHERE guid=121490;
UPDATE gameobject SET guid=198985 WHERE guid=66697;
UPDATE pool_gameobject SET guid=198985, pool_entry=10437, description='Wintergrasp 189980, node 6' WHERE guid=66697;
UPDATE pool_pool SET pool_id=10437, description='Wintergrasp mineral, node 6' WHERE pool_id=5622;
UPDATE pool_template SET entry=10437, description='Wintergrasp mineral, node 6' WHERE entry=5622;
UPDATE gameobject SET guid=198984 WHERE guid=121492;
UPDATE pool_gameobject SET guid=198984, pool_entry=10437, description='Wintergrasp 189981, node 6' WHERE guid=121492;
UPDATE gameobject SET guid=198983 WHERE guid=121493;
UPDATE pool_gameobject SET guid=198983, pool_entry=10437, description='Wintergrasp 191133, node 6' WHERE guid=121493;
UPDATE gameobject SET guid=198982 WHERE guid=66698;
UPDATE pool_gameobject SET guid=198982, pool_entry=10438, description='Wintergrasp 189980, node 7' WHERE guid=66698;
UPDATE pool_pool SET pool_id=10438, description='Wintergrasp mineral, node 7' WHERE pool_id=5623;
UPDATE pool_template SET entry=10438, description='Wintergrasp mineral, node 7' WHERE entry=5623;
UPDATE gameobject SET guid=198981 WHERE guid=121494;
UPDATE pool_gameobject SET guid=198981, pool_entry=10438, description='Wintergrasp 189981, node 7' WHERE guid=121494;
UPDATE gameobject SET guid=198980 WHERE guid=121495;
UPDATE pool_gameobject SET guid=198980, pool_entry=10438, description='Wintergrasp 191133, node 7' WHERE guid=121495;
UPDATE gameobject SET guid=198979 WHERE guid=66699;
UPDATE pool_gameobject SET guid=198979, pool_entry=10439, description='Wintergrasp 189980, node 8' WHERE guid=66699;
UPDATE pool_pool SET pool_id=10439, description='Wintergrasp mineral, node 8' WHERE pool_id=5624;
UPDATE pool_template SET entry=10439, description='Wintergrasp mineral, node 8' WHERE entry=5624;
UPDATE gameobject SET guid=198978 WHERE guid=121496;
UPDATE pool_gameobject SET guid=198978, pool_entry=10439, description='Wintergrasp 189981, node 8' WHERE guid=121496;
UPDATE gameobject SET guid=198977 WHERE guid=121497;
UPDATE pool_gameobject SET guid=198977, pool_entry=10439, description='Wintergrasp 191133, node 8' WHERE guid=121497;
UPDATE gameobject SET guid=198976 WHERE guid=66701;
UPDATE pool_gameobject SET guid=198976, pool_entry=10440, description='Wintergrasp 189980, node 9' WHERE guid=66701;
UPDATE pool_pool SET pool_id=10440, description='Wintergrasp mineral, node 9' WHERE pool_id=5625;
UPDATE pool_template SET entry=10440, description='Wintergrasp mineral, node 9' WHERE entry=5625;
UPDATE gameobject SET guid=198975 WHERE guid=121498;
UPDATE pool_gameobject SET guid=198975, pool_entry=10440, description='Wintergrasp 189981, node 9' WHERE guid=121498;
UPDATE gameobject SET guid=198974 WHERE guid=121499;
UPDATE pool_gameobject SET guid=198974, pool_entry=10440, description='Wintergrasp 191133, node 9' WHERE guid=121499;
UPDATE gameobject SET guid=198973 WHERE guid=66702;
UPDATE pool_gameobject SET guid=198973, pool_entry=10441, description='Wintergrasp 189980, node 10' WHERE guid=66702;
UPDATE pool_pool SET pool_id=10441, description='Wintergrasp mineral, node 10' WHERE pool_id=5626;
UPDATE pool_template SET entry=10441, description='Wintergrasp mineral, node 10' WHERE entry=5626;
UPDATE gameobject SET guid=198972 WHERE guid=121500;
UPDATE pool_gameobject SET guid=198972, pool_entry=10441, description='Wintergrasp 189981, node 10' WHERE guid=121500;
UPDATE gameobject SET guid=198971 WHERE guid=121501;
UPDATE pool_gameobject SET guid=198971, pool_entry=10441, description='Wintergrasp 191133, node 10' WHERE guid=121501;
UPDATE gameobject SET guid=198970 WHERE guid=66703;
UPDATE pool_gameobject SET guid=198970, pool_entry=10442, description='Wintergrasp 189980, node 11' WHERE guid=66703;
UPDATE pool_pool SET pool_id=10442, description='Wintergrasp mineral, node 11' WHERE pool_id=5627;
UPDATE pool_template SET entry=10442, description='Wintergrasp mineral, node 11' WHERE entry=5627;
UPDATE gameobject SET guid=198969 WHERE guid=121502;
UPDATE pool_gameobject SET guid=198969, pool_entry=10442, description='Wintergrasp 189981, node 11' WHERE guid=121502;
UPDATE gameobject SET guid=198968 WHERE guid=121503;
UPDATE pool_gameobject SET guid=198968, pool_entry=10442, description='Wintergrasp 191133, node 11' WHERE guid=121503;
UPDATE gameobject SET guid=198967 WHERE guid=66704;
UPDATE pool_gameobject SET guid=198967, pool_entry=10443, description='Wintergrasp 189980, node 12' WHERE guid=66704;
UPDATE pool_pool SET pool_id=10443, description='Wintergrasp mineral, node 12' WHERE pool_id=5628;
UPDATE pool_template SET entry=10443, description='Wintergrasp mineral, node 12' WHERE entry=5628;
UPDATE gameobject SET guid=198966 WHERE guid=121504;
UPDATE pool_gameobject SET guid=198966, pool_entry=10443, description='Wintergrasp 189981, node 12' WHERE guid=121504;
UPDATE gameobject SET guid=198965 WHERE guid=121505;
UPDATE pool_gameobject SET guid=198965, pool_entry=10443, description='Wintergrasp 191133, node 12' WHERE guid=121505;
UPDATE gameobject SET guid=198964 WHERE guid=66705;
UPDATE pool_gameobject SET guid=198964, pool_entry=10444, description='Wintergrasp 189980, node 13' WHERE guid=66705;
UPDATE pool_pool SET pool_id=10444, description='Wintergrasp mineral, node 13' WHERE pool_id=5629;
UPDATE pool_template SET entry=10444, description='Wintergrasp mineral, node 13' WHERE entry=5629;
UPDATE gameobject SET guid=198963 WHERE guid=121506;
UPDATE pool_gameobject SET guid=198963, pool_entry=10444, description='Wintergrasp 189981, node 13' WHERE guid=121506;
UPDATE gameobject SET guid=198962 WHERE guid=121507;
UPDATE pool_gameobject SET guid=198962, pool_entry=10444, description='Wintergrasp 191133, node 13' WHERE guid=121507;
UPDATE gameobject SET guid=198961 WHERE guid=66708;
UPDATE pool_gameobject SET guid=198961, pool_entry=10445, description='Wintergrasp 189980, node 14' WHERE guid=66708;
UPDATE pool_pool SET pool_id=10445, description='Wintergrasp mineral, node 14' WHERE pool_id=5630;
UPDATE pool_template SET entry=10445, description='Wintergrasp mineral, node 14' WHERE entry=5630;
UPDATE gameobject SET guid=198960 WHERE guid=121508;
UPDATE pool_gameobject SET guid=198960, pool_entry=10445, description='Wintergrasp 189981, node 14' WHERE guid=121508;
UPDATE gameobject SET guid=198959 WHERE guid=121509;
UPDATE pool_gameobject SET guid=198959, pool_entry=10445, description='Wintergrasp 191133, node 14' WHERE guid=121509;
UPDATE gameobject SET guid=198958 WHERE guid=66709;
UPDATE pool_gameobject SET guid=198958, pool_entry=10446, description='Wintergrasp 189980, node 15' WHERE guid=66709;
UPDATE pool_pool SET pool_id=10446, description='Wintergrasp mineral, node 15' WHERE pool_id=5631;
UPDATE pool_template SET entry=10446, description='Wintergrasp mineral, node 15' WHERE entry=5631;
UPDATE gameobject SET guid=198957 WHERE guid=121510;
UPDATE pool_gameobject SET guid=198957, pool_entry=10446, description='Wintergrasp 189981, node 15' WHERE guid=121510;
UPDATE gameobject SET guid=198956 WHERE guid=121511;
UPDATE pool_gameobject SET guid=198956, pool_entry=10446, description='Wintergrasp 191133, node 15' WHERE guid=121511;
UPDATE gameobject SET guid=198955 WHERE guid=121512;
UPDATE pool_gameobject SET guid=198955, pool_entry=10447, description='Wintergrasp 189981, node 16' WHERE guid=121512;
UPDATE pool_pool SET pool_id=10447, description='Wintergrasp mineral, node 16' WHERE pool_id=5632;
UPDATE pool_template SET entry=10447, description='Wintergrasp mineral, node 16' WHERE entry=5632;
UPDATE gameobject SET guid=198954 WHERE guid=121513;
UPDATE pool_gameobject SET guid=198954, pool_entry=10447, description='Wintergrasp 191133, node 16' WHERE guid=121513;
UPDATE gameobject SET guid=198953 WHERE guid=66710;
UPDATE pool_gameobject SET guid=198953, pool_entry=10447, description='Wintergrasp 189980, node 16' WHERE guid=66710;
UPDATE gameobject SET guid=198952 WHERE guid=67245;
UPDATE pool_gameobject SET guid=198952, pool_entry=10448, description='Wintergrasp 189980, node 17' WHERE guid=67245;
UPDATE pool_pool SET pool_id=10448, description='Wintergrasp mineral, node 17' WHERE pool_id=5633;
UPDATE pool_template SET entry=10448, description='Wintergrasp mineral, node 17' WHERE entry=5633;
UPDATE gameobject SET guid=198951 WHERE guid=121514;
UPDATE pool_gameobject SET guid=198951, pool_entry=10448, description='Wintergrasp 189981, node 17' WHERE guid=121514;
UPDATE gameobject SET guid=198950 WHERE guid=121515;
UPDATE pool_gameobject SET guid=198950, pool_entry=10448, description='Wintergrasp 191133, node 17' WHERE guid=121515;
UPDATE gameobject SET guid=198949 WHERE guid=67246;
UPDATE pool_gameobject SET guid=198949, pool_entry=10449, description='Wintergrasp 189980, node 18' WHERE guid=67246;
UPDATE pool_pool SET pool_id=10449, description='Wintergrasp mineral, node 18' WHERE pool_id=5634;
UPDATE pool_template SET entry=10449, description='Wintergrasp mineral, node 18' WHERE entry=5634;
UPDATE gameobject SET guid=198948 WHERE guid=121516;
UPDATE pool_gameobject SET guid=198948, pool_entry=10449, description='Wintergrasp 189981, node 18' WHERE guid=121516;
UPDATE gameobject SET guid=198947 WHERE guid=121517;
UPDATE pool_gameobject SET guid=198947, pool_entry=10449, description='Wintergrasp 191133, node 18' WHERE guid=121517;
UPDATE gameobject SET guid=198946 WHERE guid=67247;
UPDATE pool_gameobject SET guid=198946, pool_entry=10450, description='Wintergrasp 189980, node 19' WHERE guid=67247;
UPDATE pool_pool SET pool_id=10450, description='Wintergrasp mineral, node 19' WHERE pool_id=5635;
UPDATE pool_template SET entry=10450, description='Wintergrasp mineral, node 19' WHERE entry=5635;
UPDATE gameobject SET guid=198945 WHERE guid=121518;
UPDATE pool_gameobject SET guid=198945, pool_entry=10450, description='Wintergrasp 189981, node 19' WHERE guid=121518;
UPDATE gameobject SET guid=198944 WHERE guid=121519;
UPDATE pool_gameobject SET guid=198944, pool_entry=10450, description='Wintergrasp 191133, node 19' WHERE guid=121519;
UPDATE gameobject SET guid=198943 WHERE guid=67248;
UPDATE pool_gameobject SET guid=198943, pool_entry=10451, description='Wintergrasp 189980, node 20' WHERE guid=67248;
UPDATE pool_pool SET pool_id=10451, description='Wintergrasp mineral, node 20' WHERE pool_id=5636;
UPDATE pool_template SET entry=10451, description='Wintergrasp mineral, node 20' WHERE entry=5636;
UPDATE gameobject SET guid=198942 WHERE guid=121520;
UPDATE pool_gameobject SET guid=198942, pool_entry=10451, description='Wintergrasp 189981, node 20' WHERE guid=121520;
UPDATE gameobject SET guid=198941 WHERE guid=121521;
UPDATE pool_gameobject SET guid=198941, pool_entry=10451, description='Wintergrasp 191133, node 20' WHERE guid=121521;
UPDATE gameobject SET guid=198940 WHERE guid=121523;
UPDATE pool_gameobject SET guid=198940, pool_entry=10452, description='Wintergrasp 191133, node 21' WHERE guid=121523;
UPDATE pool_pool SET pool_id=10452, description='Wintergrasp mineral, node 21' WHERE pool_id=5637;
UPDATE pool_template SET entry=10452, description='Wintergrasp mineral, node 21' WHERE entry=5637;
UPDATE gameobject SET guid=198939 WHERE guid=120013;
UPDATE pool_gameobject SET guid=198939, pool_entry=10452, description='Wintergrasp 189980, node 21' WHERE guid=120013;
UPDATE gameobject SET guid=198938 WHERE guid=121522;
UPDATE pool_gameobject SET guid=198938, pool_entry=10452, description='Wintergrasp 189981, node 21' WHERE guid=121522;
UPDATE gameobject SET guid=198937 WHERE guid=120020;
UPDATE pool_gameobject SET guid=198937, pool_entry=10453, description='Wintergrasp 189980, node 22' WHERE guid=120020;
UPDATE pool_pool SET pool_id=10453, description='Wintergrasp mineral, node 22' WHERE pool_id=5638;
UPDATE pool_template SET entry=10453, description='Wintergrasp mineral, node 22' WHERE entry=5638;
UPDATE gameobject SET guid=198936 WHERE guid=121524;
UPDATE pool_gameobject SET guid=198936, pool_entry=10453, description='Wintergrasp 189981, node 22' WHERE guid=121524;
UPDATE gameobject SET guid=198935 WHERE guid=121525;
UPDATE pool_gameobject SET guid=198935, pool_entry=10453, description='Wintergrasp 191133, node 22' WHERE guid=121525;
UPDATE gameobject SET guid=198934 WHERE guid=120025;
UPDATE pool_gameobject SET guid=198934, pool_entry=10454, description='Wintergrasp 189980, node 23' WHERE guid=120025;
UPDATE pool_pool SET pool_id=10454, description='Wintergrasp mineral, node 23' WHERE pool_id=5639;
UPDATE pool_template SET entry=10454, description='Wintergrasp mineral, node 23' WHERE entry=5639;
UPDATE gameobject SET guid=198933 WHERE guid=121526;
UPDATE pool_gameobject SET guid=198933, pool_entry=10454, description='Wintergrasp 189981, node 23' WHERE guid=121526;
UPDATE gameobject SET guid=198932 WHERE guid=121527;
UPDATE pool_gameobject SET guid=198932, pool_entry=10454, description='Wintergrasp 191133, node 23' WHERE guid=121527;
UPDATE gameobject SET guid=198931 WHERE guid=120035;
UPDATE pool_gameobject SET guid=198931, pool_entry=10455, description='Wintergrasp 189980, node 24' WHERE guid=120035;
UPDATE pool_pool SET pool_id=10455, description='Wintergrasp mineral, node 24' WHERE pool_id=5640;
UPDATE pool_template SET entry=10455, description='Wintergrasp mineral, node 24' WHERE entry=5640;
UPDATE gameobject SET guid=198930 WHERE guid=121528;
UPDATE pool_gameobject SET guid=198930, pool_entry=10455, description='Wintergrasp 189981, node 24' WHERE guid=121528;
UPDATE gameobject SET guid=198929 WHERE guid=121529;
UPDATE pool_gameobject SET guid=198929, pool_entry=10455, description='Wintergrasp 191133, node 24' WHERE guid=121529;
UPDATE gameobject SET guid=198928 WHERE guid=120038;
UPDATE pool_gameobject SET guid=198928, pool_entry=10456, description='Wintergrasp 189980, node 25' WHERE guid=120038;
UPDATE pool_pool SET pool_id=10456, description='Wintergrasp mineral, node 25' WHERE pool_id=5641;
UPDATE pool_template SET entry=10456, description='Wintergrasp mineral, node 25' WHERE entry=5641;
UPDATE gameobject SET guid=198927 WHERE guid=121530;
UPDATE pool_gameobject SET guid=198927, pool_entry=10456, description='Wintergrasp 189981, node 25' WHERE guid=121530;
UPDATE gameobject SET guid=198926 WHERE guid=121531;
UPDATE pool_gameobject SET guid=198926, pool_entry=10456, description='Wintergrasp 191133, node 25' WHERE guid=121531;
UPDATE gameobject SET guid=198925 WHERE guid=120058;
UPDATE pool_gameobject SET guid=198925, pool_entry=10457, description='Wintergrasp 189980, node 26' WHERE guid=120058;
UPDATE pool_pool SET pool_id=10457, description='Wintergrasp mineral, node 26' WHERE pool_id=5642;
UPDATE pool_template SET entry=10457, description='Wintergrasp mineral, node 26' WHERE entry=5642;
UPDATE gameobject SET guid=198924 WHERE guid=121532;
UPDATE pool_gameobject SET guid=198924, pool_entry=10457, description='Wintergrasp 189981, node 26' WHERE guid=121532;
UPDATE gameobject SET guid=198923 WHERE guid=121533;
UPDATE pool_gameobject SET guid=198923, pool_entry=10457, description='Wintergrasp 191133, node 26' WHERE guid=121533;
UPDATE gameobject SET guid=198922 WHERE guid=120088;
UPDATE pool_gameobject SET guid=198922, pool_entry=10458, description='Wintergrasp 189980, node 27' WHERE guid=120088;
UPDATE pool_pool SET pool_id=10458, description='Wintergrasp mineral, node 27' WHERE pool_id=5643;
UPDATE pool_template SET entry=10458, description='Wintergrasp mineral, node 27' WHERE entry=5643;
UPDATE gameobject SET guid=198921 WHERE guid=121534;
UPDATE pool_gameobject SET guid=198921, pool_entry=10458, description='Wintergrasp 189981, node 27' WHERE guid=121534;
UPDATE gameobject SET guid=198920 WHERE guid=121535;
UPDATE pool_gameobject SET guid=198920, pool_entry=10458, description='Wintergrasp 191133, node 27' WHERE guid=121535;
UPDATE gameobject SET guid=198919 WHERE guid=120103;
UPDATE pool_gameobject SET guid=198919, pool_entry=10459, description='Wintergrasp 189980, node 28' WHERE guid=120103;
UPDATE pool_pool SET pool_id=10459, description='Wintergrasp mineral, node 28' WHERE pool_id=5644;
UPDATE pool_template SET entry=10459, description='Wintergrasp mineral, node 28' WHERE entry=5644;
UPDATE gameobject SET guid=198918 WHERE guid=121536;
UPDATE pool_gameobject SET guid=198918, pool_entry=10459, description='Wintergrasp 189981, node 28' WHERE guid=121536;
UPDATE gameobject SET guid=198917 WHERE guid=121537;
UPDATE pool_gameobject SET guid=198917, pool_entry=10459, description='Wintergrasp 191133, node 28' WHERE guid=121537;
UPDATE gameobject SET guid=198916 WHERE guid=120146;
UPDATE pool_gameobject SET guid=198916, pool_entry=10460, description='Wintergrasp 189980, node 29' WHERE guid=120146;
UPDATE pool_pool SET pool_id=10460, description='Wintergrasp mineral, node 29' WHERE pool_id=5645;
UPDATE pool_template SET entry=10460, description='Wintergrasp mineral, node 29' WHERE entry=5645;
UPDATE gameobject SET guid=198915 WHERE guid=121538;
UPDATE pool_gameobject SET guid=198915, pool_entry=10460, description='Wintergrasp 189981, node 29' WHERE guid=121538;
UPDATE gameobject SET guid=198914 WHERE guid=121539;
UPDATE pool_gameobject SET guid=198914, pool_entry=10460, description='Wintergrasp 191133, node 29' WHERE guid=121539;
UPDATE gameobject SET guid=198913 WHERE guid=120160;
UPDATE pool_gameobject SET guid=198913, pool_entry=10461, description='Wintergrasp 189980, node 30' WHERE guid=120160;
UPDATE pool_pool SET pool_id=10461, description='Wintergrasp mineral, node 30' WHERE pool_id=5646;
UPDATE pool_template SET entry=10461, description='Wintergrasp mineral, node 30' WHERE entry=5646;
UPDATE gameobject SET guid=198912 WHERE guid=121540;
UPDATE pool_gameobject SET guid=198912, pool_entry=10461, description='Wintergrasp 189981, node 30' WHERE guid=121540;
UPDATE gameobject SET guid=198911 WHERE guid=121541;
UPDATE pool_gameobject SET guid=198911, pool_entry=10461, description='Wintergrasp 191133, node 30' WHERE guid=121541;
UPDATE gameobject SET guid=198910 WHERE guid=120161;
UPDATE pool_gameobject SET guid=198910, pool_entry=10462, description='Wintergrasp 189980, node 31' WHERE guid=120161;
UPDATE pool_pool SET pool_id=10462, description='Wintergrasp mineral, node 31' WHERE pool_id=5647;
UPDATE pool_template SET entry=10462, description='Wintergrasp mineral, node 31' WHERE entry=5647;
UPDATE gameobject SET guid=198909 WHERE guid=121542;
UPDATE pool_gameobject SET guid=198909, pool_entry=10462, description='Wintergrasp 189981, node 31' WHERE guid=121542;
UPDATE gameobject SET guid=198908 WHERE guid=121543;
UPDATE pool_gameobject SET guid=198908, pool_entry=10462, description='Wintergrasp 191133, node 31' WHERE guid=121543;
UPDATE gameobject SET guid=198907 WHERE guid=121544;
UPDATE pool_gameobject SET guid=198907, pool_entry=10463, description='Wintergrasp 189981, node 32' WHERE guid=121544;
UPDATE pool_pool SET pool_id=10463, description='Wintergrasp mineral, node 32' WHERE pool_id=5648;
UPDATE pool_template SET entry=10463, description='Wintergrasp mineral, node 32' WHERE entry=5648;
UPDATE gameobject SET guid=198906 WHERE guid=121545;
UPDATE pool_gameobject SET guid=198906, pool_entry=10463, description='Wintergrasp 191133, node 32' WHERE guid=121545;
UPDATE gameobject SET guid=198905 WHERE guid=120166;
UPDATE pool_gameobject SET guid=198905, pool_entry=10463, description='Wintergrasp 189980, node 32' WHERE guid=120166;
UPDATE gameobject SET guid=198904 WHERE guid=120167;
UPDATE pool_gameobject SET guid=198904, pool_entry=10464, description='Wintergrasp 189980, node 33' WHERE guid=120167;
UPDATE pool_pool SET pool_id=10464, description='Wintergrasp mineral, node 33' WHERE pool_id=5649;
UPDATE pool_template SET entry=10464, description='Wintergrasp mineral, node 33' WHERE entry=5649;
UPDATE gameobject SET guid=198903 WHERE guid=121546;
UPDATE pool_gameobject SET guid=198903, pool_entry=10464, description='Wintergrasp 189981, node 33' WHERE guid=121546;
UPDATE gameobject SET guid=198902 WHERE guid=121547;
UPDATE pool_gameobject SET guid=198902, pool_entry=10464, description='Wintergrasp 191133, node 33' WHERE guid=121547;
UPDATE gameobject SET guid=198901 WHERE guid=120173;
UPDATE pool_gameobject SET guid=198901, pool_entry=10465, description='Wintergrasp 189980, node 34' WHERE guid=120173;
UPDATE pool_pool SET pool_id=10465, description='Wintergrasp mineral, node 34' WHERE pool_id=5650;
UPDATE pool_template SET entry=10465, description='Wintergrasp mineral, node 34' WHERE entry=5650;
UPDATE gameobject SET guid=198900 WHERE guid=121548;
UPDATE pool_gameobject SET guid=198900, pool_entry=10465, description='Wintergrasp 189981, node 34' WHERE guid=121548;
UPDATE gameobject SET guid=198899 WHERE guid=121549;
UPDATE pool_gameobject SET guid=198899, pool_entry=10465, description='Wintergrasp 191133, node 34' WHERE guid=121549;
UPDATE gameobject SET guid=198898 WHERE guid=120272;
UPDATE pool_gameobject SET guid=198898, pool_entry=10466, description='Wintergrasp 189980, node 35' WHERE guid=120272;
UPDATE pool_pool SET pool_id=10466, description='Wintergrasp mineral, node 35' WHERE pool_id=5651;
UPDATE pool_template SET entry=10466, description='Wintergrasp mineral, node 35' WHERE entry=5651;
UPDATE gameobject SET guid=198897 WHERE guid=121550;
UPDATE pool_gameobject SET guid=198897, pool_entry=10466, description='Wintergrasp 189981, node 35' WHERE guid=121550;
UPDATE gameobject SET guid=198896 WHERE guid=121551;
UPDATE pool_gameobject SET guid=198896, pool_entry=10466, description='Wintergrasp 191133, node 35' WHERE guid=121551;
UPDATE gameobject SET guid=198895 WHERE guid=120273;
UPDATE pool_gameobject SET guid=198895, pool_entry=10467, description='Wintergrasp 189980, node 36' WHERE guid=120273;
UPDATE pool_pool SET pool_id=10467, description='Wintergrasp mineral, node 36' WHERE pool_id=5652;
UPDATE pool_template SET entry=10467, description='Wintergrasp mineral, node 36' WHERE entry=5652;
UPDATE gameobject SET guid=198894 WHERE guid=121552;
UPDATE pool_gameobject SET guid=198894, pool_entry=10467, description='Wintergrasp 189981, node 36' WHERE guid=121552;
UPDATE gameobject SET guid=198893 WHERE guid=121553;
UPDATE pool_gameobject SET guid=198893, pool_entry=10467, description='Wintergrasp 191133, node 36' WHERE guid=121553;
UPDATE gameobject SET guid=198892 WHERE guid=121555;
UPDATE pool_gameobject SET guid=198892, pool_entry=10468, description='Wintergrasp 191133, node 37' WHERE guid=121555;
UPDATE pool_pool SET pool_id=10468, description='Wintergrasp mineral, node 37' WHERE pool_id=5653;
UPDATE pool_template SET entry=10468, description='Wintergrasp mineral, node 37' WHERE entry=5653;
UPDATE gameobject SET guid=198891 WHERE guid=120277;
UPDATE pool_gameobject SET guid=198891, pool_entry=10468, description='Wintergrasp 189980, node 37' WHERE guid=120277;
UPDATE gameobject SET guid=198890 WHERE guid=121554;
UPDATE pool_gameobject SET guid=198890, pool_entry=10468, description='Wintergrasp 189981, node 37' WHERE guid=121554;
UPDATE gameobject SET guid=198889 WHERE guid=120284;
UPDATE pool_gameobject SET guid=198889, pool_entry=10469, description='Wintergrasp 189980, node 38' WHERE guid=120284;
UPDATE pool_pool SET pool_id=10469, description='Wintergrasp mineral, node 38' WHERE pool_id=5654;
UPDATE pool_template SET entry=10469, description='Wintergrasp mineral, node 38' WHERE entry=5654;
UPDATE gameobject SET guid=198888 WHERE guid=121556;
UPDATE pool_gameobject SET guid=198888, pool_entry=10469, description='Wintergrasp 189981, node 38' WHERE guid=121556;
UPDATE gameobject SET guid=198887 WHERE guid=121557;
UPDATE pool_gameobject SET guid=198887, pool_entry=10469, description='Wintergrasp 191133, node 38' WHERE guid=121557;
UPDATE gameobject SET guid=198886 WHERE guid=120684;
UPDATE pool_gameobject SET guid=198886, pool_entry=10470, description='Wintergrasp 189980, node 39' WHERE guid=120684;
UPDATE pool_pool SET pool_id=10470, description='Wintergrasp mineral, node 39' WHERE pool_id=5655;
UPDATE pool_template SET entry=10470, description='Wintergrasp mineral, node 39' WHERE entry=5655;
UPDATE gameobject SET guid=198885 WHERE guid=121558;
UPDATE pool_gameobject SET guid=198885, pool_entry=10470, description='Wintergrasp 189981, node 39' WHERE guid=121558;
UPDATE gameobject SET guid=198884 WHERE guid=121559;
UPDATE pool_gameobject SET guid=198884, pool_entry=10470, description='Wintergrasp 191133, node 39' WHERE guid=121559;
UPDATE gameobject SET guid=198883 WHERE guid=120694;
UPDATE pool_gameobject SET guid=198883, pool_entry=10471, description='Wintergrasp 189980, node 40' WHERE guid=120694;
UPDATE pool_pool SET pool_id=10471, description='Wintergrasp mineral, node 40' WHERE pool_id=5656;
UPDATE pool_template SET entry=10471, description='Wintergrasp mineral, node 40' WHERE entry=5656;
UPDATE gameobject SET guid=198882 WHERE guid=121560;
UPDATE pool_gameobject SET guid=198882, pool_entry=10471, description='Wintergrasp 189981, node 40' WHERE guid=121560;
UPDATE gameobject SET guid=198881 WHERE guid=121561;
UPDATE pool_gameobject SET guid=198881, pool_entry=10471, description='Wintergrasp 191133, node 40' WHERE guid=121561;
UPDATE gameobject SET guid=198880 WHERE guid=120722;
UPDATE pool_gameobject SET guid=198880, pool_entry=10472, description='Wintergrasp 189980, node 41' WHERE guid=120722;
UPDATE pool_pool SET pool_id=10472, description='Wintergrasp mineral, node 41' WHERE pool_id=5657;
UPDATE pool_template SET entry=10472, description='Wintergrasp mineral, node 41' WHERE entry=5657;
UPDATE gameobject SET guid=198879 WHERE guid=121562;
UPDATE pool_gameobject SET guid=198879, pool_entry=10472, description='Wintergrasp 189981, node 41' WHERE guid=121562;
UPDATE gameobject SET guid=198878 WHERE guid=121563;
UPDATE pool_gameobject SET guid=198878, pool_entry=10472, description='Wintergrasp 191133, node 41' WHERE guid=121563;
UPDATE gameobject SET guid=198877 WHERE guid=120728;
UPDATE pool_gameobject SET guid=198877, pool_entry=10473, description='Wintergrasp 189980, node 42' WHERE guid=120728;
UPDATE pool_pool SET pool_id=10473, description='Wintergrasp mineral, node 42' WHERE pool_id=5658;
UPDATE pool_template SET entry=10473, description='Wintergrasp mineral, node 42' WHERE entry=5658;
UPDATE gameobject SET guid=198876 WHERE guid=121564;
UPDATE pool_gameobject SET guid=198876, pool_entry=10473, description='Wintergrasp 189981, node 42' WHERE guid=121564;
UPDATE gameobject SET guid=198875 WHERE guid=121565;
UPDATE pool_gameobject SET guid=198875, pool_entry=10473, description='Wintergrasp 191133, node 42' WHERE guid=121565;
UPDATE gameobject SET guid=198874 WHERE guid=120736;
UPDATE pool_gameobject SET guid=198874, pool_entry=10474, description='Wintergrasp 189980, node 43' WHERE guid=120736;
UPDATE pool_pool SET pool_id=10474, description='Wintergrasp mineral, node 43' WHERE pool_id=5659;
UPDATE pool_template SET entry=10474, description='Wintergrasp mineral, node 43' WHERE entry=5659;
UPDATE gameobject SET guid=198873 WHERE guid=121566;
UPDATE pool_gameobject SET guid=198873, pool_entry=10474, description='Wintergrasp 189981, node 43' WHERE guid=121566;
UPDATE gameobject SET guid=198872 WHERE guid=121567;
UPDATE pool_gameobject SET guid=198872, pool_entry=10474, description='Wintergrasp 191133, node 43' WHERE guid=121567;
UPDATE gameobject SET guid=198871 WHERE guid=120737;
UPDATE pool_gameobject SET guid=198871, pool_entry=10475, description='Wintergrasp 189980, node 44' WHERE guid=120737;
UPDATE pool_pool SET pool_id=10475, description='Wintergrasp mineral, node 44' WHERE pool_id=5660;
UPDATE pool_template SET entry=10475, description='Wintergrasp mineral, node 44' WHERE entry=5660;
UPDATE gameobject SET guid=198870 WHERE guid=121568;
UPDATE pool_gameobject SET guid=198870, pool_entry=10475, description='Wintergrasp 189981, node 44' WHERE guid=121568;
UPDATE gameobject SET guid=198869 WHERE guid=121569;
UPDATE pool_gameobject SET guid=198869, pool_entry=10475, description='Wintergrasp 191133, node 44' WHERE guid=121569;
UPDATE gameobject SET guid=198868 WHERE guid=120738;
UPDATE pool_gameobject SET guid=198868, pool_entry=10476, description='Wintergrasp 189980, node 45' WHERE guid=120738;
UPDATE pool_pool SET pool_id=10476, description='Wintergrasp mineral, node 45' WHERE pool_id=5661;
UPDATE pool_template SET entry=10476, description='Wintergrasp mineral, node 45' WHERE entry=5661;
UPDATE gameobject SET guid=198867 WHERE guid=121570;
UPDATE pool_gameobject SET guid=198867, pool_entry=10476, description='Wintergrasp 189981, node 45' WHERE guid=121570;
UPDATE gameobject SET guid=198866 WHERE guid=121571;
UPDATE pool_gameobject SET guid=198866, pool_entry=10476, description='Wintergrasp 191133, node 45' WHERE guid=121571;
-- icecrown
UPDATE gameobject SET guid=198865 WHERE guid=61289;
UPDATE pool_gameobject SET guid=198865, pool_entry=10477, description='Icecrown 189980, node 1' WHERE guid=61289;
UPDATE pool_pool SET pool_id=10477, description='Icecrown mineral, node 1' WHERE pool_id=5448;
UPDATE pool_template SET entry=10477, description='Icecrown mineral, node 1' WHERE entry=5448;
UPDATE gameobject SET guid=198864 WHERE guid=121144;
UPDATE pool_gameobject SET guid=198864, pool_entry=10477, description='Icecrown 189981, node 1' WHERE guid=121144;
UPDATE gameobject SET guid=198863 WHERE guid=121145;
UPDATE pool_gameobject SET guid=198863, pool_entry=10477, description='Icecrown 191133, node 1' WHERE guid=121145;
UPDATE gameobject SET guid=198862 WHERE guid=61297;
UPDATE pool_gameobject SET guid=198862, pool_entry=10478, description='Icecrown 189980, node 2' WHERE guid=61297;
UPDATE pool_pool SET pool_id=10478, description='Icecrown mineral, node 2' WHERE pool_id=5449;
UPDATE pool_template SET entry=10478, description='Icecrown mineral, node 2' WHERE entry=5449;
UPDATE gameobject SET guid=198861 WHERE guid=121146;
UPDATE pool_gameobject SET guid=198861, pool_entry=10478, description='Icecrown 189981, node 2' WHERE guid=121146;
UPDATE gameobject SET guid=198860 WHERE guid=121147;
UPDATE pool_gameobject SET guid=198860, pool_entry=10478, description='Icecrown 191133, node 2' WHERE guid=121147;
UPDATE gameobject SET guid=198859 WHERE guid=61302;
UPDATE pool_gameobject SET guid=198859, pool_entry=10479, description='Icecrown 189980, node 3' WHERE guid=61302;
UPDATE pool_pool SET pool_id=10479, description='Icecrown mineral, node 3' WHERE pool_id=5450;
UPDATE pool_template SET entry=10479, description='Icecrown mineral, node 3' WHERE entry=5450;
UPDATE gameobject SET guid=198858 WHERE guid=121148;
UPDATE pool_gameobject SET guid=198858, pool_entry=10479, description='Icecrown 189981, node 3' WHERE guid=121148;
UPDATE gameobject SET guid=198857 WHERE guid=121149;
UPDATE pool_gameobject SET guid=198857, pool_entry=10479, description='Icecrown 191133, node 3' WHERE guid=121149;
UPDATE gameobject SET guid=198856 WHERE guid=61306;
UPDATE pool_gameobject SET guid=198856, pool_entry=10480, description='Icecrown 189980, node 4' WHERE guid=61306;
UPDATE pool_pool SET pool_id=10480, description='Icecrown mineral, node 4' WHERE pool_id=5451;
UPDATE pool_template SET entry=10480, description='Icecrown mineral, node 4' WHERE entry=5451;
UPDATE gameobject SET guid=198855 WHERE guid=121150;
UPDATE pool_gameobject SET guid=198855, pool_entry=10480, description='Icecrown 189981, node 4' WHERE guid=121150;
UPDATE gameobject SET guid=198854 WHERE guid=121151;
UPDATE pool_gameobject SET guid=198854, pool_entry=10480, description='Icecrown 191133, node 4' WHERE guid=121151;
UPDATE gameobject SET guid=198853 WHERE guid=121153;
UPDATE pool_gameobject SET guid=198853, pool_entry=10481, description='Icecrown 191133, node 5' WHERE guid=121153;
UPDATE pool_pool SET pool_id=10481, description='Icecrown mineral, node 5' WHERE pool_id=5452;
UPDATE pool_template SET entry=10481, description='Icecrown mineral, node 5' WHERE entry=5452;
UPDATE gameobject SET guid=198852 WHERE guid=61307;
UPDATE pool_gameobject SET guid=198852, pool_entry=10481, description='Icecrown 189980, node 5' WHERE guid=61307;
UPDATE gameobject SET guid=198851 WHERE guid=121152;
UPDATE pool_gameobject SET guid=198851, pool_entry=10481, description='Icecrown 189981, node 5' WHERE guid=121152;
UPDATE gameobject SET guid=198850 WHERE guid=61308;
UPDATE pool_gameobject SET guid=198850, pool_entry=10482, description='Icecrown 189980, node 6' WHERE guid=61308;
UPDATE pool_pool SET pool_id=10482, description='Icecrown mineral, node 6' WHERE pool_id=5453;
UPDATE pool_template SET entry=10482, description='Icecrown mineral, node 6' WHERE entry=5453;
UPDATE gameobject SET guid=198849 WHERE guid=121154;
UPDATE pool_gameobject SET guid=198849, pool_entry=10482, description='Icecrown 189981, node 6' WHERE guid=121154;
UPDATE gameobject SET guid=198848 WHERE guid=121155;
UPDATE pool_gameobject SET guid=198848, pool_entry=10482, description='Icecrown 191133, node 6' WHERE guid=121155;
UPDATE gameobject SET guid=198847 WHERE guid=61309;
UPDATE pool_gameobject SET guid=198847, pool_entry=10483, description='Icecrown 189980, node 7' WHERE guid=61309;
UPDATE pool_pool SET pool_id=10483, description='Icecrown mineral, node 7' WHERE pool_id=5454;
UPDATE pool_template SET entry=10483, description='Icecrown mineral, node 7' WHERE entry=5454;
UPDATE gameobject SET guid=198846 WHERE guid=121156;
UPDATE pool_gameobject SET guid=198846, pool_entry=10483, description='Icecrown 189981, node 7' WHERE guid=121156;
UPDATE gameobject SET guid=198845 WHERE guid=121157;
UPDATE pool_gameobject SET guid=198845, pool_entry=10483, description='Icecrown 191133, node 7' WHERE guid=121157;
UPDATE gameobject SET guid=198844 WHERE guid=61310;
UPDATE pool_gameobject SET guid=198844, pool_entry=10484, description='Icecrown 189980, node 8' WHERE guid=61310;
UPDATE pool_pool SET pool_id=10484, description='Icecrown mineral, node 8' WHERE pool_id=5455;
UPDATE pool_template SET entry=10484, description='Icecrown mineral, node 8' WHERE entry=5455;
UPDATE gameobject SET guid=198843 WHERE guid=121158;
UPDATE pool_gameobject SET guid=198843, pool_entry=10484, description='Icecrown 189981, node 8' WHERE guid=121158;
UPDATE gameobject SET guid=198842 WHERE guid=121159;
UPDATE pool_gameobject SET guid=198842, pool_entry=10484, description='Icecrown 191133, node 8' WHERE guid=121159;
UPDATE gameobject SET guid=198841 WHERE guid=61311;
UPDATE pool_gameobject SET guid=198841, pool_entry=10485, description='Icecrown 189980, node 9' WHERE guid=61311;
UPDATE pool_pool SET pool_id=10485, description='Icecrown mineral, node 9' WHERE pool_id=5456;
UPDATE pool_template SET entry=10485, description='Icecrown mineral, node 9' WHERE entry=5456;
UPDATE gameobject SET guid=198840 WHERE guid=121160;
UPDATE pool_gameobject SET guid=198840, pool_entry=10485, description='Icecrown 189981, node 9' WHERE guid=121160;
UPDATE gameobject SET guid=198839 WHERE guid=121161;
UPDATE pool_gameobject SET guid=198839, pool_entry=10485, description='Icecrown 191133, node 9' WHERE guid=121161;
UPDATE gameobject SET guid=198838 WHERE guid=61331;
UPDATE pool_gameobject SET guid=198838, pool_entry=10486, description='Icecrown 189980, node 10' WHERE guid=61331;
UPDATE pool_pool SET pool_id=10486, description='Icecrown mineral, node 10' WHERE pool_id=5457;
UPDATE pool_template SET entry=10486, description='Icecrown mineral, node 10' WHERE entry=5457;
UPDATE gameobject SET guid=198837 WHERE guid=121162;
UPDATE pool_gameobject SET guid=198837, pool_entry=10486, description='Icecrown 189981, node 10' WHERE guid=121162;
UPDATE gameobject SET guid=198836 WHERE guid=121163;
UPDATE pool_gameobject SET guid=198836, pool_entry=10486, description='Icecrown 191133, node 10' WHERE guid=121163;
UPDATE gameobject SET guid=198835 WHERE guid=61335;
UPDATE pool_gameobject SET guid=198835, pool_entry=10487, description='Icecrown 189980, node 11' WHERE guid=61335;
UPDATE pool_pool SET pool_id=10487, description='Icecrown mineral, node 11' WHERE pool_id=5458;
UPDATE pool_template SET entry=10487, description='Icecrown mineral, node 11' WHERE entry=5458;
UPDATE gameobject SET guid=198834 WHERE guid=121164;
UPDATE pool_gameobject SET guid=198834, pool_entry=10487, description='Icecrown 189981, node 11' WHERE guid=121164;
UPDATE gameobject SET guid=198833 WHERE guid=121165;
UPDATE pool_gameobject SET guid=198833, pool_entry=10487, description='Icecrown 191133, node 11' WHERE guid=121165;
UPDATE gameobject SET guid=198832 WHERE guid=61977;
UPDATE pool_gameobject SET guid=198832, pool_entry=10488, description='Icecrown 189980, node 12' WHERE guid=61977;
UPDATE pool_pool SET pool_id=10488, description='Icecrown mineral, node 12' WHERE pool_id=5459;
UPDATE pool_template SET entry=10488, description='Icecrown mineral, node 12' WHERE entry=5459;
UPDATE gameobject SET guid=198831 WHERE guid=121166;
UPDATE pool_gameobject SET guid=198831, pool_entry=10488, description='Icecrown 189981, node 12' WHERE guid=121166;
UPDATE gameobject SET guid=198830 WHERE guid=121167;
UPDATE pool_gameobject SET guid=198830, pool_entry=10488, description='Icecrown 191133, node 12' WHERE guid=121167;
UPDATE gameobject SET guid=198829 WHERE guid=61978;
UPDATE pool_gameobject SET guid=198829, pool_entry=10489, description='Icecrown 189980, node 13' WHERE guid=61978;
UPDATE pool_pool SET pool_id=10489, description='Icecrown mineral, node 13' WHERE pool_id=5460;
UPDATE pool_template SET entry=10489, description='Icecrown mineral, node 13' WHERE entry=5460;
UPDATE gameobject SET guid=198828 WHERE guid=121168;
UPDATE pool_gameobject SET guid=198828, pool_entry=10489, description='Icecrown 189981, node 13' WHERE guid=121168;
UPDATE gameobject SET guid=198827 WHERE guid=121169;
UPDATE pool_gameobject SET guid=198827, pool_entry=10489, description='Icecrown 191133, node 13' WHERE guid=121169;
UPDATE gameobject SET guid=198826 WHERE guid=61981;
UPDATE pool_gameobject SET guid=198826, pool_entry=10490, description='Icecrown 189980, node 14' WHERE guid=61981;
UPDATE pool_pool SET pool_id=10490, description='Icecrown mineral, node 14' WHERE pool_id=5461;
UPDATE pool_template SET entry=10490, description='Icecrown mineral, node 14' WHERE entry=5461;
UPDATE gameobject SET guid=198825 WHERE guid=121170;
UPDATE pool_gameobject SET guid=198825, pool_entry=10490, description='Icecrown 189981, node 14' WHERE guid=121170;
UPDATE gameobject SET guid=198824 WHERE guid=121171;
UPDATE pool_gameobject SET guid=198824, pool_entry=10490, description='Icecrown 191133, node 14' WHERE guid=121171;
UPDATE gameobject SET guid=198823 WHERE guid=61983;
UPDATE pool_gameobject SET guid=198823, pool_entry=10491, description='Icecrown 189980, node 15' WHERE guid=61983;
UPDATE pool_pool SET pool_id=10491, description='Icecrown mineral, node 15' WHERE pool_id=5462;
UPDATE pool_template SET entry=10491, description='Icecrown mineral, node 15' WHERE entry=5462;
UPDATE gameobject SET guid=198822 WHERE guid=121172;
UPDATE pool_gameobject SET guid=198822, pool_entry=10491, description='Icecrown 189981, node 15' WHERE guid=121172;
UPDATE gameobject SET guid=198821 WHERE guid=121173;
UPDATE pool_gameobject SET guid=198821, pool_entry=10491, description='Icecrown 191133, node 15' WHERE guid=121173;
UPDATE gameobject SET guid=198820 WHERE guid=121174;
UPDATE pool_gameobject SET guid=198820, pool_entry=10492, description='Icecrown 189981, node 16' WHERE guid=121174;
UPDATE pool_pool SET pool_id=10492, description='Icecrown mineral, node 16' WHERE pool_id=5463;
UPDATE pool_template SET entry=10492, description='Icecrown mineral, node 16' WHERE entry=5463;
UPDATE gameobject SET guid=198819 WHERE guid=121175;
UPDATE pool_gameobject SET guid=198819, pool_entry=10492, description='Icecrown 191133, node 16' WHERE guid=121175;
UPDATE gameobject SET guid=198818 WHERE guid=61992;
UPDATE pool_gameobject SET guid=198818, pool_entry=10492, description='Icecrown 189980, node 16' WHERE guid=61992;
UPDATE gameobject SET guid=198817 WHERE guid=62179;
UPDATE pool_gameobject SET guid=198817, pool_entry=10493, description='Icecrown 189980, node 17' WHERE guid=62179;
UPDATE pool_pool SET pool_id=10493, description='Icecrown mineral, node 17' WHERE pool_id=5464;
UPDATE pool_template SET entry=10493, description='Icecrown mineral, node 17' WHERE entry=5464;
UPDATE gameobject SET guid=198816 WHERE guid=121176;
UPDATE pool_gameobject SET guid=198816, pool_entry=10493, description='Icecrown 189981, node 17' WHERE guid=121176;
UPDATE gameobject SET guid=198815 WHERE guid=121177;
UPDATE pool_gameobject SET guid=198815, pool_entry=10493, description='Icecrown 191133, node 17' WHERE guid=121177;
UPDATE gameobject SET guid=198814 WHERE guid=62180;
UPDATE pool_gameobject SET guid=198814, pool_entry=10494, description='Icecrown 189980, node 18' WHERE guid=62180;
UPDATE pool_pool SET pool_id=10494, description='Icecrown mineral, node 18' WHERE pool_id=5465;
UPDATE pool_template SET entry=10494, description='Icecrown mineral, node 18' WHERE entry=5465;
UPDATE gameobject SET guid=198813 WHERE guid=121178;
UPDATE pool_gameobject SET guid=198813, pool_entry=10494, description='Icecrown 189981, node 18' WHERE guid=121178;
UPDATE gameobject SET guid=198812 WHERE guid=121179;
UPDATE pool_gameobject SET guid=198812, pool_entry=10494, description='Icecrown 191133, node 18' WHERE guid=121179;
UPDATE gameobject SET guid=198811 WHERE guid=62181;
UPDATE pool_gameobject SET guid=198811, pool_entry=10495, description='Icecrown 189980, node 19' WHERE guid=62181;
UPDATE pool_pool SET pool_id=10495, description='Icecrown mineral, node 19' WHERE pool_id=5466;
UPDATE pool_template SET entry=10495, description='Icecrown mineral, node 19' WHERE entry=5466;
UPDATE gameobject SET guid=198810 WHERE guid=121180;
UPDATE pool_gameobject SET guid=198810, pool_entry=10495, description='Icecrown 189981, node 19' WHERE guid=121180;
UPDATE gameobject SET guid=198809 WHERE guid=121181;
UPDATE pool_gameobject SET guid=198809, pool_entry=10495, description='Icecrown 191133, node 19' WHERE guid=121181;
UPDATE gameobject SET guid=198808 WHERE guid=62182;
UPDATE pool_gameobject SET guid=198808, pool_entry=10496, description='Icecrown 189980, node 20' WHERE guid=62182;
UPDATE pool_pool SET pool_id=10496, description='Icecrown mineral, node 20' WHERE pool_id=5467;
UPDATE pool_template SET entry=10496, description='Icecrown mineral, node 20' WHERE entry=5467;
UPDATE gameobject SET guid=198807 WHERE guid=121182;
UPDATE pool_gameobject SET guid=198807, pool_entry=10496, description='Icecrown 189981, node 20' WHERE guid=121182;
UPDATE gameobject SET guid=198806 WHERE guid=121183;
UPDATE pool_gameobject SET guid=198806, pool_entry=10496, description='Icecrown 191133, node 20' WHERE guid=121183;
UPDATE gameobject SET guid=198805 WHERE guid=121185;
UPDATE pool_gameobject SET guid=198805, pool_entry=10497, description='Icecrown 191133, node 21' WHERE guid=121185;
UPDATE pool_pool SET pool_id=10497, description='Icecrown mineral, node 21' WHERE pool_id=5468;
UPDATE pool_template SET entry=10497, description='Icecrown mineral, node 21' WHERE entry=5468;
UPDATE gameobject SET guid=198804 WHERE guid=62183;
UPDATE pool_gameobject SET guid=198804, pool_entry=10497, description='Icecrown 189980, node 21' WHERE guid=62183;
UPDATE gameobject SET guid=198803 WHERE guid=121184;
UPDATE pool_gameobject SET guid=198803, pool_entry=10497, description='Icecrown 189981, node 21' WHERE guid=121184;
UPDATE gameobject SET guid=198802 WHERE guid=62184;
UPDATE pool_gameobject SET guid=198802, pool_entry=10498, description='Icecrown 189980, node 22' WHERE guid=62184;
UPDATE pool_pool SET pool_id=10498, description='Icecrown mineral, node 22' WHERE pool_id=5469;
UPDATE pool_template SET entry=10498, description='Icecrown mineral, node 22' WHERE entry=5469;
UPDATE gameobject SET guid=198801 WHERE guid=121186;
UPDATE pool_gameobject SET guid=198801, pool_entry=10498, description='Icecrown 189981, node 22' WHERE guid=121186;
UPDATE gameobject SET guid=198800 WHERE guid=121187;
UPDATE pool_gameobject SET guid=198800, pool_entry=10498, description='Icecrown 191133, node 22' WHERE guid=121187;
UPDATE gameobject SET guid=198799 WHERE guid=62185;
UPDATE pool_gameobject SET guid=198799, pool_entry=10499, description='Icecrown 189980, node 23' WHERE guid=62185;
UPDATE pool_pool SET pool_id=10499, description='Icecrown mineral, node 23' WHERE pool_id=5470;
UPDATE pool_template SET entry=10499, description='Icecrown mineral, node 23' WHERE entry=5470;
UPDATE gameobject SET guid=198798 WHERE guid=121188;
UPDATE pool_gameobject SET guid=198798, pool_entry=10499, description='Icecrown 189981, node 23' WHERE guid=121188;
UPDATE gameobject SET guid=198797 WHERE guid=121189;
UPDATE pool_gameobject SET guid=198797, pool_entry=10499, description='Icecrown 191133, node 23' WHERE guid=121189;
UPDATE gameobject SET guid=198796 WHERE guid=62186;
UPDATE pool_gameobject SET guid=198796, pool_entry=10500, description='Icecrown 189980, node 24' WHERE guid=62186;
UPDATE pool_pool SET pool_id=10500, description='Icecrown mineral, node 24' WHERE pool_id=5471;
UPDATE pool_template SET entry=10500, description='Icecrown mineral, node 24' WHERE entry=5471;
UPDATE gameobject SET guid=198795 WHERE guid=121190;
UPDATE pool_gameobject SET guid=198795, pool_entry=10500, description='Icecrown 189981, node 24' WHERE guid=121190;
UPDATE gameobject SET guid=198794 WHERE guid=121191;
UPDATE pool_gameobject SET guid=198794, pool_entry=10500, description='Icecrown 191133, node 24' WHERE guid=121191;
UPDATE gameobject SET guid=198793 WHERE guid=62187;
UPDATE pool_gameobject SET guid=198793, pool_entry=10501, description='Icecrown 189980, node 25' WHERE guid=62187;
UPDATE pool_pool SET pool_id=10501, description='Icecrown mineral, node 25' WHERE pool_id=5472;
UPDATE pool_template SET entry=10501, description='Icecrown mineral, node 25' WHERE entry=5472;
UPDATE gameobject SET guid=198792 WHERE guid=121192;
UPDATE pool_gameobject SET guid=198792, pool_entry=10501, description='Icecrown 189981, node 25' WHERE guid=121192;
UPDATE gameobject SET guid=198791 WHERE guid=121193;
UPDATE pool_gameobject SET guid=198791, pool_entry=10501, description='Icecrown 191133, node 25' WHERE guid=121193;
UPDATE gameobject SET guid=198790 WHERE guid=62188;
UPDATE pool_gameobject SET guid=198790, pool_entry=10502, description='Icecrown 189980, node 26' WHERE guid=62188;
UPDATE pool_pool SET pool_id=10502, description='Icecrown mineral, node 26' WHERE pool_id=5473;
UPDATE pool_template SET entry=10502, description='Icecrown mineral, node 26' WHERE entry=5473;
UPDATE gameobject SET guid=198789 WHERE guid=121194;
UPDATE pool_gameobject SET guid=198789, pool_entry=10502, description='Icecrown 189981, node 26' WHERE guid=121194;
UPDATE gameobject SET guid=198788 WHERE guid=121195;
UPDATE pool_gameobject SET guid=198788, pool_entry=10502, description='Icecrown 191133, node 26' WHERE guid=121195;
UPDATE gameobject SET guid=198787 WHERE guid=62189;
UPDATE pool_gameobject SET guid=198787, pool_entry=10503, description='Icecrown 189980, node 27' WHERE guid=62189;
UPDATE pool_pool SET pool_id=10503, description='Icecrown mineral, node 27' WHERE pool_id=5474;
UPDATE pool_template SET entry=10503, description='Icecrown mineral, node 27' WHERE entry=5474;
UPDATE gameobject SET guid=198786 WHERE guid=121196;
UPDATE pool_gameobject SET guid=198786, pool_entry=10503, description='Icecrown 189981, node 27' WHERE guid=121196;
UPDATE gameobject SET guid=198785 WHERE guid=121197;
UPDATE pool_gameobject SET guid=198785, pool_entry=10503, description='Icecrown 191133, node 27' WHERE guid=121197;
UPDATE gameobject SET guid=198784 WHERE guid=62190;
UPDATE pool_gameobject SET guid=198784, pool_entry=10504, description='Icecrown 189980, node 28' WHERE guid=62190;
UPDATE pool_pool SET pool_id=10504, description='Icecrown mineral, node 28' WHERE pool_id=5475;
UPDATE pool_template SET entry=10504, description='Icecrown mineral, node 28' WHERE entry=5475;
UPDATE gameobject SET guid=198783 WHERE guid=121198;
UPDATE pool_gameobject SET guid=198783, pool_entry=10504, description='Icecrown 189981, node 28' WHERE guid=121198;
UPDATE gameobject SET guid=198782 WHERE guid=121199;
UPDATE pool_gameobject SET guid=198782, pool_entry=10504, description='Icecrown 191133, node 28' WHERE guid=121199;
UPDATE gameobject SET guid=198781 WHERE guid=62191;
UPDATE pool_gameobject SET guid=198781, pool_entry=10505, description='Icecrown 189980, node 29' WHERE guid=62191;
UPDATE pool_pool SET pool_id=10505, description='Icecrown mineral, node 29' WHERE pool_id=5476;
UPDATE pool_template SET entry=10505, description='Icecrown mineral, node 29' WHERE entry=5476;
UPDATE gameobject SET guid=198780 WHERE guid=121200;
UPDATE pool_gameobject SET guid=198780, pool_entry=10505, description='Icecrown 189981, node 29' WHERE guid=121200;
UPDATE gameobject SET guid=198779 WHERE guid=121201;
UPDATE pool_gameobject SET guid=198779, pool_entry=10505, description='Icecrown 191133, node 29' WHERE guid=121201;
UPDATE gameobject SET guid=198778 WHERE guid=62192;
UPDATE pool_gameobject SET guid=198778, pool_entry=10506, description='Icecrown 189980, node 30' WHERE guid=62192;
UPDATE pool_pool SET pool_id=10506, description='Icecrown mineral, node 30' WHERE pool_id=5477;
UPDATE pool_template SET entry=10506, description='Icecrown mineral, node 30' WHERE entry=5477;
UPDATE gameobject SET guid=198777 WHERE guid=121202;
UPDATE pool_gameobject SET guid=198777, pool_entry=10506, description='Icecrown 189981, node 30' WHERE guid=121202;
UPDATE gameobject SET guid=198776 WHERE guid=121203;
UPDATE pool_gameobject SET guid=198776, pool_entry=10506, description='Icecrown 191133, node 30' WHERE guid=121203;
UPDATE gameobject SET guid=198775 WHERE guid=62193;
UPDATE pool_gameobject SET guid=198775, pool_entry=10507, description='Icecrown 189980, node 31' WHERE guid=62193;
UPDATE pool_pool SET pool_id=10507, description='Icecrown mineral, node 31' WHERE pool_id=5478;
UPDATE pool_template SET entry=10507, description='Icecrown mineral, node 31' WHERE entry=5478;
UPDATE gameobject SET guid=198774 WHERE guid=121204;
UPDATE pool_gameobject SET guid=198774, pool_entry=10507, description='Icecrown 189981, node 31' WHERE guid=121204;
UPDATE gameobject SET guid=198773 WHERE guid=121205;
UPDATE pool_gameobject SET guid=198773, pool_entry=10507, description='Icecrown 191133, node 31' WHERE guid=121205;
UPDATE gameobject SET guid=198772 WHERE guid=121206;
UPDATE pool_gameobject SET guid=198772, pool_entry=10508, description='Icecrown 189981, node 32' WHERE guid=121206;
UPDATE pool_pool SET pool_id=10508, description='Icecrown mineral, node 32' WHERE pool_id=5479;
UPDATE pool_template SET entry=10508, description='Icecrown mineral, node 32' WHERE entry=5479;
UPDATE gameobject SET guid=198771 WHERE guid=121207;
UPDATE pool_gameobject SET guid=198771, pool_entry=10508, description='Icecrown 191133, node 32' WHERE guid=121207;
UPDATE gameobject SET guid=198770 WHERE guid=62194;
UPDATE pool_gameobject SET guid=198770, pool_entry=10508, description='Icecrown 189980, node 32' WHERE guid=62194;
UPDATE gameobject SET guid=198769 WHERE guid=62195;
UPDATE pool_gameobject SET guid=198769, pool_entry=10509, description='Icecrown 189980, node 33' WHERE guid=62195;
UPDATE pool_pool SET pool_id=10509, description='Icecrown mineral, node 33' WHERE pool_id=5480;
UPDATE pool_template SET entry=10509, description='Icecrown mineral, node 33' WHERE entry=5480;
UPDATE gameobject SET guid=198768 WHERE guid=121208;
UPDATE pool_gameobject SET guid=198768, pool_entry=10509, description='Icecrown 189981, node 33' WHERE guid=121208;
UPDATE gameobject SET guid=198767 WHERE guid=121209;
UPDATE pool_gameobject SET guid=198767, pool_entry=10509, description='Icecrown 191133, node 33' WHERE guid=121209;
UPDATE gameobject SET guid=198766 WHERE guid=62196;
UPDATE pool_gameobject SET guid=198766, pool_entry=10510, description='Icecrown 189980, node 34' WHERE guid=62196;
UPDATE pool_pool SET pool_id=10510, description='Icecrown mineral, node 34' WHERE pool_id=5481;
UPDATE pool_template SET entry=10510, description='Icecrown mineral, node 34' WHERE entry=5481;
UPDATE gameobject SET guid=198765 WHERE guid=121210;
UPDATE pool_gameobject SET guid=198765, pool_entry=10510, description='Icecrown 189981, node 34' WHERE guid=121210;
UPDATE gameobject SET guid=198764 WHERE guid=121211;
UPDATE pool_gameobject SET guid=198764, pool_entry=10510, description='Icecrown 191133, node 34' WHERE guid=121211;
UPDATE gameobject SET guid=198763 WHERE guid=62197;
UPDATE pool_gameobject SET guid=198763, pool_entry=10511, description='Icecrown 189980, node 35' WHERE guid=62197;
UPDATE pool_pool SET pool_id=10511, description='Icecrown mineral, node 35' WHERE pool_id=5482;
UPDATE pool_template SET entry=10511, description='Icecrown mineral, node 35' WHERE entry=5482;
UPDATE gameobject SET guid=198762 WHERE guid=121212;
UPDATE pool_gameobject SET guid=198762, pool_entry=10511, description='Icecrown 189981, node 35' WHERE guid=121212;
UPDATE gameobject SET guid=198761 WHERE guid=121213;
UPDATE pool_gameobject SET guid=198761, pool_entry=10511, description='Icecrown 191133, node 35' WHERE guid=121213;
UPDATE gameobject SET guid=198760 WHERE guid=62198;
UPDATE pool_gameobject SET guid=198760, pool_entry=10512, description='Icecrown 189980, node 36' WHERE guid=62198;
UPDATE pool_pool SET pool_id=10512, description='Icecrown mineral, node 36' WHERE pool_id=5483;
UPDATE pool_template SET entry=10512, description='Icecrown mineral, node 36' WHERE entry=5483;
UPDATE gameobject SET guid=198759 WHERE guid=121214;
UPDATE pool_gameobject SET guid=198759, pool_entry=10512, description='Icecrown 189981, node 36' WHERE guid=121214;
UPDATE gameobject SET guid=198758 WHERE guid=121215;
UPDATE pool_gameobject SET guid=198758, pool_entry=10512, description='Icecrown 191133, node 36' WHERE guid=121215;
UPDATE gameobject SET guid=198757 WHERE guid=121217;
UPDATE pool_gameobject SET guid=198757, pool_entry=10513, description='Icecrown 191133, node 37' WHERE guid=121217;
UPDATE pool_pool SET pool_id=10513, description='Icecrown mineral, node 37' WHERE pool_id=5484;
UPDATE pool_template SET entry=10513, description='Icecrown mineral, node 37' WHERE entry=5484;
UPDATE gameobject SET guid=198756 WHERE guid=62199;
UPDATE pool_gameobject SET guid=198756, pool_entry=10513, description='Icecrown 189980, node 37' WHERE guid=62199;
UPDATE gameobject SET guid=198755 WHERE guid=121216;
UPDATE pool_gameobject SET guid=198755, pool_entry=10513, description='Icecrown 189981, node 37' WHERE guid=121216;
UPDATE gameobject SET guid=198754 WHERE guid=62200;
UPDATE pool_gameobject SET guid=198754, pool_entry=10514, description='Icecrown 189980, node 38' WHERE guid=62200;
UPDATE pool_pool SET pool_id=10514, description='Icecrown mineral, node 38' WHERE pool_id=5485;
UPDATE pool_template SET entry=10514, description='Icecrown mineral, node 38' WHERE entry=5485;
UPDATE gameobject SET guid=198753 WHERE guid=121218;
UPDATE pool_gameobject SET guid=198753, pool_entry=10514, description='Icecrown 189981, node 38' WHERE guid=121218;
UPDATE gameobject SET guid=198752 WHERE guid=121219;
UPDATE pool_gameobject SET guid=198752, pool_entry=10514, description='Icecrown 191133, node 38' WHERE guid=121219;
UPDATE gameobject SET guid=198751 WHERE guid=62201;
UPDATE pool_gameobject SET guid=198751, pool_entry=10515, description='Icecrown 189980, node 39' WHERE guid=62201;
UPDATE pool_pool SET pool_id=10515, description='Icecrown mineral, node 39' WHERE pool_id=5486;
UPDATE pool_template SET entry=10515, description='Icecrown mineral, node 39' WHERE entry=5486;
UPDATE gameobject SET guid=198750 WHERE guid=121220;
UPDATE pool_gameobject SET guid=198750, pool_entry=10515, description='Icecrown 189981, node 39' WHERE guid=121220;
UPDATE gameobject SET guid=198749 WHERE guid=121221;
UPDATE pool_gameobject SET guid=198749, pool_entry=10515, description='Icecrown 191133, node 39' WHERE guid=121221;
UPDATE gameobject SET guid=198748 WHERE guid=62205;
UPDATE pool_gameobject SET guid=198748, pool_entry=10516, description='Icecrown 189980, node 40' WHERE guid=62205;
UPDATE pool_pool SET pool_id=10516, description='Icecrown mineral, node 40' WHERE pool_id=5487;
UPDATE pool_template SET entry=10516, description='Icecrown mineral, node 40' WHERE entry=5487;
UPDATE gameobject SET guid=198747 WHERE guid=121222;
UPDATE pool_gameobject SET guid=198747, pool_entry=10516, description='Icecrown 189981, node 40' WHERE guid=121222;
UPDATE gameobject SET guid=198746 WHERE guid=121223;
UPDATE pool_gameobject SET guid=198746, pool_entry=10516, description='Icecrown 191133, node 40' WHERE guid=121223;
UPDATE gameobject SET guid=198745 WHERE guid=62206;
UPDATE pool_gameobject SET guid=198745, pool_entry=10517, description='Icecrown 189980, node 41' WHERE guid=62206;
UPDATE pool_pool SET pool_id=10517, description='Icecrown mineral, node 41' WHERE pool_id=5488;
UPDATE pool_template SET entry=10517, description='Icecrown mineral, node 41' WHERE entry=5488;
UPDATE gameobject SET guid=198744 WHERE guid=121224;
UPDATE pool_gameobject SET guid=198744, pool_entry=10517, description='Icecrown 189981, node 41' WHERE guid=121224;
UPDATE gameobject SET guid=198743 WHERE guid=121225;
UPDATE pool_gameobject SET guid=198743, pool_entry=10517, description='Icecrown 191133, node 41' WHERE guid=121225;
UPDATE gameobject SET guid=198742 WHERE guid=62586;
UPDATE pool_gameobject SET guid=198742, pool_entry=10518, description='Icecrown 189980, node 42' WHERE guid=62586;
UPDATE pool_pool SET pool_id=10518, description='Icecrown mineral, node 42' WHERE pool_id=5489;
UPDATE pool_template SET entry=10518, description='Icecrown mineral, node 42' WHERE entry=5489;
UPDATE gameobject SET guid=198741 WHERE guid=121226;
UPDATE pool_gameobject SET guid=198741, pool_entry=10518, description='Icecrown 189981, node 42' WHERE guid=121226;
UPDATE gameobject SET guid=198740 WHERE guid=121227;
UPDATE pool_gameobject SET guid=198740, pool_entry=10518, description='Icecrown 191133, node 42' WHERE guid=121227;
UPDATE gameobject SET guid=198739 WHERE guid=62587;
UPDATE pool_gameobject SET guid=198739, pool_entry=10519, description='Icecrown 189980, node 43' WHERE guid=62587;
UPDATE pool_pool SET pool_id=10519, description='Icecrown mineral, node 43' WHERE pool_id=5490;
UPDATE pool_template SET entry=10519, description='Icecrown mineral, node 43' WHERE entry=5490;
UPDATE gameobject SET guid=198738 WHERE guid=121228;
UPDATE pool_gameobject SET guid=198738, pool_entry=10519, description='Icecrown 189981, node 43' WHERE guid=121228;
UPDATE gameobject SET guid=198737 WHERE guid=121229;
UPDATE pool_gameobject SET guid=198737, pool_entry=10519, description='Icecrown 191133, node 43' WHERE guid=121229;
UPDATE gameobject SET guid=198736 WHERE guid=62588;
UPDATE pool_gameobject SET guid=198736, pool_entry=10520, description='Icecrown 189980, node 44' WHERE guid=62588;
UPDATE pool_pool SET pool_id=10520, description='Icecrown mineral, node 44' WHERE pool_id=5491;
UPDATE pool_template SET entry=10520, description='Icecrown mineral, node 44' WHERE entry=5491;
UPDATE gameobject SET guid=198735 WHERE guid=121230;
UPDATE pool_gameobject SET guid=198735, pool_entry=10520, description='Icecrown 189981, node 44' WHERE guid=121230;
UPDATE gameobject SET guid=198734 WHERE guid=121231;
UPDATE pool_gameobject SET guid=198734, pool_entry=10520, description='Icecrown 191133, node 44' WHERE guid=121231;
UPDATE gameobject SET guid=198733 WHERE guid=63432;
UPDATE pool_gameobject SET guid=198733, pool_entry=10521, description='Icecrown 189980, node 45' WHERE guid=63432;
UPDATE pool_pool SET pool_id=10521, description='Icecrown mineral, node 45' WHERE pool_id=5492;
UPDATE pool_template SET entry=10521, description='Icecrown mineral, node 45' WHERE entry=5492;
UPDATE gameobject SET guid=198732 WHERE guid=121232;
UPDATE pool_gameobject SET guid=198732, pool_entry=10521, description='Icecrown 189981, node 45' WHERE guid=121232;
UPDATE gameobject SET guid=198731 WHERE guid=121233;
UPDATE pool_gameobject SET guid=198731, pool_entry=10521, description='Icecrown 191133, node 45' WHERE guid=121233;
UPDATE gameobject SET guid=198730 WHERE guid=63433;
UPDATE pool_gameobject SET guid=198730, pool_entry=10522, description='Icecrown 189980, node 46' WHERE guid=63433;
UPDATE pool_pool SET pool_id=10522, description='Icecrown mineral, node 46' WHERE pool_id=5493;
UPDATE pool_template SET entry=10522, description='Icecrown mineral, node 46' WHERE entry=5493;
UPDATE gameobject SET guid=198729 WHERE guid=121234;
UPDATE pool_gameobject SET guid=198729, pool_entry=10522, description='Icecrown 189981, node 46' WHERE guid=121234;
UPDATE gameobject SET guid=198728 WHERE guid=121235;
UPDATE pool_gameobject SET guid=198728, pool_entry=10522, description='Icecrown 191133, node 46' WHERE guid=121235;
UPDATE gameobject SET guid=198727 WHERE guid=63434;
UPDATE pool_gameobject SET guid=198727, pool_entry=10523, description='Icecrown 189980, node 47' WHERE guid=63434;
UPDATE pool_pool SET pool_id=10523, description='Icecrown mineral, node 47' WHERE pool_id=5494;
UPDATE pool_template SET entry=10523, description='Icecrown mineral, node 47' WHERE entry=5494;
UPDATE gameobject SET guid=198726 WHERE guid=121236;
UPDATE pool_gameobject SET guid=198726, pool_entry=10523, description='Icecrown 189981, node 47' WHERE guid=121236;
UPDATE gameobject SET guid=198725 WHERE guid=121237;
UPDATE pool_gameobject SET guid=198725, pool_entry=10523, description='Icecrown 191133, node 47' WHERE guid=121237;
UPDATE gameobject SET guid=198724 WHERE guid=121238;
UPDATE pool_gameobject SET guid=198724, pool_entry=10524, description='Icecrown 189981, node 48' WHERE guid=121238;
UPDATE pool_pool SET pool_id=10524, description='Icecrown mineral, node 48' WHERE pool_id=5495;
UPDATE pool_template SET entry=10524, description='Icecrown mineral, node 48' WHERE entry=5495;
UPDATE gameobject SET guid=198723 WHERE guid=121239;
UPDATE pool_gameobject SET guid=198723, pool_entry=10524, description='Icecrown 191133, node 48' WHERE guid=121239;
UPDATE gameobject SET guid=198722 WHERE guid=63435;
UPDATE pool_gameobject SET guid=198722, pool_entry=10524, description='Icecrown 189980, node 48' WHERE guid=63435;
UPDATE gameobject SET guid=198721 WHERE guid=63436;
UPDATE pool_gameobject SET guid=198721, pool_entry=10525, description='Icecrown 189980, node 49' WHERE guid=63436;
UPDATE pool_pool SET pool_id=10525, description='Icecrown mineral, node 49' WHERE pool_id=5496;
UPDATE pool_template SET entry=10525, description='Icecrown mineral, node 49' WHERE entry=5496;
UPDATE gameobject SET guid=198720 WHERE guid=121240;
UPDATE pool_gameobject SET guid=198720, pool_entry=10525, description='Icecrown 189981, node 49' WHERE guid=121240;
UPDATE gameobject SET guid=198719 WHERE guid=121241;
UPDATE pool_gameobject SET guid=198719, pool_entry=10525, description='Icecrown 191133, node 49' WHERE guid=121241;
UPDATE gameobject SET guid=198718 WHERE guid=67902;
UPDATE pool_gameobject SET guid=198718, pool_entry=10526, description='Icecrown 189980, node 50' WHERE guid=67902;
UPDATE pool_pool SET pool_id=10526, description='Icecrown mineral, node 50' WHERE pool_id=5497;
UPDATE pool_template SET entry=10526, description='Icecrown mineral, node 50' WHERE entry=5497;
UPDATE gameobject SET guid=198717 WHERE guid=121242;
UPDATE pool_gameobject SET guid=198717, pool_entry=10526, description='Icecrown 189981, node 50' WHERE guid=121242;
UPDATE gameobject SET guid=198716 WHERE guid=121243;
UPDATE pool_gameobject SET guid=198716, pool_entry=10526, description='Icecrown 191133, node 50' WHERE guid=121243;
UPDATE gameobject SET guid=198715 WHERE guid=120019;
UPDATE pool_gameobject SET guid=198715, pool_entry=10527, description='Icecrown 189980, node 51' WHERE guid=120019;
UPDATE pool_pool SET pool_id=10527, description='Icecrown mineral, node 51' WHERE pool_id=5498;
UPDATE pool_template SET entry=10527, description='Icecrown mineral, node 51' WHERE entry=5498;
UPDATE gameobject SET guid=198714 WHERE guid=121244;
UPDATE pool_gameobject SET guid=198714, pool_entry=10527, description='Icecrown 189981, node 51' WHERE guid=121244;
UPDATE gameobject SET guid=198713 WHERE guid=121245;
UPDATE pool_gameobject SET guid=198713, pool_entry=10527, description='Icecrown 191133, node 51' WHERE guid=121245;
UPDATE gameobject SET guid=198712 WHERE guid=120021;
UPDATE pool_gameobject SET guid=198712, pool_entry=10528, description='Icecrown 189980, node 52' WHERE guid=120021;
UPDATE pool_pool SET pool_id=10528, description='Icecrown mineral, node 52' WHERE pool_id=5499;
UPDATE pool_template SET entry=10528, description='Icecrown mineral, node 52' WHERE entry=5499;
UPDATE gameobject SET guid=198711 WHERE guid=121246;
UPDATE pool_gameobject SET guid=198711, pool_entry=10528, description='Icecrown 189981, node 52' WHERE guid=121246;
UPDATE gameobject SET guid=198710 WHERE guid=121247;
UPDATE pool_gameobject SET guid=198710, pool_entry=10528, description='Icecrown 191133, node 52' WHERE guid=121247;
UPDATE gameobject SET guid=198709 WHERE guid=121249;
UPDATE pool_gameobject SET guid=198709, pool_entry=10529, description='Icecrown 191133, node 53' WHERE guid=121249;
UPDATE pool_pool SET pool_id=10529, description='Icecrown mineral, node 53' WHERE pool_id=5500;
UPDATE pool_template SET entry=10529, description='Icecrown mineral, node 53' WHERE entry=5500;
UPDATE gameobject SET guid=198708 WHERE guid=120022;
UPDATE pool_gameobject SET guid=198708, pool_entry=10529, description='Icecrown 189980, node 53' WHERE guid=120022;
UPDATE gameobject SET guid=198707 WHERE guid=121248;
UPDATE pool_gameobject SET guid=198707, pool_entry=10529, description='Icecrown 189981, node 53' WHERE guid=121248;
UPDATE gameobject SET guid=198706 WHERE guid=120023;
UPDATE pool_gameobject SET guid=198706, pool_entry=10530, description='Icecrown 189980, node 54' WHERE guid=120023;
UPDATE pool_pool SET pool_id=10530, description='Icecrown mineral, node 54' WHERE pool_id=5501;
UPDATE pool_template SET entry=10530, description='Icecrown mineral, node 54' WHERE entry=5501;
UPDATE gameobject SET guid=198705 WHERE guid=121250;
UPDATE pool_gameobject SET guid=198705, pool_entry=10530, description='Icecrown 189981, node 54' WHERE guid=121250;
UPDATE gameobject SET guid=198704 WHERE guid=121251;
UPDATE pool_gameobject SET guid=198704, pool_entry=10530, description='Icecrown 191133, node 54' WHERE guid=121251;
UPDATE gameobject SET guid=198703 WHERE guid=120024;
UPDATE pool_gameobject SET guid=198703, pool_entry=10531, description='Icecrown 189980, node 55' WHERE guid=120024;
UPDATE pool_pool SET pool_id=10531, description='Icecrown mineral, node 55' WHERE pool_id=5502;
UPDATE pool_template SET entry=10531, description='Icecrown mineral, node 55' WHERE entry=5502;
UPDATE gameobject SET guid=198702 WHERE guid=121252;
UPDATE pool_gameobject SET guid=198702, pool_entry=10531, description='Icecrown 189981, node 55' WHERE guid=121252;
UPDATE gameobject SET guid=198701 WHERE guid=121253;
UPDATE pool_gameobject SET guid=198701, pool_entry=10531, description='Icecrown 191133, node 55' WHERE guid=121253;
UPDATE gameobject SET guid=198700 WHERE guid=120031;
UPDATE pool_gameobject SET guid=198700, pool_entry=10532, description='Icecrown 189980, node 56' WHERE guid=120031;
UPDATE pool_pool SET pool_id=10532, description='Icecrown mineral, node 56' WHERE pool_id=5503;
UPDATE pool_template SET entry=10532, description='Icecrown mineral, node 56' WHERE entry=5503;
UPDATE gameobject SET guid=198699 WHERE guid=121254;
UPDATE pool_gameobject SET guid=198699, pool_entry=10532, description='Icecrown 189981, node 56' WHERE guid=121254;
UPDATE gameobject SET guid=198698 WHERE guid=121255;
UPDATE pool_gameobject SET guid=198698, pool_entry=10532, description='Icecrown 191133, node 56' WHERE guid=121255;
UPDATE gameobject SET guid=198697 WHERE guid=120032;
UPDATE pool_gameobject SET guid=198697, pool_entry=10533, description='Icecrown 189980, node 57' WHERE guid=120032;
UPDATE pool_pool SET pool_id=10533, description='Icecrown mineral, node 57' WHERE pool_id=5504;
UPDATE pool_template SET entry=10533, description='Icecrown mineral, node 57' WHERE entry=5504;
UPDATE gameobject SET guid=198696 WHERE guid=121256;
UPDATE pool_gameobject SET guid=198696, pool_entry=10533, description='Icecrown 189981, node 57' WHERE guid=121256;
UPDATE gameobject SET guid=198695 WHERE guid=121257;
UPDATE pool_gameobject SET guid=198695, pool_entry=10533, description='Icecrown 191133, node 57' WHERE guid=121257;
UPDATE gameobject SET guid=198694 WHERE guid=120033;
UPDATE pool_gameobject SET guid=198694, pool_entry=10534, description='Icecrown 189980, node 58' WHERE guid=120033;
UPDATE pool_pool SET pool_id=10534, description='Icecrown mineral, node 58' WHERE pool_id=5505;
UPDATE pool_template SET entry=10534, description='Icecrown mineral, node 58' WHERE entry=5505;
UPDATE gameobject SET guid=198693 WHERE guid=121258;
UPDATE pool_gameobject SET guid=198693, pool_entry=10534, description='Icecrown 189981, node 58' WHERE guid=121258;
UPDATE gameobject SET guid=198692 WHERE guid=121259;
UPDATE pool_gameobject SET guid=198692, pool_entry=10534, description='Icecrown 191133, node 58' WHERE guid=121259;
UPDATE gameobject SET guid=198691 WHERE guid=120034;
UPDATE pool_gameobject SET guid=198691, pool_entry=10535, description='Icecrown 189980, node 59' WHERE guid=120034;
UPDATE pool_pool SET pool_id=10535, description='Icecrown mineral, node 59' WHERE pool_id=5506;
UPDATE pool_template SET entry=10535, description='Icecrown mineral, node 59' WHERE entry=5506;
UPDATE gameobject SET guid=198690 WHERE guid=121260;
UPDATE pool_gameobject SET guid=198690, pool_entry=10535, description='Icecrown 189981, node 59' WHERE guid=121260;
UPDATE gameobject SET guid=198689 WHERE guid=121261;
UPDATE pool_gameobject SET guid=198689, pool_entry=10535, description='Icecrown 191133, node 59' WHERE guid=121261;
UPDATE gameobject SET guid=198688 WHERE guid=120040;
UPDATE pool_gameobject SET guid=198688, pool_entry=10536, description='Icecrown 189980, node 60' WHERE guid=120040;
UPDATE pool_pool SET pool_id=10536, description='Icecrown mineral, node 60' WHERE pool_id=5507;
UPDATE pool_template SET entry=10536, description='Icecrown mineral, node 60' WHERE entry=5507;
UPDATE gameobject SET guid=198687 WHERE guid=121262;
UPDATE pool_gameobject SET guid=198687, pool_entry=10536, description='Icecrown 189981, node 60' WHERE guid=121262;
UPDATE gameobject SET guid=198686 WHERE guid=121263;
UPDATE pool_gameobject SET guid=198686, pool_entry=10536, description='Icecrown 191133, node 60' WHERE guid=121263;
UPDATE gameobject SET guid=198685 WHERE guid=120041;
UPDATE pool_gameobject SET guid=198685, pool_entry=10537, description='Icecrown 189980, node 61' WHERE guid=120041;
UPDATE pool_pool SET pool_id=10537, description='Icecrown mineral, node 61' WHERE pool_id=5508;
UPDATE pool_template SET entry=10537, description='Icecrown mineral, node 61' WHERE entry=5508;
UPDATE gameobject SET guid=198684 WHERE guid=121264;
UPDATE pool_gameobject SET guid=198684, pool_entry=10537, description='Icecrown 189981, node 61' WHERE guid=121264;
UPDATE gameobject SET guid=198683 WHERE guid=121265;
UPDATE pool_gameobject SET guid=198683, pool_entry=10537, description='Icecrown 191133, node 61' WHERE guid=121265;
UPDATE gameobject SET guid=198682 WHERE guid=120042;
UPDATE pool_gameobject SET guid=198682, pool_entry=10538, description='Icecrown 189980, node 62' WHERE guid=120042;
UPDATE pool_pool SET pool_id=10538, description='Icecrown mineral, node 62' WHERE pool_id=5509;
UPDATE pool_template SET entry=10538, description='Icecrown mineral, node 62' WHERE entry=5509;
UPDATE gameobject SET guid=198681 WHERE guid=121266;
UPDATE pool_gameobject SET guid=198681, pool_entry=10538, description='Icecrown 189981, node 62' WHERE guid=121266;
UPDATE gameobject SET guid=198680 WHERE guid=121267;
UPDATE pool_gameobject SET guid=198680, pool_entry=10538, description='Icecrown 191133, node 62' WHERE guid=121267;
UPDATE gameobject SET guid=198679 WHERE guid=120043;
UPDATE pool_gameobject SET guid=198679, pool_entry=10539, description='Icecrown 189980, node 63' WHERE guid=120043;
UPDATE pool_pool SET pool_id=10539, description='Icecrown mineral, node 63' WHERE pool_id=5510;
UPDATE pool_template SET entry=10539, description='Icecrown mineral, node 63' WHERE entry=5510;
UPDATE gameobject SET guid=198678 WHERE guid=121268;
UPDATE pool_gameobject SET guid=198678, pool_entry=10539, description='Icecrown 189981, node 63' WHERE guid=121268;
UPDATE gameobject SET guid=198677 WHERE guid=121269;
UPDATE pool_gameobject SET guid=198677, pool_entry=10539, description='Icecrown 191133, node 63' WHERE guid=121269;
UPDATE gameobject SET guid=198676 WHERE guid=121270;
UPDATE pool_gameobject SET guid=198676, pool_entry=10540, description='Icecrown 189981, node 64' WHERE guid=121270;
UPDATE pool_pool SET pool_id=10540, description='Icecrown mineral, node 64' WHERE pool_id=5511;
UPDATE pool_template SET entry=10540, description='Icecrown mineral, node 64' WHERE entry=5511;
UPDATE gameobject SET guid=198675 WHERE guid=121271;
UPDATE pool_gameobject SET guid=198675, pool_entry=10540, description='Icecrown 191133, node 64' WHERE guid=121271;
UPDATE gameobject SET guid=198674 WHERE guid=120044;
UPDATE pool_gameobject SET guid=198674, pool_entry=10540, description='Icecrown 189980, node 64' WHERE guid=120044;
UPDATE gameobject SET guid=198673 WHERE guid=120045;
UPDATE pool_gameobject SET guid=198673, pool_entry=10541, description='Icecrown 189980, node 65' WHERE guid=120045;
UPDATE pool_pool SET pool_id=10541, description='Icecrown mineral, node 65' WHERE pool_id=5512;
UPDATE pool_template SET entry=10541, description='Icecrown mineral, node 65' WHERE entry=5512;
UPDATE gameobject SET guid=198672 WHERE guid=121272;
UPDATE pool_gameobject SET guid=198672, pool_entry=10541, description='Icecrown 189981, node 65' WHERE guid=121272;
UPDATE gameobject SET guid=198671 WHERE guid=121273;
UPDATE pool_gameobject SET guid=198671, pool_entry=10541, description='Icecrown 191133, node 65' WHERE guid=121273;
UPDATE gameobject SET guid=198670 WHERE guid=120046;
UPDATE pool_gameobject SET guid=198670, pool_entry=10542, description='Icecrown 189980, node 66' WHERE guid=120046;
UPDATE pool_pool SET pool_id=10542, description='Icecrown mineral, node 66' WHERE pool_id=5513;
UPDATE pool_template SET entry=10542, description='Icecrown mineral, node 66' WHERE entry=5513;
UPDATE gameobject SET guid=198669 WHERE guid=121274;
UPDATE pool_gameobject SET guid=198669, pool_entry=10542, description='Icecrown 189981, node 66' WHERE guid=121274;
UPDATE gameobject SET guid=198668 WHERE guid=121275;
UPDATE pool_gameobject SET guid=198668, pool_entry=10542, description='Icecrown 191133, node 66' WHERE guid=121275;
UPDATE gameobject SET guid=198667 WHERE guid=120047;
UPDATE pool_gameobject SET guid=198667, pool_entry=10543, description='Icecrown 189980, node 67' WHERE guid=120047;
UPDATE pool_pool SET pool_id=10543, description='Icecrown mineral, node 67' WHERE pool_id=5514;
UPDATE pool_template SET entry=10543, description='Icecrown mineral, node 67' WHERE entry=5514;
UPDATE gameobject SET guid=198666 WHERE guid=121276;
UPDATE pool_gameobject SET guid=198666, pool_entry=10543, description='Icecrown 189981, node 67' WHERE guid=121276;
UPDATE gameobject SET guid=198665 WHERE guid=121277;
UPDATE pool_gameobject SET guid=198665, pool_entry=10543, description='Icecrown 191133, node 67' WHERE guid=121277;
UPDATE gameobject SET guid=198664 WHERE guid=120048;
UPDATE pool_gameobject SET guid=198664, pool_entry=10544, description='Icecrown 189980, node 68' WHERE guid=120048;
UPDATE pool_pool SET pool_id=10544, description='Icecrown mineral, node 68' WHERE pool_id=5515;
UPDATE pool_template SET entry=10544, description='Icecrown mineral, node 68' WHERE entry=5515;
UPDATE gameobject SET guid=198663 WHERE guid=121278;
UPDATE pool_gameobject SET guid=198663, pool_entry=10544, description='Icecrown 189981, node 68' WHERE guid=121278;
UPDATE gameobject SET guid=198662 WHERE guid=121279;
UPDATE pool_gameobject SET guid=198662, pool_entry=10544, description='Icecrown 191133, node 68' WHERE guid=121279;
UPDATE gameobject SET guid=198661 WHERE guid=121281;
UPDATE pool_gameobject SET guid=198661, pool_entry=10545, description='Icecrown 191133, node 69' WHERE guid=121281;
UPDATE pool_pool SET pool_id=10545, description='Icecrown mineral, node 69' WHERE pool_id=5516;
UPDATE pool_template SET entry=10545, description='Icecrown mineral, node 69' WHERE entry=5516;
UPDATE gameobject SET guid=198660 WHERE guid=120053;
UPDATE pool_gameobject SET guid=198660, pool_entry=10545, description='Icecrown 189980, node 69' WHERE guid=120053;
UPDATE gameobject SET guid=198659 WHERE guid=121280;
UPDATE pool_gameobject SET guid=198659, pool_entry=10545, description='Icecrown 189981, node 69' WHERE guid=121280;
UPDATE gameobject SET guid=198658 WHERE guid=120054;
UPDATE pool_gameobject SET guid=198658, pool_entry=10546, description='Icecrown 189980, node 70' WHERE guid=120054;
UPDATE pool_pool SET pool_id=10546, description='Icecrown mineral, node 70' WHERE pool_id=5517;
UPDATE pool_template SET entry=10546, description='Icecrown mineral, node 70' WHERE entry=5517;
UPDATE gameobject SET guid=198657 WHERE guid=121282;
UPDATE pool_gameobject SET guid=198657, pool_entry=10546, description='Icecrown 189981, node 70' WHERE guid=121282;
UPDATE gameobject SET guid=198656 WHERE guid=121283;
UPDATE pool_gameobject SET guid=198656, pool_entry=10546, description='Icecrown 191133, node 70' WHERE guid=121283;
UPDATE gameobject SET guid=198655 WHERE guid=120060;
UPDATE pool_gameobject SET guid=198655, pool_entry=10547, description='Icecrown 189980, node 71' WHERE guid=120060;
UPDATE pool_pool SET pool_id=10547, description='Icecrown mineral, node 71' WHERE pool_id=5518;
UPDATE pool_template SET entry=10547, description='Icecrown mineral, node 71' WHERE entry=5518;
UPDATE gameobject SET guid=198654 WHERE guid=121284;
UPDATE pool_gameobject SET guid=198654, pool_entry=10547, description='Icecrown 189981, node 71' WHERE guid=121284;
UPDATE gameobject SET guid=198653 WHERE guid=121285;
UPDATE pool_gameobject SET guid=198653, pool_entry=10547, description='Icecrown 191133, node 71' WHERE guid=121285;
UPDATE gameobject SET guid=198652 WHERE guid=120066;
UPDATE pool_gameobject SET guid=198652, pool_entry=10548, description='Icecrown 189980, node 72' WHERE guid=120066;
UPDATE pool_pool SET pool_id=10548, description='Icecrown mineral, node 72' WHERE pool_id=5519;
UPDATE pool_template SET entry=10548, description='Icecrown mineral, node 72' WHERE entry=5519;
UPDATE gameobject SET guid=198651 WHERE guid=121286;
UPDATE pool_gameobject SET guid=198651, pool_entry=10548, description='Icecrown 189981, node 72' WHERE guid=121286;
UPDATE gameobject SET guid=198650 WHERE guid=121287;
UPDATE pool_gameobject SET guid=198650, pool_entry=10548, description='Icecrown 191133, node 72' WHERE guid=121287;
UPDATE gameobject SET guid=198649 WHERE guid=120069;
UPDATE pool_gameobject SET guid=198649, pool_entry=10549, description='Icecrown 189980, node 73' WHERE guid=120069;
UPDATE pool_pool SET pool_id=10549, description='Icecrown mineral, node 73' WHERE pool_id=5520;
UPDATE pool_template SET entry=10549, description='Icecrown mineral, node 73' WHERE entry=5520;
UPDATE gameobject SET guid=198648 WHERE guid=121288;
UPDATE pool_gameobject SET guid=198648, pool_entry=10549, description='Icecrown 189981, node 73' WHERE guid=121288;
UPDATE gameobject SET guid=198647 WHERE guid=121289;
UPDATE pool_gameobject SET guid=198647, pool_entry=10549, description='Icecrown 191133, node 73' WHERE guid=121289;
UPDATE gameobject SET guid=198646 WHERE guid=120070;
UPDATE pool_gameobject SET guid=198646, pool_entry=10550, description='Icecrown 189980, node 74' WHERE guid=120070;
UPDATE pool_pool SET pool_id=10550, description='Icecrown mineral, node 74' WHERE pool_id=5521;
UPDATE pool_template SET entry=10550, description='Icecrown mineral, node 74' WHERE entry=5521;
UPDATE gameobject SET guid=198645 WHERE guid=121290;
UPDATE pool_gameobject SET guid=198645, pool_entry=10550, description='Icecrown 189981, node 74' WHERE guid=121290;
UPDATE gameobject SET guid=198644 WHERE guid=121291;
UPDATE pool_gameobject SET guid=198644, pool_entry=10550, description='Icecrown 191133, node 74' WHERE guid=121291;
UPDATE gameobject SET guid=198643 WHERE guid=120074;
UPDATE pool_gameobject SET guid=198643, pool_entry=10551, description='Icecrown 189980, node 75' WHERE guid=120074;
UPDATE pool_pool SET pool_id=10551, description='Icecrown mineral, node 75' WHERE pool_id=5522;
UPDATE pool_template SET entry=10551, description='Icecrown mineral, node 75' WHERE entry=5522;
UPDATE gameobject SET guid=198642 WHERE guid=121292;
UPDATE pool_gameobject SET guid=198642, pool_entry=10551, description='Icecrown 189981, node 75' WHERE guid=121292;
UPDATE gameobject SET guid=198641 WHERE guid=121293;
UPDATE pool_gameobject SET guid=198641, pool_entry=10551, description='Icecrown 191133, node 75' WHERE guid=121293;
UPDATE gameobject SET guid=198640 WHERE guid=120075;
UPDATE pool_gameobject SET guid=198640, pool_entry=10552, description='Icecrown 189980, node 76' WHERE guid=120075;
UPDATE pool_pool SET pool_id=10552, description='Icecrown mineral, node 76' WHERE pool_id=5523;
UPDATE pool_template SET entry=10552, description='Icecrown mineral, node 76' WHERE entry=5523;
UPDATE gameobject SET guid=198639 WHERE guid=121294;
UPDATE pool_gameobject SET guid=198639, pool_entry=10552, description='Icecrown 189981, node 76' WHERE guid=121294;
UPDATE gameobject SET guid=198638 WHERE guid=121295;
UPDATE pool_gameobject SET guid=198638, pool_entry=10552, description='Icecrown 191133, node 76' WHERE guid=121295;
UPDATE gameobject SET guid=198637 WHERE guid=120076;
UPDATE pool_gameobject SET guid=198637, pool_entry=10553, description='Icecrown 189980, node 77' WHERE guid=120076;
UPDATE pool_pool SET pool_id=10553, description='Icecrown mineral, node 77' WHERE pool_id=5524;
UPDATE pool_template SET entry=10553, description='Icecrown mineral, node 77' WHERE entry=5524;
UPDATE gameobject SET guid=198636 WHERE guid=121296;
UPDATE pool_gameobject SET guid=198636, pool_entry=10553, description='Icecrown 189981, node 77' WHERE guid=121296;
UPDATE gameobject SET guid=198635 WHERE guid=121297;
UPDATE pool_gameobject SET guid=198635, pool_entry=10553, description='Icecrown 191133, node 77' WHERE guid=121297;
UPDATE gameobject SET guid=198634 WHERE guid=120077;
UPDATE pool_gameobject SET guid=198634, pool_entry=10554, description='Icecrown 189980, node 78' WHERE guid=120077;
UPDATE pool_pool SET pool_id=10554, description='Icecrown mineral, node 78' WHERE pool_id=5525;
UPDATE pool_template SET entry=10554, description='Icecrown mineral, node 78' WHERE entry=5525;
UPDATE gameobject SET guid=198633 WHERE guid=121298;
UPDATE pool_gameobject SET guid=198633, pool_entry=10554, description='Icecrown 189981, node 78' WHERE guid=121298;
UPDATE gameobject SET guid=198632 WHERE guid=121299;
UPDATE pool_gameobject SET guid=198632, pool_entry=10554, description='Icecrown 191133, node 78' WHERE guid=121299;
UPDATE gameobject SET guid=198631 WHERE guid=120078;
UPDATE pool_gameobject SET guid=198631, pool_entry=10555, description='Icecrown 189980, node 79' WHERE guid=120078;
UPDATE pool_pool SET pool_id=10555, description='Icecrown mineral, node 79' WHERE pool_id=5526;
UPDATE pool_template SET entry=10555, description='Icecrown mineral, node 79' WHERE entry=5526;
UPDATE gameobject SET guid=198630 WHERE guid=121300;
UPDATE pool_gameobject SET guid=198630, pool_entry=10555, description='Icecrown 189981, node 79' WHERE guid=121300;
UPDATE gameobject SET guid=198629 WHERE guid=121301;
UPDATE pool_gameobject SET guid=198629, pool_entry=10555, description='Icecrown 191133, node 79' WHERE guid=121301;
UPDATE gameobject SET guid=198628 WHERE guid=121302;
UPDATE pool_gameobject SET guid=198628, pool_entry=10556, description='Icecrown 189981, node 80' WHERE guid=121302;
UPDATE pool_pool SET pool_id=10556, description='Icecrown mineral, node 80' WHERE pool_id=5527;
UPDATE pool_template SET entry=10556, description='Icecrown mineral, node 80' WHERE entry=5527;
UPDATE gameobject SET guid=198627 WHERE guid=121303;
UPDATE pool_gameobject SET guid=198627, pool_entry=10556, description='Icecrown 191133, node 80' WHERE guid=121303;
UPDATE gameobject SET guid=198626 WHERE guid=120079;
UPDATE pool_gameobject SET guid=198626, pool_entry=10556, description='Icecrown 189980, node 80' WHERE guid=120079;
UPDATE gameobject SET guid=198625 WHERE guid=120080;
UPDATE pool_gameobject SET guid=198625, pool_entry=10557, description='Icecrown 189980, node 81' WHERE guid=120080;
UPDATE pool_pool SET pool_id=10557, description='Icecrown mineral, node 81' WHERE pool_id=5528;
UPDATE pool_template SET entry=10557, description='Icecrown mineral, node 81' WHERE entry=5528;
UPDATE gameobject SET guid=198624 WHERE guid=121304;
UPDATE pool_gameobject SET guid=198624, pool_entry=10557, description='Icecrown 189981, node 81' WHERE guid=121304;
UPDATE gameobject SET guid=198623 WHERE guid=121305;
UPDATE pool_gameobject SET guid=198623, pool_entry=10557, description='Icecrown 191133, node 81' WHERE guid=121305;
UPDATE gameobject SET guid=198622 WHERE guid=120081;
UPDATE pool_gameobject SET guid=198622, pool_entry=10558, description='Icecrown 189980, node 82' WHERE guid=120081;
UPDATE pool_pool SET pool_id=10558, description='Icecrown mineral, node 82' WHERE pool_id=5529;
UPDATE pool_template SET entry=10558, description='Icecrown mineral, node 82' WHERE entry=5529;
UPDATE gameobject SET guid=198621 WHERE guid=121306;
UPDATE pool_gameobject SET guid=198621, pool_entry=10558, description='Icecrown 189981, node 82' WHERE guid=121306;
UPDATE gameobject SET guid=198620 WHERE guid=121307;
UPDATE pool_gameobject SET guid=198620, pool_entry=10558, description='Icecrown 191133, node 82' WHERE guid=121307;
UPDATE gameobject SET guid=198619 WHERE guid=120082;
UPDATE pool_gameobject SET guid=198619, pool_entry=10559, description='Icecrown 189980, node 83' WHERE guid=120082;
UPDATE pool_pool SET pool_id=10559, description='Icecrown mineral, node 83' WHERE pool_id=5530;
UPDATE pool_template SET entry=10559, description='Icecrown mineral, node 83' WHERE entry=5530;
UPDATE gameobject SET guid=198618 WHERE guid=121308;
UPDATE pool_gameobject SET guid=198618, pool_entry=10559, description='Icecrown 189981, node 83' WHERE guid=121308;
UPDATE gameobject SET guid=198617 WHERE guid=121309;
UPDATE pool_gameobject SET guid=198617, pool_entry=10559, description='Icecrown 191133, node 83' WHERE guid=121309;
UPDATE gameobject SET guid=198616 WHERE guid=120083;
UPDATE pool_gameobject SET guid=198616, pool_entry=10560, description='Icecrown 189980, node 84' WHERE guid=120083;
UPDATE pool_pool SET pool_id=10560, description='Icecrown mineral, node 84' WHERE pool_id=5531;
UPDATE pool_template SET entry=10560, description='Icecrown mineral, node 84' WHERE entry=5531;
UPDATE gameobject SET guid=198615 WHERE guid=121310;
UPDATE pool_gameobject SET guid=198615, pool_entry=10560, description='Icecrown 189981, node 84' WHERE guid=121310;
UPDATE gameobject SET guid=198614 WHERE guid=121311;
UPDATE pool_gameobject SET guid=198614, pool_entry=10560, description='Icecrown 191133, node 84' WHERE guid=121311;
UPDATE gameobject SET guid=198613 WHERE guid=121313;
UPDATE pool_gameobject SET guid=198613, pool_entry=10561, description='Icecrown 191133, node 85' WHERE guid=121313;
UPDATE pool_pool SET pool_id=10561, description='Icecrown mineral, node 85' WHERE pool_id=5532;
UPDATE pool_template SET entry=10561, description='Icecrown mineral, node 85' WHERE entry=5532;
UPDATE gameobject SET guid=198612 WHERE guid=120084;
UPDATE pool_gameobject SET guid=198612, pool_entry=10561, description='Icecrown 189980, node 85' WHERE guid=120084;
UPDATE gameobject SET guid=198611 WHERE guid=121312;
UPDATE pool_gameobject SET guid=198611, pool_entry=10561, description='Icecrown 189981, node 85' WHERE guid=121312;
UPDATE gameobject SET guid=198610 WHERE guid=120085;
UPDATE pool_gameobject SET guid=198610, pool_entry=10562, description='Icecrown 189980, node 86' WHERE guid=120085;
UPDATE pool_pool SET pool_id=10562, description='Icecrown mineral, node 86' WHERE pool_id=5533;
UPDATE pool_template SET entry=10562, description='Icecrown mineral, node 86' WHERE entry=5533;
UPDATE gameobject SET guid=198609 WHERE guid=121314;
UPDATE pool_gameobject SET guid=198609, pool_entry=10562, description='Icecrown 189981, node 86' WHERE guid=121314;
UPDATE gameobject SET guid=198608 WHERE guid=121315;
UPDATE pool_gameobject SET guid=198608, pool_entry=10562, description='Icecrown 191133, node 86' WHERE guid=121315;
UPDATE gameobject SET guid=198607 WHERE guid=120086;
UPDATE pool_gameobject SET guid=198607, pool_entry=10563, description='Icecrown 189980, node 87' WHERE guid=120086;
UPDATE pool_pool SET pool_id=10563, description='Icecrown mineral, node 87' WHERE pool_id=5534;
UPDATE pool_template SET entry=10563, description='Icecrown mineral, node 87' WHERE entry=5534;
UPDATE gameobject SET guid=198606 WHERE guid=121316;
UPDATE pool_gameobject SET guid=198606, pool_entry=10563, description='Icecrown 189981, node 87' WHERE guid=121316;
UPDATE gameobject SET guid=198605 WHERE guid=121317;
UPDATE pool_gameobject SET guid=198605, pool_entry=10563, description='Icecrown 191133, node 87' WHERE guid=121317;
UPDATE gameobject SET guid=198604 WHERE guid=120087;
UPDATE pool_gameobject SET guid=198604, pool_entry=10564, description='Icecrown 189980, node 88' WHERE guid=120087;
UPDATE pool_pool SET pool_id=10564, description='Icecrown mineral, node 88' WHERE pool_id=5535;
UPDATE pool_template SET entry=10564, description='Icecrown mineral, node 88' WHERE entry=5535;
UPDATE gameobject SET guid=198603 WHERE guid=121318;
UPDATE pool_gameobject SET guid=198603, pool_entry=10564, description='Icecrown 189981, node 88' WHERE guid=121318;
UPDATE gameobject SET guid=198602 WHERE guid=121319;
UPDATE pool_gameobject SET guid=198602, pool_entry=10564, description='Icecrown 191133, node 88' WHERE guid=121319;
UPDATE gameobject SET guid=198601 WHERE guid=120089;
UPDATE pool_gameobject SET guid=198601, pool_entry=10565, description='Icecrown 189980, node 89' WHERE guid=120089;
UPDATE pool_pool SET pool_id=10565, description='Icecrown mineral, node 89' WHERE pool_id=5536;
UPDATE pool_template SET entry=10565, description='Icecrown mineral, node 89' WHERE entry=5536;
UPDATE gameobject SET guid=198600 WHERE guid=121320;
UPDATE pool_gameobject SET guid=198600, pool_entry=10565, description='Icecrown 189981, node 89' WHERE guid=121320;
UPDATE gameobject SET guid=198599 WHERE guid=121321;
UPDATE pool_gameobject SET guid=198599, pool_entry=10565, description='Icecrown 191133, node 89' WHERE guid=121321;
UPDATE gameobject SET guid=198598 WHERE guid=120091;
UPDATE pool_gameobject SET guid=198598, pool_entry=10566, description='Icecrown 189980, node 90' WHERE guid=120091;
UPDATE pool_pool SET pool_id=10566, description='Icecrown mineral, node 90' WHERE pool_id=5537;
UPDATE pool_template SET entry=10566, description='Icecrown mineral, node 90' WHERE entry=5537;
UPDATE gameobject SET guid=198597 WHERE guid=121322;
UPDATE pool_gameobject SET guid=198597, pool_entry=10566, description='Icecrown 189981, node 90' WHERE guid=121322;
UPDATE gameobject SET guid=198596 WHERE guid=121323;
UPDATE pool_gameobject SET guid=198596, pool_entry=10566, description='Icecrown 191133, node 90' WHERE guid=121323;
UPDATE gameobject SET guid=198595 WHERE guid=120092;
UPDATE pool_gameobject SET guid=198595, pool_entry=10567, description='Icecrown 189980, node 91' WHERE guid=120092;
UPDATE pool_pool SET pool_id=10567, description='Icecrown mineral, node 91' WHERE pool_id=5538;
UPDATE pool_template SET entry=10567, description='Icecrown mineral, node 91' WHERE entry=5538;
UPDATE gameobject SET guid=198594 WHERE guid=121324;
UPDATE pool_gameobject SET guid=198594, pool_entry=10567, description='Icecrown 189981, node 91' WHERE guid=121324;
UPDATE gameobject SET guid=198593 WHERE guid=121325;
UPDATE pool_gameobject SET guid=198593, pool_entry=10567, description='Icecrown 191133, node 91' WHERE guid=121325;
UPDATE gameobject SET guid=198592 WHERE guid=120097;
UPDATE pool_gameobject SET guid=198592, pool_entry=10568, description='Icecrown 189980, node 92' WHERE guid=120097;
UPDATE pool_pool SET pool_id=10568, description='Icecrown mineral, node 92' WHERE pool_id=5539;
UPDATE pool_template SET entry=10568, description='Icecrown mineral, node 92' WHERE entry=5539;
UPDATE gameobject SET guid=198591 WHERE guid=121326;
UPDATE pool_gameobject SET guid=198591, pool_entry=10568, description='Icecrown 189981, node 92' WHERE guid=121326;
UPDATE gameobject SET guid=198590 WHERE guid=121327;
UPDATE pool_gameobject SET guid=198590, pool_entry=10568, description='Icecrown 191133, node 92' WHERE guid=121327;
UPDATE gameobject SET guid=198589 WHERE guid=120099;
UPDATE pool_gameobject SET guid=198589, pool_entry=10569, description='Icecrown 189980, node 93' WHERE guid=120099;
UPDATE pool_pool SET pool_id=10569, description='Icecrown mineral, node 93' WHERE pool_id=5540;
UPDATE pool_template SET entry=10569, description='Icecrown mineral, node 93' WHERE entry=5540;
UPDATE gameobject SET guid=198588 WHERE guid=121328;
UPDATE pool_gameobject SET guid=198588, pool_entry=10569, description='Icecrown 189981, node 93' WHERE guid=121328;
UPDATE gameobject SET guid=198587 WHERE guid=121329;
UPDATE pool_gameobject SET guid=198587, pool_entry=10569, description='Icecrown 191133, node 93' WHERE guid=121329;
UPDATE gameobject SET guid=198586 WHERE guid=120100;
UPDATE pool_gameobject SET guid=198586, pool_entry=10570, description='Icecrown 189980, node 94' WHERE guid=120100;
UPDATE pool_pool SET pool_id=10570, description='Icecrown mineral, node 94' WHERE pool_id=5541;
UPDATE pool_template SET entry=10570, description='Icecrown mineral, node 94' WHERE entry=5541;
UPDATE gameobject SET guid=198585 WHERE guid=121330;
UPDATE pool_gameobject SET guid=198585, pool_entry=10570, description='Icecrown 189981, node 94' WHERE guid=121330;
UPDATE gameobject SET guid=198584 WHERE guid=121331;
UPDATE pool_gameobject SET guid=198584, pool_entry=10570, description='Icecrown 191133, node 94' WHERE guid=121331;
UPDATE gameobject SET guid=198583 WHERE guid=120101;
UPDATE pool_gameobject SET guid=198583, pool_entry=10571, description='Icecrown 189980, node 95' WHERE guid=120101;
UPDATE pool_pool SET pool_id=10571, description='Icecrown mineral, node 95' WHERE pool_id=5542;
UPDATE pool_template SET entry=10571, description='Icecrown mineral, node 95' WHERE entry=5542;
UPDATE gameobject SET guid=198582 WHERE guid=121332;
UPDATE pool_gameobject SET guid=198582, pool_entry=10571, description='Icecrown 189981, node 95' WHERE guid=121332;
UPDATE gameobject SET guid=198581 WHERE guid=121333;
UPDATE pool_gameobject SET guid=198581, pool_entry=10571, description='Icecrown 191133, node 95' WHERE guid=121333;
UPDATE gameobject SET guid=198580 WHERE guid=121334;
UPDATE pool_gameobject SET guid=198580, pool_entry=10572, description='Icecrown 189981, node 96' WHERE guid=121334;
UPDATE pool_pool SET pool_id=10572, description='Icecrown mineral, node 96' WHERE pool_id=5543;
UPDATE pool_template SET entry=10572, description='Icecrown mineral, node 96' WHERE entry=5543;
UPDATE gameobject SET guid=198579 WHERE guid=121335;
UPDATE pool_gameobject SET guid=198579, pool_entry=10572, description='Icecrown 191133, node 96' WHERE guid=121335;
UPDATE gameobject SET guid=198578 WHERE guid=120104;
UPDATE pool_gameobject SET guid=198578, pool_entry=10572, description='Icecrown 189980, node 96' WHERE guid=120104;
UPDATE gameobject SET guid=198577 WHERE guid=120108;
UPDATE pool_gameobject SET guid=198577, pool_entry=10573, description='Icecrown 189980, node 97' WHERE guid=120108;
UPDATE pool_pool SET pool_id=10573, description='Icecrown mineral, node 97' WHERE pool_id=5544;
UPDATE pool_template SET entry=10573, description='Icecrown mineral, node 97' WHERE entry=5544;
UPDATE gameobject SET guid=198576 WHERE guid=121336;
UPDATE pool_gameobject SET guid=198576, pool_entry=10573, description='Icecrown 189981, node 97' WHERE guid=121336;
UPDATE gameobject SET guid=198575 WHERE guid=121337;
UPDATE pool_gameobject SET guid=198575, pool_entry=10573, description='Icecrown 191133, node 97' WHERE guid=121337;
UPDATE gameobject SET guid=198574 WHERE guid=120109;
UPDATE pool_gameobject SET guid=198574, pool_entry=10574, description='Icecrown 189980, node 98' WHERE guid=120109;
UPDATE pool_pool SET pool_id=10574, description='Icecrown mineral, node 98' WHERE pool_id=5545;
UPDATE pool_template SET entry=10574, description='Icecrown mineral, node 98' WHERE entry=5545;
UPDATE gameobject SET guid=198573 WHERE guid=121338;
UPDATE pool_gameobject SET guid=198573, pool_entry=10574, description='Icecrown 189981, node 98' WHERE guid=121338;
UPDATE gameobject SET guid=198572 WHERE guid=121339;
UPDATE pool_gameobject SET guid=198572, pool_entry=10574, description='Icecrown 191133, node 98' WHERE guid=121339;
UPDATE gameobject SET guid=198571 WHERE guid=120115;
UPDATE pool_gameobject SET guid=198571, pool_entry=10575, description='Icecrown 189980, node 99' WHERE guid=120115;
UPDATE pool_pool SET pool_id=10575, description='Icecrown mineral, node 99' WHERE pool_id=5546;
UPDATE pool_template SET entry=10575, description='Icecrown mineral, node 99' WHERE entry=5546;
UPDATE gameobject SET guid=198570 WHERE guid=121340;
UPDATE pool_gameobject SET guid=198570, pool_entry=10575, description='Icecrown 189981, node 99' WHERE guid=121340;
UPDATE gameobject SET guid=198569 WHERE guid=121341;
UPDATE pool_gameobject SET guid=198569, pool_entry=10575, description='Icecrown 191133, node 99' WHERE guid=121341;
UPDATE gameobject SET guid=198568 WHERE guid=120116;
UPDATE pool_gameobject SET guid=198568, pool_entry=10576, description='Icecrown 189980, node 100' WHERE guid=120116;
UPDATE pool_pool SET pool_id=10576, description='Icecrown mineral, node 100' WHERE pool_id=5547;
UPDATE pool_template SET entry=10576, description='Icecrown mineral, node 100' WHERE entry=5547;
UPDATE gameobject SET guid=198567 WHERE guid=121342;
UPDATE pool_gameobject SET guid=198567, pool_entry=10576, description='Icecrown 189981, node 100' WHERE guid=121342;
UPDATE gameobject SET guid=198566 WHERE guid=121343;
UPDATE pool_gameobject SET guid=198566, pool_entry=10576, description='Icecrown 191133, node 100' WHERE guid=121343;
UPDATE gameobject SET guid=198565 WHERE guid=121345;
UPDATE pool_gameobject SET guid=198565, pool_entry=10577, description='Icecrown 191133, node 101' WHERE guid=121345;
UPDATE pool_pool SET pool_id=10577, description='Icecrown mineral, node 101' WHERE pool_id=5548;
UPDATE pool_template SET entry=10577, description='Icecrown mineral, node 101' WHERE entry=5548;
UPDATE gameobject SET guid=198564 WHERE guid=120117;
UPDATE pool_gameobject SET guid=198564, pool_entry=10577, description='Icecrown 189980, node 101' WHERE guid=120117;
UPDATE gameobject SET guid=198563 WHERE guid=121344;
UPDATE pool_gameobject SET guid=198563, pool_entry=10577, description='Icecrown 189981, node 101' WHERE guid=121344;
UPDATE gameobject SET guid=198562 WHERE guid=120118;
UPDATE pool_gameobject SET guid=198562, pool_entry=10578, description='Icecrown 189980, node 102' WHERE guid=120118;
UPDATE pool_pool SET pool_id=10578, description='Icecrown mineral, node 102' WHERE pool_id=5549;
UPDATE pool_template SET entry=10578, description='Icecrown mineral, node 102' WHERE entry=5549;
UPDATE gameobject SET guid=198561 WHERE guid=121346;
UPDATE pool_gameobject SET guid=198561, pool_entry=10578, description='Icecrown 189981, node 102' WHERE guid=121346;
UPDATE gameobject SET guid=198560 WHERE guid=121347;
UPDATE pool_gameobject SET guid=198560, pool_entry=10578, description='Icecrown 191133, node 102' WHERE guid=121347;
UPDATE gameobject SET guid=198559 WHERE guid=120119;
UPDATE pool_gameobject SET guid=198559, pool_entry=10579, description='Icecrown 189980, node 103' WHERE guid=120119;
UPDATE pool_pool SET pool_id=10579, description='Icecrown mineral, node 103' WHERE pool_id=5550;
UPDATE pool_template SET entry=10579, description='Icecrown mineral, node 103' WHERE entry=5550;
UPDATE gameobject SET guid=198558 WHERE guid=121348;
UPDATE pool_gameobject SET guid=198558, pool_entry=10579, description='Icecrown 189981, node 103' WHERE guid=121348;
UPDATE gameobject SET guid=198557 WHERE guid=121349;
UPDATE pool_gameobject SET guid=198557, pool_entry=10579, description='Icecrown 191133, node 103' WHERE guid=121349;
UPDATE gameobject SET guid=198556 WHERE guid=120120;
UPDATE pool_gameobject SET guid=198556, pool_entry=10580, description='Icecrown 189980, node 104' WHERE guid=120120;
UPDATE pool_pool SET pool_id=10580, description='Icecrown mineral, node 104' WHERE pool_id=5551;
UPDATE pool_template SET entry=10580, description='Icecrown mineral, node 104' WHERE entry=5551;
UPDATE gameobject SET guid=198555 WHERE guid=121350;
UPDATE pool_gameobject SET guid=198555, pool_entry=10580, description='Icecrown 189981, node 104' WHERE guid=121350;
UPDATE gameobject SET guid=198554 WHERE guid=121351;
UPDATE pool_gameobject SET guid=198554, pool_entry=10580, description='Icecrown 191133, node 104' WHERE guid=121351;
UPDATE gameobject SET guid=198553 WHERE guid=120121;
UPDATE pool_gameobject SET guid=198553, pool_entry=10581, description='Icecrown 189980, node 105' WHERE guid=120121;
UPDATE pool_pool SET pool_id=10581, description='Icecrown mineral, node 105' WHERE pool_id=5552;
UPDATE pool_template SET entry=10581, description='Icecrown mineral, node 105' WHERE entry=5552;
UPDATE gameobject SET guid=198552 WHERE guid=121352;
UPDATE pool_gameobject SET guid=198552, pool_entry=10581, description='Icecrown 189981, node 105' WHERE guid=121352;
UPDATE gameobject SET guid=198551 WHERE guid=121353;
UPDATE pool_gameobject SET guid=198551, pool_entry=10581, description='Icecrown 191133, node 105' WHERE guid=121353;
UPDATE gameobject SET guid=198550 WHERE guid=120122;
UPDATE pool_gameobject SET guid=198550, pool_entry=10582, description='Icecrown 189980, node 106' WHERE guid=120122;
UPDATE pool_pool SET pool_id=10582, description='Icecrown mineral, node 106' WHERE pool_id=5553;
UPDATE pool_template SET entry=10582, description='Icecrown mineral, node 106' WHERE entry=5553;
UPDATE gameobject SET guid=198549 WHERE guid=121354;
UPDATE pool_gameobject SET guid=198549, pool_entry=10582, description='Icecrown 189981, node 106' WHERE guid=121354;
UPDATE gameobject SET guid=198548 WHERE guid=121355;
UPDATE pool_gameobject SET guid=198548, pool_entry=10582, description='Icecrown 191133, node 106' WHERE guid=121355;
UPDATE gameobject SET guid=198547 WHERE guid=120123;
UPDATE pool_gameobject SET guid=198547, pool_entry=10583, description='Icecrown 189980, node 107' WHERE guid=120123;
UPDATE pool_pool SET pool_id=10583, description='Icecrown mineral, node 107' WHERE pool_id=5554;
UPDATE pool_template SET entry=10583, description='Icecrown mineral, node 107' WHERE entry=5554;
UPDATE gameobject SET guid=198546 WHERE guid=121356;
UPDATE pool_gameobject SET guid=198546, pool_entry=10583, description='Icecrown 189981, node 107' WHERE guid=121356;
UPDATE gameobject SET guid=198545 WHERE guid=121357;
UPDATE pool_gameobject SET guid=198545, pool_entry=10583, description='Icecrown 191133, node 107' WHERE guid=121357;
UPDATE gameobject SET guid=198544 WHERE guid=120124;
UPDATE pool_gameobject SET guid=198544, pool_entry=10584, description='Icecrown 189980, node 108' WHERE guid=120124;
UPDATE pool_pool SET pool_id=10584, description='Icecrown mineral, node 108' WHERE pool_id=5555;
UPDATE pool_template SET entry=10584, description='Icecrown mineral, node 108' WHERE entry=5555;
UPDATE gameobject SET guid=198543 WHERE guid=121358;
UPDATE pool_gameobject SET guid=198543, pool_entry=10584, description='Icecrown 189981, node 108' WHERE guid=121358;
UPDATE gameobject SET guid=198542 WHERE guid=121359;
UPDATE pool_gameobject SET guid=198542, pool_entry=10584, description='Icecrown 191133, node 108' WHERE guid=121359;
UPDATE gameobject SET guid=198541 WHERE guid=120125;
UPDATE pool_gameobject SET guid=198541, pool_entry=10585, description='Icecrown 189980, node 109' WHERE guid=120125;
UPDATE pool_pool SET pool_id=10585, description='Icecrown mineral, node 109' WHERE pool_id=5556;
UPDATE pool_template SET entry=10585, description='Icecrown mineral, node 109' WHERE entry=5556;
UPDATE gameobject SET guid=198540 WHERE guid=121360;
UPDATE pool_gameobject SET guid=198540, pool_entry=10585, description='Icecrown 189981, node 109' WHERE guid=121360;
UPDATE gameobject SET guid=198539 WHERE guid=121361;
UPDATE pool_gameobject SET guid=198539, pool_entry=10585, description='Icecrown 191133, node 109' WHERE guid=121361;
UPDATE gameobject SET guid=198538 WHERE guid=120126;
UPDATE pool_gameobject SET guid=198538, pool_entry=10586, description='Icecrown 189980, node 110' WHERE guid=120126;
UPDATE pool_pool SET pool_id=10586, description='Icecrown mineral, node 110' WHERE pool_id=5557;
UPDATE pool_template SET entry=10586, description='Icecrown mineral, node 110' WHERE entry=5557;
UPDATE gameobject SET guid=198537 WHERE guid=121362;
UPDATE pool_gameobject SET guid=198537, pool_entry=10586, description='Icecrown 189981, node 110' WHERE guid=121362;
UPDATE gameobject SET guid=198536 WHERE guid=121363;
UPDATE pool_gameobject SET guid=198536, pool_entry=10586, description='Icecrown 191133, node 110' WHERE guid=121363;
UPDATE gameobject SET guid=198535 WHERE guid=120127;
UPDATE pool_gameobject SET guid=198535, pool_entry=10587, description='Icecrown 189980, node 111' WHERE guid=120127;
UPDATE pool_pool SET pool_id=10587, description='Icecrown mineral, node 111' WHERE pool_id=5558;
UPDATE pool_template SET entry=10587, description='Icecrown mineral, node 111' WHERE entry=5558;
UPDATE gameobject SET guid=198534 WHERE guid=121364;
UPDATE pool_gameobject SET guid=198534, pool_entry=10587, description='Icecrown 189981, node 111' WHERE guid=121364;
UPDATE gameobject SET guid=198533 WHERE guid=121365;
UPDATE pool_gameobject SET guid=198533, pool_entry=10587, description='Icecrown 191133, node 111' WHERE guid=121365;
UPDATE gameobject SET guid=198532 WHERE guid=121366;
UPDATE pool_gameobject SET guid=198532, pool_entry=10588, description='Icecrown 189981, node 112' WHERE guid=121366;
UPDATE pool_pool SET pool_id=10588, description='Icecrown mineral, node 112' WHERE pool_id=5559;
UPDATE pool_template SET entry=10588, description='Icecrown mineral, node 112' WHERE entry=5559;
UPDATE gameobject SET guid=198531 WHERE guid=121367;
UPDATE pool_gameobject SET guid=198531, pool_entry=10588, description='Icecrown 191133, node 112' WHERE guid=121367;
UPDATE gameobject SET guid=198530 WHERE guid=120128;
UPDATE pool_gameobject SET guid=198530, pool_entry=10588, description='Icecrown 189980, node 112' WHERE guid=120128;
UPDATE gameobject SET guid=198529 WHERE guid=120129;
UPDATE pool_gameobject SET guid=198529, pool_entry=10589, description='Icecrown 189980, node 113' WHERE guid=120129;
UPDATE pool_pool SET pool_id=10589, description='Icecrown mineral, node 113' WHERE pool_id=5560;
UPDATE pool_template SET entry=10589, description='Icecrown mineral, node 113' WHERE entry=5560;
UPDATE gameobject SET guid=198528 WHERE guid=121368;
UPDATE pool_gameobject SET guid=198528, pool_entry=10589, description='Icecrown 189981, node 113' WHERE guid=121368;
UPDATE gameobject SET guid=198527 WHERE guid=121369;
UPDATE pool_gameobject SET guid=198527, pool_entry=10589, description='Icecrown 191133, node 113' WHERE guid=121369;
UPDATE gameobject SET guid=198526 WHERE guid=120130;
UPDATE pool_gameobject SET guid=198526, pool_entry=10590, description='Icecrown 189980, node 114' WHERE guid=120130;
UPDATE pool_pool SET pool_id=10590, description='Icecrown mineral, node 114' WHERE pool_id=5561;
UPDATE pool_template SET entry=10590, description='Icecrown mineral, node 114' WHERE entry=5561;
UPDATE gameobject SET guid=198525 WHERE guid=121370;
UPDATE pool_gameobject SET guid=198525, pool_entry=10590, description='Icecrown 189981, node 114' WHERE guid=121370;
UPDATE gameobject SET guid=198524 WHERE guid=121371;
UPDATE pool_gameobject SET guid=198524, pool_entry=10590, description='Icecrown 191133, node 114' WHERE guid=121371;
UPDATE gameobject SET guid=198523 WHERE guid=120131;
UPDATE pool_gameobject SET guid=198523, pool_entry=10591, description='Icecrown 189980, node 115' WHERE guid=120131;
UPDATE pool_pool SET pool_id=10591, description='Icecrown mineral, node 115' WHERE pool_id=5562;
UPDATE pool_template SET entry=10591, description='Icecrown mineral, node 115' WHERE entry=5562;
UPDATE gameobject SET guid=198522 WHERE guid=121372;
UPDATE pool_gameobject SET guid=198522, pool_entry=10591, description='Icecrown 189981, node 115' WHERE guid=121372;
UPDATE gameobject SET guid=198521 WHERE guid=121373;
UPDATE pool_gameobject SET guid=198521, pool_entry=10591, description='Icecrown 191133, node 115' WHERE guid=121373;
UPDATE gameobject SET guid=198520 WHERE guid=120132;
UPDATE pool_gameobject SET guid=198520, pool_entry=10592, description='Icecrown 189980, node 116' WHERE guid=120132;
UPDATE pool_pool SET pool_id=10592, description='Icecrown mineral, node 116' WHERE pool_id=5563;
UPDATE pool_template SET entry=10592, description='Icecrown mineral, node 116' WHERE entry=5563;
UPDATE gameobject SET guid=198519 WHERE guid=121374;
UPDATE pool_gameobject SET guid=198519, pool_entry=10592, description='Icecrown 189981, node 116' WHERE guid=121374;
UPDATE gameobject SET guid=198518 WHERE guid=121375;
UPDATE pool_gameobject SET guid=198518, pool_entry=10592, description='Icecrown 191133, node 116' WHERE guid=121375;
UPDATE gameobject SET guid=198517 WHERE guid=121377;
UPDATE pool_gameobject SET guid=198517, pool_entry=10593, description='Icecrown 191133, node 117' WHERE guid=121377;
UPDATE pool_pool SET pool_id=10593, description='Icecrown mineral, node 117' WHERE pool_id=5564;
UPDATE pool_template SET entry=10593, description='Icecrown mineral, node 117' WHERE entry=5564;
UPDATE gameobject SET guid=198516 WHERE guid=120133;
UPDATE pool_gameobject SET guid=198516, pool_entry=10593, description='Icecrown 189980, node 117' WHERE guid=120133;
UPDATE gameobject SET guid=198515 WHERE guid=121376;
UPDATE pool_gameobject SET guid=198515, pool_entry=10593, description='Icecrown 189981, node 117' WHERE guid=121376;
UPDATE gameobject SET guid=198514 WHERE guid=120134;
UPDATE pool_gameobject SET guid=198514, pool_entry=10594, description='Icecrown 189980, node 118' WHERE guid=120134;
UPDATE pool_pool SET pool_id=10594, description='Icecrown mineral, node 118' WHERE pool_id=5565;
UPDATE pool_template SET entry=10594, description='Icecrown mineral, node 118' WHERE entry=5565;
UPDATE gameobject SET guid=198513 WHERE guid=121378;
UPDATE pool_gameobject SET guid=198513, pool_entry=10594, description='Icecrown 189981, node 118' WHERE guid=121378;
UPDATE gameobject SET guid=198512 WHERE guid=121379;
UPDATE pool_gameobject SET guid=198512, pool_entry=10594, description='Icecrown 191133, node 118' WHERE guid=121379;
UPDATE gameobject SET guid=198511 WHERE guid=120135;
UPDATE pool_gameobject SET guid=198511, pool_entry=10595, description='Icecrown 189980, node 119' WHERE guid=120135;
UPDATE pool_pool SET pool_id=10595, description='Icecrown mineral, node 119' WHERE pool_id=5566;
UPDATE pool_template SET entry=10595, description='Icecrown mineral, node 119' WHERE entry=5566;
UPDATE gameobject SET guid=198510 WHERE guid=121380;
UPDATE pool_gameobject SET guid=198510, pool_entry=10595, description='Icecrown 189981, node 119' WHERE guid=121380;
UPDATE gameobject SET guid=198509 WHERE guid=121381;
UPDATE pool_gameobject SET guid=198509, pool_entry=10595, description='Icecrown 191133, node 119' WHERE guid=121381;
UPDATE gameobject SET guid=198508 WHERE guid=120136;
UPDATE pool_gameobject SET guid=198508, pool_entry=10596, description='Icecrown 189980, node 120' WHERE guid=120136;
UPDATE pool_pool SET pool_id=10596, description='Icecrown mineral, node 120' WHERE pool_id=5567;
UPDATE pool_template SET entry=10596, description='Icecrown mineral, node 120' WHERE entry=5567;
UPDATE gameobject SET guid=198507 WHERE guid=121382;
UPDATE pool_gameobject SET guid=198507, pool_entry=10596, description='Icecrown 189981, node 120' WHERE guid=121382;
UPDATE gameobject SET guid=198506 WHERE guid=121383;
UPDATE pool_gameobject SET guid=198506, pool_entry=10596, description='Icecrown 191133, node 120' WHERE guid=121383;
UPDATE gameobject SET guid=198505 WHERE guid=120137;
UPDATE pool_gameobject SET guid=198505, pool_entry=10597, description='Icecrown 189980, node 121' WHERE guid=120137;
UPDATE pool_pool SET pool_id=10597, description='Icecrown mineral, node 121' WHERE pool_id=5568;
UPDATE pool_template SET entry=10597, description='Icecrown mineral, node 121' WHERE entry=5568;
UPDATE gameobject SET guid=198504 WHERE guid=121384;
UPDATE pool_gameobject SET guid=198504, pool_entry=10597, description='Icecrown 189981, node 121' WHERE guid=121384;
UPDATE gameobject SET guid=198503 WHERE guid=121385;
UPDATE pool_gameobject SET guid=198503, pool_entry=10597, description='Icecrown 191133, node 121' WHERE guid=121385;
UPDATE gameobject SET guid=198502 WHERE guid=120138;
UPDATE pool_gameobject SET guid=198502, pool_entry=10598, description='Icecrown 189980, node 122' WHERE guid=120138;
UPDATE pool_pool SET pool_id=10598, description='Icecrown mineral, node 122' WHERE pool_id=5569;
UPDATE pool_template SET entry=10598, description='Icecrown mineral, node 122' WHERE entry=5569;
UPDATE gameobject SET guid=198501 WHERE guid=121386;
UPDATE pool_gameobject SET guid=198501, pool_entry=10598, description='Icecrown 189981, node 122' WHERE guid=121386;
UPDATE gameobject SET guid=198500 WHERE guid=121387;
UPDATE pool_gameobject SET guid=198500, pool_entry=10598, description='Icecrown 191133, node 122' WHERE guid=121387;
UPDATE gameobject SET guid=198499 WHERE guid=120139;
UPDATE pool_gameobject SET guid=198499, pool_entry=10599, description='Icecrown 189980, node 123' WHERE guid=120139;
UPDATE pool_pool SET pool_id=10599, description='Icecrown mineral, node 123' WHERE pool_id=5570;
UPDATE pool_template SET entry=10599, description='Icecrown mineral, node 123' WHERE entry=5570;
UPDATE gameobject SET guid=198498 WHERE guid=121388;
UPDATE pool_gameobject SET guid=198498, pool_entry=10599, description='Icecrown 189981, node 123' WHERE guid=121388;
UPDATE gameobject SET guid=198497 WHERE guid=121389;
UPDATE pool_gameobject SET guid=198497, pool_entry=10599, description='Icecrown 191133, node 123' WHERE guid=121389;
UPDATE gameobject SET guid=198496 WHERE guid=120140;
UPDATE pool_gameobject SET guid=198496, pool_entry=10600, description='Icecrown 189980, node 124' WHERE guid=120140;
UPDATE pool_pool SET pool_id=10600, description='Icecrown mineral, node 124' WHERE pool_id=5571;
UPDATE pool_template SET entry=10600, description='Icecrown mineral, node 124' WHERE entry=5571;
UPDATE gameobject SET guid=198495 WHERE guid=121390;
UPDATE pool_gameobject SET guid=198495, pool_entry=10600, description='Icecrown 189981, node 124' WHERE guid=121390;
UPDATE gameobject SET guid=198494 WHERE guid=121391;
UPDATE pool_gameobject SET guid=198494, pool_entry=10600, description='Icecrown 191133, node 124' WHERE guid=121391;
UPDATE gameobject SET guid=198493 WHERE guid=120141;
UPDATE pool_gameobject SET guid=198493, pool_entry=10601, description='Icecrown 189980, node 125' WHERE guid=120141;
UPDATE pool_pool SET pool_id=10601, description='Icecrown mineral, node 125' WHERE pool_id=5572;
UPDATE pool_template SET entry=10601, description='Icecrown mineral, node 125' WHERE entry=5572;
UPDATE gameobject SET guid=198492 WHERE guid=121392;
UPDATE pool_gameobject SET guid=198492, pool_entry=10601, description='Icecrown 189981, node 125' WHERE guid=121392;
UPDATE gameobject SET guid=198491 WHERE guid=121393;
UPDATE pool_gameobject SET guid=198491, pool_entry=10601, description='Icecrown 191133, node 125' WHERE guid=121393;
UPDATE gameobject SET guid=198490 WHERE guid=120142;
UPDATE pool_gameobject SET guid=198490, pool_entry=10602, description='Icecrown 189980, node 126' WHERE guid=120142;
UPDATE pool_pool SET pool_id=10602, description='Icecrown mineral, node 126' WHERE pool_id=5573;
UPDATE pool_template SET entry=10602, description='Icecrown mineral, node 126' WHERE entry=5573;
UPDATE gameobject SET guid=198489 WHERE guid=121394;
UPDATE pool_gameobject SET guid=198489, pool_entry=10602, description='Icecrown 189981, node 126' WHERE guid=121394;
UPDATE gameobject SET guid=198488 WHERE guid=121395;
UPDATE pool_gameobject SET guid=198488, pool_entry=10602, description='Icecrown 191133, node 126' WHERE guid=121395;
UPDATE gameobject SET guid=198487 WHERE guid=120143;
UPDATE pool_gameobject SET guid=198487, pool_entry=10603, description='Icecrown 189980, node 127' WHERE guid=120143;
UPDATE pool_pool SET pool_id=10603, description='Icecrown mineral, node 127' WHERE pool_id=5574;
UPDATE pool_template SET entry=10603, description='Icecrown mineral, node 127' WHERE entry=5574;
UPDATE gameobject SET guid=198486 WHERE guid=121396;
UPDATE pool_gameobject SET guid=198486, pool_entry=10603, description='Icecrown 189981, node 127' WHERE guid=121396;
UPDATE gameobject SET guid=198485 WHERE guid=121397;
UPDATE pool_gameobject SET guid=198485, pool_entry=10603, description='Icecrown 191133, node 127' WHERE guid=121397;
UPDATE gameobject SET guid=198484 WHERE guid=121398;
UPDATE pool_gameobject SET guid=198484, pool_entry=10604, description='Icecrown 189981, node 128' WHERE guid=121398;
UPDATE pool_pool SET pool_id=10604, description='Icecrown mineral, node 128' WHERE pool_id=5575;
UPDATE pool_template SET entry=10604, description='Icecrown mineral, node 128' WHERE entry=5575;
UPDATE gameobject SET guid=198483 WHERE guid=121399;
UPDATE pool_gameobject SET guid=198483, pool_entry=10604, description='Icecrown 191133, node 128' WHERE guid=121399;
UPDATE gameobject SET guid=198482 WHERE guid=120144;
UPDATE pool_gameobject SET guid=198482, pool_entry=10604, description='Icecrown 189980, node 128' WHERE guid=120144;
UPDATE gameobject SET guid=198481 WHERE guid=120145;
UPDATE pool_gameobject SET guid=198481, pool_entry=10605, description='Icecrown 189980, node 129' WHERE guid=120145;
UPDATE pool_pool SET pool_id=10605, description='Icecrown mineral, node 129' WHERE pool_id=5576;
UPDATE pool_template SET entry=10605, description='Icecrown mineral, node 129' WHERE entry=5576;
UPDATE gameobject SET guid=198480 WHERE guid=121400;
UPDATE pool_gameobject SET guid=198480, pool_entry=10605, description='Icecrown 189981, node 129' WHERE guid=121400;
UPDATE gameobject SET guid=198479 WHERE guid=121401;
UPDATE pool_gameobject SET guid=198479, pool_entry=10605, description='Icecrown 191133, node 129' WHERE guid=121401;
UPDATE gameobject SET guid=198478 WHERE guid=120150;
UPDATE pool_gameobject SET guid=198478, pool_entry=10606, description='Icecrown 189980, node 130' WHERE guid=120150;
UPDATE pool_pool SET pool_id=10606, description='Icecrown mineral, node 130' WHERE pool_id=5577;
UPDATE pool_template SET entry=10606, description='Icecrown mineral, node 130' WHERE entry=5577;
UPDATE gameobject SET guid=198477 WHERE guid=121402;
UPDATE pool_gameobject SET guid=198477, pool_entry=10606, description='Icecrown 189981, node 130' WHERE guid=121402;
UPDATE gameobject SET guid=198476 WHERE guid=121403;
UPDATE pool_gameobject SET guid=198476, pool_entry=10606, description='Icecrown 191133, node 130' WHERE guid=121403;
UPDATE gameobject SET guid=198475 WHERE guid=120151;
UPDATE pool_gameobject SET guid=198475, pool_entry=10607, description='Icecrown 189980, node 131' WHERE guid=120151;
UPDATE pool_pool SET pool_id=10607, description='Icecrown mineral, node 131' WHERE pool_id=5578;
UPDATE pool_template SET entry=10607, description='Icecrown mineral, node 131' WHERE entry=5578;
UPDATE gameobject SET guid=198474 WHERE guid=121404;
UPDATE pool_gameobject SET guid=198474, pool_entry=10607, description='Icecrown 189981, node 131' WHERE guid=121404;
UPDATE gameobject SET guid=198473 WHERE guid=121405;
UPDATE pool_gameobject SET guid=198473, pool_entry=10607, description='Icecrown 191133, node 131' WHERE guid=121405;
UPDATE gameobject SET guid=198472 WHERE guid=120159;
UPDATE pool_gameobject SET guid=198472, pool_entry=10608, description='Icecrown 189980, node 132' WHERE guid=120159;
UPDATE pool_pool SET pool_id=10608, description='Icecrown mineral, node 132' WHERE pool_id=5579;
UPDATE pool_template SET entry=10608, description='Icecrown mineral, node 132' WHERE entry=5579;
UPDATE gameobject SET guid=198471 WHERE guid=121406;
UPDATE pool_gameobject SET guid=198471, pool_entry=10608, description='Icecrown 189981, node 132' WHERE guid=121406;
UPDATE gameobject SET guid=198470 WHERE guid=121407;
UPDATE pool_gameobject SET guid=198470, pool_entry=10608, description='Icecrown 191133, node 132' WHERE guid=121407;
UPDATE gameobject SET guid=198469 WHERE guid=121409;
UPDATE pool_gameobject SET guid=198469, pool_entry=10609, description='Icecrown 191133, node 133' WHERE guid=121409;
UPDATE pool_pool SET pool_id=10609, description='Icecrown mineral, node 133' WHERE pool_id=5580;
UPDATE pool_template SET entry=10609, description='Icecrown mineral, node 133' WHERE entry=5580;
UPDATE gameobject SET guid=198468 WHERE guid=120163;
UPDATE pool_gameobject SET guid=198468, pool_entry=10609, description='Icecrown 189980, node 133' WHERE guid=120163;
UPDATE gameobject SET guid=198467 WHERE guid=121408;
UPDATE pool_gameobject SET guid=198467, pool_entry=10609, description='Icecrown 189981, node 133' WHERE guid=121408;
UPDATE gameobject SET guid=198466 WHERE guid=120165;
UPDATE pool_gameobject SET guid=198466, pool_entry=10610, description='Icecrown 189980, node 134' WHERE guid=120165;
UPDATE pool_pool SET pool_id=10610, description='Icecrown mineral, node 134' WHERE pool_id=5581;
UPDATE pool_template SET entry=10610, description='Icecrown mineral, node 134' WHERE entry=5581;
UPDATE gameobject SET guid=198465 WHERE guid=121410;
UPDATE pool_gameobject SET guid=198465, pool_entry=10610, description='Icecrown 189981, node 134' WHERE guid=121410;
UPDATE gameobject SET guid=198464 WHERE guid=121411;
UPDATE pool_gameobject SET guid=198464, pool_entry=10610, description='Icecrown 191133, node 134' WHERE guid=121411;
UPDATE gameobject SET guid=198463 WHERE guid=120169;
UPDATE pool_gameobject SET guid=198463, pool_entry=10611, description='Icecrown 189980, node 135' WHERE guid=120169;
UPDATE pool_pool SET pool_id=10611, description='Icecrown mineral, node 135' WHERE pool_id=5582;
UPDATE pool_template SET entry=10611, description='Icecrown mineral, node 135' WHERE entry=5582;
UPDATE gameobject SET guid=198462 WHERE guid=121412;
UPDATE pool_gameobject SET guid=198462, pool_entry=10611, description='Icecrown 189981, node 135' WHERE guid=121412;
UPDATE gameobject SET guid=198461 WHERE guid=121413;
UPDATE pool_gameobject SET guid=198461, pool_entry=10611, description='Icecrown 191133, node 135' WHERE guid=121413;
UPDATE gameobject SET guid=198460 WHERE guid=120170;
UPDATE pool_gameobject SET guid=198460, pool_entry=10612, description='Icecrown 189980, node 136' WHERE guid=120170;
UPDATE pool_pool SET pool_id=10612, description='Icecrown mineral, node 136' WHERE pool_id=5583;
UPDATE pool_template SET entry=10612, description='Icecrown mineral, node 136' WHERE entry=5583;
UPDATE gameobject SET guid=198459 WHERE guid=121414;
UPDATE pool_gameobject SET guid=198459, pool_entry=10612, description='Icecrown 189981, node 136' WHERE guid=121414;
UPDATE gameobject SET guid=198458 WHERE guid=121415;
UPDATE pool_gameobject SET guid=198458, pool_entry=10612, description='Icecrown 191133, node 136' WHERE guid=121415;
UPDATE gameobject SET guid=198457 WHERE guid=120171;
UPDATE pool_gameobject SET guid=198457, pool_entry=10613, description='Icecrown 189980, node 137' WHERE guid=120171;
UPDATE pool_pool SET pool_id=10613, description='Icecrown mineral, node 137' WHERE pool_id=5584;
UPDATE pool_template SET entry=10613, description='Icecrown mineral, node 137' WHERE entry=5584;
UPDATE gameobject SET guid=198456 WHERE guid=121416;
UPDATE pool_gameobject SET guid=198456, pool_entry=10613, description='Icecrown 189981, node 137' WHERE guid=121416;
UPDATE gameobject SET guid=198455 WHERE guid=121417;
UPDATE pool_gameobject SET guid=198455, pool_entry=10613, description='Icecrown 191133, node 137' WHERE guid=121417;
UPDATE gameobject SET guid=198454 WHERE guid=120172;
UPDATE pool_gameobject SET guid=198454, pool_entry=10614, description='Icecrown 189980, node 138' WHERE guid=120172;
UPDATE pool_pool SET pool_id=10614, description='Icecrown mineral, node 138' WHERE pool_id=5585;
UPDATE pool_template SET entry=10614, description='Icecrown mineral, node 138' WHERE entry=5585;
UPDATE gameobject SET guid=198453 WHERE guid=121418;
UPDATE pool_gameobject SET guid=198453, pool_entry=10614, description='Icecrown 189981, node 138' WHERE guid=121418;
UPDATE gameobject SET guid=198452 WHERE guid=121419;
UPDATE pool_gameobject SET guid=198452, pool_entry=10614, description='Icecrown 191133, node 138' WHERE guid=121419;
UPDATE gameobject SET guid=198451 WHERE guid=120175;
UPDATE pool_gameobject SET guid=198451, pool_entry=10615, description='Icecrown 189980, node 139' WHERE guid=120175;
UPDATE pool_pool SET pool_id=10615, description='Icecrown mineral, node 139' WHERE pool_id=5586;
UPDATE pool_template SET entry=10615, description='Icecrown mineral, node 139' WHERE entry=5586;
UPDATE gameobject SET guid=198450 WHERE guid=121420;
UPDATE pool_gameobject SET guid=198450, pool_entry=10615, description='Icecrown 189981, node 139' WHERE guid=121420;
UPDATE gameobject SET guid=198449 WHERE guid=121421;
UPDATE pool_gameobject SET guid=198449, pool_entry=10615, description='Icecrown 191133, node 139' WHERE guid=121421;
UPDATE gameobject SET guid=198448 WHERE guid=120176;
UPDATE pool_gameobject SET guid=198448, pool_entry=10616, description='Icecrown 189980, node 140' WHERE guid=120176;
UPDATE pool_pool SET pool_id=10616, description='Icecrown mineral, node 140' WHERE pool_id=5587;
UPDATE pool_template SET entry=10616, description='Icecrown mineral, node 140' WHERE entry=5587;
UPDATE gameobject SET guid=198447 WHERE guid=121422;
UPDATE pool_gameobject SET guid=198447, pool_entry=10616, description='Icecrown 189981, node 140' WHERE guid=121422;
UPDATE gameobject SET guid=198446 WHERE guid=121423;
UPDATE pool_gameobject SET guid=198446, pool_entry=10616, description='Icecrown 191133, node 140' WHERE guid=121423;
UPDATE gameobject SET guid=198445 WHERE guid=120178;
UPDATE pool_gameobject SET guid=198445, pool_entry=10617, description='Icecrown 189980, node 141' WHERE guid=120178;
UPDATE pool_pool SET pool_id=10617, description='Icecrown mineral, node 141' WHERE pool_id=5588;
UPDATE pool_template SET entry=10617, description='Icecrown mineral, node 141' WHERE entry=5588;
UPDATE gameobject SET guid=198444 WHERE guid=121424;
UPDATE pool_gameobject SET guid=198444, pool_entry=10617, description='Icecrown 189981, node 141' WHERE guid=121424;
UPDATE gameobject SET guid=198443 WHERE guid=121425;
UPDATE pool_gameobject SET guid=198443, pool_entry=10617, description='Icecrown 191133, node 141' WHERE guid=121425;
UPDATE gameobject SET guid=198442 WHERE guid=120179;
UPDATE pool_gameobject SET guid=198442, pool_entry=10618, description='Icecrown 189980, node 142' WHERE guid=120179;
UPDATE pool_pool SET pool_id=10618, description='Icecrown mineral, node 142' WHERE pool_id=5589;
UPDATE pool_template SET entry=10618, description='Icecrown mineral, node 142' WHERE entry=5589;
UPDATE gameobject SET guid=198441 WHERE guid=121426;
UPDATE pool_gameobject SET guid=198441, pool_entry=10618, description='Icecrown 189981, node 142' WHERE guid=121426;
UPDATE gameobject SET guid=198440 WHERE guid=121427;
UPDATE pool_gameobject SET guid=198440, pool_entry=10618, description='Icecrown 191133, node 142' WHERE guid=121427;
UPDATE gameobject SET guid=198439 WHERE guid=120276;
UPDATE pool_gameobject SET guid=198439, pool_entry=10619, description='Icecrown 189980, node 143' WHERE guid=120276;
UPDATE pool_pool SET pool_id=10619, description='Icecrown mineral, node 143' WHERE pool_id=5590;
UPDATE pool_template SET entry=10619, description='Icecrown mineral, node 143' WHERE entry=5590;
UPDATE gameobject SET guid=198438 WHERE guid=121428;
UPDATE pool_gameobject SET guid=198438, pool_entry=10619, description='Icecrown 189981, node 143' WHERE guid=121428;
UPDATE gameobject SET guid=198437 WHERE guid=121429;
UPDATE pool_gameobject SET guid=198437, pool_entry=10619, description='Icecrown 191133, node 143' WHERE guid=121429;
UPDATE gameobject SET guid=198436 WHERE guid=121430;
UPDATE pool_gameobject SET guid=198436, pool_entry=10620, description='Icecrown 189981, node 144' WHERE guid=121430;
UPDATE pool_pool SET pool_id=10620, description='Icecrown mineral, node 144' WHERE pool_id=5591;
UPDATE pool_template SET entry=10620, description='Icecrown mineral, node 144' WHERE entry=5591;
UPDATE gameobject SET guid=198435 WHERE guid=121431;
UPDATE pool_gameobject SET guid=198435, pool_entry=10620, description='Icecrown 191133, node 144' WHERE guid=121431;
UPDATE gameobject SET guid=198434 WHERE guid=120278;
UPDATE pool_gameobject SET guid=198434, pool_entry=10620, description='Icecrown 189980, node 144' WHERE guid=120278;
UPDATE gameobject SET guid=198433 WHERE guid=120282;
UPDATE pool_gameobject SET guid=198433, pool_entry=10621, description='Icecrown 189980, node 145' WHERE guid=120282;
UPDATE pool_pool SET pool_id=10621, description='Icecrown mineral, node 145' WHERE pool_id=5592;
UPDATE pool_template SET entry=10621, description='Icecrown mineral, node 145' WHERE entry=5592;
UPDATE gameobject SET guid=198432 WHERE guid=121432;
UPDATE pool_gameobject SET guid=198432, pool_entry=10621, description='Icecrown 189981, node 145' WHERE guid=121432;
UPDATE gameobject SET guid=198431 WHERE guid=121433;
UPDATE pool_gameobject SET guid=198431, pool_entry=10621, description='Icecrown 191133, node 145' WHERE guid=121433;
UPDATE gameobject SET guid=198430 WHERE guid=120526;
UPDATE pool_gameobject SET guid=198430, pool_entry=10622, description='Icecrown 189980, node 146' WHERE guid=120526;
UPDATE pool_pool SET pool_id=10622, description='Icecrown mineral, node 146' WHERE pool_id=5593;
UPDATE pool_template SET entry=10622, description='Icecrown mineral, node 146' WHERE entry=5593;
UPDATE gameobject SET guid=198429 WHERE guid=121434;
UPDATE pool_gameobject SET guid=198429, pool_entry=10622, description='Icecrown 189981, node 146' WHERE guid=121434;
UPDATE gameobject SET guid=198428 WHERE guid=121435;
UPDATE pool_gameobject SET guid=198428, pool_entry=10622, description='Icecrown 191133, node 146' WHERE guid=121435;
UPDATE gameobject SET guid=198427 WHERE guid=120527;
UPDATE pool_gameobject SET guid=198427, pool_entry=10623, description='Icecrown 189980, node 147' WHERE guid=120527;
UPDATE pool_pool SET pool_id=10623, description='Icecrown mineral, node 147' WHERE pool_id=5594;
UPDATE pool_template SET entry=10623, description='Icecrown mineral, node 147' WHERE entry=5594;
UPDATE gameobject SET guid=198426 WHERE guid=121436;
UPDATE pool_gameobject SET guid=198426, pool_entry=10623, description='Icecrown 189981, node 147' WHERE guid=121436;
UPDATE gameobject SET guid=198425 WHERE guid=121437;
UPDATE pool_gameobject SET guid=198425, pool_entry=10623, description='Icecrown 191133, node 147' WHERE guid=121437;
UPDATE gameobject SET guid=198424 WHERE guid=120528;
UPDATE pool_gameobject SET guid=198424, pool_entry=10624, description='Icecrown 189980, node 148' WHERE guid=120528;
UPDATE pool_pool SET pool_id=10624, description='Icecrown mineral, node 148' WHERE pool_id=5595;
UPDATE pool_template SET entry=10624, description='Icecrown mineral, node 148' WHERE entry=5595;
UPDATE gameobject SET guid=198423 WHERE guid=121438;
UPDATE pool_gameobject SET guid=198423, pool_entry=10624, description='Icecrown 189981, node 148' WHERE guid=121438;
UPDATE gameobject SET guid=198422 WHERE guid=121439;
UPDATE pool_gameobject SET guid=198422, pool_entry=10624, description='Icecrown 191133, node 148' WHERE guid=121439;
UPDATE gameobject SET guid=198421 WHERE guid=121441;
UPDATE pool_gameobject SET guid=198421, pool_entry=10625, description='Icecrown 191133, node 149' WHERE guid=121441;
UPDATE pool_pool SET pool_id=10625, description='Icecrown mineral, node 149' WHERE pool_id=5596;
UPDATE pool_template SET entry=10625, description='Icecrown mineral, node 149' WHERE entry=5596;
UPDATE gameobject SET guid=198420 WHERE guid=120547;
UPDATE pool_gameobject SET guid=198420, pool_entry=10625, description='Icecrown 189980, node 149' WHERE guid=120547;
UPDATE gameobject SET guid=198419 WHERE guid=121440;
UPDATE pool_gameobject SET guid=198419, pool_entry=10625, description='Icecrown 189981, node 149' WHERE guid=121440;
UPDATE gameobject SET guid=198418 WHERE guid=120550;
UPDATE pool_gameobject SET guid=198418, pool_entry=10626, description='Icecrown 189980, node 150' WHERE guid=120550;
UPDATE pool_pool SET pool_id=10626, description='Icecrown mineral, node 150' WHERE pool_id=5597;
UPDATE pool_template SET entry=10626, description='Icecrown mineral, node 150' WHERE entry=5597;
UPDATE gameobject SET guid=198417 WHERE guid=121442;
UPDATE pool_gameobject SET guid=198417, pool_entry=10626, description='Icecrown 189981, node 150' WHERE guid=121442;
UPDATE gameobject SET guid=198416 WHERE guid=121443;
UPDATE pool_gameobject SET guid=198416, pool_entry=10626, description='Icecrown 191133, node 150' WHERE guid=121443;
UPDATE gameobject SET guid=198415 WHERE guid=120667;
UPDATE pool_gameobject SET guid=198415, pool_entry=10627, description='Icecrown 189980, node 151' WHERE guid=120667;
UPDATE pool_pool SET pool_id=10627, description='Icecrown mineral, node 151' WHERE pool_id=5598;
UPDATE pool_template SET entry=10627, description='Icecrown mineral, node 151' WHERE entry=5598;
UPDATE gameobject SET guid=198414 WHERE guid=121444;
UPDATE pool_gameobject SET guid=198414, pool_entry=10627, description='Icecrown 189981, node 151' WHERE guid=121444;
UPDATE gameobject SET guid=198413 WHERE guid=121445;
UPDATE pool_gameobject SET guid=198413, pool_entry=10627, description='Icecrown 191133, node 151' WHERE guid=121445;
UPDATE gameobject SET guid=198412 WHERE guid=120668;
UPDATE pool_gameobject SET guid=198412, pool_entry=10628, description='Icecrown 189980, node 152' WHERE guid=120668;
UPDATE pool_pool SET pool_id=10628, description='Icecrown mineral, node 152' WHERE pool_id=5599;
UPDATE pool_template SET entry=10628, description='Icecrown mineral, node 152' WHERE entry=5599;
UPDATE gameobject SET guid=198411 WHERE guid=121446;
UPDATE pool_gameobject SET guid=198411, pool_entry=10628, description='Icecrown 189981, node 152' WHERE guid=121446;
UPDATE gameobject SET guid=198410 WHERE guid=121447;
UPDATE pool_gameobject SET guid=198410, pool_entry=10628, description='Icecrown 191133, node 152' WHERE guid=121447;
UPDATE gameobject SET guid=198409 WHERE guid=120669;
UPDATE pool_gameobject SET guid=198409, pool_entry=10629, description='Icecrown 189980, node 153' WHERE guid=120669;
UPDATE pool_pool SET pool_id=10629, description='Icecrown mineral, node 153' WHERE pool_id=5600;
UPDATE pool_template SET entry=10629, description='Icecrown mineral, node 153' WHERE entry=5600;
UPDATE gameobject SET guid=198408 WHERE guid=121448;
UPDATE pool_gameobject SET guid=198408, pool_entry=10629, description='Icecrown 189981, node 153' WHERE guid=121448;
UPDATE gameobject SET guid=198407 WHERE guid=121449;
UPDATE pool_gameobject SET guid=198407, pool_entry=10629, description='Icecrown 191133, node 153' WHERE guid=121449;
UPDATE gameobject SET guid=198406 WHERE guid=120683;
UPDATE pool_gameobject SET guid=198406, pool_entry=10630, description='Icecrown 189980, node 154' WHERE guid=120683;
UPDATE pool_pool SET pool_id=10630, description='Icecrown mineral, node 154' WHERE pool_id=5601;
UPDATE pool_template SET entry=10630, description='Icecrown mineral, node 154' WHERE entry=5601;
UPDATE gameobject SET guid=198405 WHERE guid=121450;
UPDATE pool_gameobject SET guid=198405, pool_entry=10630, description='Icecrown 189981, node 154' WHERE guid=121450;
UPDATE gameobject SET guid=198404 WHERE guid=121451;
UPDATE pool_gameobject SET guid=198404, pool_entry=10630, description='Icecrown 191133, node 154' WHERE guid=121451;
UPDATE gameobject SET guid=198403 WHERE guid=120692;
UPDATE pool_gameobject SET guid=198403, pool_entry=10631, description='Icecrown 189980, node 155' WHERE guid=120692;
UPDATE pool_pool SET pool_id=10631, description='Icecrown mineral, node 155' WHERE pool_id=5602;
UPDATE pool_template SET entry=10631, description='Icecrown mineral, node 155' WHERE entry=5602;
UPDATE gameobject SET guid=198402 WHERE guid=121452;
UPDATE pool_gameobject SET guid=198402, pool_entry=10631, description='Icecrown 189981, node 155' WHERE guid=121452;
UPDATE gameobject SET guid=198401 WHERE guid=121453;
UPDATE pool_gameobject SET guid=198401, pool_entry=10631, description='Icecrown 191133, node 155' WHERE guid=121453;
UPDATE gameobject SET guid=198400 WHERE guid=120693;
UPDATE pool_gameobject SET guid=198400, pool_entry=10632, description='Icecrown 189980, node 156' WHERE guid=120693;
UPDATE pool_pool SET pool_id=10632, description='Icecrown mineral, node 156' WHERE pool_id=5603;
UPDATE pool_template SET entry=10632, description='Icecrown mineral, node 156' WHERE entry=5603;
UPDATE gameobject SET guid=198399 WHERE guid=121454;
UPDATE pool_gameobject SET guid=198399, pool_entry=10632, description='Icecrown 189981, node 156' WHERE guid=121454;
UPDATE gameobject SET guid=198398 WHERE guid=121455;
UPDATE pool_gameobject SET guid=198398, pool_entry=10632, description='Icecrown 191133, node 156' WHERE guid=121455;
UPDATE gameobject SET guid=198397 WHERE guid=120717;
UPDATE pool_gameobject SET guid=198397, pool_entry=10633, description='Icecrown 189980, node 157' WHERE guid=120717;
UPDATE pool_pool SET pool_id=10633, description='Icecrown mineral, node 157' WHERE pool_id=5604;
UPDATE pool_template SET entry=10633, description='Icecrown mineral, node 157' WHERE entry=5604;
UPDATE gameobject SET guid=198396 WHERE guid=121456;
UPDATE pool_gameobject SET guid=198396, pool_entry=10633, description='Icecrown 189981, node 157' WHERE guid=121456;
UPDATE gameobject SET guid=198395 WHERE guid=121457;
UPDATE pool_gameobject SET guid=198395, pool_entry=10633, description='Icecrown 191133, node 157' WHERE guid=121457;
UPDATE gameobject SET guid=198394 WHERE guid=120718;
UPDATE pool_gameobject SET guid=198394, pool_entry=10634, description='Icecrown 189980, node 158' WHERE guid=120718;
UPDATE pool_pool SET pool_id=10634, description='Icecrown mineral, node 158' WHERE pool_id=5605;
UPDATE pool_template SET entry=10634, description='Icecrown mineral, node 158' WHERE entry=5605;
UPDATE gameobject SET guid=198393 WHERE guid=121458;
UPDATE pool_gameobject SET guid=198393, pool_entry=10634, description='Icecrown 189981, node 158' WHERE guid=121458;
UPDATE gameobject SET guid=198392 WHERE guid=121459;
UPDATE pool_gameobject SET guid=198392, pool_entry=10634, description='Icecrown 191133, node 158' WHERE guid=121459;
UPDATE gameobject SET guid=198391 WHERE guid=120719;
UPDATE pool_gameobject SET guid=198391, pool_entry=10635, description='Icecrown 189980, node 159' WHERE guid=120719;
UPDATE pool_pool SET pool_id=10635, description='Icecrown mineral, node 159' WHERE pool_id=5606;
UPDATE pool_template SET entry=10635, description='Icecrown mineral, node 159' WHERE entry=5606;
UPDATE gameobject SET guid=198390 WHERE guid=121460;
UPDATE pool_gameobject SET guid=198390, pool_entry=10635, description='Icecrown 189981, node 159' WHERE guid=121460;
UPDATE gameobject SET guid=198389 WHERE guid=121461;
UPDATE pool_gameobject SET guid=198389, pool_entry=10635, description='Icecrown 191133, node 159' WHERE guid=121461;
UPDATE gameobject SET guid=198388 WHERE guid=121462;
UPDATE pool_gameobject SET guid=198388, pool_entry=10636, description='Icecrown 189981, node 160' WHERE guid=121462;
UPDATE pool_pool SET pool_id=10636, description='Icecrown mineral, node 160' WHERE pool_id=5607;
UPDATE pool_template SET entry=10636, description='Icecrown mineral, node 160' WHERE entry=5607;
UPDATE gameobject SET guid=198387 WHERE guid=121463;
UPDATE pool_gameobject SET guid=198387, pool_entry=10636, description='Icecrown 191133, node 160' WHERE guid=121463;
UPDATE gameobject SET guid=198386 WHERE guid=120720;
UPDATE pool_gameobject SET guid=198386, pool_entry=10636, description='Icecrown 189980, node 160' WHERE guid=120720;
UPDATE gameobject SET guid=198385 WHERE guid=120721;
UPDATE pool_gameobject SET guid=198385, pool_entry=10637, description='Icecrown 189980, node 161' WHERE guid=120721;
UPDATE pool_pool SET pool_id=10637, description='Icecrown mineral, node 161' WHERE pool_id=5608;
UPDATE pool_template SET entry=10637, description='Icecrown mineral, node 161' WHERE entry=5608;
UPDATE gameobject SET guid=198384 WHERE guid=121464;
UPDATE pool_gameobject SET guid=198384, pool_entry=10637, description='Icecrown 189981, node 161' WHERE guid=121464;
UPDATE gameobject SET guid=198383 WHERE guid=121465;
UPDATE pool_gameobject SET guid=198383, pool_entry=10637, description='Icecrown 191133, node 161' WHERE guid=121465;
UPDATE gameobject SET guid=198382 WHERE guid=120723;
UPDATE pool_gameobject SET guid=198382, pool_entry=10638, description='Icecrown 189980, node 162' WHERE guid=120723;
UPDATE pool_pool SET pool_id=10638, description='Icecrown mineral, node 162' WHERE pool_id=5609;
UPDATE pool_template SET entry=10638, description='Icecrown mineral, node 162' WHERE entry=5609;
UPDATE gameobject SET guid=198381 WHERE guid=121466;
UPDATE pool_gameobject SET guid=198381, pool_entry=10638, description='Icecrown 189981, node 162' WHERE guid=121466;
UPDATE gameobject SET guid=198380 WHERE guid=121467;
UPDATE pool_gameobject SET guid=198380, pool_entry=10638, description='Icecrown 191133, node 162' WHERE guid=121467;
UPDATE gameobject SET guid=198379 WHERE guid=120725;
UPDATE pool_gameobject SET guid=198379, pool_entry=10639, description='Icecrown 189980, node 163' WHERE guid=120725;
UPDATE pool_pool SET pool_id=10639, description='Icecrown mineral, node 163' WHERE pool_id=5610;
UPDATE pool_template SET entry=10639, description='Icecrown mineral, node 163' WHERE entry=5610;
UPDATE gameobject SET guid=198378 WHERE guid=121468;
UPDATE pool_gameobject SET guid=198378, pool_entry=10639, description='Icecrown 189981, node 163' WHERE guid=121468;
UPDATE gameobject SET guid=198377 WHERE guid=121469;
UPDATE pool_gameobject SET guid=198377, pool_entry=10639, description='Icecrown 191133, node 163' WHERE guid=121469;
UPDATE gameobject SET guid=198376 WHERE guid=120726;
UPDATE pool_gameobject SET guid=198376, pool_entry=10640, description='Icecrown 189980, node 164' WHERE guid=120726;
UPDATE pool_pool SET pool_id=10640, description='Icecrown mineral, node 164' WHERE pool_id=5611;
UPDATE pool_template SET entry=10640, description='Icecrown mineral, node 164' WHERE entry=5611;
UPDATE gameobject SET guid=198375 WHERE guid=121470;
UPDATE pool_gameobject SET guid=198375, pool_entry=10640, description='Icecrown 189981, node 164' WHERE guid=121470;
UPDATE gameobject SET guid=198374 WHERE guid=121471;
UPDATE pool_gameobject SET guid=198374, pool_entry=10640, description='Icecrown 191133, node 164' WHERE guid=121471;
UPDATE gameobject SET guid=198373 WHERE guid=121473;
UPDATE pool_gameobject SET guid=198373, pool_entry=10641, description='Icecrown 191133, node 165' WHERE guid=121473;
UPDATE pool_pool SET pool_id=10641, description='Icecrown mineral, node 165' WHERE pool_id=5612;
UPDATE pool_template SET entry=10641, description='Icecrown mineral, node 165' WHERE entry=5612;
UPDATE gameobject SET guid=198372 WHERE guid=120730;
UPDATE pool_gameobject SET guid=198372, pool_entry=10641, description='Icecrown 189980, node 165' WHERE guid=120730;
UPDATE gameobject SET guid=198371 WHERE guid=121472;
UPDATE pool_gameobject SET guid=198371, pool_entry=10641, description='Icecrown 189981, node 165' WHERE guid=121472;
UPDATE gameobject SET guid=198370 WHERE guid=120731;
UPDATE pool_gameobject SET guid=198370, pool_entry=10642, description='Icecrown 189980, node 166' WHERE guid=120731;
UPDATE pool_pool SET pool_id=10642, description='Icecrown mineral, node 166' WHERE pool_id=5613;
UPDATE pool_template SET entry=10642, description='Icecrown mineral, node 166' WHERE entry=5613;
UPDATE gameobject SET guid=198369 WHERE guid=121474;
UPDATE pool_gameobject SET guid=198369, pool_entry=10642, description='Icecrown 189981, node 166' WHERE guid=121474;
UPDATE gameobject SET guid=198368 WHERE guid=121475;
UPDATE pool_gameobject SET guid=198368, pool_entry=10642, description='Icecrown 191133, node 166' WHERE guid=121475;
UPDATE gameobject SET guid=198367 WHERE guid=120732;
UPDATE pool_gameobject SET guid=198367, pool_entry=10643, description='Icecrown 189980, node 167' WHERE guid=120732;
UPDATE pool_pool SET pool_id=10643, description='Icecrown mineral, node 167' WHERE pool_id=5614;
UPDATE pool_template SET entry=10643, description='Icecrown mineral, node 167' WHERE entry=5614;
UPDATE gameobject SET guid=198366 WHERE guid=121476;
UPDATE pool_gameobject SET guid=198366, pool_entry=10643, description='Icecrown 189981, node 167' WHERE guid=121476;
UPDATE gameobject SET guid=198365 WHERE guid=121477;
UPDATE pool_gameobject SET guid=198365, pool_entry=10643, description='Icecrown 191133, node 167' WHERE guid=121477;
UPDATE gameobject SET guid=198364 WHERE guid=120735;
UPDATE pool_gameobject SET guid=198364, pool_entry=10644, description='Icecrown 189980, node 168' WHERE guid=120735;
UPDATE pool_pool SET pool_id=10644, description='Icecrown mineral, node 168' WHERE pool_id=5615;
UPDATE pool_template SET entry=10644, description='Icecrown mineral, node 168' WHERE entry=5615;
UPDATE gameobject SET guid=198363 WHERE guid=121478;
UPDATE pool_gameobject SET guid=198363, pool_entry=10644, description='Icecrown 189981, node 168' WHERE guid=121478;
UPDATE gameobject SET guid=198362 WHERE guid=121479;
UPDATE pool_gameobject SET guid=198362, pool_entry=10644, description='Icecrown 191133, node 168' WHERE guid=121479;
UPDATE gameobject SET guid=198361 WHERE guid=120740;
UPDATE pool_gameobject SET guid=198361, pool_entry=10645, description='Icecrown 189980, node 169' WHERE guid=120740;
UPDATE pool_pool SET pool_id=10645, description='Icecrown mineral, node 169' WHERE pool_id=5616;
UPDATE pool_template SET entry=10645, description='Icecrown mineral, node 169' WHERE entry=5616;
UPDATE gameobject SET guid=198360 WHERE guid=121480;
UPDATE pool_gameobject SET guid=198360, pool_entry=10645, description='Icecrown 189981, node 169' WHERE guid=121480;
UPDATE gameobject SET guid=198359 WHERE guid=121481;
UPDATE pool_gameobject SET guid=198359, pool_entry=10645, description='Icecrown 191133, node 169' WHERE guid=121481;
-- storm peaks
UPDATE gameobject SET guid=198358 WHERE guid=56280;
UPDATE pool_gameobject SET guid=198358, pool_entry=10646, description='Storm Peaks 189980, node 1' WHERE guid=56280;
UPDATE pool_pool SET pool_id=10646, description='Storm Peaks mineral, node 1' WHERE pool_id=5376;
UPDATE pool_template SET entry=10646, description='Storm Peaks mineral, node 1' WHERE entry=5376;
UPDATE gameobject SET guid=198357 WHERE guid=121000;
UPDATE pool_gameobject SET guid=198357, pool_entry=10646, description='Storm Peaks 189981, node 1' WHERE guid=121000;
UPDATE gameobject SET guid=198356 WHERE guid=121001;
UPDATE pool_gameobject SET guid=198356, pool_entry=10646, description='Storm Peaks 191133, node 1' WHERE guid=121001;
UPDATE gameobject SET guid=198355 WHERE guid=56281;
UPDATE pool_gameobject SET guid=198355, pool_entry=10647, description='Storm Peaks 189980, node 2' WHERE guid=56281;
UPDATE pool_pool SET pool_id=10647, description='Storm Peaks mineral, node 2' WHERE pool_id=5377;
UPDATE pool_template SET entry=10647, description='Storm Peaks mineral, node 2' WHERE entry=5377;
UPDATE gameobject SET guid=198354 WHERE guid=121002;
UPDATE pool_gameobject SET guid=198354, pool_entry=10647, description='Storm Peaks 189981, node 2' WHERE guid=121002;
UPDATE gameobject SET guid=198353 WHERE guid=121003;
UPDATE pool_gameobject SET guid=198353, pool_entry=10647, description='Storm Peaks 191133, node 2' WHERE guid=121003;
UPDATE gameobject SET guid=198352 WHERE guid=56282;
UPDATE pool_gameobject SET guid=198352, pool_entry=10648, description='Storm Peaks 189980, node 3' WHERE guid=56282;
UPDATE pool_pool SET pool_id=10648, description='Storm Peaks mineral, node 3' WHERE pool_id=5378;
UPDATE pool_template SET entry=10648, description='Storm Peaks mineral, node 3' WHERE entry=5378;
UPDATE gameobject SET guid=198351 WHERE guid=121004;
UPDATE pool_gameobject SET guid=198351, pool_entry=10648, description='Storm Peaks 189981, node 3' WHERE guid=121004;
UPDATE gameobject SET guid=198350 WHERE guid=121005;
UPDATE pool_gameobject SET guid=198350, pool_entry=10648, description='Storm Peaks 191133, node 3' WHERE guid=121005;
UPDATE gameobject SET guid=198349 WHERE guid=56283;
UPDATE pool_gameobject SET guid=198349, pool_entry=10649, description='Storm Peaks 189980, node 4' WHERE guid=56283;
UPDATE pool_pool SET pool_id=10649, description='Storm Peaks mineral, node 4' WHERE pool_id=5379;
UPDATE pool_template SET entry=10649, description='Storm Peaks mineral, node 4' WHERE entry=5379;
UPDATE gameobject SET guid=198348 WHERE guid=121006;
UPDATE pool_gameobject SET guid=198348, pool_entry=10649, description='Storm Peaks 189981, node 4' WHERE guid=121006;
UPDATE gameobject SET guid=198347 WHERE guid=121007;
UPDATE pool_gameobject SET guid=198347, pool_entry=10649, description='Storm Peaks 191133, node 4' WHERE guid=121007;
UPDATE gameobject SET guid=198346 WHERE guid=121009;
UPDATE pool_gameobject SET guid=198346, pool_entry=10650, description='Storm Peaks 191133, node 5' WHERE guid=121009;
UPDATE pool_pool SET pool_id=10650, description='Storm Peaks mineral, node 5' WHERE pool_id=5380;
UPDATE pool_template SET entry=10650, description='Storm Peaks mineral, node 5' WHERE entry=5380;
UPDATE gameobject SET guid=198345 WHERE guid=56284;
UPDATE pool_gameobject SET guid=198345, pool_entry=10650, description='Storm Peaks 189980, node 5' WHERE guid=56284;
UPDATE gameobject SET guid=198344 WHERE guid=121008;
UPDATE pool_gameobject SET guid=198344, pool_entry=10650, description='Storm Peaks 189981, node 5' WHERE guid=121008;
UPDATE gameobject SET guid=198343 WHERE guid=56285;
UPDATE pool_gameobject SET guid=198343, pool_entry=10651, description='Storm Peaks 189980, node 6' WHERE guid=56285;
UPDATE pool_pool SET pool_id=10651, description='Storm Peaks mineral, node 6' WHERE pool_id=5381;
UPDATE pool_template SET entry=10651, description='Storm Peaks mineral, node 6' WHERE entry=5381;
UPDATE gameobject SET guid=198342 WHERE guid=121010;
UPDATE pool_gameobject SET guid=198342, pool_entry=10651, description='Storm Peaks 189981, node 6' WHERE guid=121010;
UPDATE gameobject SET guid=198341 WHERE guid=121011;
UPDATE pool_gameobject SET guid=198341, pool_entry=10651, description='Storm Peaks 191133, node 6' WHERE guid=121011;
UPDATE gameobject SET guid=198340 WHERE guid=56286;
UPDATE pool_gameobject SET guid=198340, pool_entry=10652, description='Storm Peaks 189980, node 7' WHERE guid=56286;
UPDATE pool_pool SET pool_id=10652, description='Storm Peaks mineral, node 7' WHERE pool_id=5382;
UPDATE pool_template SET entry=10652, description='Storm Peaks mineral, node 7' WHERE entry=5382;
UPDATE gameobject SET guid=198339 WHERE guid=121012;
UPDATE pool_gameobject SET guid=198339, pool_entry=10652, description='Storm Peaks 189981, node 7' WHERE guid=121012;
UPDATE gameobject SET guid=198338 WHERE guid=121013;
UPDATE pool_gameobject SET guid=198338, pool_entry=10652, description='Storm Peaks 191133, node 7' WHERE guid=121013;
UPDATE gameobject SET guid=198337 WHERE guid=56287;
UPDATE pool_gameobject SET guid=198337, pool_entry=10653, description='Storm Peaks 189980, node 8' WHERE guid=56287;
UPDATE pool_pool SET pool_id=10653, description='Storm Peaks mineral, node 8' WHERE pool_id=5383;
UPDATE pool_template SET entry=10653, description='Storm Peaks mineral, node 8' WHERE entry=5383;
UPDATE gameobject SET guid=198336 WHERE guid=121014;
UPDATE pool_gameobject SET guid=198336, pool_entry=10653, description='Storm Peaks 189981, node 8' WHERE guid=121014;
UPDATE gameobject SET guid=198335 WHERE guid=121015;
UPDATE pool_gameobject SET guid=198335, pool_entry=10653, description='Storm Peaks 191133, node 8' WHERE guid=121015;
UPDATE gameobject SET guid=198334 WHERE guid=56288;
UPDATE pool_gameobject SET guid=198334, pool_entry=10654, description='Storm Peaks 189980, node 9' WHERE guid=56288;
UPDATE pool_pool SET pool_id=10654, description='Storm Peaks mineral, node 9' WHERE pool_id=5384;
UPDATE pool_template SET entry=10654, description='Storm Peaks mineral, node 9' WHERE entry=5384;
UPDATE gameobject SET guid=198333 WHERE guid=121016;
UPDATE pool_gameobject SET guid=198333, pool_entry=10654, description='Storm Peaks 189981, node 9' WHERE guid=121016;
UPDATE gameobject SET guid=198332 WHERE guid=121017;
UPDATE pool_gameobject SET guid=198332, pool_entry=10654, description='Storm Peaks 191133, node 9' WHERE guid=121017;
UPDATE gameobject SET guid=198331 WHERE guid=56289;
UPDATE pool_gameobject SET guid=198331, pool_entry=10655, description='Storm Peaks 189980, node 10' WHERE guid=56289;
UPDATE pool_pool SET pool_id=10655, description='Storm Peaks mineral, node 10' WHERE pool_id=5385;
UPDATE pool_template SET entry=10655, description='Storm Peaks mineral, node 10' WHERE entry=5385;
UPDATE gameobject SET guid=198330 WHERE guid=121018;
UPDATE pool_gameobject SET guid=198330, pool_entry=10655, description='Storm Peaks 189981, node 10' WHERE guid=121018;
UPDATE gameobject SET guid=198329 WHERE guid=121019;
UPDATE pool_gameobject SET guid=198329, pool_entry=10655, description='Storm Peaks 191133, node 10' WHERE guid=121019;
UPDATE gameobject SET guid=198328 WHERE guid=56290;
UPDATE pool_gameobject SET guid=198328, pool_entry=10656, description='Storm Peaks 189980, node 11' WHERE guid=56290;
UPDATE pool_pool SET pool_id=10656, description='Storm Peaks mineral, node 11' WHERE pool_id=5386;
UPDATE pool_template SET entry=10656, description='Storm Peaks mineral, node 11' WHERE entry=5386;
UPDATE gameobject SET guid=198327 WHERE guid=121020;
UPDATE pool_gameobject SET guid=198327, pool_entry=10656, description='Storm Peaks 189981, node 11' WHERE guid=121020;
UPDATE gameobject SET guid=198326 WHERE guid=121021;
UPDATE pool_gameobject SET guid=198326, pool_entry=10656, description='Storm Peaks 191133, node 11' WHERE guid=121021;
UPDATE gameobject SET guid=198325 WHERE guid=56291;
UPDATE pool_gameobject SET guid=198325, pool_entry=10657, description='Storm Peaks 189980, node 12' WHERE guid=56291;
UPDATE pool_pool SET pool_id=10657, description='Storm Peaks mineral, node 12' WHERE pool_id=5387;
UPDATE pool_template SET entry=10657, description='Storm Peaks mineral, node 12' WHERE entry=5387;
UPDATE gameobject SET guid=198324 WHERE guid=121022;
UPDATE pool_gameobject SET guid=198324, pool_entry=10657, description='Storm Peaks 189981, node 12' WHERE guid=121022;
UPDATE gameobject SET guid=198323 WHERE guid=121023;
UPDATE pool_gameobject SET guid=198323, pool_entry=10657, description='Storm Peaks 191133, node 12' WHERE guid=121023;
UPDATE gameobject SET guid=198322 WHERE guid=56292;
UPDATE pool_gameobject SET guid=198322, pool_entry=10658, description='Storm Peaks 189980, node 13' WHERE guid=56292;
UPDATE pool_pool SET pool_id=10658, description='Storm Peaks mineral, node 13' WHERE pool_id=5388;
UPDATE pool_template SET entry=10658, description='Storm Peaks mineral, node 13' WHERE entry=5388;
UPDATE gameobject SET guid=198321 WHERE guid=121024;
UPDATE pool_gameobject SET guid=198321, pool_entry=10658, description='Storm Peaks 189981, node 13' WHERE guid=121024;
UPDATE gameobject SET guid=198320 WHERE guid=121025;
UPDATE pool_gameobject SET guid=198320, pool_entry=10658, description='Storm Peaks 191133, node 13' WHERE guid=121025;
UPDATE gameobject SET guid=198319 WHERE guid=56293;
UPDATE pool_gameobject SET guid=198319, pool_entry=10659, description='Storm Peaks 189980, node 14' WHERE guid=56293;
UPDATE pool_pool SET pool_id=10659, description='Storm Peaks mineral, node 14' WHERE pool_id=5389;
UPDATE pool_template SET entry=10659, description='Storm Peaks mineral, node 14' WHERE entry=5389;
UPDATE gameobject SET guid=198318 WHERE guid=121026;
UPDATE pool_gameobject SET guid=198318, pool_entry=10659, description='Storm Peaks 189981, node 14' WHERE guid=121026;
UPDATE gameobject SET guid=198317 WHERE guid=121027;
UPDATE pool_gameobject SET guid=198317, pool_entry=10659, description='Storm Peaks 191133, node 14' WHERE guid=121027;
UPDATE gameobject SET guid=198316 WHERE guid=56446;
UPDATE pool_gameobject SET guid=198316, pool_entry=10660, description='Storm Peaks 189980, node 15' WHERE guid=56446;
UPDATE pool_pool SET pool_id=10660, description='Storm Peaks mineral, node 15' WHERE pool_id=5390;
UPDATE pool_template SET entry=10660, description='Storm Peaks mineral, node 15' WHERE entry=5390;
UPDATE gameobject SET guid=198315 WHERE guid=121028;
UPDATE pool_gameobject SET guid=198315, pool_entry=10660, description='Storm Peaks 189981, node 15' WHERE guid=121028;
UPDATE gameobject SET guid=198314 WHERE guid=121029;
UPDATE pool_gameobject SET guid=198314, pool_entry=10660, description='Storm Peaks 191133, node 15' WHERE guid=121029;
UPDATE gameobject SET guid=198313 WHERE guid=121030;
UPDATE pool_gameobject SET guid=198313, pool_entry=10661, description='Storm Peaks 189981, node 16' WHERE guid=121030;
UPDATE pool_pool SET pool_id=10661, description='Storm Peaks mineral, node 16' WHERE pool_id=5391;
UPDATE pool_template SET entry=10661, description='Storm Peaks mineral, node 16' WHERE entry=5391;
UPDATE gameobject SET guid=198312 WHERE guid=121031;
UPDATE pool_gameobject SET guid=198312, pool_entry=10661, description='Storm Peaks 191133, node 16' WHERE guid=121031;
UPDATE gameobject SET guid=198311 WHERE guid=56452;
UPDATE pool_gameobject SET guid=198311, pool_entry=10661, description='Storm Peaks 189980, node 16' WHERE guid=56452;
UPDATE gameobject SET guid=198310 WHERE guid=120014;
UPDATE pool_gameobject SET guid=198310, pool_entry=10662, description='Storm Peaks 189980, node 17' WHERE guid=120014;
UPDATE pool_pool SET pool_id=10662, description='Storm Peaks mineral, node 17' WHERE pool_id=5392;
UPDATE pool_template SET entry=10662, description='Storm Peaks mineral, node 17' WHERE entry=5392;
UPDATE gameobject SET guid=198309 WHERE guid=121032;
UPDATE pool_gameobject SET guid=198309, pool_entry=10662, description='Storm Peaks 189981, node 17' WHERE guid=121032;
UPDATE gameobject SET guid=198308 WHERE guid=121033;
UPDATE pool_gameobject SET guid=198308, pool_entry=10662, description='Storm Peaks 191133, node 17' WHERE guid=121033;
UPDATE gameobject SET guid=198307 WHERE guid=120015;
UPDATE pool_gameobject SET guid=198307, pool_entry=10663, description='Storm Peaks 189980, node 18' WHERE guid=120015;
UPDATE pool_pool SET pool_id=10663, description='Storm Peaks mineral, node 18' WHERE pool_id=5393;
UPDATE pool_template SET entry=10663, description='Storm Peaks mineral, node 18' WHERE entry=5393;
UPDATE gameobject SET guid=198306 WHERE guid=121034;
UPDATE pool_gameobject SET guid=198306, pool_entry=10663, description='Storm Peaks 189981, node 18' WHERE guid=121034;
UPDATE gameobject SET guid=198305 WHERE guid=121035;
UPDATE pool_gameobject SET guid=198305, pool_entry=10663, description='Storm Peaks 191133, node 18' WHERE guid=121035;
UPDATE gameobject SET guid=198304 WHERE guid=120016;
UPDATE pool_gameobject SET guid=198304, pool_entry=10664, description='Storm Peaks 189980, node 19' WHERE guid=120016;
UPDATE pool_pool SET pool_id=10664, description='Storm Peaks mineral, node 19' WHERE pool_id=5394;
UPDATE pool_template SET entry=10664, description='Storm Peaks mineral, node 19' WHERE entry=5394;
UPDATE gameobject SET guid=198303 WHERE guid=121036;
UPDATE pool_gameobject SET guid=198303, pool_entry=10664, description='Storm Peaks 189981, node 19' WHERE guid=121036;
UPDATE gameobject SET guid=198302 WHERE guid=121037;
UPDATE pool_gameobject SET guid=198302, pool_entry=10664, description='Storm Peaks 191133, node 19' WHERE guid=121037;
UPDATE gameobject SET guid=198301 WHERE guid=120017;
UPDATE pool_gameobject SET guid=198301, pool_entry=10665, description='Storm Peaks 189980, node 20' WHERE guid=120017;
UPDATE pool_pool SET pool_id=10665, description='Storm Peaks mineral, node 20' WHERE pool_id=5395;
UPDATE pool_template SET entry=10665, description='Storm Peaks mineral, node 20' WHERE entry=5395;
UPDATE gameobject SET guid=198300 WHERE guid=121038;
UPDATE pool_gameobject SET guid=198300, pool_entry=10665, description='Storm Peaks 189981, node 20' WHERE guid=121038;
UPDATE gameobject SET guid=198299 WHERE guid=121039;
UPDATE pool_gameobject SET guid=198299, pool_entry=10665, description='Storm Peaks 191133, node 20' WHERE guid=121039;
UPDATE gameobject SET guid=198298 WHERE guid=121041;
UPDATE pool_gameobject SET guid=198298, pool_entry=10666, description='Storm Peaks 191133, node 21' WHERE guid=121041;
UPDATE pool_pool SET pool_id=10666, description='Storm Peaks mineral, node 21' WHERE pool_id=5396;
UPDATE pool_template SET entry=10666, description='Storm Peaks mineral, node 21' WHERE entry=5396;
UPDATE gameobject SET guid=198297 WHERE guid=120018;
UPDATE pool_gameobject SET guid=198297, pool_entry=10666, description='Storm Peaks 189980, node 21' WHERE guid=120018;
UPDATE gameobject SET guid=198296 WHERE guid=121040;
UPDATE pool_gameobject SET guid=198296, pool_entry=10666, description='Storm Peaks 189981, node 21' WHERE guid=121040;
UPDATE gameobject SET guid=198295 WHERE guid=120049;
UPDATE pool_gameobject SET guid=198295, pool_entry=10667, description='Storm Peaks 189980, node 22' WHERE guid=120049;
UPDATE pool_pool SET pool_id=10667, description='Storm Peaks mineral, node 22' WHERE pool_id=5397;
UPDATE pool_template SET entry=10667, description='Storm Peaks mineral, node 22' WHERE entry=5397;
UPDATE gameobject SET guid=198294 WHERE guid=121042;
UPDATE pool_gameobject SET guid=198294, pool_entry=10667, description='Storm Peaks 189981, node 22' WHERE guid=121042;
UPDATE gameobject SET guid=198293 WHERE guid=121043;
UPDATE pool_gameobject SET guid=198293, pool_entry=10667, description='Storm Peaks 191133, node 22' WHERE guid=121043;
UPDATE gameobject SET guid=198292 WHERE guid=120050;
UPDATE pool_gameobject SET guid=198292, pool_entry=10668, description='Storm Peaks 189980, node 23' WHERE guid=120050;
UPDATE pool_pool SET pool_id=10668, description='Storm Peaks mineral, node 23' WHERE pool_id=5398;
UPDATE pool_template SET entry=10668, description='Storm Peaks mineral, node 23' WHERE entry=5398;
UPDATE gameobject SET guid=198291 WHERE guid=121044;
UPDATE pool_gameobject SET guid=198291, pool_entry=10668, description='Storm Peaks 189981, node 23' WHERE guid=121044;
UPDATE gameobject SET guid=198290 WHERE guid=121045;
UPDATE pool_gameobject SET guid=198290, pool_entry=10668, description='Storm Peaks 191133, node 23' WHERE guid=121045;
UPDATE gameobject SET guid=198289 WHERE guid=120051;
UPDATE pool_gameobject SET guid=198289, pool_entry=10669, description='Storm Peaks 189980, node 24' WHERE guid=120051;
UPDATE pool_pool SET pool_id=10669, description='Storm Peaks mineral, node 24' WHERE pool_id=5399;
UPDATE pool_template SET entry=10669, description='Storm Peaks mineral, node 24' WHERE entry=5399;
UPDATE gameobject SET guid=198288 WHERE guid=121046;
UPDATE pool_gameobject SET guid=198288, pool_entry=10669, description='Storm Peaks 189981, node 24' WHERE guid=121046;
UPDATE gameobject SET guid=198287 WHERE guid=121047;
UPDATE pool_gameobject SET guid=198287, pool_entry=10669, description='Storm Peaks 191133, node 24' WHERE guid=121047;
UPDATE gameobject SET guid=198286 WHERE guid=120052;
UPDATE pool_gameobject SET guid=198286, pool_entry=10670, description='Storm Peaks 189980, node 25' WHERE guid=120052;
UPDATE pool_pool SET pool_id=10670, description='Storm Peaks mineral, node 25' WHERE pool_id=5400;
UPDATE pool_template SET entry=10670, description='Storm Peaks mineral, node 25' WHERE entry=5400;
UPDATE gameobject SET guid=198285 WHERE guid=121048;
UPDATE pool_gameobject SET guid=198285, pool_entry=10670, description='Storm Peaks 189981, node 25' WHERE guid=121048;
UPDATE gameobject SET guid=198284 WHERE guid=121049;
UPDATE pool_gameobject SET guid=198284, pool_entry=10670, description='Storm Peaks 191133, node 25' WHERE guid=121049;
UPDATE gameobject SET guid=198283 WHERE guid=120055;
UPDATE pool_gameobject SET guid=198283, pool_entry=10671, description='Storm Peaks 189980, node 26' WHERE guid=120055;
UPDATE pool_pool SET pool_id=10671, description='Storm Peaks mineral, node 26' WHERE pool_id=5401;
UPDATE pool_template SET entry=10671, description='Storm Peaks mineral, node 26' WHERE entry=5401;
UPDATE gameobject SET guid=198282 WHERE guid=121050;
UPDATE pool_gameobject SET guid=198282, pool_entry=10671, description='Storm Peaks 189981, node 26' WHERE guid=121050;
UPDATE gameobject SET guid=198281 WHERE guid=121051;
UPDATE pool_gameobject SET guid=198281, pool_entry=10671, description='Storm Peaks 191133, node 26' WHERE guid=121051;
UPDATE gameobject SET guid=198280 WHERE guid=120059;
UPDATE pool_gameobject SET guid=198280, pool_entry=10672, description='Storm Peaks 189980, node 27' WHERE guid=120059;
UPDATE pool_pool SET pool_id=10672, description='Storm Peaks mineral, node 27' WHERE pool_id=5402;
UPDATE pool_template SET entry=10672, description='Storm Peaks mineral, node 27' WHERE entry=5402;
UPDATE gameobject SET guid=198279 WHERE guid=121052;
UPDATE pool_gameobject SET guid=198279, pool_entry=10672, description='Storm Peaks 189981, node 27' WHERE guid=121052;
UPDATE gameobject SET guid=198278 WHERE guid=121053;
UPDATE pool_gameobject SET guid=198278, pool_entry=10672, description='Storm Peaks 191133, node 27' WHERE guid=121053;
UPDATE gameobject SET guid=198277 WHERE guid=120061;
UPDATE pool_gameobject SET guid=198277, pool_entry=10673, description='Storm Peaks 189980, node 28' WHERE guid=120061;
UPDATE pool_pool SET pool_id=10673, description='Storm Peaks mineral, node 28' WHERE pool_id=5403;
UPDATE pool_template SET entry=10673, description='Storm Peaks mineral, node 28' WHERE entry=5403;
UPDATE gameobject SET guid=198276 WHERE guid=121054;
UPDATE pool_gameobject SET guid=198276, pool_entry=10673, description='Storm Peaks 189981, node 28' WHERE guid=121054;
UPDATE gameobject SET guid=198275 WHERE guid=121055;
UPDATE pool_gameobject SET guid=198275, pool_entry=10673, description='Storm Peaks 191133, node 28' WHERE guid=121055;
UPDATE gameobject SET guid=198274 WHERE guid=120063;
UPDATE pool_gameobject SET guid=198274, pool_entry=10674, description='Storm Peaks 189980, node 29' WHERE guid=120063;
UPDATE pool_pool SET pool_id=10674, description='Storm Peaks mineral, node 29' WHERE pool_id=5404;
UPDATE pool_template SET entry=10674, description='Storm Peaks mineral, node 29' WHERE entry=5404;
UPDATE gameobject SET guid=198273 WHERE guid=121056;
UPDATE pool_gameobject SET guid=198273, pool_entry=10674, description='Storm Peaks 189981, node 29' WHERE guid=121056;
UPDATE gameobject SET guid=198272 WHERE guid=121057;
UPDATE pool_gameobject SET guid=198272, pool_entry=10674, description='Storm Peaks 191133, node 29' WHERE guid=121057;
UPDATE gameobject SET guid=198271 WHERE guid=120064;
UPDATE pool_gameobject SET guid=198271, pool_entry=10675, description='Storm Peaks 189980, node 30' WHERE guid=120064;
UPDATE pool_pool SET pool_id=10675, description='Storm Peaks mineral, node 30' WHERE pool_id=5405;
UPDATE pool_template SET entry=10675, description='Storm Peaks mineral, node 30' WHERE entry=5405;
UPDATE gameobject SET guid=198270 WHERE guid=121058;
UPDATE pool_gameobject SET guid=198270, pool_entry=10675, description='Storm Peaks 189981, node 30' WHERE guid=121058;
UPDATE gameobject SET guid=198269 WHERE guid=121059;
UPDATE pool_gameobject SET guid=198269, pool_entry=10675, description='Storm Peaks 191133, node 30' WHERE guid=121059;
UPDATE gameobject SET guid=198268 WHERE guid=120068;
UPDATE pool_gameobject SET guid=198268, pool_entry=10676, description='Storm Peaks 189980, node 31' WHERE guid=120068;
UPDATE pool_pool SET pool_id=10676, description='Storm Peaks mineral, node 31' WHERE pool_id=5406;
UPDATE pool_template SET entry=10676, description='Storm Peaks mineral, node 31' WHERE entry=5406;
UPDATE gameobject SET guid=198267 WHERE guid=121060;
UPDATE pool_gameobject SET guid=198267, pool_entry=10676, description='Storm Peaks 189981, node 31' WHERE guid=121060;
UPDATE gameobject SET guid=198266 WHERE guid=121061;
UPDATE pool_gameobject SET guid=198266, pool_entry=10676, description='Storm Peaks 191133, node 31' WHERE guid=121061;
UPDATE gameobject SET guid=198265 WHERE guid=121062;
UPDATE pool_gameobject SET guid=198265, pool_entry=10677, description='Storm Peaks 189981, node 32' WHERE guid=121062;
UPDATE pool_pool SET pool_id=10677, description='Storm Peaks mineral, node 32' WHERE pool_id=5407;
UPDATE pool_template SET entry=10677, description='Storm Peaks mineral, node 32' WHERE entry=5407;
UPDATE gameobject SET guid=198264 WHERE guid=121063;
UPDATE pool_gameobject SET guid=198264, pool_entry=10677, description='Storm Peaks 191133, node 32' WHERE guid=121063;
UPDATE gameobject SET guid=198263 WHERE guid=120073;
UPDATE pool_gameobject SET guid=198263, pool_entry=10677, description='Storm Peaks 189980, node 32' WHERE guid=120073;
UPDATE gameobject SET guid=198262 WHERE guid=120093;
UPDATE pool_gameobject SET guid=198262, pool_entry=10678, description='Storm Peaks 189980, node 33' WHERE guid=120093;
UPDATE pool_pool SET pool_id=10678, description='Storm Peaks mineral, node 33' WHERE pool_id=5408;
UPDATE pool_template SET entry=10678, description='Storm Peaks mineral, node 33' WHERE entry=5408;
UPDATE gameobject SET guid=198261 WHERE guid=121064;
UPDATE pool_gameobject SET guid=198261, pool_entry=10678, description='Storm Peaks 189981, node 33' WHERE guid=121064;
UPDATE gameobject SET guid=198260 WHERE guid=121065;
UPDATE pool_gameobject SET guid=198260, pool_entry=10678, description='Storm Peaks 191133, node 33' WHERE guid=121065;
UPDATE gameobject SET guid=198259 WHERE guid=120094;
UPDATE pool_gameobject SET guid=198259, pool_entry=10679, description='Storm Peaks 189980, node 34' WHERE guid=120094;
UPDATE pool_pool SET pool_id=10679, description='Storm Peaks mineral, node 34' WHERE pool_id=5409;
UPDATE pool_template SET entry=10679, description='Storm Peaks mineral, node 34' WHERE entry=5409;
UPDATE gameobject SET guid=198258 WHERE guid=121066;
UPDATE pool_gameobject SET guid=198258, pool_entry=10679, description='Storm Peaks 189981, node 34' WHERE guid=121066;
UPDATE gameobject SET guid=198257 WHERE guid=121067;
UPDATE pool_gameobject SET guid=198257, pool_entry=10679, description='Storm Peaks 191133, node 34' WHERE guid=121067;
UPDATE gameobject SET guid=198256 WHERE guid=120095;
UPDATE pool_gameobject SET guid=198256, pool_entry=10680, description='Storm Peaks 189980, node 35' WHERE guid=120095;
UPDATE pool_pool SET pool_id=10680, description='Storm Peaks mineral, node 35' WHERE pool_id=5410;
UPDATE pool_template SET entry=10680, description='Storm Peaks mineral, node 35' WHERE entry=5410;
UPDATE gameobject SET guid=198255 WHERE guid=121068;
UPDATE pool_gameobject SET guid=198255, pool_entry=10680, description='Storm Peaks 189981, node 35' WHERE guid=121068;
UPDATE gameobject SET guid=198254 WHERE guid=121069;
UPDATE pool_gameobject SET guid=198254, pool_entry=10680, description='Storm Peaks 191133, node 35' WHERE guid=121069;
UPDATE gameobject SET guid=198253 WHERE guid=120096;
UPDATE pool_gameobject SET guid=198253, pool_entry=10681, description='Storm Peaks 189980, node 36' WHERE guid=120096;
UPDATE pool_pool SET pool_id=10681, description='Storm Peaks mineral, node 36' WHERE pool_id=5411;
UPDATE pool_template SET entry=10681, description='Storm Peaks mineral, node 36' WHERE entry=5411;
UPDATE gameobject SET guid=198252 WHERE guid=121070;
UPDATE pool_gameobject SET guid=198252, pool_entry=10681, description='Storm Peaks 189981, node 36' WHERE guid=121070;
UPDATE gameobject SET guid=198251 WHERE guid=121071;
UPDATE pool_gameobject SET guid=198251, pool_entry=10681, description='Storm Peaks 191133, node 36' WHERE guid=121071;
UPDATE gameobject SET guid=198250 WHERE guid=121073;
UPDATE pool_gameobject SET guid=198250, pool_entry=10682, description='Storm Peaks 191133, node 37' WHERE guid=121073;
UPDATE pool_pool SET pool_id=10682, description='Storm Peaks mineral, node 37' WHERE pool_id=5412;
UPDATE pool_template SET entry=10682, description='Storm Peaks mineral, node 37' WHERE entry=5412;
UPDATE gameobject SET guid=198249 WHERE guid=120105;
UPDATE pool_gameobject SET guid=198249, pool_entry=10682, description='Storm Peaks 189980, node 37' WHERE guid=120105;
UPDATE gameobject SET guid=198248 WHERE guid=121072;
UPDATE pool_gameobject SET guid=198248, pool_entry=10682, description='Storm Peaks 189981, node 37' WHERE guid=121072;
UPDATE gameobject SET guid=198247 WHERE guid=120106;
UPDATE pool_gameobject SET guid=198247, pool_entry=10683, description='Storm Peaks 189980, node 38' WHERE guid=120106;
UPDATE pool_pool SET pool_id=10683, description='Storm Peaks mineral, node 38' WHERE pool_id=5413;
UPDATE pool_template SET entry=10683, description='Storm Peaks mineral, node 38' WHERE entry=5413;
UPDATE gameobject SET guid=198246 WHERE guid=121074;
UPDATE pool_gameobject SET guid=198246, pool_entry=10683, description='Storm Peaks 189981, node 38' WHERE guid=121074;
UPDATE gameobject SET guid=198245 WHERE guid=121075;
UPDATE pool_gameobject SET guid=198245, pool_entry=10683, description='Storm Peaks 191133, node 38' WHERE guid=121075;
UPDATE gameobject SET guid=198244 WHERE guid=120107;
UPDATE pool_gameobject SET guid=198244, pool_entry=10684, description='Storm Peaks 189980, node 39' WHERE guid=120107;
UPDATE pool_pool SET pool_id=10684, description='Storm Peaks mineral, node 39' WHERE pool_id=5414;
UPDATE pool_template SET entry=10684, description='Storm Peaks mineral, node 39' WHERE entry=5414;
UPDATE gameobject SET guid=198243 WHERE guid=121076;
UPDATE pool_gameobject SET guid=198243, pool_entry=10684, description='Storm Peaks 189981, node 39' WHERE guid=121076;
UPDATE gameobject SET guid=198242 WHERE guid=121077;
UPDATE pool_gameobject SET guid=198242, pool_entry=10684, description='Storm Peaks 191133, node 39' WHERE guid=121077;
UPDATE gameobject SET guid=198241 WHERE guid=120110;
UPDATE pool_gameobject SET guid=198241, pool_entry=10685, description='Storm Peaks 189980, node 40' WHERE guid=120110;
UPDATE pool_pool SET pool_id=10685, description='Storm Peaks mineral, node 40' WHERE pool_id=5415;
UPDATE pool_template SET entry=10685, description='Storm Peaks mineral, node 40' WHERE entry=5415;
UPDATE gameobject SET guid=198240 WHERE guid=121078;
UPDATE pool_gameobject SET guid=198240, pool_entry=10685, description='Storm Peaks 189981, node 40' WHERE guid=121078;
UPDATE gameobject SET guid=198239 WHERE guid=121079;
UPDATE pool_gameobject SET guid=198239, pool_entry=10685, description='Storm Peaks 191133, node 40' WHERE guid=121079;
UPDATE gameobject SET guid=198238 WHERE guid=120113;
UPDATE pool_gameobject SET guid=198238, pool_entry=10686, description='Storm Peaks 189980, node 41' WHERE guid=120113;
UPDATE pool_pool SET pool_id=10686, description='Storm Peaks mineral, node 41' WHERE pool_id=5416;
UPDATE pool_template SET entry=10686, description='Storm Peaks mineral, node 41' WHERE entry=5416;
UPDATE gameobject SET guid=198237 WHERE guid=121080;
UPDATE pool_gameobject SET guid=198237, pool_entry=10686, description='Storm Peaks 189981, node 41' WHERE guid=121080;
UPDATE gameobject SET guid=198236 WHERE guid=121081;
UPDATE pool_gameobject SET guid=198236, pool_entry=10686, description='Storm Peaks 191133, node 41' WHERE guid=121081;
UPDATE gameobject SET guid=198235 WHERE guid=120114;
UPDATE pool_gameobject SET guid=198235, pool_entry=10687, description='Storm Peaks 189980, node 42' WHERE guid=120114;
UPDATE pool_pool SET pool_id=10687, description='Storm Peaks mineral, node 42' WHERE pool_id=5417;
UPDATE pool_template SET entry=10687, description='Storm Peaks mineral, node 42' WHERE entry=5417;
UPDATE gameobject SET guid=198234 WHERE guid=121082;
UPDATE pool_gameobject SET guid=198234, pool_entry=10687, description='Storm Peaks 189981, node 42' WHERE guid=121082;
UPDATE gameobject SET guid=198233 WHERE guid=121083;
UPDATE pool_gameobject SET guid=198233, pool_entry=10687, description='Storm Peaks 191133, node 42' WHERE guid=121083;
UPDATE gameobject SET guid=198232 WHERE guid=120147;
UPDATE pool_gameobject SET guid=198232, pool_entry=10688, description='Storm Peaks 189980, node 43' WHERE guid=120147;
UPDATE pool_pool SET pool_id=10688, description='Storm Peaks mineral, node 43' WHERE pool_id=5418;
UPDATE pool_template SET entry=10688, description='Storm Peaks mineral, node 43' WHERE entry=5418;
UPDATE gameobject SET guid=198231 WHERE guid=121084;
UPDATE pool_gameobject SET guid=198231, pool_entry=10688, description='Storm Peaks 189981, node 43' WHERE guid=121084;
UPDATE gameobject SET guid=198230 WHERE guid=121085;
UPDATE pool_gameobject SET guid=198230, pool_entry=10688, description='Storm Peaks 191133, node 43' WHERE guid=121085;
UPDATE gameobject SET guid=198229 WHERE guid=120148;
UPDATE pool_gameobject SET guid=198229, pool_entry=10689, description='Storm Peaks 189980, node 44' WHERE guid=120148;
UPDATE pool_pool SET pool_id=10689, description='Storm Peaks mineral, node 44' WHERE pool_id=5419;
UPDATE pool_template SET entry=10689, description='Storm Peaks mineral, node 44' WHERE entry=5419;
UPDATE gameobject SET guid=198228 WHERE guid=121086;
UPDATE pool_gameobject SET guid=198228, pool_entry=10689, description='Storm Peaks 189981, node 44' WHERE guid=121086;
UPDATE gameobject SET guid=198227 WHERE guid=121087;
UPDATE pool_gameobject SET guid=198227, pool_entry=10689, description='Storm Peaks 191133, node 44' WHERE guid=121087;
UPDATE gameobject SET guid=198226 WHERE guid=120149;
UPDATE pool_gameobject SET guid=198226, pool_entry=10690, description='Storm Peaks 189980, node 45' WHERE guid=120149;
UPDATE pool_pool SET pool_id=10690, description='Storm Peaks mineral, node 45' WHERE pool_id=5420;
UPDATE pool_template SET entry=10690, description='Storm Peaks mineral, node 45' WHERE entry=5420;
UPDATE gameobject SET guid=198225 WHERE guid=121088;
UPDATE pool_gameobject SET guid=198225, pool_entry=10690, description='Storm Peaks 189981, node 45' WHERE guid=121088;
UPDATE gameobject SET guid=198224 WHERE guid=121089;
UPDATE pool_gameobject SET guid=198224, pool_entry=10690, description='Storm Peaks 191133, node 45' WHERE guid=121089;
UPDATE gameobject SET guid=198223 WHERE guid=120168;
UPDATE pool_gameobject SET guid=198223, pool_entry=10691, description='Storm Peaks 189980, node 46' WHERE guid=120168;
UPDATE pool_pool SET pool_id=10691, description='Storm Peaks mineral, node 46' WHERE pool_id=5421;
UPDATE pool_template SET entry=10691, description='Storm Peaks mineral, node 46' WHERE entry=5421;
UPDATE gameobject SET guid=198222 WHERE guid=121090;
UPDATE pool_gameobject SET guid=198222, pool_entry=10691, description='Storm Peaks 189981, node 46' WHERE guid=121090;
UPDATE gameobject SET guid=198221 WHERE guid=121091;
UPDATE pool_gameobject SET guid=198221, pool_entry=10691, description='Storm Peaks 191133, node 46' WHERE guid=121091;
UPDATE gameobject SET guid=198220 WHERE guid=120174;
UPDATE pool_gameobject SET guid=198220, pool_entry=10692, description='Storm Peaks 189980, node 47' WHERE guid=120174;
UPDATE pool_pool SET pool_id=10692, description='Storm Peaks mineral, node 47' WHERE pool_id=5422;
UPDATE pool_template SET entry=10692, description='Storm Peaks mineral, node 47' WHERE entry=5422;
UPDATE gameobject SET guid=198219 WHERE guid=121092;
UPDATE pool_gameobject SET guid=198219, pool_entry=10692, description='Storm Peaks 189981, node 47' WHERE guid=121092;
UPDATE gameobject SET guid=198218 WHERE guid=121093;
UPDATE pool_gameobject SET guid=198218, pool_entry=10692, description='Storm Peaks 191133, node 47' WHERE guid=121093;
UPDATE gameobject SET guid=198217 WHERE guid=121094;
UPDATE pool_gameobject SET guid=198217, pool_entry=10693, description='Storm Peaks 189981, node 48' WHERE guid=121094;
UPDATE pool_pool SET pool_id=10693, description='Storm Peaks mineral, node 48' WHERE pool_id=5423;
UPDATE pool_template SET entry=10693, description='Storm Peaks mineral, node 48' WHERE entry=5423;
UPDATE gameobject SET guid=198216 WHERE guid=121095;
UPDATE pool_gameobject SET guid=198216, pool_entry=10693, description='Storm Peaks 191133, node 48' WHERE guid=121095;
UPDATE gameobject SET guid=198215 WHERE guid=120270;
UPDATE pool_gameobject SET guid=198215, pool_entry=10693, description='Storm Peaks 189980, node 48' WHERE guid=120270;
UPDATE gameobject SET guid=198214 WHERE guid=120271;
UPDATE pool_gameobject SET guid=198214, pool_entry=10694, description='Storm Peaks 189980, node 49' WHERE guid=120271;
UPDATE pool_pool SET pool_id=10694, description='Storm Peaks mineral, node 49' WHERE pool_id=5424;
UPDATE pool_template SET entry=10694, description='Storm Peaks mineral, node 49' WHERE entry=5424;
UPDATE gameobject SET guid=198213 WHERE guid=121096;
UPDATE pool_gameobject SET guid=198213, pool_entry=10694, description='Storm Peaks 189981, node 49' WHERE guid=121096;
UPDATE gameobject SET guid=198212 WHERE guid=121097;
UPDATE pool_gameobject SET guid=198212, pool_entry=10694, description='Storm Peaks 191133, node 49' WHERE guid=121097;
UPDATE gameobject SET guid=198211 WHERE guid=120275;
UPDATE pool_gameobject SET guid=198211, pool_entry=10695, description='Storm Peaks 189980, node 50' WHERE guid=120275;
UPDATE pool_pool SET pool_id=10695, description='Storm Peaks mineral, node 50' WHERE pool_id=5425;
UPDATE pool_template SET entry=10695, description='Storm Peaks mineral, node 50' WHERE entry=5425;
UPDATE gameobject SET guid=198210 WHERE guid=121098;
UPDATE pool_gameobject SET guid=198210, pool_entry=10695, description='Storm Peaks 189981, node 50' WHERE guid=121098;
UPDATE gameobject SET guid=198209 WHERE guid=121099;
UPDATE pool_gameobject SET guid=198209, pool_entry=10695, description='Storm Peaks 191133, node 50' WHERE guid=121099;
UPDATE gameobject SET guid=198208 WHERE guid=120279;
UPDATE pool_gameobject SET guid=198208, pool_entry=10696, description='Storm Peaks 189980, node 51' WHERE guid=120279;
UPDATE pool_pool SET pool_id=10696, description='Storm Peaks mineral, node 51' WHERE pool_id=5426;
UPDATE pool_template SET entry=10696, description='Storm Peaks mineral, node 51' WHERE entry=5426;
UPDATE gameobject SET guid=198207 WHERE guid=121100;
UPDATE pool_gameobject SET guid=198207, pool_entry=10696, description='Storm Peaks 189981, node 51' WHERE guid=121100;
UPDATE gameobject SET guid=198206 WHERE guid=121101;
UPDATE pool_gameobject SET guid=198206, pool_entry=10696, description='Storm Peaks 191133, node 51' WHERE guid=121101;
UPDATE gameobject SET guid=198205 WHERE guid=120280;
UPDATE pool_gameobject SET guid=198205, pool_entry=10697, description='Storm Peaks 189980, node 52' WHERE guid=120280;
UPDATE pool_pool SET pool_id=10697, description='Storm Peaks mineral, node 52' WHERE pool_id=5427;
UPDATE pool_template SET entry=10697, description='Storm Peaks mineral, node 52' WHERE entry=5427;
UPDATE gameobject SET guid=198204 WHERE guid=121102;
UPDATE pool_gameobject SET guid=198204, pool_entry=10697, description='Storm Peaks 189981, node 52' WHERE guid=121102;
UPDATE gameobject SET guid=198203 WHERE guid=121103;
UPDATE pool_gameobject SET guid=198203, pool_entry=10697, description='Storm Peaks 191133, node 52' WHERE guid=121103;
UPDATE gameobject SET guid=198202 WHERE guid=121105;
UPDATE pool_gameobject SET guid=198202, pool_entry=10698, description='Storm Peaks 191133, node 53' WHERE guid=121105;
UPDATE pool_pool SET pool_id=10698, description='Storm Peaks mineral, node 53' WHERE pool_id=5428;
UPDATE pool_template SET entry=10698, description='Storm Peaks mineral, node 53' WHERE entry=5428;
UPDATE gameobject SET guid=198201 WHERE guid=120281;
UPDATE pool_gameobject SET guid=198201, pool_entry=10698, description='Storm Peaks 189980, node 53' WHERE guid=120281;
UPDATE gameobject SET guid=198200 WHERE guid=121104;
UPDATE pool_gameobject SET guid=198200, pool_entry=10698, description='Storm Peaks 189981, node 53' WHERE guid=121104;
UPDATE gameobject SET guid=198199 WHERE guid=120283;
UPDATE pool_gameobject SET guid=198199, pool_entry=10699, description='Storm Peaks 189980, node 54' WHERE guid=120283;
UPDATE pool_pool SET pool_id=10699, description='Storm Peaks mineral, node 54' WHERE pool_id=5429;
UPDATE pool_template SET entry=10699, description='Storm Peaks mineral, node 54' WHERE entry=5429;
UPDATE gameobject SET guid=198198 WHERE guid=121106;
UPDATE pool_gameobject SET guid=198198, pool_entry=10699, description='Storm Peaks 189981, node 54' WHERE guid=121106;
UPDATE gameobject SET guid=198197 WHERE guid=121107;
UPDATE pool_gameobject SET guid=198197, pool_entry=10699, description='Storm Peaks 191133, node 54' WHERE guid=121107;
UPDATE gameobject SET guid=198196 WHERE guid=120518;
UPDATE pool_gameobject SET guid=198196, pool_entry=10700, description='Storm Peaks 189980, node 55' WHERE guid=120518;
UPDATE pool_pool SET pool_id=10700, description='Storm Peaks mineral, node 55' WHERE pool_id=5430;
UPDATE pool_template SET entry=10700, description='Storm Peaks mineral, node 55' WHERE entry=5430;
UPDATE gameobject SET guid=198195 WHERE guid=121108;
UPDATE pool_gameobject SET guid=198195, pool_entry=10700, description='Storm Peaks 189981, node 55' WHERE guid=121108;
UPDATE gameobject SET guid=198194 WHERE guid=121109;
UPDATE pool_gameobject SET guid=198194, pool_entry=10700, description='Storm Peaks 191133, node 55' WHERE guid=121109;
UPDATE gameobject SET guid=198193 WHERE guid=120519;
UPDATE pool_gameobject SET guid=198193, pool_entry=10701, description='Storm Peaks 189980, node 56' WHERE guid=120519;
UPDATE pool_pool SET pool_id=10701, description='Storm Peaks mineral, node 56' WHERE pool_id=5431;
UPDATE pool_template SET entry=10701, description='Storm Peaks mineral, node 56' WHERE entry=5431;
UPDATE gameobject SET guid=198192 WHERE guid=121110;
UPDATE pool_gameobject SET guid=198192, pool_entry=10701, description='Storm Peaks 189981, node 56' WHERE guid=121110;
UPDATE gameobject SET guid=198191 WHERE guid=121111;
UPDATE pool_gameobject SET guid=198191, pool_entry=10701, description='Storm Peaks 191133, node 56' WHERE guid=121111;
UPDATE gameobject SET guid=198190 WHERE guid=120520;
UPDATE pool_gameobject SET guid=198190, pool_entry=10702, description='Storm Peaks 189980, node 57' WHERE guid=120520;
UPDATE pool_pool SET pool_id=10702, description='Storm Peaks mineral, node 57' WHERE pool_id=5432;
UPDATE pool_template SET entry=10702, description='Storm Peaks mineral, node 57' WHERE entry=5432;
UPDATE gameobject SET guid=198189 WHERE guid=121112;
UPDATE pool_gameobject SET guid=198189, pool_entry=10702, description='Storm Peaks 189981, node 57' WHERE guid=121112;
UPDATE gameobject SET guid=198188 WHERE guid=121113;
UPDATE pool_gameobject SET guid=198188, pool_entry=10702, description='Storm Peaks 191133, node 57' WHERE guid=121113;
UPDATE gameobject SET guid=198187 WHERE guid=120521;
UPDATE pool_gameobject SET guid=198187, pool_entry=10703, description='Storm Peaks 189980, node 58' WHERE guid=120521;
UPDATE pool_pool SET pool_id=10703, description='Storm Peaks mineral, node 58' WHERE pool_id=5433;
UPDATE pool_template SET entry=10703, description='Storm Peaks mineral, node 58' WHERE entry=5433;
UPDATE gameobject SET guid=198186 WHERE guid=121114;
UPDATE pool_gameobject SET guid=198186, pool_entry=10703, description='Storm Peaks 189981, node 58' WHERE guid=121114;
UPDATE gameobject SET guid=198185 WHERE guid=121115;
UPDATE pool_gameobject SET guid=198185, pool_entry=10703, description='Storm Peaks 191133, node 58' WHERE guid=121115;
UPDATE gameobject SET guid=198184 WHERE guid=120522;
UPDATE pool_gameobject SET guid=198184, pool_entry=10704, description='Storm Peaks 189980, node 59' WHERE guid=120522;
UPDATE pool_pool SET pool_id=10704, description='Storm Peaks mineral, node 59' WHERE pool_id=5434;
UPDATE pool_template SET entry=10704, description='Storm Peaks mineral, node 59' WHERE entry=5434;
UPDATE gameobject SET guid=198183 WHERE guid=121116;
UPDATE pool_gameobject SET guid=198183, pool_entry=10704, description='Storm Peaks 189981, node 59' WHERE guid=121116;
UPDATE gameobject SET guid=198182 WHERE guid=121117;
UPDATE pool_gameobject SET guid=198182, pool_entry=10704, description='Storm Peaks 191133, node 59' WHERE guid=121117;
UPDATE gameobject SET guid=198181 WHERE guid=120523;
UPDATE pool_gameobject SET guid=198181, pool_entry=10705, description='Storm Peaks 189980, node 60' WHERE guid=120523;
UPDATE pool_pool SET pool_id=10705, description='Storm Peaks mineral, node 60' WHERE pool_id=5435;
UPDATE pool_template SET entry=10705, description='Storm Peaks mineral, node 60' WHERE entry=5435;
UPDATE gameobject SET guid=198180 WHERE guid=121118;
UPDATE pool_gameobject SET guid=198180, pool_entry=10705, description='Storm Peaks 189981, node 60' WHERE guid=121118;
UPDATE gameobject SET guid=198179 WHERE guid=121119;
UPDATE pool_gameobject SET guid=198179, pool_entry=10705, description='Storm Peaks 191133, node 60' WHERE guid=121119;
UPDATE gameobject SET guid=198178 WHERE guid=120524;
UPDATE pool_gameobject SET guid=198178, pool_entry=10706, description='Storm Peaks 189980, node 61' WHERE guid=120524;
UPDATE pool_pool SET pool_id=10706, description='Storm Peaks mineral, node 61' WHERE pool_id=5436;
UPDATE pool_template SET entry=10706, description='Storm Peaks mineral, node 61' WHERE entry=5436;
UPDATE gameobject SET guid=198177 WHERE guid=121120;
UPDATE pool_gameobject SET guid=198177, pool_entry=10706, description='Storm Peaks 189981, node 61' WHERE guid=121120;
UPDATE gameobject SET guid=198176 WHERE guid=121121;
UPDATE pool_gameobject SET guid=198176, pool_entry=10706, description='Storm Peaks 191133, node 61' WHERE guid=121121;
UPDATE gameobject SET guid=198175 WHERE guid=120525;
UPDATE pool_gameobject SET guid=198175, pool_entry=10707, description='Storm Peaks 189980, node 62' WHERE guid=120525;
UPDATE pool_pool SET pool_id=10707, description='Storm Peaks mineral, node 62' WHERE pool_id=5437;
UPDATE pool_template SET entry=10707, description='Storm Peaks mineral, node 62' WHERE entry=5437;
UPDATE gameobject SET guid=198174 WHERE guid=121122;
UPDATE pool_gameobject SET guid=198174, pool_entry=10707, description='Storm Peaks 189981, node 62' WHERE guid=121122;
UPDATE gameobject SET guid=198173 WHERE guid=121123;
UPDATE pool_gameobject SET guid=198173, pool_entry=10707, description='Storm Peaks 191133, node 62' WHERE guid=121123;
UPDATE gameobject SET guid=198172 WHERE guid=120529;
UPDATE pool_gameobject SET guid=198172, pool_entry=10708, description='Storm Peaks 189980, node 63' WHERE guid=120529;
UPDATE pool_pool SET pool_id=10708, description='Storm Peaks mineral, node 63' WHERE pool_id=5438;
UPDATE pool_template SET entry=10708, description='Storm Peaks mineral, node 63' WHERE entry=5438;
UPDATE gameobject SET guid=198171 WHERE guid=121124;
UPDATE pool_gameobject SET guid=198171, pool_entry=10708, description='Storm Peaks 189981, node 63' WHERE guid=121124;
UPDATE gameobject SET guid=198170 WHERE guid=121125;
UPDATE pool_gameobject SET guid=198170, pool_entry=10708, description='Storm Peaks 191133, node 63' WHERE guid=121125;
UPDATE gameobject SET guid=198169 WHERE guid=121126;
UPDATE pool_gameobject SET guid=198169, pool_entry=10709, description='Storm Peaks 189981, node 64' WHERE guid=121126;
UPDATE pool_pool SET pool_id=10709, description='Storm Peaks mineral, node 64' WHERE pool_id=5439;
UPDATE pool_template SET entry=10709, description='Storm Peaks mineral, node 64' WHERE entry=5439;
UPDATE gameobject SET guid=198168 WHERE guid=121127;
UPDATE pool_gameobject SET guid=198168, pool_entry=10709, description='Storm Peaks 191133, node 64' WHERE guid=121127;
UPDATE gameobject SET guid=198167 WHERE guid=120546;
UPDATE pool_gameobject SET guid=198167, pool_entry=10709, description='Storm Peaks 189980, node 64' WHERE guid=120546;
UPDATE gameobject SET guid=198166 WHERE guid=120548;
UPDATE pool_gameobject SET guid=198166, pool_entry=10710, description='Storm Peaks 189980, node 65' WHERE guid=120548;
UPDATE pool_pool SET pool_id=10710, description='Storm Peaks mineral, node 65' WHERE pool_id=5440;
UPDATE pool_template SET entry=10710, description='Storm Peaks mineral, node 65' WHERE entry=5440;
UPDATE gameobject SET guid=198165 WHERE guid=121128;
UPDATE pool_gameobject SET guid=198165, pool_entry=10710, description='Storm Peaks 189981, node 65' WHERE guid=121128;
UPDATE gameobject SET guid=198164 WHERE guid=121129;
UPDATE pool_gameobject SET guid=198164, pool_entry=10710, description='Storm Peaks 191133, node 65' WHERE guid=121129;
UPDATE gameobject SET guid=198163 WHERE guid=120549;
UPDATE pool_gameobject SET guid=198163, pool_entry=10711, description='Storm Peaks 189980, node 66' WHERE guid=120549;
UPDATE pool_pool SET pool_id=10711, description='Storm Peaks mineral, node 66' WHERE pool_id=5441;
UPDATE pool_template SET entry=10711, description='Storm Peaks mineral, node 66' WHERE entry=5441;
UPDATE gameobject SET guid=198162 WHERE guid=121130;
UPDATE pool_gameobject SET guid=198162, pool_entry=10711, description='Storm Peaks 189981, node 66' WHERE guid=121130;
UPDATE gameobject SET guid=198161 WHERE guid=121131;
UPDATE pool_gameobject SET guid=198161, pool_entry=10711, description='Storm Peaks 191133, node 66' WHERE guid=121131;
UPDATE gameobject SET guid=198160 WHERE guid=120682;
UPDATE pool_gameobject SET guid=198160, pool_entry=10712, description='Storm Peaks 189980, node 67' WHERE guid=120682;
UPDATE pool_pool SET pool_id=10712, description='Storm Peaks mineral, node 67' WHERE pool_id=5442;
UPDATE pool_template SET entry=10712, description='Storm Peaks mineral, node 67' WHERE entry=5442;
UPDATE gameobject SET guid=198159 WHERE guid=121132;
UPDATE pool_gameobject SET guid=198159, pool_entry=10712, description='Storm Peaks 189981, node 67' WHERE guid=121132;
UPDATE gameobject SET guid=198158 WHERE guid=121133;
UPDATE pool_gameobject SET guid=198158, pool_entry=10712, description='Storm Peaks 191133, node 67' WHERE guid=121133;
UPDATE gameobject SET guid=198157 WHERE guid=120691;
UPDATE pool_gameobject SET guid=198157, pool_entry=10713, description='Storm Peaks 189980, node 68' WHERE guid=120691;
UPDATE pool_pool SET pool_id=10713, description='Storm Peaks mineral, node 68' WHERE pool_id=5443;
UPDATE pool_template SET entry=10713, description='Storm Peaks mineral, node 68' WHERE entry=5443;
UPDATE gameobject SET guid=198156 WHERE guid=121134;
UPDATE pool_gameobject SET guid=198156, pool_entry=10713, description='Storm Peaks 189981, node 68' WHERE guid=121134;
UPDATE gameobject SET guid=198155 WHERE guid=121135;
UPDATE pool_gameobject SET guid=198155, pool_entry=10713, description='Storm Peaks 191133, node 68' WHERE guid=121135;
UPDATE gameobject SET guid=198154 WHERE guid=121137;
UPDATE pool_gameobject SET guid=198154, pool_entry=10714, description='Storm Peaks 191133, node 69' WHERE guid=121137;
UPDATE pool_pool SET pool_id=10714, description='Storm Peaks mineral, node 69' WHERE pool_id=5444;
UPDATE pool_template SET entry=10714, description='Storm Peaks mineral, node 69' WHERE entry=5444;
UPDATE gameobject SET guid=198153 WHERE guid=120695;
UPDATE pool_gameobject SET guid=198153, pool_entry=10714, description='Storm Peaks 189980, node 69' WHERE guid=120695;
UPDATE gameobject SET guid=198152 WHERE guid=121136;
UPDATE pool_gameobject SET guid=198152, pool_entry=10714, description='Storm Peaks 189981, node 69' WHERE guid=121136;
UPDATE gameobject SET guid=198151 WHERE guid=120727;
UPDATE pool_gameobject SET guid=198151, pool_entry=10715, description='Storm Peaks 189980, node 70' WHERE guid=120727;
UPDATE pool_pool SET pool_id=10715, description='Storm Peaks mineral, node 70' WHERE pool_id=5445;
UPDATE pool_template SET entry=10715, description='Storm Peaks mineral, node 70' WHERE entry=5445;
UPDATE gameobject SET guid=198150 WHERE guid=121138;
UPDATE pool_gameobject SET guid=198150, pool_entry=10715, description='Storm Peaks 189981, node 70' WHERE guid=121138;
UPDATE gameobject SET guid=198149 WHERE guid=121139;
UPDATE pool_gameobject SET guid=198149, pool_entry=10715, description='Storm Peaks 191133, node 70' WHERE guid=121139;
UPDATE gameobject SET guid=198148 WHERE guid=120734;
UPDATE pool_gameobject SET guid=198148, pool_entry=10716, description='Storm Peaks 189980, node 71' WHERE guid=120734;
UPDATE pool_pool SET pool_id=10716, description='Storm Peaks mineral, node 71' WHERE pool_id=5446;
UPDATE pool_template SET entry=10716, description='Storm Peaks mineral, node 71' WHERE entry=5446;
UPDATE gameobject SET guid=198147 WHERE guid=121140;
UPDATE pool_gameobject SET guid=198147, pool_entry=10716, description='Storm Peaks 189981, node 71' WHERE guid=121140;
UPDATE gameobject SET guid=198146 WHERE guid=121141;
UPDATE pool_gameobject SET guid=198146, pool_entry=10716, description='Storm Peaks 191133, node 71' WHERE guid=121141;
UPDATE gameobject SET guid=198145 WHERE guid=120739;
UPDATE pool_gameobject SET guid=198145, pool_entry=10717, description='Storm Peaks 189980, node 72' WHERE guid=120739;
UPDATE pool_pool SET pool_id=10717, description='Storm Peaks mineral, node 72' WHERE pool_id=5447;
UPDATE pool_template SET entry=10717, description='Storm Peaks mineral, node 72' WHERE entry=5447;
UPDATE gameobject SET guid=198144 WHERE guid=121142;
UPDATE pool_gameobject SET guid=198144, pool_entry=10717, description='Storm Peaks 189981, node 72' WHERE guid=121142;
UPDATE gameobject SET guid=198143 WHERE guid=121143;
UPDATE pool_gameobject SET guid=198143, pool_entry=10717, description='Storm Peaks 191133, node 72' WHERE guid=121143;
-- sholazar basin
UPDATE gameobject SET guid=198142 WHERE guid=56249;
UPDATE pool_gameobject SET guid=198142, pool_entry=10718, description='Sholazar Basin 189980, node 1' WHERE guid=56249;
UPDATE pool_pool SET pool_id=10718, description='Sholazar Basin mineral, node 1' WHERE pool_id=5292;
UPDATE pool_template SET entry=10718, description='Sholazar Basin mineral, node 1' WHERE entry=5292;
UPDATE gameobject SET guid=198141 WHERE guid=120832;
UPDATE pool_gameobject SET guid=198141, pool_entry=10718, description='Sholazar Basin 189981, node 1' WHERE guid=120832;
UPDATE gameobject SET guid=198140 WHERE guid=120833;
UPDATE pool_gameobject SET guid=198140, pool_entry=10718, description='Sholazar Basin 191133, node 1' WHERE guid=120833;
UPDATE gameobject SET guid=198139 WHERE guid=56250;
UPDATE pool_gameobject SET guid=198139, pool_entry=10719, description='Sholazar Basin 189980, node 2' WHERE guid=56250;
UPDATE pool_pool SET pool_id=10719, description='Sholazar Basin mineral, node 2' WHERE pool_id=5293;
UPDATE pool_template SET entry=10719, description='Sholazar Basin mineral, node 2' WHERE entry=5293;
UPDATE gameobject SET guid=198138 WHERE guid=120834;
UPDATE pool_gameobject SET guid=198138, pool_entry=10719, description='Sholazar Basin 189981, node 2' WHERE guid=120834;
UPDATE gameobject SET guid=198137 WHERE guid=120835;
UPDATE pool_gameobject SET guid=198137, pool_entry=10719, description='Sholazar Basin 191133, node 2' WHERE guid=120835;
UPDATE gameobject SET guid=198136 WHERE guid=56251;
UPDATE pool_gameobject SET guid=198136, pool_entry=10720, description='Sholazar Basin 189980, node 3' WHERE guid=56251;
UPDATE pool_pool SET pool_id=10720, description='Sholazar Basin mineral, node 3' WHERE pool_id=5294;
UPDATE pool_template SET entry=10720, description='Sholazar Basin mineral, node 3' WHERE entry=5294;
UPDATE gameobject SET guid=198135 WHERE guid=120836;
UPDATE pool_gameobject SET guid=198135, pool_entry=10720, description='Sholazar Basin 189981, node 3' WHERE guid=120836;
UPDATE gameobject SET guid=198134 WHERE guid=120837;
UPDATE pool_gameobject SET guid=198134, pool_entry=10720, description='Sholazar Basin 191133, node 3' WHERE guid=120837;
UPDATE gameobject SET guid=198133 WHERE guid=56252;
UPDATE pool_gameobject SET guid=198133, pool_entry=10721, description='Sholazar Basin 189980, node 4' WHERE guid=56252;
UPDATE pool_pool SET pool_id=10721, description='Sholazar Basin mineral, node 4' WHERE pool_id=5295;
UPDATE pool_template SET entry=10721, description='Sholazar Basin mineral, node 4' WHERE entry=5295;
UPDATE gameobject SET guid=198132 WHERE guid=120838;
UPDATE pool_gameobject SET guid=198132, pool_entry=10721, description='Sholazar Basin 189981, node 4' WHERE guid=120838;
UPDATE gameobject SET guid=198131 WHERE guid=120839;
UPDATE pool_gameobject SET guid=198131, pool_entry=10721, description='Sholazar Basin 191133, node 4' WHERE guid=120839;
UPDATE gameobject SET guid=198130 WHERE guid=120841;
UPDATE pool_gameobject SET guid=198130, pool_entry=10722, description='Sholazar Basin 191133, node 5' WHERE guid=120841;
UPDATE pool_pool SET pool_id=10722, description='Sholazar Basin mineral, node 5' WHERE pool_id=5296;
UPDATE pool_template SET entry=10722, description='Sholazar Basin mineral, node 5' WHERE entry=5296;
UPDATE gameobject SET guid=198129 WHERE guid=56253;
UPDATE pool_gameobject SET guid=198129, pool_entry=10722, description='Sholazar Basin 189980, node 5' WHERE guid=56253;
UPDATE gameobject SET guid=198128 WHERE guid=120840;
UPDATE pool_gameobject SET guid=198128, pool_entry=10722, description='Sholazar Basin 189981, node 5' WHERE guid=120840;
UPDATE gameobject SET guid=198127 WHERE guid=56254;
UPDATE pool_gameobject SET guid=198127, pool_entry=10723, description='Sholazar Basin 189980, node 6' WHERE guid=56254;
UPDATE pool_pool SET pool_id=10723, description='Sholazar Basin mineral, node 6' WHERE pool_id=5297;
UPDATE pool_template SET entry=10723, description='Sholazar Basin mineral, node 6' WHERE entry=5297;
UPDATE gameobject SET guid=198126 WHERE guid=120842;
UPDATE pool_gameobject SET guid=198126, pool_entry=10723, description='Sholazar Basin 189981, node 6' WHERE guid=120842;
UPDATE gameobject SET guid=198125 WHERE guid=120843;
UPDATE pool_gameobject SET guid=198125, pool_entry=10723, description='Sholazar Basin 191133, node 6' WHERE guid=120843;
UPDATE gameobject SET guid=198124 WHERE guid=56255;
UPDATE pool_gameobject SET guid=198124, pool_entry=10724, description='Sholazar Basin 189980, node 7' WHERE guid=56255;
UPDATE pool_pool SET pool_id=10724, description='Sholazar Basin mineral, node 7' WHERE pool_id=5298;
UPDATE pool_template SET entry=10724, description='Sholazar Basin mineral, node 7' WHERE entry=5298;
UPDATE gameobject SET guid=198123 WHERE guid=120844;
UPDATE pool_gameobject SET guid=198123, pool_entry=10724, description='Sholazar Basin 189981, node 7' WHERE guid=120844;
UPDATE gameobject SET guid=198122 WHERE guid=120845;
UPDATE pool_gameobject SET guid=198122, pool_entry=10724, description='Sholazar Basin 191133, node 7' WHERE guid=120845;
UPDATE gameobject SET guid=198121 WHERE guid=56256;
UPDATE pool_gameobject SET guid=198121, pool_entry=10725, description='Sholazar Basin 189980, node 8' WHERE guid=56256;
UPDATE pool_pool SET pool_id=10725, description='Sholazar Basin mineral, node 8' WHERE pool_id=5299;
UPDATE pool_template SET entry=10725, description='Sholazar Basin mineral, node 8' WHERE entry=5299;
UPDATE gameobject SET guid=198120 WHERE guid=120846;
UPDATE pool_gameobject SET guid=198120, pool_entry=10725, description='Sholazar Basin 189981, node 8' WHERE guid=120846;
UPDATE gameobject SET guid=198119 WHERE guid=120847;
UPDATE pool_gameobject SET guid=198119, pool_entry=10725, description='Sholazar Basin 191133, node 8' WHERE guid=120847;
UPDATE gameobject SET guid=198118 WHERE guid=56257;
UPDATE pool_gameobject SET guid=198118, pool_entry=10726, description='Sholazar Basin 189980, node 9' WHERE guid=56257;
UPDATE pool_pool SET pool_id=10726, description='Sholazar Basin mineral, node 9' WHERE pool_id=5300;
UPDATE pool_template SET entry=10726, description='Sholazar Basin mineral, node 9' WHERE entry=5300;
UPDATE gameobject SET guid=198117 WHERE guid=120848;
UPDATE pool_gameobject SET guid=198117, pool_entry=10726, description='Sholazar Basin 189981, node 9' WHERE guid=120848;
UPDATE gameobject SET guid=198116 WHERE guid=120849;
UPDATE pool_gameobject SET guid=198116, pool_entry=10726, description='Sholazar Basin 191133, node 9' WHERE guid=120849;
UPDATE gameobject SET guid=198115 WHERE guid=56258;
UPDATE pool_gameobject SET guid=198115, pool_entry=10727, description='Sholazar Basin 189980, node 10' WHERE guid=56258;
UPDATE pool_pool SET pool_id=10727, description='Sholazar Basin mineral, node 10' WHERE pool_id=5301;
UPDATE pool_template SET entry=10727, description='Sholazar Basin mineral, node 10' WHERE entry=5301;
UPDATE gameobject SET guid=198114 WHERE guid=120850;
UPDATE pool_gameobject SET guid=198114, pool_entry=10727, description='Sholazar Basin 189981, node 10' WHERE guid=120850;
UPDATE gameobject SET guid=198113 WHERE guid=120851;
UPDATE pool_gameobject SET guid=198113, pool_entry=10727, description='Sholazar Basin 191133, node 10' WHERE guid=120851;
UPDATE gameobject SET guid=198112 WHERE guid=56259;
UPDATE pool_gameobject SET guid=198112, pool_entry=10728, description='Sholazar Basin 189980, node 11' WHERE guid=56259;
UPDATE pool_pool SET pool_id=10728, description='Sholazar Basin mineral, node 11' WHERE pool_id=5302;
UPDATE pool_template SET entry=10728, description='Sholazar Basin mineral, node 11' WHERE entry=5302;
UPDATE gameobject SET guid=198111 WHERE guid=120852;
UPDATE pool_gameobject SET guid=198111, pool_entry=10728, description='Sholazar Basin 189981, node 11' WHERE guid=120852;
UPDATE gameobject SET guid=198110 WHERE guid=120853;
UPDATE pool_gameobject SET guid=198110, pool_entry=10728, description='Sholazar Basin 191133, node 11' WHERE guid=120853;
UPDATE gameobject SET guid=198109 WHERE guid=56260;
UPDATE pool_gameobject SET guid=198109, pool_entry=10729, description='Sholazar Basin 189980, node 12' WHERE guid=56260;
UPDATE pool_pool SET pool_id=10729, description='Sholazar Basin mineral, node 12' WHERE pool_id=5303;
UPDATE pool_template SET entry=10729, description='Sholazar Basin mineral, node 12' WHERE entry=5303;
UPDATE gameobject SET guid=198108 WHERE guid=120854;
UPDATE pool_gameobject SET guid=198108, pool_entry=10729, description='Sholazar Basin 189981, node 12' WHERE guid=120854;
UPDATE gameobject SET guid=198107 WHERE guid=120855;
UPDATE pool_gameobject SET guid=198107, pool_entry=10729, description='Sholazar Basin 191133, node 12' WHERE guid=120855;
UPDATE gameobject SET guid=198106 WHERE guid=56261;
UPDATE pool_gameobject SET guid=198106, pool_entry=10730, description='Sholazar Basin 189980, node 13' WHERE guid=56261;
UPDATE pool_pool SET pool_id=10730, description='Sholazar Basin mineral, node 13' WHERE pool_id=5304;
UPDATE pool_template SET entry=10730, description='Sholazar Basin mineral, node 13' WHERE entry=5304;
UPDATE gameobject SET guid=198105 WHERE guid=120856;
UPDATE pool_gameobject SET guid=198105, pool_entry=10730, description='Sholazar Basin 189981, node 13' WHERE guid=120856;
UPDATE gameobject SET guid=198104 WHERE guid=120857;
UPDATE pool_gameobject SET guid=198104, pool_entry=10730, description='Sholazar Basin 191133, node 13' WHERE guid=120857;
UPDATE gameobject SET guid=198103 WHERE guid=56262;
UPDATE pool_gameobject SET guid=198103, pool_entry=10731, description='Sholazar Basin 189980, node 14' WHERE guid=56262;
UPDATE pool_pool SET pool_id=10731, description='Sholazar Basin mineral, node 14' WHERE pool_id=5305;
UPDATE pool_template SET entry=10731, description='Sholazar Basin mineral, node 14' WHERE entry=5305;
UPDATE gameobject SET guid=198102 WHERE guid=120858;
UPDATE pool_gameobject SET guid=198102, pool_entry=10731, description='Sholazar Basin 189981, node 14' WHERE guid=120858;
UPDATE gameobject SET guid=198101 WHERE guid=120859;
UPDATE pool_gameobject SET guid=198101, pool_entry=10731, description='Sholazar Basin 191133, node 14' WHERE guid=120859;
UPDATE gameobject SET guid=198100 WHERE guid=56263;
UPDATE pool_gameobject SET guid=198100, pool_entry=10732, description='Sholazar Basin 189980, node 15' WHERE guid=56263;
UPDATE pool_pool SET pool_id=10732, description='Sholazar Basin mineral, node 15' WHERE pool_id=5306;
UPDATE pool_template SET entry=10732, description='Sholazar Basin mineral, node 15' WHERE entry=5306;
UPDATE gameobject SET guid=198099 WHERE guid=120860;
UPDATE pool_gameobject SET guid=198099, pool_entry=10732, description='Sholazar Basin 189981, node 15' WHERE guid=120860;
UPDATE gameobject SET guid=198098 WHERE guid=120861;
UPDATE pool_gameobject SET guid=198098, pool_entry=10732, description='Sholazar Basin 191133, node 15' WHERE guid=120861;
UPDATE gameobject SET guid=198097 WHERE guid=120862;
UPDATE pool_gameobject SET guid=198097, pool_entry=10733, description='Sholazar Basin 189981, node 16' WHERE guid=120862;
UPDATE pool_pool SET pool_id=10733, description='Sholazar Basin mineral, node 16' WHERE pool_id=5307;
UPDATE pool_template SET entry=10733, description='Sholazar Basin mineral, node 16' WHERE entry=5307;
UPDATE gameobject SET guid=198096 WHERE guid=120863;
UPDATE pool_gameobject SET guid=198096, pool_entry=10733, description='Sholazar Basin 191133, node 16' WHERE guid=120863;
UPDATE gameobject SET guid=198095 WHERE guid=56264;
UPDATE pool_gameobject SET guid=198095, pool_entry=10733, description='Sholazar Basin 189980, node 16' WHERE guid=56264;
UPDATE gameobject SET guid=198094 WHERE guid=56265;
UPDATE pool_gameobject SET guid=198094, pool_entry=10734, description='Sholazar Basin 189980, node 17' WHERE guid=56265;
UPDATE pool_pool SET pool_id=10734, description='Sholazar Basin mineral, node 17' WHERE pool_id=5308;
UPDATE pool_template SET entry=10734, description='Sholazar Basin mineral, node 17' WHERE entry=5308;
UPDATE gameobject SET guid=198093 WHERE guid=120864;
UPDATE pool_gameobject SET guid=198093, pool_entry=10734, description='Sholazar Basin 189981, node 17' WHERE guid=120864;
UPDATE gameobject SET guid=198092 WHERE guid=120865;
UPDATE pool_gameobject SET guid=198092, pool_entry=10734, description='Sholazar Basin 191133, node 17' WHERE guid=120865;
UPDATE gameobject SET guid=198091 WHERE guid=56266;
UPDATE pool_gameobject SET guid=198091, pool_entry=10735, description='Sholazar Basin 189980, node 18' WHERE guid=56266;
UPDATE pool_pool SET pool_id=10735, description='Sholazar Basin mineral, node 18' WHERE pool_id=5309;
UPDATE pool_template SET entry=10735, description='Sholazar Basin mineral, node 18' WHERE entry=5309;
UPDATE gameobject SET guid=198090 WHERE guid=120866;
UPDATE pool_gameobject SET guid=198090, pool_entry=10735, description='Sholazar Basin 189981, node 18' WHERE guid=120866;
UPDATE gameobject SET guid=198089 WHERE guid=120867;
UPDATE pool_gameobject SET guid=198089, pool_entry=10735, description='Sholazar Basin 191133, node 18' WHERE guid=120867;
UPDATE gameobject SET guid=198088 WHERE guid=56267;
UPDATE pool_gameobject SET guid=198088, pool_entry=10736, description='Sholazar Basin 189980, node 19' WHERE guid=56267;
UPDATE pool_pool SET pool_id=10736, description='Sholazar Basin mineral, node 19' WHERE pool_id=5310;
UPDATE pool_template SET entry=10736, description='Sholazar Basin mineral, node 19' WHERE entry=5310;
UPDATE gameobject SET guid=198087 WHERE guid=120868;
UPDATE pool_gameobject SET guid=198087, pool_entry=10736, description='Sholazar Basin 189981, node 19' WHERE guid=120868;
UPDATE gameobject SET guid=198086 WHERE guid=120869;
UPDATE pool_gameobject SET guid=198086, pool_entry=10736, description='Sholazar Basin 191133, node 19' WHERE guid=120869;
UPDATE gameobject SET guid=198085 WHERE guid=56326;
UPDATE pool_gameobject SET guid=198085, pool_entry=10737, description='Sholazar Basin 189980, node 20' WHERE guid=56326;
UPDATE pool_pool SET pool_id=10737, description='Sholazar Basin mineral, node 20' WHERE pool_id=5311;
UPDATE pool_template SET entry=10737, description='Sholazar Basin mineral, node 20' WHERE entry=5311;
UPDATE gameobject SET guid=198084 WHERE guid=120870;
UPDATE pool_gameobject SET guid=198084, pool_entry=10737, description='Sholazar Basin 189981, node 20' WHERE guid=120870;
UPDATE gameobject SET guid=198083 WHERE guid=120871;
UPDATE pool_gameobject SET guid=198083, pool_entry=10737, description='Sholazar Basin 191133, node 20' WHERE guid=120871;
UPDATE gameobject SET guid=198082 WHERE guid=120873;
UPDATE pool_gameobject SET guid=198082, pool_entry=10738, description='Sholazar Basin 191133, node 21' WHERE guid=120873;
UPDATE pool_pool SET pool_id=10738, description='Sholazar Basin mineral, node 21' WHERE pool_id=5312;
UPDATE pool_template SET entry=10738, description='Sholazar Basin mineral, node 21' WHERE entry=5312;
UPDATE gameobject SET guid=198081 WHERE guid=56346;
UPDATE pool_gameobject SET guid=198081, pool_entry=10738, description='Sholazar Basin 189980, node 21' WHERE guid=56346;
UPDATE gameobject SET guid=198080 WHERE guid=120872;
UPDATE pool_gameobject SET guid=198080, pool_entry=10738, description='Sholazar Basin 189981, node 21' WHERE guid=120872;
UPDATE gameobject SET guid=198079 WHERE guid=59673;
UPDATE pool_gameobject SET guid=198079, pool_entry=10739, description='Sholazar Basin 189980, node 22' WHERE guid=59673;
UPDATE pool_pool SET pool_id=10739, description='Sholazar Basin mineral, node 22' WHERE pool_id=5313;
UPDATE pool_template SET entry=10739, description='Sholazar Basin mineral, node 22' WHERE entry=5313;
UPDATE gameobject SET guid=198078 WHERE guid=120874;
UPDATE pool_gameobject SET guid=198078, pool_entry=10739, description='Sholazar Basin 189981, node 22' WHERE guid=120874;
UPDATE gameobject SET guid=198077 WHERE guid=120875;
UPDATE pool_gameobject SET guid=198077, pool_entry=10739, description='Sholazar Basin 191133, node 22' WHERE guid=120875;
UPDATE gameobject SET guid=198076 WHERE guid=61270;
UPDATE pool_gameobject SET guid=198076, pool_entry=10740, description='Sholazar Basin 189980, node 23' WHERE guid=61270;
UPDATE pool_pool SET pool_id=10740, description='Sholazar Basin mineral, node 23' WHERE pool_id=5314;
UPDATE pool_template SET entry=10740, description='Sholazar Basin mineral, node 23' WHERE entry=5314;
UPDATE gameobject SET guid=198075 WHERE guid=120876;
UPDATE pool_gameobject SET guid=198075, pool_entry=10740, description='Sholazar Basin 189981, node 23' WHERE guid=120876;
UPDATE gameobject SET guid=198074 WHERE guid=120877;
UPDATE pool_gameobject SET guid=198074, pool_entry=10740, description='Sholazar Basin 191133, node 23' WHERE guid=120877;
UPDATE gameobject SET guid=198073 WHERE guid=61272;
UPDATE pool_gameobject SET guid=198073, pool_entry=10741, description='Sholazar Basin 189980, node 24' WHERE guid=61272;
UPDATE pool_pool SET pool_id=10741, description='Sholazar Basin mineral, node 24' WHERE pool_id=5315;
UPDATE pool_template SET entry=10741, description='Sholazar Basin mineral, node 24' WHERE entry=5315;
UPDATE gameobject SET guid=198072 WHERE guid=120878;
UPDATE pool_gameobject SET guid=198072, pool_entry=10741, description='Sholazar Basin 189981, node 24' WHERE guid=120878;
UPDATE gameobject SET guid=198071 WHERE guid=120879;
UPDATE pool_gameobject SET guid=198071, pool_entry=10741, description='Sholazar Basin 191133, node 24' WHERE guid=120879;
UPDATE gameobject SET guid=198070 WHERE guid=61274;
UPDATE pool_gameobject SET guid=198070, pool_entry=10742, description='Sholazar Basin 189980, node 25' WHERE guid=61274;
UPDATE pool_pool SET pool_id=10742, description='Sholazar Basin mineral, node 25' WHERE pool_id=5316;
UPDATE pool_template SET entry=10742, description='Sholazar Basin mineral, node 25' WHERE entry=5316;
UPDATE gameobject SET guid=198069 WHERE guid=120880;
UPDATE pool_gameobject SET guid=198069, pool_entry=10742, description='Sholazar Basin 189981, node 25' WHERE guid=120880;
UPDATE gameobject SET guid=198068 WHERE guid=120881;
UPDATE pool_gameobject SET guid=198068, pool_entry=10742, description='Sholazar Basin 191133, node 25' WHERE guid=120881;
UPDATE gameobject SET guid=198067 WHERE guid=61276;
UPDATE pool_gameobject SET guid=198067, pool_entry=10743, description='Sholazar Basin 189980, node 26' WHERE guid=61276;
UPDATE pool_pool SET pool_id=10743, description='Sholazar Basin mineral, node 26' WHERE pool_id=5317;
UPDATE pool_template SET entry=10743, description='Sholazar Basin mineral, node 26' WHERE entry=5317;
UPDATE gameobject SET guid=198066 WHERE guid=120882;
UPDATE pool_gameobject SET guid=198066, pool_entry=10743, description='Sholazar Basin 189981, node 26' WHERE guid=120882;
UPDATE gameobject SET guid=198065 WHERE guid=120883;
UPDATE pool_gameobject SET guid=198065, pool_entry=10743, description='Sholazar Basin 191133, node 26' WHERE guid=120883;
UPDATE gameobject SET guid=198064 WHERE guid=61282;
UPDATE pool_gameobject SET guid=198064, pool_entry=10744, description='Sholazar Basin 189980, node 27' WHERE guid=61282;
UPDATE pool_pool SET pool_id=10744, description='Sholazar Basin mineral, node 27' WHERE pool_id=5318;
UPDATE pool_template SET entry=10744, description='Sholazar Basin mineral, node 27' WHERE entry=5318;
UPDATE gameobject SET guid=198063 WHERE guid=120884;
UPDATE pool_gameobject SET guid=198063, pool_entry=10744, description='Sholazar Basin 189981, node 27' WHERE guid=120884;
UPDATE gameobject SET guid=198062 WHERE guid=120885;
UPDATE pool_gameobject SET guid=198062, pool_entry=10744, description='Sholazar Basin 191133, node 27' WHERE guid=120885;
UPDATE gameobject SET guid=198061 WHERE guid=61283;
UPDATE pool_gameobject SET guid=198061, pool_entry=10745, description='Sholazar Basin 189980, node 28' WHERE guid=61283;
UPDATE pool_pool SET pool_id=10745, description='Sholazar Basin mineral, node 28' WHERE pool_id=5319;
UPDATE pool_template SET entry=10745, description='Sholazar Basin mineral, node 28' WHERE entry=5319;
UPDATE gameobject SET guid=198060 WHERE guid=120886;
UPDATE pool_gameobject SET guid=198060, pool_entry=10745, description='Sholazar Basin 189981, node 28' WHERE guid=120886;
UPDATE gameobject SET guid=198059 WHERE guid=120887;
UPDATE pool_gameobject SET guid=198059, pool_entry=10745, description='Sholazar Basin 191133, node 28' WHERE guid=120887;
UPDATE gameobject SET guid=198058 WHERE guid=61285;
UPDATE pool_gameobject SET guid=198058, pool_entry=10746, description='Sholazar Basin 189980, node 29' WHERE guid=61285;
UPDATE pool_pool SET pool_id=10746, description='Sholazar Basin mineral, node 29' WHERE pool_id=5320;
UPDATE pool_template SET entry=10746, description='Sholazar Basin mineral, node 29' WHERE entry=5320;
UPDATE gameobject SET guid=198057 WHERE guid=120888;
UPDATE pool_gameobject SET guid=198057, pool_entry=10746, description='Sholazar Basin 189981, node 29' WHERE guid=120888;
UPDATE gameobject SET guid=198056 WHERE guid=120889;
UPDATE pool_gameobject SET guid=198056, pool_entry=10746, description='Sholazar Basin 191133, node 29' WHERE guid=120889;
UPDATE gameobject SET guid=198055 WHERE guid=61286;
UPDATE pool_gameobject SET guid=198055, pool_entry=10747, description='Sholazar Basin 189980, node 30' WHERE guid=61286;
UPDATE pool_pool SET pool_id=10747, description='Sholazar Basin mineral, node 30' WHERE pool_id=5321;
UPDATE pool_template SET entry=10747, description='Sholazar Basin mineral, node 30' WHERE entry=5321;
UPDATE gameobject SET guid=198054 WHERE guid=120890;
UPDATE pool_gameobject SET guid=198054, pool_entry=10747, description='Sholazar Basin 189981, node 30' WHERE guid=120890;
UPDATE gameobject SET guid=198053 WHERE guid=120891;
UPDATE pool_gameobject SET guid=198053, pool_entry=10747, description='Sholazar Basin 191133, node 30' WHERE guid=120891;
UPDATE gameobject SET guid=198052 WHERE guid=61287;
UPDATE pool_gameobject SET guid=198052, pool_entry=10748, description='Sholazar Basin 189980, node 31' WHERE guid=61287;
UPDATE pool_pool SET pool_id=10748, description='Sholazar Basin mineral, node 31' WHERE pool_id=5322;
UPDATE pool_template SET entry=10748, description='Sholazar Basin mineral, node 31' WHERE entry=5322;
UPDATE gameobject SET guid=198051 WHERE guid=120892;
UPDATE pool_gameobject SET guid=198051, pool_entry=10748, description='Sholazar Basin 189981, node 31' WHERE guid=120892;
UPDATE gameobject SET guid=198050 WHERE guid=120893;
UPDATE pool_gameobject SET guid=198050, pool_entry=10748, description='Sholazar Basin 191133, node 31' WHERE guid=120893;
UPDATE gameobject SET guid=198049 WHERE guid=120894;
UPDATE pool_gameobject SET guid=198049, pool_entry=10749, description='Sholazar Basin 189981, node 32' WHERE guid=120894;
UPDATE pool_pool SET pool_id=10749, description='Sholazar Basin mineral, node 32' WHERE pool_id=5323;
UPDATE pool_template SET entry=10749, description='Sholazar Basin mineral, node 32' WHERE entry=5323;
UPDATE gameobject SET guid=198048 WHERE guid=120895;
UPDATE pool_gameobject SET guid=198048, pool_entry=10749, description='Sholazar Basin 191133, node 32' WHERE guid=120895;
UPDATE gameobject SET guid=198047 WHERE guid=61288;
UPDATE pool_gameobject SET guid=198047, pool_entry=10749, description='Sholazar Basin 189980, node 32' WHERE guid=61288;
UPDATE gameobject SET guid=198046 WHERE guid=61293;
UPDATE pool_gameobject SET guid=198046, pool_entry=10750, description='Sholazar Basin 189980, node 33' WHERE guid=61293;
UPDATE pool_pool SET pool_id=10750, description='Sholazar Basin mineral, node 33' WHERE pool_id=5324;
UPDATE pool_template SET entry=10750, description='Sholazar Basin mineral, node 33' WHERE entry=5324;
UPDATE gameobject SET guid=198045 WHERE guid=120896;
UPDATE pool_gameobject SET guid=198045, pool_entry=10750, description='Sholazar Basin 189981, node 33' WHERE guid=120896;
UPDATE gameobject SET guid=198044 WHERE guid=120897;
UPDATE pool_gameobject SET guid=198044, pool_entry=10750, description='Sholazar Basin 191133, node 33' WHERE guid=120897;
UPDATE gameobject SET guid=198043 WHERE guid=61294;
UPDATE pool_gameobject SET guid=198043, pool_entry=10751, description='Sholazar Basin 189980, node 34' WHERE guid=61294;
UPDATE pool_pool SET pool_id=10751, description='Sholazar Basin mineral, node 34' WHERE pool_id=5325;
UPDATE pool_template SET entry=10751, description='Sholazar Basin mineral, node 34' WHERE entry=5325;
UPDATE gameobject SET guid=198042 WHERE guid=120898;
UPDATE pool_gameobject SET guid=198042, pool_entry=10751, description='Sholazar Basin 189981, node 34' WHERE guid=120898;
UPDATE gameobject SET guid=198041 WHERE guid=120899;
UPDATE pool_gameobject SET guid=198041, pool_entry=10751, description='Sholazar Basin 191133, node 34' WHERE guid=120899;
UPDATE gameobject SET guid=198040 WHERE guid=61295;
UPDATE pool_gameobject SET guid=198040, pool_entry=10752, description='Sholazar Basin 189980, node 35' WHERE guid=61295;
UPDATE pool_pool SET pool_id=10752, description='Sholazar Basin mineral, node 35' WHERE pool_id=5326;
UPDATE pool_template SET entry=10752, description='Sholazar Basin mineral, node 35' WHERE entry=5326;
UPDATE gameobject SET guid=198039 WHERE guid=120900;
UPDATE pool_gameobject SET guid=198039, pool_entry=10752, description='Sholazar Basin 189981, node 35' WHERE guid=120900;
UPDATE gameobject SET guid=198038 WHERE guid=120901;
UPDATE pool_gameobject SET guid=198038, pool_entry=10752, description='Sholazar Basin 191133, node 35' WHERE guid=120901;
UPDATE gameobject SET guid=198037 WHERE guid=61298;
UPDATE pool_gameobject SET guid=198037, pool_entry=10753, description='Sholazar Basin 189980, node 36' WHERE guid=61298;
UPDATE pool_pool SET pool_id=10753, description='Sholazar Basin mineral, node 36' WHERE pool_id=5327;
UPDATE pool_template SET entry=10753, description='Sholazar Basin mineral, node 36' WHERE entry=5327;
UPDATE gameobject SET guid=198036 WHERE guid=120902;
UPDATE pool_gameobject SET guid=198036, pool_entry=10753, description='Sholazar Basin 189981, node 36' WHERE guid=120902;
UPDATE gameobject SET guid=198035 WHERE guid=120903;
UPDATE pool_gameobject SET guid=198035, pool_entry=10753, description='Sholazar Basin 191133, node 36' WHERE guid=120903;
UPDATE gameobject SET guid=198034 WHERE guid=120905;
UPDATE pool_gameobject SET guid=198034, pool_entry=10754, description='Sholazar Basin 191133, node 37' WHERE guid=120905;
UPDATE pool_pool SET pool_id=10754, description='Sholazar Basin mineral, node 37' WHERE pool_id=5328;
UPDATE pool_template SET entry=10754, description='Sholazar Basin mineral, node 37' WHERE entry=5328;
UPDATE gameobject SET guid=198033 WHERE guid=61299;
UPDATE pool_gameobject SET guid=198033, pool_entry=10754, description='Sholazar Basin 189980, node 37' WHERE guid=61299;
UPDATE gameobject SET guid=198032 WHERE guid=120904;
UPDATE pool_gameobject SET guid=198032, pool_entry=10754, description='Sholazar Basin 189981, node 37' WHERE guid=120904;
UPDATE gameobject SET guid=198031 WHERE guid=61300;
UPDATE pool_gameobject SET guid=198031, pool_entry=10755, description='Sholazar Basin 189980, node 38' WHERE guid=61300;
UPDATE pool_pool SET pool_id=10755, description='Sholazar Basin mineral, node 38' WHERE pool_id=5329;
UPDATE pool_template SET entry=10755, description='Sholazar Basin mineral, node 38' WHERE entry=5329;
UPDATE gameobject SET guid=198030 WHERE guid=120906;
UPDATE pool_gameobject SET guid=198030, pool_entry=10755, description='Sholazar Basin 189981, node 38' WHERE guid=120906;
UPDATE gameobject SET guid=198029 WHERE guid=120907;
UPDATE pool_gameobject SET guid=198029, pool_entry=10755, description='Sholazar Basin 191133, node 38' WHERE guid=120907;
UPDATE gameobject SET guid=198028 WHERE guid=61301;
UPDATE pool_gameobject SET guid=198028, pool_entry=10756, description='Sholazar Basin 189980, node 39' WHERE guid=61301;
UPDATE pool_pool SET pool_id=10756, description='Sholazar Basin mineral, node 39' WHERE pool_id=5330;
UPDATE pool_template SET entry=10756, description='Sholazar Basin mineral, node 39' WHERE entry=5330;
UPDATE gameobject SET guid=198027 WHERE guid=120908;
UPDATE pool_gameobject SET guid=198027, pool_entry=10756, description='Sholazar Basin 189981, node 39' WHERE guid=120908;
UPDATE gameobject SET guid=198026 WHERE guid=120909;
UPDATE pool_gameobject SET guid=198026, pool_entry=10756, description='Sholazar Basin 191133, node 39' WHERE guid=120909;
UPDATE gameobject SET guid=198025 WHERE guid=61303;
UPDATE pool_gameobject SET guid=198025, pool_entry=10757, description='Sholazar Basin 189980, node 40' WHERE guid=61303;
UPDATE pool_pool SET pool_id=10757, description='Sholazar Basin mineral, node 40' WHERE pool_id=5331;
UPDATE pool_template SET entry=10757, description='Sholazar Basin mineral, node 40' WHERE entry=5331;
UPDATE gameobject SET guid=198024 WHERE guid=120910;
UPDATE pool_gameobject SET guid=198024, pool_entry=10757, description='Sholazar Basin 189981, node 40' WHERE guid=120910;
UPDATE gameobject SET guid=198023 WHERE guid=120911;
UPDATE pool_gameobject SET guid=198023, pool_entry=10757, description='Sholazar Basin 191133, node 40' WHERE guid=120911;
UPDATE gameobject SET guid=198022 WHERE guid=61314;
UPDATE pool_gameobject SET guid=198022, pool_entry=10758, description='Sholazar Basin 189980, node 41' WHERE guid=61314;
UPDATE pool_pool SET pool_id=10758, description='Sholazar Basin mineral, node 41' WHERE pool_id=5332;
UPDATE pool_template SET entry=10758, description='Sholazar Basin mineral, node 41' WHERE entry=5332;
UPDATE gameobject SET guid=198021 WHERE guid=120912;
UPDATE pool_gameobject SET guid=198021, pool_entry=10758, description='Sholazar Basin 189981, node 41' WHERE guid=120912;
UPDATE gameobject SET guid=198020 WHERE guid=120913;
UPDATE pool_gameobject SET guid=198020, pool_entry=10758, description='Sholazar Basin 191133, node 41' WHERE guid=120913;
UPDATE gameobject SET guid=198019 WHERE guid=61333;
UPDATE pool_gameobject SET guid=198019, pool_entry=10759, description='Sholazar Basin 189980, node 42' WHERE guid=61333;
UPDATE pool_pool SET pool_id=10759, description='Sholazar Basin mineral, node 42' WHERE pool_id=5333;
UPDATE pool_template SET entry=10759, description='Sholazar Basin mineral, node 42' WHERE entry=5333;
UPDATE gameobject SET guid=198018 WHERE guid=120914;
UPDATE pool_gameobject SET guid=198018, pool_entry=10759, description='Sholazar Basin 189981, node 42' WHERE guid=120914;
UPDATE gameobject SET guid=198017 WHERE guid=120915;
UPDATE pool_gameobject SET guid=198017, pool_entry=10759, description='Sholazar Basin 191133, node 42' WHERE guid=120915;
UPDATE gameobject SET guid=198016 WHERE guid=61334;
UPDATE pool_gameobject SET guid=198016, pool_entry=10760, description='Sholazar Basin 189980, node 43' WHERE guid=61334;
UPDATE pool_pool SET pool_id=10760, description='Sholazar Basin mineral, node 43' WHERE pool_id=5334;
UPDATE pool_template SET entry=10760, description='Sholazar Basin mineral, node 43' WHERE entry=5334;
UPDATE gameobject SET guid=198015 WHERE guid=120916;
UPDATE pool_gameobject SET guid=198015, pool_entry=10760, description='Sholazar Basin 189981, node 43' WHERE guid=120916;
UPDATE gameobject SET guid=198014 WHERE guid=120917;
UPDATE pool_gameobject SET guid=198014, pool_entry=10760, description='Sholazar Basin 191133, node 43' WHERE guid=120917;
UPDATE gameobject SET guid=198013 WHERE guid=61336;
UPDATE pool_gameobject SET guid=198013, pool_entry=10761, description='Sholazar Basin 189980, node 44' WHERE guid=61336;
UPDATE pool_pool SET pool_id=10761, description='Sholazar Basin mineral, node 44' WHERE pool_id=5335;
UPDATE pool_template SET entry=10761, description='Sholazar Basin mineral, node 44' WHERE entry=5335;
UPDATE gameobject SET guid=198012 WHERE guid=120918;
UPDATE pool_gameobject SET guid=198012, pool_entry=10761, description='Sholazar Basin 189981, node 44' WHERE guid=120918;
UPDATE gameobject SET guid=198011 WHERE guid=120919;
UPDATE pool_gameobject SET guid=198011, pool_entry=10761, description='Sholazar Basin 191133, node 44' WHERE guid=120919;
UPDATE gameobject SET guid=198010 WHERE guid=61980;
UPDATE pool_gameobject SET guid=198010, pool_entry=10762, description='Sholazar Basin 189980, node 45' WHERE guid=61980;
UPDATE pool_pool SET pool_id=10762, description='Sholazar Basin mineral, node 45' WHERE pool_id=5336;
UPDATE pool_template SET entry=10762, description='Sholazar Basin mineral, node 45' WHERE entry=5336;
UPDATE gameobject SET guid=198009 WHERE guid=120920;
UPDATE pool_gameobject SET guid=198009, pool_entry=10762, description='Sholazar Basin 189981, node 45' WHERE guid=120920;
UPDATE gameobject SET guid=198008 WHERE guid=120921;
UPDATE pool_gameobject SET guid=198008, pool_entry=10762, description='Sholazar Basin 191133, node 45' WHERE guid=120921;
UPDATE gameobject SET guid=198007 WHERE guid=67640;
UPDATE pool_gameobject SET guid=198007, pool_entry=10763, description='Sholazar Basin 189980, node 46' WHERE guid=67640;
UPDATE pool_pool SET pool_id=10763, description='Sholazar Basin mineral, node 46' WHERE pool_id=5337;
UPDATE pool_template SET entry=10763, description='Sholazar Basin mineral, node 46' WHERE entry=5337;
UPDATE gameobject SET guid=198006 WHERE guid=120922;
UPDATE pool_gameobject SET guid=198006, pool_entry=10763, description='Sholazar Basin 189981, node 46' WHERE guid=120922;
UPDATE gameobject SET guid=198005 WHERE guid=120923;
UPDATE pool_gameobject SET guid=198005, pool_entry=10763, description='Sholazar Basin 191133, node 46' WHERE guid=120923;
UPDATE gameobject SET guid=198004 WHERE guid=120012;
UPDATE pool_gameobject SET guid=198004, pool_entry=10764, description='Sholazar Basin 189980, node 47' WHERE guid=120012;
UPDATE pool_pool SET pool_id=10764, description='Sholazar Basin mineral, node 47' WHERE pool_id=5338;
UPDATE pool_template SET entry=10764, description='Sholazar Basin mineral, node 47' WHERE entry=5338;
UPDATE gameobject SET guid=198003 WHERE guid=120924;
UPDATE pool_gameobject SET guid=198003, pool_entry=10764, description='Sholazar Basin 189981, node 47' WHERE guid=120924;
UPDATE gameobject SET guid=198002 WHERE guid=120925;
UPDATE pool_gameobject SET guid=198002, pool_entry=10764, description='Sholazar Basin 191133, node 47' WHERE guid=120925;
UPDATE gameobject SET guid=198001 WHERE guid=120926;
UPDATE pool_gameobject SET guid=198001, pool_entry=10765, description='Sholazar Basin 189981, node 48' WHERE guid=120926;
UPDATE pool_pool SET pool_id=10765, description='Sholazar Basin mineral, node 48' WHERE pool_id=5339;
UPDATE pool_template SET entry=10765, description='Sholazar Basin mineral, node 48' WHERE entry=5339;
UPDATE gameobject SET guid=198000 WHERE guid=120927;
UPDATE pool_gameobject SET guid=198000, pool_entry=10765, description='Sholazar Basin 191133, node 48' WHERE guid=120927;
UPDATE gameobject SET guid=197999 WHERE guid=120026;
UPDATE pool_gameobject SET guid=197999, pool_entry=10765, description='Sholazar Basin 189980, node 48' WHERE guid=120026;
UPDATE gameobject SET guid=197998 WHERE guid=120028;
UPDATE pool_gameobject SET guid=197998, pool_entry=10766, description='Sholazar Basin 189980, node 49' WHERE guid=120028;
UPDATE pool_pool SET pool_id=10766, description='Sholazar Basin mineral, node 49' WHERE pool_id=5340;
UPDATE pool_template SET entry=10766, description='Sholazar Basin mineral, node 49' WHERE entry=5340;
UPDATE gameobject SET guid=197997 WHERE guid=120928;
UPDATE pool_gameobject SET guid=197997, pool_entry=10766, description='Sholazar Basin 189981, node 49' WHERE guid=120928;
UPDATE gameobject SET guid=197996 WHERE guid=120929;
UPDATE pool_gameobject SET guid=197996, pool_entry=10766, description='Sholazar Basin 191133, node 49' WHERE guid=120929;
UPDATE gameobject SET guid=197995 WHERE guid=120029;
UPDATE pool_gameobject SET guid=197995, pool_entry=10767, description='Sholazar Basin 189980, node 50' WHERE guid=120029;
UPDATE pool_pool SET pool_id=10767, description='Sholazar Basin mineral, node 50' WHERE pool_id=5341;
UPDATE pool_template SET entry=10767, description='Sholazar Basin mineral, node 50' WHERE entry=5341;
UPDATE gameobject SET guid=197994 WHERE guid=120930;
UPDATE pool_gameobject SET guid=197994, pool_entry=10767, description='Sholazar Basin 189981, node 50' WHERE guid=120930;
UPDATE gameobject SET guid=197993 WHERE guid=120931;
UPDATE pool_gameobject SET guid=197993, pool_entry=10767, description='Sholazar Basin 191133, node 50' WHERE guid=120931;
UPDATE gameobject SET guid=197992 WHERE guid=120030;
UPDATE pool_gameobject SET guid=197992, pool_entry=10768, description='Sholazar Basin 189980, node 51' WHERE guid=120030;
UPDATE pool_pool SET pool_id=10768, description='Sholazar Basin mineral, node 51' WHERE pool_id=5342;
UPDATE pool_template SET entry=10768, description='Sholazar Basin mineral, node 51' WHERE entry=5342;
UPDATE gameobject SET guid=197991 WHERE guid=120932;
UPDATE pool_gameobject SET guid=197991, pool_entry=10768, description='Sholazar Basin 189981, node 51' WHERE guid=120932;
UPDATE gameobject SET guid=197990 WHERE guid=120933;
UPDATE pool_gameobject SET guid=197990, pool_entry=10768, description='Sholazar Basin 191133, node 51' WHERE guid=120933;
UPDATE gameobject SET guid=197989 WHERE guid=120036;
UPDATE pool_gameobject SET guid=197989, pool_entry=10769, description='Sholazar Basin 189980, node 52' WHERE guid=120036;
UPDATE pool_pool SET pool_id=10769, description='Sholazar Basin mineral, node 52' WHERE pool_id=5343;
UPDATE pool_template SET entry=10769, description='Sholazar Basin mineral, node 52' WHERE entry=5343;
UPDATE gameobject SET guid=197988 WHERE guid=120934;
UPDATE pool_gameobject SET guid=197988, pool_entry=10769, description='Sholazar Basin 189981, node 52' WHERE guid=120934;
UPDATE gameobject SET guid=197987 WHERE guid=120935;
UPDATE pool_gameobject SET guid=197987, pool_entry=10769, description='Sholazar Basin 191133, node 52' WHERE guid=120935;
UPDATE gameobject SET guid=197986 WHERE guid=120937;
UPDATE pool_gameobject SET guid=197986, pool_entry=10770, description='Sholazar Basin 191133, node 53' WHERE guid=120937;
UPDATE pool_pool SET pool_id=10770, description='Sholazar Basin mineral, node 53' WHERE pool_id=5344;
UPDATE pool_template SET entry=10770, description='Sholazar Basin mineral, node 53' WHERE entry=5344;
UPDATE gameobject SET guid=197985 WHERE guid=120037;
UPDATE pool_gameobject SET guid=197985, pool_entry=10770, description='Sholazar Basin 189980, node 53' WHERE guid=120037;
UPDATE gameobject SET guid=197984 WHERE guid=120936;
UPDATE pool_gameobject SET guid=197984, pool_entry=10770, description='Sholazar Basin 189981, node 53' WHERE guid=120936;
UPDATE gameobject SET guid=197983 WHERE guid=120039;
UPDATE pool_gameobject SET guid=197983, pool_entry=10771, description='Sholazar Basin 189980, node 54' WHERE guid=120039;
UPDATE pool_pool SET pool_id=10771, description='Sholazar Basin mineral, node 54' WHERE pool_id=5345;
UPDATE pool_template SET entry=10771, description='Sholazar Basin mineral, node 54' WHERE entry=5345;
UPDATE gameobject SET guid=197982 WHERE guid=120938;
UPDATE pool_gameobject SET guid=197982, pool_entry=10771, description='Sholazar Basin 189981, node 54' WHERE guid=120938;
UPDATE gameobject SET guid=197981 WHERE guid=120939;
UPDATE pool_gameobject SET guid=197981, pool_entry=10771, description='Sholazar Basin 191133, node 54' WHERE guid=120939;
UPDATE gameobject SET guid=197980 WHERE guid=120056;
UPDATE pool_gameobject SET guid=197980, pool_entry=10772, description='Sholazar Basin 189980, node 55' WHERE guid=120056;
UPDATE pool_pool SET pool_id=10772, description='Sholazar Basin mineral, node 55' WHERE pool_id=5346;
UPDATE pool_template SET entry=10772, description='Sholazar Basin mineral, node 55' WHERE entry=5346;
UPDATE gameobject SET guid=197979 WHERE guid=120940;
UPDATE pool_gameobject SET guid=197979, pool_entry=10772, description='Sholazar Basin 189981, node 55' WHERE guid=120940;
UPDATE gameobject SET guid=197978 WHERE guid=120941;
UPDATE pool_gameobject SET guid=197978, pool_entry=10772, description='Sholazar Basin 191133, node 55' WHERE guid=120941;
UPDATE gameobject SET guid=197977 WHERE guid=120057;
UPDATE pool_gameobject SET guid=197977, pool_entry=10773, description='Sholazar Basin 189980, node 56' WHERE guid=120057;
UPDATE pool_pool SET pool_id=10773, description='Sholazar Basin mineral, node 56' WHERE pool_id=5347;
UPDATE pool_template SET entry=10773, description='Sholazar Basin mineral, node 56' WHERE entry=5347;
UPDATE gameobject SET guid=197976 WHERE guid=120942;
UPDATE pool_gameobject SET guid=197976, pool_entry=10773, description='Sholazar Basin 189981, node 56' WHERE guid=120942;
UPDATE gameobject SET guid=197975 WHERE guid=120943;
UPDATE pool_gameobject SET guid=197975, pool_entry=10773, description='Sholazar Basin 191133, node 56' WHERE guid=120943;
UPDATE gameobject SET guid=197974 WHERE guid=120062;
UPDATE pool_gameobject SET guid=197974, pool_entry=10774, description='Sholazar Basin 189980, node 57' WHERE guid=120062;
UPDATE pool_pool SET pool_id=10774, description='Sholazar Basin mineral, node 57' WHERE pool_id=5348;
UPDATE pool_template SET entry=10774, description='Sholazar Basin mineral, node 57' WHERE entry=5348;
UPDATE gameobject SET guid=197973 WHERE guid=120944;
UPDATE pool_gameobject SET guid=197973, pool_entry=10774, description='Sholazar Basin 189981, node 57' WHERE guid=120944;
UPDATE gameobject SET guid=197972 WHERE guid=120945;
UPDATE pool_gameobject SET guid=197972, pool_entry=10774, description='Sholazar Basin 191133, node 57' WHERE guid=120945;
UPDATE gameobject SET guid=197971 WHERE guid=120065;
UPDATE pool_gameobject SET guid=197971, pool_entry=10775, description='Sholazar Basin 189980, node 58' WHERE guid=120065;
UPDATE pool_pool SET pool_id=10775, description='Sholazar Basin mineral, node 58' WHERE pool_id=5349;
UPDATE pool_template SET entry=10775, description='Sholazar Basin mineral, node 58' WHERE entry=5349;
UPDATE gameobject SET guid=197970 WHERE guid=120946;
UPDATE pool_gameobject SET guid=197970, pool_entry=10775, description='Sholazar Basin 189981, node 58' WHERE guid=120946;
UPDATE gameobject SET guid=197969 WHERE guid=120947;
UPDATE pool_gameobject SET guid=197969, pool_entry=10775, description='Sholazar Basin 191133, node 58' WHERE guid=120947;
UPDATE gameobject SET guid=197968 WHERE guid=120067;
UPDATE pool_gameobject SET guid=197968, pool_entry=10776, description='Sholazar Basin 189980, node 59' WHERE guid=120067;
UPDATE pool_pool SET pool_id=10776, description='Sholazar Basin mineral, node 59' WHERE pool_id=5350;
UPDATE pool_template SET entry=10776, description='Sholazar Basin mineral, node 59' WHERE entry=5350;
UPDATE gameobject SET guid=197967 WHERE guid=120948;
UPDATE pool_gameobject SET guid=197967, pool_entry=10776, description='Sholazar Basin 189981, node 59' WHERE guid=120948;
UPDATE gameobject SET guid=197966 WHERE guid=120949;
UPDATE pool_gameobject SET guid=197966, pool_entry=10776, description='Sholazar Basin 191133, node 59' WHERE guid=120949;
UPDATE gameobject SET guid=197965 WHERE guid=120071;
UPDATE pool_gameobject SET guid=197965, pool_entry=10777, description='Sholazar Basin 189980, node 60' WHERE guid=120071;
UPDATE pool_pool SET pool_id=10777, description='Sholazar Basin mineral, node 60' WHERE pool_id=5351;
UPDATE pool_template SET entry=10777, description='Sholazar Basin mineral, node 60' WHERE entry=5351;
UPDATE gameobject SET guid=197964 WHERE guid=120950;
UPDATE pool_gameobject SET guid=197964, pool_entry=10777, description='Sholazar Basin 189981, node 60' WHERE guid=120950;
UPDATE gameobject SET guid=197963 WHERE guid=120951;
UPDATE pool_gameobject SET guid=197963, pool_entry=10777, description='Sholazar Basin 191133, node 60' WHERE guid=120951;
UPDATE gameobject SET guid=197962 WHERE guid=120072;
UPDATE pool_gameobject SET guid=197962, pool_entry=10778, description='Sholazar Basin 189980, node 61' WHERE guid=120072;
UPDATE pool_pool SET pool_id=10778, description='Sholazar Basin mineral, node 61' WHERE pool_id=5352;
UPDATE pool_template SET entry=10778, description='Sholazar Basin mineral, node 61' WHERE entry=5352;
UPDATE gameobject SET guid=197961 WHERE guid=120952;
UPDATE pool_gameobject SET guid=197961, pool_entry=10778, description='Sholazar Basin 189981, node 61' WHERE guid=120952;
UPDATE gameobject SET guid=197960 WHERE guid=120953;
UPDATE pool_gameobject SET guid=197960, pool_entry=10778, description='Sholazar Basin 191133, node 61' WHERE guid=120953;
UPDATE gameobject SET guid=197959 WHERE guid=120102;
UPDATE pool_gameobject SET guid=197959, pool_entry=10779, description='Sholazar Basin 189980, node 62' WHERE guid=120102;
UPDATE pool_pool SET pool_id=10779, description='Sholazar Basin mineral, node 62' WHERE pool_id=5353;
UPDATE pool_template SET entry=10779, description='Sholazar Basin mineral, node 62' WHERE entry=5353;
UPDATE gameobject SET guid=197958 WHERE guid=120954;
UPDATE pool_gameobject SET guid=197958, pool_entry=10779, description='Sholazar Basin 189981, node 62' WHERE guid=120954;
UPDATE gameobject SET guid=197957 WHERE guid=120955;
UPDATE pool_gameobject SET guid=197957, pool_entry=10779, description='Sholazar Basin 191133, node 62' WHERE guid=120955;
UPDATE gameobject SET guid=197956 WHERE guid=120111;
UPDATE pool_gameobject SET guid=197956, pool_entry=10780, description='Sholazar Basin 189980, node 63' WHERE guid=120111;
UPDATE pool_pool SET pool_id=10780, description='Sholazar Basin mineral, node 63' WHERE pool_id=5354;
UPDATE pool_template SET entry=10780, description='Sholazar Basin mineral, node 63' WHERE entry=5354;
UPDATE gameobject SET guid=197955 WHERE guid=120956;
UPDATE pool_gameobject SET guid=197955, pool_entry=10780, description='Sholazar Basin 189981, node 63' WHERE guid=120956;
UPDATE gameobject SET guid=197954 WHERE guid=120957;
UPDATE pool_gameobject SET guid=197954, pool_entry=10780, description='Sholazar Basin 191133, node 63' WHERE guid=120957;
UPDATE gameobject SET guid=197953 WHERE guid=120958;
UPDATE pool_gameobject SET guid=197953, pool_entry=10781, description='Sholazar Basin 189981, node 64' WHERE guid=120958;
UPDATE pool_pool SET pool_id=10781, description='Sholazar Basin mineral, node 64' WHERE pool_id=5355;
UPDATE pool_template SET entry=10781, description='Sholazar Basin mineral, node 64' WHERE entry=5355;
UPDATE gameobject SET guid=197952 WHERE guid=120959;
UPDATE pool_gameobject SET guid=197952, pool_entry=10781, description='Sholazar Basin 191133, node 64' WHERE guid=120959;
UPDATE gameobject SET guid=197951 WHERE guid=120112;
UPDATE pool_gameobject SET guid=197951, pool_entry=10781, description='Sholazar Basin 189980, node 64' WHERE guid=120112;
UPDATE gameobject SET guid=197950 WHERE guid=120152;
UPDATE pool_gameobject SET guid=197950, pool_entry=10782, description='Sholazar Basin 189980, node 65' WHERE guid=120152;
UPDATE pool_pool SET pool_id=10782, description='Sholazar Basin mineral, node 65' WHERE pool_id=5356;
UPDATE pool_template SET entry=10782, description='Sholazar Basin mineral, node 65' WHERE entry=5356;
UPDATE gameobject SET guid=197949 WHERE guid=120960;
UPDATE pool_gameobject SET guid=197949, pool_entry=10782, description='Sholazar Basin 189981, node 65' WHERE guid=120960;
UPDATE gameobject SET guid=197948 WHERE guid=120961;
UPDATE pool_gameobject SET guid=197948, pool_entry=10782, description='Sholazar Basin 191133, node 65' WHERE guid=120961;
UPDATE gameobject SET guid=197947 WHERE guid=120153;
UPDATE pool_gameobject SET guid=197947, pool_entry=10783, description='Sholazar Basin 189980, node 66' WHERE guid=120153;
UPDATE pool_pool SET pool_id=10783, description='Sholazar Basin mineral, node 66' WHERE pool_id=5357;
UPDATE pool_template SET entry=10783, description='Sholazar Basin mineral, node 66' WHERE entry=5357;
UPDATE gameobject SET guid=197946 WHERE guid=120962;
UPDATE pool_gameobject SET guid=197946, pool_entry=10783, description='Sholazar Basin 189981, node 66' WHERE guid=120962;
UPDATE gameobject SET guid=197945 WHERE guid=120963;
UPDATE pool_gameobject SET guid=197945, pool_entry=10783, description='Sholazar Basin 191133, node 66' WHERE guid=120963;
UPDATE gameobject SET guid=197944 WHERE guid=120154;
UPDATE pool_gameobject SET guid=197944, pool_entry=10784, description='Sholazar Basin 189980, node 67' WHERE guid=120154;
UPDATE pool_pool SET pool_id=10784, description='Sholazar Basin mineral, node 67' WHERE pool_id=5358;
UPDATE pool_template SET entry=10784, description='Sholazar Basin mineral, node 67' WHERE entry=5358;
UPDATE gameobject SET guid=197943 WHERE guid=120964;
UPDATE pool_gameobject SET guid=197943, pool_entry=10784, description='Sholazar Basin 189981, node 67' WHERE guid=120964;
UPDATE gameobject SET guid=197942 WHERE guid=120965;
UPDATE pool_gameobject SET guid=197942, pool_entry=10784, description='Sholazar Basin 191133, node 67' WHERE guid=120965;
UPDATE gameobject SET guid=197941 WHERE guid=120155;
UPDATE pool_gameobject SET guid=197941, pool_entry=10785, description='Sholazar Basin 189980, node 68' WHERE guid=120155;
UPDATE pool_pool SET pool_id=10785, description='Sholazar Basin mineral, node 68' WHERE pool_id=5359;
UPDATE pool_template SET entry=10785, description='Sholazar Basin mineral, node 68' WHERE entry=5359;
UPDATE gameobject SET guid=197940 WHERE guid=120966;
UPDATE pool_gameobject SET guid=197940, pool_entry=10785, description='Sholazar Basin 189981, node 68' WHERE guid=120966;
UPDATE gameobject SET guid=197939 WHERE guid=120967;
UPDATE pool_gameobject SET guid=197939, pool_entry=10785, description='Sholazar Basin 191133, node 68' WHERE guid=120967;
UPDATE gameobject SET guid=197938 WHERE guid=120969;
UPDATE pool_gameobject SET guid=197938, pool_entry=10786, description='Sholazar Basin 191133, node 69' WHERE guid=120969;
UPDATE pool_pool SET pool_id=10786, description='Sholazar Basin mineral, node 69' WHERE pool_id=5360;
UPDATE pool_template SET entry=10786, description='Sholazar Basin mineral, node 69' WHERE entry=5360;
UPDATE gameobject SET guid=197937 WHERE guid=120156;
UPDATE pool_gameobject SET guid=197937, pool_entry=10786, description='Sholazar Basin 189980, node 69' WHERE guid=120156;
UPDATE gameobject SET guid=197936 WHERE guid=120968;
UPDATE pool_gameobject SET guid=197936, pool_entry=10786, description='Sholazar Basin 189981, node 69' WHERE guid=120968;
UPDATE gameobject SET guid=197935 WHERE guid=120157;
UPDATE pool_gameobject SET guid=197935, pool_entry=10787, description='Sholazar Basin 189980, node 70' WHERE guid=120157;
UPDATE pool_pool SET pool_id=10787, description='Sholazar Basin mineral, node 70' WHERE pool_id=5361;
UPDATE pool_template SET entry=10787, description='Sholazar Basin mineral, node 70' WHERE entry=5361;
UPDATE gameobject SET guid=197934 WHERE guid=120970;
UPDATE pool_gameobject SET guid=197934, pool_entry=10787, description='Sholazar Basin 189981, node 70' WHERE guid=120970;
UPDATE gameobject SET guid=197933 WHERE guid=120971;
UPDATE pool_gameobject SET guid=197933, pool_entry=10787, description='Sholazar Basin 191133, node 70' WHERE guid=120971;
UPDATE gameobject SET guid=197932 WHERE guid=120158;
UPDATE pool_gameobject SET guid=197932, pool_entry=10788, description='Sholazar Basin 189980, node 71' WHERE guid=120158;
UPDATE pool_pool SET pool_id=10788, description='Sholazar Basin mineral, node 71' WHERE pool_id=5362;
UPDATE pool_template SET entry=10788, description='Sholazar Basin mineral, node 71' WHERE entry=5362;
UPDATE gameobject SET guid=197931 WHERE guid=120972;
UPDATE pool_gameobject SET guid=197931, pool_entry=10788, description='Sholazar Basin 189981, node 71' WHERE guid=120972;
UPDATE gameobject SET guid=197930 WHERE guid=120973;
UPDATE pool_gameobject SET guid=197930, pool_entry=10788, description='Sholazar Basin 191133, node 71' WHERE guid=120973;
UPDATE gameobject SET guid=197929 WHERE guid=120162;
UPDATE pool_gameobject SET guid=197929, pool_entry=10789, description='Sholazar Basin 189980, node 72' WHERE guid=120162;
UPDATE pool_pool SET pool_id=10789, description='Sholazar Basin mineral, node 72' WHERE pool_id=5363;
UPDATE pool_template SET entry=10789, description='Sholazar Basin mineral, node 72' WHERE entry=5363;
UPDATE gameobject SET guid=197928 WHERE guid=120974;
UPDATE pool_gameobject SET guid=197928, pool_entry=10789, description='Sholazar Basin 189981, node 72' WHERE guid=120974;
UPDATE gameobject SET guid=197927 WHERE guid=120975;
UPDATE pool_gameobject SET guid=197927, pool_entry=10789, description='Sholazar Basin 191133, node 72' WHERE guid=120975;
UPDATE gameobject SET guid=197926 WHERE guid=120164;
UPDATE pool_gameobject SET guid=197926, pool_entry=10790, description='Sholazar Basin 189980, node 73' WHERE guid=120164;
UPDATE pool_pool SET pool_id=10790, description='Sholazar Basin mineral, node 73' WHERE pool_id=5364;
UPDATE pool_template SET entry=10790, description='Sholazar Basin mineral, node 73' WHERE entry=5364;
UPDATE gameobject SET guid=197925 WHERE guid=120976;
UPDATE pool_gameobject SET guid=197925, pool_entry=10790, description='Sholazar Basin 189981, node 73' WHERE guid=120976;
UPDATE gameobject SET guid=197924 WHERE guid=120977;
UPDATE pool_gameobject SET guid=197924, pool_entry=10790, description='Sholazar Basin 191133, node 73' WHERE guid=120977;
UPDATE gameobject SET guid=197923 WHERE guid=120177;
UPDATE pool_gameobject SET guid=197923, pool_entry=10791, description='Sholazar Basin 189980, node 74' WHERE guid=120177;
UPDATE pool_pool SET pool_id=10791, description='Sholazar Basin mineral, node 74' WHERE pool_id=5365;
UPDATE pool_template SET entry=10791, description='Sholazar Basin mineral, node 74' WHERE entry=5365;
UPDATE gameobject SET guid=197922 WHERE guid=120978;
UPDATE pool_gameobject SET guid=197922, pool_entry=10791, description='Sholazar Basin 189981, node 74' WHERE guid=120978;
UPDATE gameobject SET guid=197921 WHERE guid=120979;
UPDATE pool_gameobject SET guid=197921, pool_entry=10791, description='Sholazar Basin 191133, node 74' WHERE guid=120979;
UPDATE gameobject SET guid=197920 WHERE guid=120274;
UPDATE pool_gameobject SET guid=197920, pool_entry=10792, description='Sholazar Basin 189980, node 75' WHERE guid=120274;
UPDATE pool_pool SET pool_id=10792, description='Sholazar Basin mineral, node 75' WHERE pool_id=5366;
UPDATE pool_template SET entry=10792, description='Sholazar Basin mineral, node 75' WHERE entry=5366;
UPDATE gameobject SET guid=197919 WHERE guid=120980;
UPDATE pool_gameobject SET guid=197919, pool_entry=10792, description='Sholazar Basin 189981, node 75' WHERE guid=120980;
UPDATE gameobject SET guid=197918 WHERE guid=120981;
UPDATE pool_gameobject SET guid=197918, pool_entry=10792, description='Sholazar Basin 191133, node 75' WHERE guid=120981;
UPDATE gameobject SET guid=197917 WHERE guid=120685;
UPDATE pool_gameobject SET guid=197917, pool_entry=10793, description='Sholazar Basin 189980, node 76' WHERE guid=120685;
UPDATE pool_pool SET pool_id=10793, description='Sholazar Basin mineral, node 76' WHERE pool_id=5367;
UPDATE pool_template SET entry=10793, description='Sholazar Basin mineral, node 76' WHERE entry=5367;
UPDATE gameobject SET guid=197916 WHERE guid=120982;
UPDATE pool_gameobject SET guid=197916, pool_entry=10793, description='Sholazar Basin 189981, node 76' WHERE guid=120982;
UPDATE gameobject SET guid=197915 WHERE guid=120983;
UPDATE pool_gameobject SET guid=197915, pool_entry=10793, description='Sholazar Basin 191133, node 76' WHERE guid=120983;
UPDATE gameobject SET guid=197914 WHERE guid=120686;
UPDATE pool_gameobject SET guid=197914, pool_entry=10794, description='Sholazar Basin 189980, node 77' WHERE guid=120686;
UPDATE pool_pool SET pool_id=10794, description='Sholazar Basin mineral, node 77' WHERE pool_id=5368;
UPDATE pool_template SET entry=10794, description='Sholazar Basin mineral, node 77' WHERE entry=5368;
UPDATE gameobject SET guid=197913 WHERE guid=120984;
UPDATE pool_gameobject SET guid=197913, pool_entry=10794, description='Sholazar Basin 189981, node 77' WHERE guid=120984;
UPDATE gameobject SET guid=197912 WHERE guid=120985;
UPDATE pool_gameobject SET guid=197912, pool_entry=10794, description='Sholazar Basin 191133, node 77' WHERE guid=120985;
UPDATE gameobject SET guid=197911 WHERE guid=120687;
UPDATE pool_gameobject SET guid=197911, pool_entry=10795, description='Sholazar Basin 189980, node 78' WHERE guid=120687;
UPDATE pool_pool SET pool_id=10795, description='Sholazar Basin mineral, node 78' WHERE pool_id=5369;
UPDATE pool_template SET entry=10795, description='Sholazar Basin mineral, node 78' WHERE entry=5369;
UPDATE gameobject SET guid=197910 WHERE guid=120986;
UPDATE pool_gameobject SET guid=197910, pool_entry=10795, description='Sholazar Basin 189981, node 78' WHERE guid=120986;
UPDATE gameobject SET guid=197909 WHERE guid=120987;
UPDATE pool_gameobject SET guid=197909, pool_entry=10795, description='Sholazar Basin 191133, node 78' WHERE guid=120987;
UPDATE gameobject SET guid=197908 WHERE guid=120688;
UPDATE pool_gameobject SET guid=197908, pool_entry=10796, description='Sholazar Basin 189980, node 79' WHERE guid=120688;
UPDATE pool_pool SET pool_id=10796, description='Sholazar Basin mineral, node 79' WHERE pool_id=5370;
UPDATE pool_template SET entry=10796, description='Sholazar Basin mineral, node 79' WHERE entry=5370;
UPDATE gameobject SET guid=197907 WHERE guid=120988;
UPDATE pool_gameobject SET guid=197907, pool_entry=10796, description='Sholazar Basin 189981, node 79' WHERE guid=120988;
UPDATE gameobject SET guid=197906 WHERE guid=120989;
UPDATE pool_gameobject SET guid=197906, pool_entry=10796, description='Sholazar Basin 191133, node 79' WHERE guid=120989;
UPDATE gameobject SET guid=197905 WHERE guid=120990;
UPDATE pool_gameobject SET guid=197905, pool_entry=10797, description='Sholazar Basin 189981, node 80' WHERE guid=120990;
UPDATE pool_pool SET pool_id=10797, description='Sholazar Basin mineral, node 80' WHERE pool_id=5371;
UPDATE pool_template SET entry=10797, description='Sholazar Basin mineral, node 80' WHERE entry=5371;
UPDATE gameobject SET guid=197904 WHERE guid=120991;
UPDATE pool_gameobject SET guid=197904, pool_entry=10797, description='Sholazar Basin 191133, node 80' WHERE guid=120991;
UPDATE gameobject SET guid=197903 WHERE guid=120689;
UPDATE pool_gameobject SET guid=197903, pool_entry=10797, description='Sholazar Basin 189980, node 80' WHERE guid=120689;
UPDATE gameobject SET guid=197902 WHERE guid=120690;
UPDATE pool_gameobject SET guid=197902, pool_entry=10798, description='Sholazar Basin 189980, node 81' WHERE guid=120690;
UPDATE pool_pool SET pool_id=10798, description='Sholazar Basin mineral, node 81' WHERE pool_id=5372;
UPDATE pool_template SET entry=10798, description='Sholazar Basin mineral, node 81' WHERE entry=5372;
UPDATE gameobject SET guid=197901 WHERE guid=120992;
UPDATE pool_gameobject SET guid=197901, pool_entry=10798, description='Sholazar Basin 189981, node 81' WHERE guid=120992;
UPDATE gameobject SET guid=197900 WHERE guid=120993;
UPDATE pool_gameobject SET guid=197900, pool_entry=10798, description='Sholazar Basin 191133, node 81' WHERE guid=120993;
UPDATE gameobject SET guid=197899 WHERE guid=120724;
UPDATE pool_gameobject SET guid=197899, pool_entry=10799, description='Sholazar Basin 189980, node 82' WHERE guid=120724;
UPDATE pool_pool SET pool_id=10799, description='Sholazar Basin mineral, node 82' WHERE pool_id=5373;
UPDATE pool_template SET entry=10799, description='Sholazar Basin mineral, node 82' WHERE entry=5373;
UPDATE gameobject SET guid=197898 WHERE guid=120994;
UPDATE pool_gameobject SET guid=197898, pool_entry=10799, description='Sholazar Basin 189981, node 82' WHERE guid=120994;
UPDATE gameobject SET guid=197897 WHERE guid=120995;
UPDATE pool_gameobject SET guid=197897, pool_entry=10799, description='Sholazar Basin 191133, node 82' WHERE guid=120995;
UPDATE gameobject SET guid=197896 WHERE guid=120729;
UPDATE pool_gameobject SET guid=197896, pool_entry=10800, description='Sholazar Basin 189980, node 83' WHERE guid=120729;
UPDATE pool_pool SET pool_id=10800, description='Sholazar Basin mineral, node 83' WHERE pool_id=5374;
UPDATE pool_template SET entry=10800, description='Sholazar Basin mineral, node 83' WHERE entry=5374;
UPDATE gameobject SET guid=197895 WHERE guid=120996;
UPDATE pool_gameobject SET guid=197895, pool_entry=10800, description='Sholazar Basin 189981, node 83' WHERE guid=120996;
UPDATE gameobject SET guid=197894 WHERE guid=120997;
UPDATE pool_gameobject SET guid=197894, pool_entry=10800, description='Sholazar Basin 191133, node 83' WHERE guid=120997;
UPDATE gameobject SET guid=197893 WHERE guid=120733;
UPDATE pool_gameobject SET guid=197893, pool_entry=10801, description='Sholazar Basin 189980, node 84' WHERE guid=120733;
UPDATE pool_pool SET pool_id=10801, description='Sholazar Basin mineral, node 84' WHERE pool_id=5375;
UPDATE pool_template SET entry=10801, description='Sholazar Basin mineral, node 84' WHERE entry=5375;
UPDATE gameobject SET guid=197892 WHERE guid=120998;
UPDATE pool_gameobject SET guid=197892, pool_entry=10801, description='Sholazar Basin 189981, node 84' WHERE guid=120998;
UPDATE gameobject SET guid=197891 WHERE guid=120999;
UPDATE pool_gameobject SET guid=197891, pool_entry=10801, description='Sholazar Basin 191133, node 84' WHERE guid=120999;

-- hellfire peninsula
UPDATE gameobject SET guid=197890 WHERE guid=21808;
INSERT IGNORE INTO pool_gameobject VALUES (197890,10802,0,'Hellfire Peninsula 181555, node 1');
INSERT IGNORE INTO gameobject VALUES (197889,181557,530,1,1,35.8114,1510.02,11.9322,-3.05433,0.0,0.0,0.999048,-0.043619,3600,100,1);
INSERT IGNORE INTO pool_gameobject VALUES (197889,10802,5,'Hellfire Peninsula 181557, node 1');
INSERT IGNORE INTO pool_template VALUES (10802,1,'Hellfire Peninsula mineral, node 1');
INSERT IGNORE INTO pool_pool VALUES (10802,890,0,'Hellfire Peninsula mineral, node 1');

UPDATE gameobject SET guid=197888 WHERE guid=21809;
INSERT IGNORE INTO pool_gameobject VALUES (197888,10803,0,'Hellfire Peninsula 181555, node 2');
INSERT IGNORE INTO gameobject VALUES (197887,181557,530,1,1,71.5069,1875.03,25.7916,0.541052,0.0,0.0,0.267238,0.96363,3600,100,1);
INSERT IGNORE INTO pool_gameobject VALUES (197887,10803,5,'Hellfire Peninsula 181557, node 2');
INSERT IGNORE INTO pool_template VALUES (10803,1,'Hellfire Peninsula mineral, node 2');
INSERT IGNORE INTO pool_pool VALUES (10803,890,0,'Hellfire Peninsula mineral, node 2');

UPDATE gameobject SET guid=197886 WHERE guid=21810;
INSERT IGNORE INTO pool_gameobject VALUES (197886,10804,0,'Hellfire Peninsula 181555, node 3');
INSERT IGNORE INTO gameobject VALUES (197885,181557,530,1,1,846.817,1697.77,94.5652,-1.11701,0.0,0.0,0.529919,-0.848048,3600,100,1);
INSERT IGNORE INTO pool_gameobject VALUES (197885,10804,5,'Hellfire Peninsula 181557, node 3');
INSERT IGNORE INTO pool_template VALUES (10804,1,'Hellfire Peninsula mineral, node 3');
INSERT IGNORE INTO pool_pool VALUES (10804,890,0,'Hellfire Peninsula mineral, node 3');

UPDATE gameobject SET guid=197884 WHERE guid=21811;
INSERT IGNORE INTO pool_gameobject VALUES (197884,10805,0,'Hellfire Peninsula 181555, node 4');
INSERT IGNORE INTO gameobject VALUES (197883,181557,530,1,1,684.372,2928.51,-1.69284,-2.00713,0.0,0.0,0.843391,-0.5373,3600,100,1);
INSERT IGNORE INTO pool_gameobject VALUES (197883,10805,5,'Hellfire Peninsula 181557, node 4');
INSERT IGNORE INTO pool_template VALUES (10805,1,'Hellfire Peninsula mineral, node 4');
INSERT IGNORE INTO pool_pool VALUES (10805,890,0,'Hellfire Peninsula mineral, node 4');

UPDATE gameobject SET guid=197882 WHERE guid=21812;
INSERT IGNORE INTO pool_gameobject VALUES (197882,10806,0,'Hellfire Peninsula 181555, node 5');
INSERT IGNORE INTO gameobject VALUES (197881,181557,530,1,1,486.748,2636.79,199.409,2.21657,0.0,0.0,0.894934,0.446198,3600,100,1);
INSERT IGNORE INTO pool_gameobject VALUES (197881,10806,5,'Hellfire Peninsula 181557, node 5');
INSERT IGNORE INTO pool_template VALUES (10806,1,'Hellfire Peninsula mineral, node 5');
INSERT IGNORE INTO pool_pool VALUES (10806,890,0,'Hellfire Peninsula mineral, node 5');

UPDATE gameobject SET guid=197880 WHERE guid=21813;
INSERT IGNORE INTO pool_gameobject VALUES (197880,10807,0,'Hellfire Peninsula 181555, node 6');
INSERT IGNORE INTO gameobject VALUES (197879,181557,530,1,1,453.734,3562.09,77.9733,0.663225,0.0,0.0,0.325568,0.945519,3600,100,1);
INSERT IGNORE INTO pool_gameobject VALUES (197879,10807,5,'Hellfire Peninsula 181557, node 6');
INSERT IGNORE INTO pool_template VALUES (10807,1,'Hellfire Peninsula mineral, node 6');
INSERT IGNORE INTO pool_pool VALUES (10807,890,0,'Hellfire Peninsula mineral, node 6');

UPDATE gameobject SET guid=197878 WHERE guid=21814;
INSERT IGNORE INTO pool_gameobject VALUES (197878,10808,0,'Hellfire Peninsula 181555, node 7');
INSERT IGNORE INTO gameobject VALUES (197877,181557,530,1,1,-170.001,3079.15,-51.6281,0.314159,0.0,0.0,0.156434,0.987688,3600,100,1);
INSERT IGNORE INTO pool_gameobject VALUES (197877,10808,5,'Hellfire Peninsula 181557, node 7');
INSERT IGNORE INTO pool_template VALUES (10808,1,'Hellfire Peninsula mineral, node 7');
INSERT IGNORE INTO pool_pool VALUES (10808,890,0,'Hellfire Peninsula mineral, node 7');

UPDATE gameobject SET guid=197876 WHERE guid=21815;
INSERT IGNORE INTO pool_gameobject VALUES (197876,10809,0,'Hellfire Peninsula 181555, node 8');
INSERT IGNORE INTO gameobject VALUES (197875,181557,530,1,1,-97.421,2443.52,58.8071,-1.11701,0.0,0.0,0.529919,-0.848048,3600,100,1);
INSERT IGNORE INTO pool_gameobject VALUES (197875,10809,5,'Hellfire Peninsula 181557, node 8');
INSERT IGNORE INTO pool_template VALUES (10809,1,'Hellfire Peninsula mineral, node 8');
INSERT IGNORE INTO pool_pool VALUES (10809,890,0,'Hellfire Peninsula mineral, node 8');

UPDATE gameobject SET guid=197874 WHERE guid=21816;
INSERT IGNORE INTO pool_gameobject VALUES (197874,10810,0,'Hellfire Peninsula 181555, node 9');
INSERT IGNORE INTO gameobject VALUES (197873,181557,530,1,1,-372.189,2007.9,122.962,-0.191986,0.0,0.0,0.095846,-0.995396,3600,100,1);
INSERT IGNORE INTO pool_gameobject VALUES (197873,10810,5,'Hellfire Peninsula 181557, node 9');
INSERT IGNORE INTO pool_template VALUES (10810,1,'Hellfire Peninsula mineral, node 9');
INSERT IGNORE INTO pool_pool VALUES (10810,890,0,'Hellfire Peninsula mineral, node 9');

UPDATE gameobject SET guid=197872 WHERE guid=21817;
INSERT IGNORE INTO pool_gameobject VALUES (197872,10811,0,'Hellfire Peninsula 181555, node 10');
INSERT IGNORE INTO gameobject VALUES (197871,181557,530,1,1,-1004.42,1923.72,84.3188,-1.39626,0.0,0.0,0.642788,-0.766044,3600,100,1);
INSERT IGNORE INTO pool_gameobject VALUES (197871,10811,5,'Hellfire Peninsula 181557, node 10');
INSERT IGNORE INTO pool_template VALUES (10811,1,'Hellfire Peninsula mineral, node 10');
INSERT IGNORE INTO pool_pool VALUES (10811,890,0,'Hellfire Peninsula mineral, node 10');

UPDATE gameobject SET guid=197870 WHERE guid=21818;
INSERT IGNORE INTO pool_gameobject VALUES (197870,10812,0,'Hellfire Peninsula 181555, node 11');
INSERT IGNORE INTO gameobject VALUES (197869,181557,530,1,1,-994.861,2077.79,77.3825,-0.837758,0.0,0.0,0.406737,-0.913545,3600,100,1);
INSERT IGNORE INTO pool_gameobject VALUES (197869,10812,5,'Hellfire Peninsula 181557, node 11');
INSERT IGNORE INTO pool_template VALUES (10812,1,'Hellfire Peninsula mineral, node 11');
INSERT IGNORE INTO pool_pool VALUES (10812,890,0,'Hellfire Peninsula mineral, node 11');

UPDATE gameobject SET guid=197868 WHERE guid=21819;
INSERT IGNORE INTO pool_gameobject VALUES (197868,10813,0,'Hellfire Peninsula 181555, node 12');
INSERT IGNORE INTO gameobject VALUES (197867,181557,530,1,1,-912.136,2521.64,8.66211,0.034907,0.0,0.0,0.017452,0.999848,3600,100,1);
INSERT IGNORE INTO pool_gameobject VALUES (197867,10813,5,'Hellfire Peninsula 181557, node 12');
INSERT IGNORE INTO pool_template VALUES (10813,1,'Hellfire Peninsula mineral, node 12');
INSERT IGNORE INTO pool_pool VALUES (10813,890,0,'Hellfire Peninsula mineral, node 12');

UPDATE gameobject SET guid=197866 WHERE guid=21820;
INSERT IGNORE INTO pool_gameobject VALUES (197866,10814,0,'Hellfire Peninsula 181555, node 13');
INSERT IGNORE INTO gameobject VALUES (197865,181557,530,1,1,-1469.24,2658.12,-46.0911,-0.750491,0.0,0.0,0.366501,-0.930418,3600,100,1);
INSERT IGNORE INTO pool_gameobject VALUES (197865,10814,5,'Hellfire Peninsula 181557, node 13');
INSERT IGNORE INTO pool_template VALUES (10814,1,'Hellfire Peninsula mineral, node 13');
INSERT IGNORE INTO pool_pool VALUES (10814,890,0,'Hellfire Peninsula mineral, node 13');

UPDATE gameobject SET guid=197864 WHERE guid=21821;
INSERT IGNORE INTO pool_gameobject VALUES (197864,10815,0,'Hellfire Peninsula 181555, node 14');
INSERT IGNORE INTO gameobject VALUES (197863,181557,530,1,1,-1056.87,3229.11,75.7389,2.98451,0.0,0.0,0.996917,0.078459,3600,100,1);
INSERT IGNORE INTO pool_gameobject VALUES (197863,10815,5,'Hellfire Peninsula 181557, node 14');
INSERT IGNORE INTO pool_template VALUES (10815,1,'Hellfire Peninsula mineral, node 14');
INSERT IGNORE INTO pool_pool VALUES (10815,890,0,'Hellfire Peninsula mineral, node 14');

UPDATE gameobject SET guid=197862 WHERE guid=21822;
INSERT IGNORE INTO pool_gameobject VALUES (197862,10816,0,'Hellfire Peninsula 181555, node 15');
INSERT IGNORE INTO gameobject VALUES (197861,181557,530,1,1,-642.903,3184.15,-6.42613,-1.55334,0.0,0.0,0.700909,-0.71325,3600,100,1);
INSERT IGNORE INTO pool_gameobject VALUES (197861,10816,5,'Hellfire Peninsula 181557, node 15');
INSERT IGNORE INTO pool_template VALUES (10816,1,'Hellfire Peninsula mineral, node 15');
INSERT IGNORE INTO pool_pool VALUES (10816,890,0,'Hellfire Peninsula mineral, node 15');

UPDATE gameobject SET guid=197860 WHERE guid=21823;
INSERT IGNORE INTO pool_gameobject VALUES (197860,10817,0,'Hellfire Peninsula 181555, node 16');
INSERT IGNORE INTO gameobject VALUES (197859,181557,530,1,1,-1489.38,3236.96,-1.36448,-2.35619,0.0,0.0,0.92388,-0.382683,3600,100,1);
INSERT IGNORE INTO pool_gameobject VALUES (197859,10817,5,'Hellfire Peninsula 181557, node 16');
INSERT IGNORE INTO pool_template VALUES (10817,1,'Hellfire Peninsula mineral, node 16');
INSERT IGNORE INTO pool_pool VALUES (10817,890,0,'Hellfire Peninsula mineral, node 16');

UPDATE gameobject SET guid=197858 WHERE guid=21824;
INSERT IGNORE INTO pool_gameobject VALUES (197858,10818,0,'Hellfire Peninsula 181555, node 17');
INSERT IGNORE INTO gameobject VALUES (197857,181557,530,1,1,-1290.38,3447.43,105.181,0.925024,0.0,0.0,0.446198,0.894934,3600,100,1);
INSERT IGNORE INTO pool_gameobject VALUES (197857,10818,5,'Hellfire Peninsula 181557, node 17');
INSERT IGNORE INTO pool_template VALUES (10818,1,'Hellfire Peninsula mineral, node 17');
INSERT IGNORE INTO pool_pool VALUES (10818,890,0,'Hellfire Peninsula mineral, node 17');

UPDATE gameobject SET guid=197856 WHERE guid=21825;
INSERT IGNORE INTO pool_gameobject VALUES (197856,10819,0,'Hellfire Peninsula 181555, node 18');
INSERT IGNORE INTO gameobject VALUES (197855,181557,530,1,1,-840.698,3780.89,117.857,2.94961,0.0,0.0,0.995396,0.095846,3600,100,1);
INSERT IGNORE INTO pool_gameobject VALUES (197855,10819,5,'Hellfire Peninsula 181557, node 18');
INSERT IGNORE INTO pool_template VALUES (10819,1,'Hellfire Peninsula mineral, node 18');
INSERT IGNORE INTO pool_pool VALUES (10819,890,0,'Hellfire Peninsula mineral, node 18');

UPDATE gameobject SET guid=197854 WHERE guid=21826;
INSERT IGNORE INTO pool_gameobject VALUES (197854,10820,0,'Hellfire Peninsula 181555, node 19');
INSERT IGNORE INTO gameobject VALUES (197853,181557,530,1,1,-1088.02,3965.44,116.197,-1.85005,0.0,0.0,0.798635,-0.601815,3600,100,1);
INSERT IGNORE INTO pool_gameobject VALUES (197853,10820,5,'Hellfire Peninsula 181557, node 19');
INSERT IGNORE INTO pool_template VALUES (10820,1,'Hellfire Peninsula mineral, node 19');
INSERT IGNORE INTO pool_pool VALUES (10820,890,0,'Hellfire Peninsula mineral, node 19');

UPDATE gameobject SET guid=197852 WHERE guid=21827;
INSERT IGNORE INTO pool_gameobject VALUES (197852,10821,0,'Hellfire Peninsula 181555, node 20');
INSERT IGNORE INTO gameobject VALUES (197851,181557,530,1,1,-514.151,4473.57,74.0788,-1.91986,0.0,0.0,0.819152,-0.573576,3600,100,1);
INSERT IGNORE INTO pool_gameobject VALUES (197851,10821,5,'Hellfire Peninsula 181557, node 20');
INSERT IGNORE INTO pool_template VALUES (10821,1,'Hellfire Peninsula mineral, node 20');
INSERT IGNORE INTO pool_pool VALUES (10821,890,0,'Hellfire Peninsula mineral, node 20');

UPDATE gameobject SET guid=197850 WHERE guid=21828;
INSERT IGNORE INTO pool_gameobject VALUES (197850,10822,0,'Hellfire Peninsula 181555, node 21');
INSERT IGNORE INTO gameobject VALUES (197849,181557,530,1,1,-763.271,4718.29,65.6994,-2.11185,0.0,0.0,0.870356,-0.492423,3600,100,1);
INSERT IGNORE INTO pool_gameobject VALUES (197849,10822,5,'Hellfire Peninsula 181557, node 21');
INSERT IGNORE INTO pool_template VALUES (10822,1,'Hellfire Peninsula mineral, node 21');
INSERT IGNORE INTO pool_pool VALUES (10822,890,0,'Hellfire Peninsula mineral, node 21');

UPDATE gameobject SET guid=197848 WHERE guid=21829;
INSERT IGNORE INTO pool_gameobject VALUES (197848,10823,0,'Hellfire Peninsula 181555, node 22');
INSERT IGNORE INTO gameobject VALUES (197847,181557,530,1,1,176.224,4608.78,88.3603,-2.28638,0.0,0.0,0.909961,-0.414693,3600,100,1);
INSERT IGNORE INTO pool_gameobject VALUES (197847,10823,5,'Hellfire Peninsula 181557, node 22');
INSERT IGNORE INTO pool_template VALUES (10823,1,'Hellfire Peninsula mineral, node 22');
INSERT IGNORE INTO pool_pool VALUES (10823,890,0,'Hellfire Peninsula mineral, node 22');

UPDATE gameobject SET guid=197846 WHERE guid=21830;
INSERT IGNORE INTO pool_gameobject VALUES (197846,10824,0,'Hellfire Peninsula 181555, node 23');
INSERT IGNORE INTO gameobject VALUES (197845,181557,530,1,1,-92.7197,4380.6,88.1121,-0.331612,0.0,0.0,0.165048,-0.986286,3600,100,1);
INSERT IGNORE INTO pool_gameobject VALUES (197845,10824,5,'Hellfire Peninsula 181557, node 23');
INSERT IGNORE INTO pool_template VALUES (10824,1,'Hellfire Peninsula mineral, node 23');
INSERT IGNORE INTO pool_pool VALUES (10824,890,0,'Hellfire Peninsula mineral, node 23');

UPDATE gameobject SET guid=197844 WHERE guid=21831;
INSERT IGNORE INTO pool_gameobject VALUES (197844,10825,0,'Hellfire Peninsula 181555, node 24');
INSERT IGNORE INTO gameobject VALUES (197843,181557,530,1,1,-84.5799,4172.64,84.7877,1.48353,0.0,0.0,0.67559,0.737277,3600,100,1);
INSERT IGNORE INTO pool_gameobject VALUES (197843,10825,5,'Hellfire Peninsula 181557, node 24');
INSERT IGNORE INTO pool_template VALUES (10825,1,'Hellfire Peninsula mineral, node 24');
INSERT IGNORE INTO pool_pool VALUES (10825,890,0,'Hellfire Peninsula mineral, node 24');

UPDATE gameobject SET guid=197842 WHERE guid=21832;
INSERT IGNORE INTO pool_gameobject VALUES (197842,10826,0,'Hellfire Peninsula 181555, node 25');
INSERT IGNORE INTO gameobject VALUES (197841,181557,530,1,1,195.93,4159.71,78.0884,-2.75762,0.0,0.0,0.981627,-0.190809,3600,100,1);
INSERT IGNORE INTO pool_gameobject VALUES (197841,10826,5,'Hellfire Peninsula 181557, node 25');
INSERT IGNORE INTO pool_template VALUES (10826,1,'Hellfire Peninsula mineral, node 25');
INSERT IGNORE INTO pool_pool VALUES (10826,890,0,'Hellfire Peninsula mineral, node 25');

UPDATE gameobject SET guid=197840 WHERE guid=21833;
INSERT IGNORE INTO pool_gameobject VALUES (197840,10827,0,'Hellfire Peninsula 181555, node 26');
INSERT IGNORE INTO gameobject VALUES (197839,181557,530,1,1,301.659,3365.49,106.916,2.96706,0.0,0.0,0.996195,0.087156,3600,100,1);
INSERT IGNORE INTO pool_gameobject VALUES (197839,10827,5,'Hellfire Peninsula 181557, node 26');
INSERT IGNORE INTO pool_template VALUES (10827,1,'Hellfire Peninsula mineral, node 26');
INSERT IGNORE INTO pool_pool VALUES (10827,890,0,'Hellfire Peninsula mineral, node 26');

UPDATE gameobject SET guid=197838 WHERE guid=28172;
INSERT IGNORE INTO pool_gameobject VALUES (197838,10828,0,'Hellfire Peninsula 181555, node 27');
INSERT IGNORE INTO gameobject VALUES (197837,181557,530,1,1,352.205,2258.47,118.163,-0.610864,0.0,0.0,0.0,1.0,3600,100,1);
INSERT IGNORE INTO pool_gameobject VALUES (197837,10828,5,'Hellfire Peninsula 181557, node 27');
INSERT IGNORE INTO pool_template VALUES (10828,1,'Hellfire Peninsula mineral, node 27');
INSERT IGNORE INTO pool_pool VALUES (10828,890,0,'Hellfire Peninsula mineral, node 27');

UPDATE gameobject SET guid=197836 WHERE guid=28174;
INSERT IGNORE INTO pool_gameobject VALUES (197836,10829,0,'Hellfire Peninsula 181555, node 28');
INSERT IGNORE INTO gameobject VALUES (197835,181557,530,1,1,-1105.91,1957.07,75.8204,-2.54818,0.0,0.0,0.0,1.0,3600,100,1);
INSERT IGNORE INTO pool_gameobject VALUES (197835,10829,5,'Hellfire Peninsula 181557, node 28');
INSERT IGNORE INTO pool_template VALUES (10829,1,'Hellfire Peninsula mineral, node 28');
INSERT IGNORE INTO pool_pool VALUES (10829,890,0,'Hellfire Peninsula mineral, node 28');

UPDATE gameobject SET guid=197834 WHERE guid=28175;
INSERT IGNORE INTO pool_gameobject VALUES (197834,10830,0,'Hellfire Peninsula 181555, node 29');
INSERT IGNORE INTO gameobject VALUES (197833,181557,530,1,1,-594.649,1784.18,72.2885,2.80997,0.0,0.0,0.0,1.0,3600,100,1);
INSERT IGNORE INTO pool_gameobject VALUES (197833,10830,5,'Hellfire Peninsula 181557, node 29');
INSERT IGNORE INTO pool_template VALUES (10830,1,'Hellfire Peninsula mineral, node 29');
INSERT IGNORE INTO pool_pool VALUES (10830,890,0,'Hellfire Peninsula mineral, node 29');

UPDATE gameobject SET guid=197832 WHERE guid=28192;
INSERT IGNORE INTO pool_gameobject VALUES (197832,10831,0,'Hellfire Peninsula 181555, node 30');
INSERT IGNORE INTO gameobject VALUES (197831,181557,530,1,1,-468.838,3271.93,4.38121,-1.23918,0.0,0.0,0.0,1.0,3600,100,1);
INSERT IGNORE INTO pool_gameobject VALUES (197831,10831,5,'Hellfire Peninsula 181557, node 30');
INSERT IGNORE INTO pool_template VALUES (10831,1,'Hellfire Peninsula mineral, node 30');
INSERT IGNORE INTO pool_pool VALUES (10831,890,0,'Hellfire Peninsula mineral, node 30');

UPDATE gameobject SET guid=197830 WHERE guid=28193;
INSERT IGNORE INTO pool_gameobject VALUES (197830,10832,0,'Hellfire Peninsula 181555, node 31');
INSERT IGNORE INTO gameobject VALUES (197829,181557,530,1,1,-1066.6,3233.53,70.4624,2.9845,0.0,0.0,0.0,1.0,3600,100,1);
INSERT IGNORE INTO pool_gameobject VALUES (197829,10832,5,'Hellfire Peninsula 181557, node 31');
INSERT IGNORE INTO pool_template VALUES (10832,1,'Hellfire Peninsula mineral, node 31');
INSERT IGNORE INTO pool_pool VALUES (10832,890,0,'Hellfire Peninsula mineral, node 31');

UPDATE gameobject SET guid=197828 WHERE guid=28200;
INSERT IGNORE INTO pool_gameobject VALUES (197828,10833,0,'Hellfire Peninsula 181555, node 32');
INSERT IGNORE INTO gameobject VALUES (197827,181557,530,1,1,236.291,3814.8,178.586,0.994837,0.0,0.0,0.0,1.0,3600,100,1);
INSERT IGNORE INTO pool_gameobject VALUES (197827,10833,5,'Hellfire Peninsula 181557, node 32');
INSERT IGNORE INTO pool_template VALUES (10833,1,'Hellfire Peninsula mineral, node 32');
INSERT IGNORE INTO pool_pool VALUES (10833,890,0,'Hellfire Peninsula mineral, node 32');

UPDATE gameobject SET guid=197826 WHERE guid=28207;
INSERT IGNORE INTO pool_gameobject VALUES (197826,10834,0,'Hellfire Peninsula 181555, node 33');
INSERT IGNORE INTO gameobject VALUES (197825,181557,530,1,1,366.617,3584.06,180.03,-2.75761,0.0,0.0,0.0,1.0,3600,100,1);
INSERT IGNORE INTO pool_gameobject VALUES (197825,10834,5,'Hellfire Peninsula 181557, node 33');
INSERT IGNORE INTO pool_template VALUES (10834,1,'Hellfire Peninsula mineral, node 33');
INSERT IGNORE INTO pool_pool VALUES (10834,890,0,'Hellfire Peninsula mineral, node 33');

UPDATE gameobject SET guid=197824 WHERE guid=28209;
INSERT IGNORE INTO pool_gameobject VALUES (197824,10835,0,'Hellfire Peninsula 181555, node 34');
INSERT IGNORE INTO gameobject VALUES (197823,181557,530,1,1,-1030.89,4182.99,20.1927,1.37881,0.0,0.0,0.0,1.0,3600,100,1);
INSERT IGNORE INTO pool_gameobject VALUES (197823,10835,5,'Hellfire Peninsula 181557, node 34');
INSERT IGNORE INTO pool_template VALUES (10835,1,'Hellfire Peninsula mineral, node 34');
INSERT IGNORE INTO pool_pool VALUES (10835,890,0,'Hellfire Peninsula mineral, node 34');

UPDATE gameobject SET guid=197822 WHERE guid=28236;
INSERT IGNORE INTO pool_gameobject VALUES (197822,10836,0,'Hellfire Peninsula 181555, node 35');
INSERT IGNORE INTO gameobject VALUES (197821,181557,530,1,1,-910.944,4111.33,33.2484,-1.83259,0.0,0.0,0.0,1.0,3600,100,1);
INSERT IGNORE INTO pool_gameobject VALUES (197821,10836,5,'Hellfire Peninsula 181557, node 35');
INSERT IGNORE INTO pool_template VALUES (10836,1,'Hellfire Peninsula mineral, node 35');
INSERT IGNORE INTO pool_pool VALUES (10836,890,0,'Hellfire Peninsula mineral, node 35');

UPDATE gameobject SET guid=197820 WHERE guid=28239;
INSERT IGNORE INTO pool_gameobject VALUES (197820,10837,0,'Hellfire Peninsula 181555, node 36');
INSERT IGNORE INTO gameobject VALUES (197819,181557,530,1,1,-753.61,3665.93,27.7752,-2.53072,0.0,0.0,0.0,1.0,3600,100,1);
INSERT IGNORE INTO pool_gameobject VALUES (197819,10837,5,'Hellfire Peninsula 181557, node 36');
INSERT IGNORE INTO pool_template VALUES (10837,1,'Hellfire Peninsula mineral, node 36');
INSERT IGNORE INTO pool_pool VALUES (10837,890,0,'Hellfire Peninsula mineral, node 36');

UPDATE gameobject SET guid=197818 WHERE guid=28243;
INSERT IGNORE INTO pool_gameobject VALUES (197818,10838,0,'Hellfire Peninsula 181555, node 37');
INSERT IGNORE INTO gameobject VALUES (197817,181557,530,1,1,75.5394,3693.81,191.735,-0.680679,0.0,0.0,0.0,1.0,3600,100,1);
INSERT IGNORE INTO pool_gameobject VALUES (197817,10838,5,'Hellfire Peninsula 181557, node 37');
INSERT IGNORE INTO pool_template VALUES (10838,1,'Hellfire Peninsula mineral, node 37');
INSERT IGNORE INTO pool_pool VALUES (10838,890,0,'Hellfire Peninsula mineral, node 37');

UPDATE gameobject SET guid=197816 WHERE guid=28246;
INSERT IGNORE INTO pool_gameobject VALUES (197816,10839,0,'Hellfire Peninsula 181555, node 38');
INSERT IGNORE INTO gameobject VALUES (197815,181557,530,1,1,322.034,3308.49,74.2656,-1.13446,0.0,0.0,0.0,1.0,3600,100,1);
INSERT IGNORE INTO pool_gameobject VALUES (197815,10839,5,'Hellfire Peninsula 181557, node 38');
INSERT IGNORE INTO pool_template VALUES (10839,1,'Hellfire Peninsula mineral, node 38');
INSERT IGNORE INTO pool_pool VALUES (10839,890,0,'Hellfire Peninsula mineral, node 38');

UPDATE gameobject SET guid=197814 WHERE guid=28247;
INSERT IGNORE INTO pool_gameobject VALUES (197814,10840,0,'Hellfire Peninsula 181555, node 39');
INSERT IGNORE INTO gameobject VALUES (197813,181557,530,1,1,-814.557,3741.09,121.685,2.94959,0.0,0.0,0.0,1.0,3600,100,1);
INSERT IGNORE INTO pool_gameobject VALUES (197813,10840,5,'Hellfire Peninsula 181557, node 39');
INSERT IGNORE INTO pool_template VALUES (10840,1,'Hellfire Peninsula mineral, node 39');
INSERT IGNORE INTO pool_pool VALUES (10840,890,0,'Hellfire Peninsula mineral, node 39');

UPDATE gameobject SET guid=197812 WHERE guid=28258;
INSERT IGNORE INTO pool_gameobject VALUES (197812,10841,0,'Hellfire Peninsula 181555, node 40');
INSERT IGNORE INTO gameobject VALUES (197811,181557,530,1,1,-1376.3,3215.31,28.4537,0.925024,0.0,0.0,0.0,1.0,3600,100,1);
INSERT IGNORE INTO pool_gameobject VALUES (197811,10841,5,'Hellfire Peninsula 181557, node 40');
INSERT IGNORE INTO pool_template VALUES (10841,1,'Hellfire Peninsula mineral, node 40');
INSERT IGNORE INTO pool_pool VALUES (10841,890,0,'Hellfire Peninsula mineral, node 40');

UPDATE gameobject SET guid=197810 WHERE guid=28260;
INSERT IGNORE INTO pool_gameobject VALUES (197810,10842,0,'Hellfire Peninsula 181555, node 41');
INSERT IGNORE INTO gameobject VALUES (197809,181557,530,1,1,-519.61,2812.36,55.9804,-2.94959,0.0,0.0,0.0,1.0,3600,100,1);
INSERT IGNORE INTO pool_gameobject VALUES (197809,10842,5,'Hellfire Peninsula 181557, node 41');
INSERT IGNORE INTO pool_template VALUES (10842,1,'Hellfire Peninsula mineral, node 41');
INSERT IGNORE INTO pool_pool VALUES (10842,890,0,'Hellfire Peninsula mineral, node 41');

UPDATE gameobject SET guid=197808 WHERE guid=29689;
INSERT IGNORE INTO pool_gameobject VALUES (197808,10843,0,'Hellfire Peninsula 181555, node 42');
INSERT IGNORE INTO gameobject VALUES (197807,181557,530,1,1,-148.203,1962.83,91.9927,0.418879,0.0,0.0,0.207912,0.978148,3600,100,1);
INSERT IGNORE INTO pool_gameobject VALUES (197807,10843,5,'Hellfire Peninsula 181557, node 42');
INSERT IGNORE INTO pool_template VALUES (10843,1,'Hellfire Peninsula mineral, node 42');
INSERT IGNORE INTO pool_pool VALUES (10843,890,0,'Hellfire Peninsula mineral, node 42');

UPDATE gameobject SET guid=197806 WHERE guid=29694;
INSERT IGNORE INTO pool_gameobject VALUES (197806,10844,0,'Hellfire Peninsula 181555, node 43');
INSERT IGNORE INTO gameobject VALUES (197805,181557,530,1,1,-267.064,2371.33,49.6327,0.174533,0.0,0.0,0.087156,0.996195,3600,100,1);
INSERT IGNORE INTO pool_gameobject VALUES (197805,10844,5,'Hellfire Peninsula 181557, node 43');
INSERT IGNORE INTO pool_template VALUES (10844,1,'Hellfire Peninsula mineral, node 43');
INSERT IGNORE INTO pool_pool VALUES (10844,890,0,'Hellfire Peninsula mineral, node 43');

UPDATE gameobject SET guid=197804 WHERE guid=29706;
INSERT IGNORE INTO pool_gameobject VALUES (197804,10845,0,'Hellfire Peninsula 181555, node 44');
INSERT IGNORE INTO gameobject VALUES (197803,181557,530,1,1,-170.062,2540.67,41.5899,-0.925024,0.0,0.0,0.446198,-0.894934,3600,100,1);
INSERT IGNORE INTO pool_gameobject VALUES (197803,10845,5,'Hellfire Peninsula 181557, node 44');
INSERT IGNORE INTO pool_template VALUES (10845,1,'Hellfire Peninsula mineral, node 44');
INSERT IGNORE INTO pool_pool VALUES (10845,890,0,'Hellfire Peninsula mineral, node 44');

UPDATE gameobject SET guid=197802 WHERE guid=29709;
INSERT IGNORE INTO pool_gameobject VALUES (197802,10846,0,'Hellfire Peninsula 181555, node 45');
INSERT IGNORE INTO gameobject VALUES (197801,181557,530,1,1,-214.828,2699.99,-10.8825,-0.069813,0.0,0.0,0.034899,-0.999391,3600,100,1);
INSERT IGNORE INTO pool_gameobject VALUES (197801,10846,5,'Hellfire Peninsula 181557, node 45');
INSERT IGNORE INTO pool_template VALUES (10846,1,'Hellfire Peninsula mineral, node 45');
INSERT IGNORE INTO pool_pool VALUES (10846,890,0,'Hellfire Peninsula mineral, node 45');

UPDATE gameobject SET guid=197800 WHERE guid=29718;
INSERT IGNORE INTO pool_gameobject VALUES (197800,10847,0,'Hellfire Peninsula 181555, node 46');
INSERT IGNORE INTO gameobject VALUES (197799,181557,530,1,1,-675.133,3437.08,67.9027,0.680678,0.0,0.0,0.333807,0.942641,3600,100,1);
INSERT IGNORE INTO pool_gameobject VALUES (197799,10847,5,'Hellfire Peninsula 181557, node 46');
INSERT IGNORE INTO pool_template VALUES (10847,1,'Hellfire Peninsula mineral, node 46');
INSERT IGNORE INTO pool_pool VALUES (10847,890,0,'Hellfire Peninsula mineral, node 46');

UPDATE gameobject SET guid=197798 WHERE guid=32145;
INSERT IGNORE INTO pool_gameobject VALUES (197798,10848,0,'Hellfire Peninsula 181555, node 47');
INSERT IGNORE INTO gameobject VALUES (197797,181557,530,1,1,-1453.24,2675.74,-40.0814,-0.750491,0.0,0.0,0.366501,-0.930418,3600,100,1);
INSERT IGNORE INTO pool_gameobject VALUES (197797,10848,5,'Hellfire Peninsula 181557, node 47');
INSERT IGNORE INTO pool_template VALUES (10848,1,'Hellfire Peninsula mineral, node 47');
INSERT IGNORE INTO pool_pool VALUES (10848,890,0,'Hellfire Peninsula mineral, node 47');

UPDATE gameobject SET guid=197796 WHERE guid=32306;
INSERT IGNORE INTO pool_gameobject VALUES (197796,10849,0,'Hellfire Peninsula 181555, node 48');
INSERT IGNORE INTO gameobject VALUES (197795,181557,530,1,1,-1702.56,3742.07,54.5829,0.349066,0.0,0.0,0.173648,0.984808,3600,100,1);
INSERT IGNORE INTO pool_gameobject VALUES (197795,10849,5,'Hellfire Peninsula 181557, node 48');
INSERT IGNORE INTO pool_template VALUES (10849,1,'Hellfire Peninsula mineral, node 48');
INSERT IGNORE INTO pool_pool VALUES (10849,890,0,'Hellfire Peninsula mineral, node 48');

UPDATE gameobject SET guid=197794 WHERE guid=40633;
INSERT IGNORE INTO pool_gameobject VALUES (197794,10850,0,'Hellfire Peninsula 181555, node 49');
INSERT IGNORE INTO gameobject VALUES (197793,181557,530,1,1,-798.499,2315.52,-11.1225,0.0,0.0,0.0,0.0,0.0,3600,100,1);
INSERT IGNORE INTO pool_gameobject VALUES (197793,10850,5,'Hellfire Peninsula 181557, node 49');
INSERT IGNORE INTO pool_template VALUES (10850,1,'Hellfire Peninsula mineral, node 49');
INSERT IGNORE INTO pool_pool VALUES (10850,890,0,'Hellfire Peninsula mineral, node 49');

UPDATE gameobject SET guid=197792 WHERE guid=40634;
INSERT IGNORE INTO pool_gameobject VALUES (197792,10851,0,'Hellfire Peninsula 181555, node 50');
INSERT IGNORE INTO gameobject VALUES (197791,181557,530,1,1,-1170.41,2494.74,37.2116,0.0,0.0,0.0,0.0,0.0,3600,100,1);
INSERT IGNORE INTO pool_gameobject VALUES (197791,10851,5,'Hellfire Peninsula 181557, node 50');
INSERT IGNORE INTO pool_template VALUES (10851,1,'Hellfire Peninsula mineral, node 50');
INSERT IGNORE INTO pool_pool VALUES (10851,890,0,'Hellfire Peninsula mineral, node 50');

UPDATE gameobject SET guid=197790 WHERE guid=40635;
INSERT IGNORE INTO pool_gameobject VALUES (197790,10852,0,'Hellfire Peninsula 181555, node 51');
INSERT IGNORE INTO gameobject VALUES (197789,181557,530,1,1,-1410.3,3094.17,8.24394,0.0,0.0,0.0,0.0,0.0,3600,100,1);
INSERT IGNORE INTO pool_gameobject VALUES (197789,10852,5,'Hellfire Peninsula 181557, node 51');
INSERT IGNORE INTO pool_template VALUES (10852,1,'Hellfire Peninsula mineral, node 51');
INSERT IGNORE INTO pool_pool VALUES (10852,890,0,'Hellfire Peninsula mineral, node 51');

UPDATE gameobject SET guid=197788 WHERE guid=40636;
INSERT IGNORE INTO pool_gameobject VALUES (197788,10853,0,'Hellfire Peninsula 181555, node 52');
INSERT IGNORE INTO gameobject VALUES (197787,181557,530,1,1,-749.226,4464.4,110.291,0.0,0.0,0.0,0.0,0.0,3600,100,1);
INSERT IGNORE INTO pool_gameobject VALUES (197787,10853,5,'Hellfire Peninsula 181557, node 52');
INSERT IGNORE INTO pool_template VALUES (10853,1,'Hellfire Peninsula mineral, node 52');
INSERT IGNORE INTO pool_pool VALUES (10853,890,0,'Hellfire Peninsula mineral, node 52');

UPDATE gameobject SET guid=197786 WHERE guid=40637;
INSERT IGNORE INTO pool_gameobject VALUES (197786,10854,0,'Hellfire Peninsula 181555, node 53');
INSERT IGNORE INTO gameobject VALUES (197785,181557,530,1,1,451.589,2441.34,152.362,0.0,0.0,0.0,0.0,0.0,3600,100,1);
INSERT IGNORE INTO pool_gameobject VALUES (197785,10854,5,'Hellfire Peninsula 181557, node 53');
INSERT IGNORE INTO pool_template VALUES (10854,1,'Hellfire Peninsula mineral, node 53');
INSERT IGNORE INTO pool_pool VALUES (10854,890,0,'Hellfire Peninsula mineral, node 53');

UPDATE gameobject SET guid=197784 WHERE guid=40638;
INSERT IGNORE INTO pool_gameobject VALUES (197784,10855,0,'Hellfire Peninsula 181555, node 54');
INSERT IGNORE INTO gameobject VALUES (197783,181557,530,1,1,-1127.64,2156.77,65.0926,3.00195,0.0,0.0,0.0,1.0,3600,255,1);
INSERT IGNORE INTO pool_gameobject VALUES (197783,10855,5,'Hellfire Peninsula 181557, node 54');
INSERT IGNORE INTO pool_template VALUES (10855,1,'Hellfire Peninsula mineral, node 54');
INSERT IGNORE INTO pool_pool VALUES (10855,890,0,'Hellfire Peninsula mineral, node 54');

UPDATE gameobject SET guid=197782 WHERE guid=40639;
INSERT IGNORE INTO pool_gameobject VALUES (197782,10856,0,'Hellfire Peninsula 181555, node 55');
INSERT IGNORE INTO gameobject VALUES (197781,181557,530,1,1,-949.871,3717.0,99.3738,0.0,0.0,0.0,0.0,0.0,3600,100,1);
INSERT IGNORE INTO pool_gameobject VALUES (197781,10856,5,'Hellfire Peninsula 181557, node 55');
INSERT IGNORE INTO pool_template VALUES (10856,1,'Hellfire Peninsula mineral, node 55');
INSERT IGNORE INTO pool_pool VALUES (10856,890,0,'Hellfire Peninsula mineral, node 55');

UPDATE gameobject SET guid=197780 WHERE guid=40640;
INSERT IGNORE INTO pool_gameobject VALUES (197780,10857,0,'Hellfire Peninsula 181555, node 56');
INSERT IGNORE INTO gameobject VALUES (197779,181557,530,1,1,-988.333,4091.49,84.6538,0.0,0.0,0.0,0.0,0.0,3600,100,1);
INSERT IGNORE INTO pool_gameobject VALUES (197779,10857,5,'Hellfire Peninsula 181557, node 56');
INSERT IGNORE INTO pool_template VALUES (10857,1,'Hellfire Peninsula mineral, node 56');
INSERT IGNORE INTO pool_pool VALUES (10857,890,0,'Hellfire Peninsula mineral, node 56');

UPDATE gameobject SET guid=197778 WHERE guid=40641;
INSERT IGNORE INTO pool_gameobject VALUES (197778,10858,0,'Hellfire Peninsula 181555, node 57');
INSERT IGNORE INTO gameobject VALUES (197777,181557,530,1,1,-926.982,2876.58,3.51087,0.0,0.0,0.0,0.0,0.0,3600,100,1);
INSERT IGNORE INTO pool_gameobject VALUES (197777,10858,5,'Hellfire Peninsula 181557, node 57');
INSERT IGNORE INTO pool_template VALUES (10858,1,'Hellfire Peninsula mineral, node 57');
INSERT IGNORE INTO pool_pool VALUES (10858,890,0,'Hellfire Peninsula mineral, node 57');

UPDATE gameobject SET guid=197776 WHERE guid=40642;
INSERT IGNORE INTO pool_gameobject VALUES (197776,10859,0,'Hellfire Peninsula 181555, node 58');
INSERT IGNORE INTO gameobject VALUES (197775,181557,530,1,1,-1471.08,3569.43,58.4823,-0.174532,0.0,0.0,0.0,1.0,3600,255,1);
INSERT IGNORE INTO pool_gameobject VALUES (197775,10859,5,'Hellfire Peninsula 181557, node 58');
INSERT IGNORE INTO pool_template VALUES (10859,1,'Hellfire Peninsula mineral, node 58');
INSERT IGNORE INTO pool_pool VALUES (10859,890,0,'Hellfire Peninsula mineral, node 58');

UPDATE gameobject SET guid=197774 WHERE guid=40643;
INSERT IGNORE INTO pool_gameobject VALUES (197774,10860,0,'Hellfire Peninsula 181555, node 59');
INSERT IGNORE INTO gameobject VALUES (197773,181557,530,1,1,-361.643,1726.9,56.4336,0.0,0.0,0.0,0.0,0.0,3600,100,1);
INSERT IGNORE INTO pool_gameobject VALUES (197773,10860,5,'Hellfire Peninsula 181557, node 59');
INSERT IGNORE INTO pool_template VALUES (10860,1,'Hellfire Peninsula mineral, node 59');
INSERT IGNORE INTO pool_pool VALUES (10860,890,0,'Hellfire Peninsula mineral, node 59');

UPDATE gameobject SET guid=197772 WHERE guid=40644;
INSERT IGNORE INTO pool_gameobject VALUES (197772,10861,0,'Hellfire Peninsula 181555, node 60');
INSERT IGNORE INTO gameobject VALUES (197771,181557,530,1,1,-349.353,4210.17,112.101,0.0,0.0,0.0,0.0,0.0,3600,100,1);
INSERT IGNORE INTO pool_gameobject VALUES (197771,10861,5,'Hellfire Peninsula 181557, node 60');
INSERT IGNORE INTO pool_template VALUES (10861,1,'Hellfire Peninsula mineral, node 60');
INSERT IGNORE INTO pool_pool VALUES (10861,890,0,'Hellfire Peninsula mineral, node 60');

UPDATE gameobject SET guid=197770 WHERE guid=42249;
INSERT IGNORE INTO pool_gameobject VALUES (197770,10862,0,'Hellfire Peninsula 181555, node 61');
INSERT IGNORE INTO gameobject VALUES (197769,181557,530,1,1,-1135.22,2537.35,49.9528,1.5708,0.0,0.0,0.707107,0.707107,3600,100,1);
INSERT IGNORE INTO pool_gameobject VALUES (197769,10862,5,'Hellfire Peninsula 181557, node 61');
INSERT IGNORE INTO pool_template VALUES (10862,1,'Hellfire Peninsula mineral, node 61');
INSERT IGNORE INTO pool_pool VALUES (10862,890,0,'Hellfire Peninsula mineral, node 61');

UPDATE gameobject SET guid=197768 WHERE guid=42250;
INSERT IGNORE INTO pool_gameobject VALUES (197768,10863,0,'Hellfire Peninsula 181555, node 62');
INSERT IGNORE INTO gameobject VALUES (197767,181557,530,1,1,505.107,2192.62,138.863,1.51844,0.0,0.0,0.688355,0.725374,3600,100,1);
INSERT IGNORE INTO pool_gameobject VALUES (197767,10863,5,'Hellfire Peninsula 181557, node 62');
INSERT IGNORE INTO pool_template VALUES (10863,1,'Hellfire Peninsula mineral, node 62');
INSERT IGNORE INTO pool_pool VALUES (10863,890,0,'Hellfire Peninsula mineral, node 62');

UPDATE gameobject SET guid=197766 WHERE guid=42251;
INSERT IGNORE INTO pool_gameobject VALUES (197766,10864,0,'Hellfire Peninsula 181555, node 63');
INSERT IGNORE INTO gameobject VALUES (197765,181557,530,1,1,-1371.16,2673.7,-17.1434,2.40855,0.0,0.0,0.93358,0.358368,3600,100,1);
INSERT IGNORE INTO pool_gameobject VALUES (197765,10864,5,'Hellfire Peninsula 181557, node 63');
INSERT IGNORE INTO pool_template VALUES (10864,1,'Hellfire Peninsula mineral, node 63');
INSERT IGNORE INTO pool_pool VALUES (10864,890,0,'Hellfire Peninsula mineral, node 63');

UPDATE gameobject SET guid=197764 WHERE guid=42253;
INSERT IGNORE INTO pool_gameobject VALUES (197764,10865,0,'Hellfire Peninsula 181555, node 64');
INSERT IGNORE INTO gameobject VALUES (197763,181557,530,1,1,163.453,4610.03,75.9506,-2.28638,0.0,0.0,0.909961,-0.414693,3600,100,1);
INSERT IGNORE INTO pool_gameobject VALUES (197763,10865,5,'Hellfire Peninsula 181557, node 64');
INSERT IGNORE INTO pool_template VALUES (10865,1,'Hellfire Peninsula mineral, node 64');
INSERT IGNORE INTO pool_pool VALUES (10865,890,0,'Hellfire Peninsula mineral, node 64');

UPDATE gameobject SET guid=197762 WHERE guid=42270;
INSERT IGNORE INTO pool_gameobject VALUES (197762,10866,0,'Hellfire Peninsula 181555, node 65');
INSERT IGNORE INTO gameobject VALUES (197761,181557,530,1,1,351.625,2546.32,159.208,-1.3439,0.0,0.0,0.622515,-0.782608,3600,100,1);
INSERT IGNORE INTO pool_gameobject VALUES (197761,10866,5,'Hellfire Peninsula 181557, node 65');
INSERT IGNORE INTO pool_template VALUES (10866,1,'Hellfire Peninsula mineral, node 65');
INSERT IGNORE INTO pool_pool VALUES (10866,890,0,'Hellfire Peninsula mineral, node 65');

UPDATE gameobject SET guid=197760 WHERE guid=42271;
INSERT IGNORE INTO pool_gameobject VALUES (197760,10867,0,'Hellfire Peninsula 181555, node 66');
INSERT IGNORE INTO gameobject VALUES (197759,181557,530,1,1,-1192.43,1989.05,75.0078,-1.79769,0.0,0.0,0.782608,-0.622515,3600,100,1);
INSERT IGNORE INTO pool_gameobject VALUES (197759,10867,5,'Hellfire Peninsula 181557, node 66');
INSERT IGNORE INTO pool_template VALUES (10867,1,'Hellfire Peninsula mineral, node 66');
INSERT IGNORE INTO pool_pool VALUES (10867,890,0,'Hellfire Peninsula mineral, node 66');

UPDATE gameobject SET guid=197758 WHERE guid=42272;
INSERT IGNORE INTO pool_gameobject VALUES (197758,10868,0,'Hellfire Peninsula 181555, node 67');
INSERT IGNORE INTO gameobject VALUES (197757,181557,530,1,1,491.518,2682.46,202.798,2.21657,0.0,0.0,0.894934,0.446198,3600,100,1);
INSERT IGNORE INTO pool_gameobject VALUES (197757,10868,5,'Hellfire Peninsula 181557, node 67');
INSERT IGNORE INTO pool_template VALUES (10868,1,'Hellfire Peninsula mineral, node 67');
INSERT IGNORE INTO pool_pool VALUES (10868,890,0,'Hellfire Peninsula mineral, node 67');

UPDATE gameobject SET guid=197756 WHERE guid=42273;
INSERT IGNORE INTO pool_gameobject VALUES (197756,10869,0,'Hellfire Peninsula 181555, node 68');
INSERT IGNORE INTO gameobject VALUES (197755,181557,530,1,1,-1563.11,3718.51,48.5127,0.191986,0.0,0.0,0.095846,0.995396,3600,100,1);
INSERT IGNORE INTO pool_gameobject VALUES (197755,10869,5,'Hellfire Peninsula 181557, node 68');
INSERT IGNORE INTO pool_template VALUES (10869,1,'Hellfire Peninsula mineral, node 68');
INSERT IGNORE INTO pool_pool VALUES (10869,890,0,'Hellfire Peninsula mineral, node 68');

UPDATE gameobject SET guid=197754 WHERE guid=42275;
INSERT IGNORE INTO pool_gameobject VALUES (197754,10870,0,'Hellfire Peninsula 181555, node 69');
INSERT IGNORE INTO gameobject VALUES (197753,181557,530,1,1,77.0349,4748.08,67.3427,-0.10472,0.0,0.0,0.052336,-0.99863,3600,100,1);
INSERT IGNORE INTO pool_gameobject VALUES (197753,10870,5,'Hellfire Peninsula 181557, node 69');
INSERT IGNORE INTO pool_template VALUES (10870,1,'Hellfire Peninsula mineral, node 69');
INSERT IGNORE INTO pool_pool VALUES (10870,890,0,'Hellfire Peninsula mineral, node 69');

UPDATE gameobject SET guid=197752 WHERE guid=42276;
INSERT IGNORE INTO pool_gameobject VALUES (197752,10871,0,'Hellfire Peninsula 181555, node 70');
INSERT IGNORE INTO gameobject VALUES (197751,181557,530,1,1,-234.318,3815.57,85.8281,-2.09439,0.0,0.0,0.866025,-0.5,3600,100,1);
INSERT IGNORE INTO pool_gameobject VALUES (197751,10871,5,'Hellfire Peninsula 181557, node 70');
INSERT IGNORE INTO pool_template VALUES (10871,1,'Hellfire Peninsula mineral, node 70');
INSERT IGNORE INTO pool_pool VALUES (10871,890,0,'Hellfire Peninsula mineral, node 70');

UPDATE gameobject SET guid=197750 WHERE guid=42277;
INSERT IGNORE INTO pool_gameobject VALUES (197750,10872,0,'Hellfire Peninsula 181555, node 71');
INSERT IGNORE INTO gameobject VALUES (197749,181557,530,1,1,-311.072,2011.39,115.527,-0.191986,0.0,0.0,0.095846,-0.995396,3600,100,1);
INSERT IGNORE INTO pool_gameobject VALUES (197749,10872,5,'Hellfire Peninsula 181557, node 71');
INSERT IGNORE INTO pool_template VALUES (10872,1,'Hellfire Peninsula mineral, node 71');
INSERT IGNORE INTO pool_pool VALUES (10872,890,0,'Hellfire Peninsula mineral, node 71');

UPDATE gameobject SET guid=197748 WHERE guid=42278;
INSERT IGNORE INTO pool_gameobject VALUES (197748,10873,0,'Hellfire Peninsula 181555, node 72');
INSERT IGNORE INTO gameobject VALUES (197747,181557,530,1,1,-355.414,3593.26,16.1905,-2.58309,0.0,0.0,0.961262,-0.275637,3600,100,1);
INSERT IGNORE INTO pool_gameobject VALUES (197747,10873,5,'Hellfire Peninsula 181557, node 72');
INSERT IGNORE INTO pool_template VALUES (10873,1,'Hellfire Peninsula mineral, node 72');
INSERT IGNORE INTO pool_pool VALUES (10873,890,0,'Hellfire Peninsula mineral, node 72');

UPDATE gameobject SET guid=197746 WHERE guid=42279;
INSERT IGNORE INTO pool_gameobject VALUES (197746,10874,0,'Hellfire Peninsula 181555, node 73');
INSERT IGNORE INTO gameobject VALUES (197745,181557,530,1,1,-83.9682,2036.0,97.9171,-2.46091,0.0,0.0,0.942641,-0.333807,3600,100,1);
INSERT IGNORE INTO pool_gameobject VALUES (197745,10874,5,'Hellfire Peninsula 181557, node 73');
INSERT IGNORE INTO pool_template VALUES (10874,1,'Hellfire Peninsula mineral, node 73');
INSERT IGNORE INTO pool_pool VALUES (10874,890,0,'Hellfire Peninsula mineral, node 73');

UPDATE gameobject SET guid=197744 WHERE guid=42280;
INSERT IGNORE INTO pool_gameobject VALUES (197744,10875,0,'Hellfire Peninsula 181555, node 74');
INSERT IGNORE INTO gameobject VALUES (197743,181557,530,1,1,-1383.6,2757.85,-44.522,-1.09956,0.0,0.0,0.522499,-0.85264,3600,100,1);
INSERT IGNORE INTO pool_gameobject VALUES (197743,10875,5,'Hellfire Peninsula 181557, node 74');
INSERT IGNORE INTO pool_template VALUES (10875,1,'Hellfire Peninsula mineral, node 74');
INSERT IGNORE INTO pool_pool VALUES (10875,890,0,'Hellfire Peninsula mineral, node 74');

UPDATE gameobject SET guid=197742 WHERE guid=42281;
INSERT IGNORE INTO pool_gameobject VALUES (197742,10876,0,'Hellfire Peninsula 181555, node 75');
INSERT IGNORE INTO gameobject VALUES (197741,181557,530,1,1,152.045,4906.01,75.0122,-0.820305,0.0,0.0,0.398749,-0.91706,3600,100,1);
INSERT IGNORE INTO pool_gameobject VALUES (197741,10876,5,'Hellfire Peninsula 181557, node 75');
INSERT IGNORE INTO pool_template VALUES (10876,1,'Hellfire Peninsula mineral, node 75');
INSERT IGNORE INTO pool_pool VALUES (10876,890,0,'Hellfire Peninsula mineral, node 75');

UPDATE gameobject SET guid=197740 WHERE guid=42282;
INSERT IGNORE INTO pool_gameobject VALUES (197740,10877,0,'Hellfire Peninsula 181555, node 76');
INSERT IGNORE INTO gameobject VALUES (197739,181557,530,1,1,-773.854,3134.44,-14.4857,-2.80998,0.0,0.0,0.986286,-0.165048,3600,100,1);
INSERT IGNORE INTO pool_gameobject VALUES (197739,10877,5,'Hellfire Peninsula 181557, node 76');
INSERT IGNORE INTO pool_template VALUES (10877,1,'Hellfire Peninsula mineral, node 76');
INSERT IGNORE INTO pool_pool VALUES (10877,890,0,'Hellfire Peninsula mineral, node 76');

UPDATE gameobject SET guid=197738 WHERE guid=42283;
INSERT IGNORE INTO pool_gameobject VALUES (197738,10878,0,'Hellfire Peninsula 181555, node 77');
INSERT IGNORE INTO gameobject VALUES (197737,181557,530,1,1,127.795,4065.18,69.2198,-1.51844,0.0,0.0,0.688354,-0.725374,3600,100,1);
INSERT IGNORE INTO pool_gameobject VALUES (197737,10878,5,'Hellfire Peninsula 181557, node 77');
INSERT IGNORE INTO pool_template VALUES (10878,1,'Hellfire Peninsula mineral, node 77');
INSERT IGNORE INTO pool_pool VALUES (10878,890,0,'Hellfire Peninsula mineral, node 77');

UPDATE gameobject SET guid=197736 WHERE guid=42285;
INSERT IGNORE INTO pool_gameobject VALUES (197736,10879,0,'Hellfire Peninsula 181555, node 78');
INSERT IGNORE INTO gameobject VALUES (197735,181557,530,1,1,93.5405,4847.91,68.5572,1.78024,0.0,0.0,0.777146,0.62932,3600,100,1);
INSERT IGNORE INTO pool_gameobject VALUES (197735,10879,5,'Hellfire Peninsula 181557, node 78');
INSERT IGNORE INTO pool_template VALUES (10879,1,'Hellfire Peninsula mineral, node 78');
INSERT IGNORE INTO pool_pool VALUES (10879,890,0,'Hellfire Peninsula mineral, node 78');

UPDATE gameobject SET guid=197734 WHERE guid=42287;
INSERT IGNORE INTO pool_gameobject VALUES (197734,10880,0,'Hellfire Peninsula 181555, node 79');
INSERT IGNORE INTO gameobject VALUES (197733,181557,530,1,1,-371.08,4889.92,34.1058,-0.069813,0.0,0.0,0.034899,-0.999391,3600,100,1);
INSERT IGNORE INTO pool_gameobject VALUES (197733,10880,5,'Hellfire Peninsula 181557, node 79');
INSERT IGNORE INTO pool_template VALUES (10880,1,'Hellfire Peninsula mineral, node 79');
INSERT IGNORE INTO pool_pool VALUES (10880,890,0,'Hellfire Peninsula mineral, node 79');

UPDATE gameobject SET guid=197732 WHERE guid=42288;
INSERT IGNORE INTO pool_gameobject VALUES (197732,10881,0,'Hellfire Peninsula 181555, node 80');
INSERT IGNORE INTO gameobject VALUES (197731,181557,530,1,1,157.88,3618.23,84.0151,-1.67552,0.0,0.0,0.743145,-0.669131,3600,100,1);
INSERT IGNORE INTO pool_gameobject VALUES (197731,10881,5,'Hellfire Peninsula 181557, node 80');
INSERT IGNORE INTO pool_template VALUES (10881,1,'Hellfire Peninsula mineral, node 80');
INSERT IGNORE INTO pool_pool VALUES (10881,890,0,'Hellfire Peninsula mineral, node 80');

UPDATE gameobject SET guid=197730 WHERE guid=42289;
INSERT IGNORE INTO pool_gameobject VALUES (197730,10882,0,'Hellfire Peninsula 181555, node 81');
INSERT IGNORE INTO gameobject VALUES (197729,181557,530,1,1,-1085.26,1527.89,57.345,1.48353,0.0,0.0,0.67559,0.737277,3600,100,1);
INSERT IGNORE INTO pool_gameobject VALUES (197729,10882,5,'Hellfire Peninsula 181557, node 81');
INSERT IGNORE INTO pool_template VALUES (10882,1,'Hellfire Peninsula mineral, node 81');
INSERT IGNORE INTO pool_pool VALUES (10882,890,0,'Hellfire Peninsula mineral, node 81');

UPDATE gameobject SET guid=197728 WHERE guid=42290;
INSERT IGNORE INTO pool_gameobject VALUES (197728,10883,0,'Hellfire Peninsula 181555, node 82');
INSERT IGNORE INTO gameobject VALUES (197727,181557,530,1,1,-468.954,2067.11,93.4363,1.16937,0.0,0.0,0.551937,0.833886,3600,100,1);
INSERT IGNORE INTO pool_gameobject VALUES (197727,10883,5,'Hellfire Peninsula 181557, node 82');
INSERT IGNORE INTO pool_template VALUES (10883,1,'Hellfire Peninsula mineral, node 82');
INSERT IGNORE INTO pool_pool VALUES (10883,890,0,'Hellfire Peninsula mineral, node 82');

UPDATE gameobject SET guid=197726 WHERE guid=42292;
INSERT IGNORE INTO pool_gameobject VALUES (197726,10884,0,'Hellfire Peninsula 181555, node 83');
INSERT IGNORE INTO gameobject VALUES (197725,181557,530,1,1,-854.218,4421.1,86.1487,0.942478,0.0,0.0,0.45399,0.891007,3600,100,1);
INSERT IGNORE INTO pool_gameobject VALUES (197725,10884,5,'Hellfire Peninsula 181557, node 83');
INSERT IGNORE INTO pool_template VALUES (10884,1,'Hellfire Peninsula mineral, node 83');
INSERT IGNORE INTO pool_pool VALUES (10884,890,0,'Hellfire Peninsula mineral, node 83');

UPDATE gameobject SET guid=197724 WHERE guid=42293;
INSERT IGNORE INTO pool_gameobject VALUES (197724,10885,0,'Hellfire Peninsula 181555, node 84');
INSERT IGNORE INTO gameobject VALUES (197723,181557,530,1,1,-1119.21,4245.87,15.156,-2.61799,0.0,0.0,0.965926,-0.258819,3600,100,1);
INSERT IGNORE INTO pool_gameobject VALUES (197723,10885,5,'Hellfire Peninsula 181557, node 84');
INSERT IGNORE INTO pool_template VALUES (10885,1,'Hellfire Peninsula mineral, node 84');
INSERT IGNORE INTO pool_pool VALUES (10885,890,0,'Hellfire Peninsula mineral, node 84');

UPDATE gameobject SET guid=197722 WHERE guid=42294;
INSERT IGNORE INTO pool_gameobject VALUES (197722,10886,0,'Hellfire Peninsula 181555, node 85');
INSERT IGNORE INTO gameobject VALUES (197721,181557,530,1,1,-526.347,3671.12,30.2502,0.663225,0.0,0.0,0.325568,0.945519,3600,100,1);
INSERT IGNORE INTO pool_gameobject VALUES (197721,10886,5,'Hellfire Peninsula 181557, node 85');
INSERT IGNORE INTO pool_template VALUES (10886,1,'Hellfire Peninsula mineral, node 85');
INSERT IGNORE INTO pool_pool VALUES (10886,890,0,'Hellfire Peninsula mineral, node 85');

UPDATE gameobject SET guid=197720 WHERE guid=42297;
INSERT IGNORE INTO pool_gameobject VALUES (197720,10887,0,'Hellfire Peninsula 181555, node 86');
INSERT IGNORE INTO gameobject VALUES (197719,181557,530,1,1,-666.766,3166.57,-7.36018,-1.55334,0.0,0.0,0.700909,-0.71325,3600,100,1);
INSERT IGNORE INTO pool_gameobject VALUES (197719,10887,5,'Hellfire Peninsula 181557, node 86');
INSERT IGNORE INTO pool_template VALUES (10887,1,'Hellfire Peninsula mineral, node 86');
INSERT IGNORE INTO pool_pool VALUES (10887,890,0,'Hellfire Peninsula mineral, node 86');

UPDATE gameobject SET guid=197718 WHERE guid=42300;
INSERT IGNORE INTO pool_gameobject VALUES (197718,10888,0,'Hellfire Peninsula 181555, node 87');
INSERT IGNORE INTO gameobject VALUES (197717,181557,530,1,1,-286.728,2624.27,-1.81623,-1.78024,0.0,0.0,0.777146,-0.62932,3600,100,1);
INSERT IGNORE INTO pool_gameobject VALUES (197717,10888,5,'Hellfire Peninsula 181557, node 87');
INSERT IGNORE INTO pool_template VALUES (10888,1,'Hellfire Peninsula mineral, node 87');
INSERT IGNORE INTO pool_pool VALUES (10888,890,0,'Hellfire Peninsula mineral, node 87');

UPDATE gameobject SET guid=197716 WHERE guid=42301;
INSERT IGNORE INTO pool_gameobject VALUES (197716,10889,0,'Hellfire Peninsula 181555, node 88');
INSERT IGNORE INTO gameobject VALUES (197715,181557,530,1,1,-502.934,3103.16,-5.01644,1.25664,0.0,0.0,0.587785,0.809017,3600,100,1);
INSERT IGNORE INTO pool_gameobject VALUES (197715,10889,5,'Hellfire Peninsula 181557, node 88');
INSERT IGNORE INTO pool_template VALUES (10889,1,'Hellfire Peninsula mineral, node 88');
INSERT IGNORE INTO pool_pool VALUES (10889,890,0,'Hellfire Peninsula mineral, node 88');

UPDATE gameobject SET guid=197714 WHERE guid=42308;
INSERT IGNORE INTO pool_gameobject VALUES (197714,10890,0,'Hellfire Peninsula 181555, node 89');
INSERT IGNORE INTO gameobject VALUES (197713,181557,530,1,1,338.057,2143.58,117.038,-0.488692,0.0,0.0,0.241922,-0.970296,3600,100,1);
INSERT IGNORE INTO pool_gameobject VALUES (197713,10890,5,'Hellfire Peninsula 181557, node 89');
INSERT IGNORE INTO pool_template VALUES (10890,1,'Hellfire Peninsula mineral, node 89');
INSERT IGNORE INTO pool_pool VALUES (10890,890,0,'Hellfire Peninsula mineral, node 89');

UPDATE gameobject SET guid=197712 WHERE guid=42315;
INSERT IGNORE INTO pool_gameobject VALUES (197712,10891,0,'Hellfire Peninsula 181555, node 90');
INSERT IGNORE INTO gameobject VALUES (197711,181557,530,1,1,235.047,2106.05,38.3175,-1.11701,0.0,0.0,0.529919,-0.848048,3600,100,1);
INSERT IGNORE INTO pool_gameobject VALUES (197711,10891,5,'Hellfire Peninsula 181557, node 90');
INSERT IGNORE INTO pool_template VALUES (10891,1,'Hellfire Peninsula mineral, node 90');
INSERT IGNORE INTO pool_pool VALUES (10891,890,0,'Hellfire Peninsula mineral, node 90');

UPDATE gameobject SET guid=197710 WHERE guid=42343;
INSERT IGNORE INTO pool_gameobject VALUES (197710,10892,0,'Hellfire Peninsula 181555, node 91');
INSERT IGNORE INTO gameobject VALUES (197709,181557,530,1,1,68.8098,3462.06,65.6914,1.23918,0.0,0.0,0.580703,0.814116,3600,100,1);
INSERT IGNORE INTO pool_gameobject VALUES (197709,10892,5,'Hellfire Peninsula 181557, node 91');
INSERT IGNORE INTO pool_template VALUES (10892,1,'Hellfire Peninsula mineral, node 91');
INSERT IGNORE INTO pool_pool VALUES (10892,890,0,'Hellfire Peninsula mineral, node 91');

UPDATE gameobject SET guid=197708 WHERE guid=61586;
INSERT IGNORE INTO pool_gameobject VALUES (197708,10893,0,'Hellfire Peninsula 181555, node 92');
INSERT IGNORE INTO gameobject VALUES (197707,181557,530,1,1,-1707.45,3829.39,46.6761,-0.279252,0.0,0.0,0.0,1.0,3600,100,1);
INSERT IGNORE INTO pool_gameobject VALUES (197707,10893,5,'Hellfire Peninsula 181557, node 92');
INSERT IGNORE INTO pool_template VALUES (10893,1,'Hellfire Peninsula mineral, node 92');
INSERT IGNORE INTO pool_pool VALUES (10893,890,0,'Hellfire Peninsula mineral, node 92');

UPDATE gameobject SET guid=197706 WHERE guid=61805;
INSERT IGNORE INTO pool_gameobject VALUES (197706,10894,0,'Hellfire Peninsula 181555, node 93');
INSERT IGNORE INTO gameobject VALUES (197705,181557,530,1,1,-512.144,2157.33,69.081,1.37881,0.0,0.0,0.0,1.0,3600,100,1);
INSERT IGNORE INTO pool_gameobject VALUES (197705,10894,5,'Hellfire Peninsula 181557, node 93');
INSERT IGNORE INTO pool_template VALUES (10894,1,'Hellfire Peninsula mineral, node 93');
INSERT IGNORE INTO pool_pool VALUES (10894,890,0,'Hellfire Peninsula mineral, node 93');

UPDATE gameobject SET guid=197704 WHERE guid=61806;
INSERT IGNORE INTO pool_gameobject VALUES (197704,10895,0,'Hellfire Peninsula 181555, node 94');
INSERT IGNORE INTO gameobject VALUES (197703,181557,530,1,1,-413.45,1865.57,87.7079,-3.05433,0.0,0.0,0.0,1.0,3600,100,1);
INSERT IGNORE INTO pool_gameobject VALUES (197703,10895,5,'Hellfire Peninsula 181557, node 94');
INSERT IGNORE INTO pool_template VALUES (10895,1,'Hellfire Peninsula mineral, node 94');
INSERT IGNORE INTO pool_pool VALUES (10895,890,0,'Hellfire Peninsula mineral, node 94');

UPDATE gameobject SET guid=197702 WHERE guid=61809;
INSERT IGNORE INTO pool_gameobject VALUES (197702,10896,0,'Hellfire Peninsula 181555, node 95');
INSERT IGNORE INTO gameobject VALUES (197701,181557,530,1,1,447.691,2780.44,196.542,2.21656,0.0,0.0,0.0,1.0,3600,100,1);
INSERT IGNORE INTO pool_gameobject VALUES (197701,10896,5,'Hellfire Peninsula 181557, node 95');
INSERT IGNORE INTO pool_template VALUES (10896,1,'Hellfire Peninsula mineral, node 95');
INSERT IGNORE INTO pool_pool VALUES (10896,890,0,'Hellfire Peninsula mineral, node 95');

UPDATE gameobject SET guid=197700 WHERE guid=61855;
INSERT IGNORE INTO pool_gameobject VALUES (197700,10897,0,'Hellfire Peninsula 181555, node 96');
INSERT IGNORE INTO gameobject VALUES (197699,181557,530,1,1,-842.897,2338.84,-19.1807,-1.64061,0.0,0.0,0.0,1.0,3600,100,1);
INSERT IGNORE INTO pool_gameobject VALUES (197699,10897,5,'Hellfire Peninsula 181557, node 96');
INSERT IGNORE INTO pool_template VALUES (10897,1,'Hellfire Peninsula mineral, node 96');
INSERT IGNORE INTO pool_pool VALUES (10897,890,0,'Hellfire Peninsula mineral, node 96');

UPDATE gameobject SET guid=197698 WHERE guid=61856;
INSERT IGNORE INTO pool_gameobject VALUES (197698,10898,0,'Hellfire Peninsula 181555, node 97');
INSERT IGNORE INTO gameobject VALUES (197697,181557,530,1,1,-1186.19,3005.51,19.6691,-2.09439,0.0,0.0,0.0,1.0,3600,100,1);
INSERT IGNORE INTO pool_gameobject VALUES (197697,10898,5,'Hellfire Peninsula 181557, node 97');
INSERT IGNORE INTO pool_template VALUES (10898,1,'Hellfire Peninsula mineral, node 97');
INSERT IGNORE INTO pool_pool VALUES (10898,890,0,'Hellfire Peninsula mineral, node 97');

UPDATE gameobject SET guid=197696 WHERE guid=61857;
INSERT IGNORE INTO pool_gameobject VALUES (197696,10899,0,'Hellfire Peninsula 181555, node 98');
INSERT IGNORE INTO gameobject VALUES (197695,181557,530,1,1,-984.849,1870.67,97.0372,-1.39626,0.0,0.0,0.0,1.0,3600,100,1);
INSERT IGNORE INTO pool_gameobject VALUES (197695,10899,5,'Hellfire Peninsula 181557, node 98');
INSERT IGNORE INTO pool_template VALUES (10899,1,'Hellfire Peninsula mineral, node 98');
INSERT IGNORE INTO pool_pool VALUES (10899,890,0,'Hellfire Peninsula mineral, node 98');

UPDATE gameobject SET guid=197694 WHERE guid=61858;
INSERT IGNORE INTO pool_gameobject VALUES (197694,10900,0,'Hellfire Peninsula 181555, node 99');
INSERT IGNORE INTO gameobject VALUES (197693,181557,530,1,1,-706.551,2143.94,27.9824,-1.8675,0.0,0.0,0.0,1.0,3600,100,1);
INSERT IGNORE INTO pool_gameobject VALUES (197693,10900,5,'Hellfire Peninsula 181557, node 99');
INSERT IGNORE INTO pool_template VALUES (10900,1,'Hellfire Peninsula mineral, node 99');
INSERT IGNORE INTO pool_pool VALUES (10900,890,0,'Hellfire Peninsula mineral, node 99');

UPDATE gameobject SET guid=197692 WHERE guid=61859;
INSERT IGNORE INTO pool_gameobject VALUES (197692,10901,0,'Hellfire Peninsula 181555, node 100');
INSERT IGNORE INTO gameobject VALUES (197691,181557,530,1,1,-1604.35,3807.27,46.3801,3.00195,0.0,0.0,0.0,1.0,3600,100,1);
INSERT IGNORE INTO pool_gameobject VALUES (197691,10901,5,'Hellfire Peninsula 181557, node 100');
INSERT IGNORE INTO pool_template VALUES (10901,1,'Hellfire Peninsula mineral, node 100');
INSERT IGNORE INTO pool_pool VALUES (10901,890,0,'Hellfire Peninsula mineral, node 100');

UPDATE gameobject SET guid=197690 WHERE guid=61860;
INSERT IGNORE INTO pool_gameobject VALUES (197690,10902,0,'Hellfire Peninsula 181555, node 101');
INSERT IGNORE INTO gameobject VALUES (197689,181557,530,1,1,-1000.76,3052.22,26.0825,1.85005,0.0,0.0,0.0,1.0,3600,100,1);
INSERT IGNORE INTO pool_gameobject VALUES (197689,10902,5,'Hellfire Peninsula 181557, node 101');
INSERT IGNORE INTO pool_template VALUES (10902,1,'Hellfire Peninsula mineral, node 101');
INSERT IGNORE INTO pool_pool VALUES (10902,890,0,'Hellfire Peninsula mineral, node 101');

UPDATE gameobject SET guid=197688 WHERE guid=61861;
INSERT IGNORE INTO pool_gameobject VALUES (197688,10903,0,'Hellfire Peninsula 181555, node 102');
INSERT IGNORE INTO gameobject VALUES (197687,181557,530,1,1,-1290.44,3127.06,40.3766,1.58825,0.0,0.0,0.0,1.0,3600,100,1);
INSERT IGNORE INTO pool_gameobject VALUES (197687,10903,5,'Hellfire Peninsula 181557, node 102');
INSERT IGNORE INTO pool_template VALUES (10903,1,'Hellfire Peninsula mineral, node 102');
INSERT IGNORE INTO pool_pool VALUES (10903,890,0,'Hellfire Peninsula mineral, node 102');

UPDATE gameobject SET guid=197686 WHERE guid=61862;
INSERT IGNORE INTO pool_gameobject VALUES (197686,10904,0,'Hellfire Peninsula 181555, node 103');
INSERT IGNORE INTO gameobject VALUES (197685,181557,530,1,1,-672.305,4746.9,54.0757,-2.11185,0.0,0.0,0.0,1.0,3600,100,1);
INSERT IGNORE INTO pool_gameobject VALUES (197685,10904,5,'Hellfire Peninsula 181557, node 103');
INSERT IGNORE INTO pool_template VALUES (10904,1,'Hellfire Peninsula mineral, node 103');
INSERT IGNORE INTO pool_pool VALUES (10904,890,0,'Hellfire Peninsula mineral, node 103');

UPDATE gameobject SET guid=197684 WHERE guid=61864;
INSERT IGNORE INTO pool_gameobject VALUES (197684,10905,0,'Hellfire Peninsula 181555, node 104');
INSERT IGNORE INTO gameobject VALUES (197683,181557,530,1,1,-729.096,3772.82,20.3365,-2.61799,0.0,0.0,0.0,1.0,3600,100,1);
INSERT IGNORE INTO pool_gameobject VALUES (197683,10905,5,'Hellfire Peninsula 181557, node 104');
INSERT IGNORE INTO pool_template VALUES (10905,1,'Hellfire Peninsula mineral, node 104');
INSERT IGNORE INTO pool_pool VALUES (10905,890,0,'Hellfire Peninsula mineral, node 104');

UPDATE gameobject SET guid=197682 WHERE guid=61865;
INSERT IGNORE INTO pool_gameobject VALUES (197682,10906,0,'Hellfire Peninsula 181555, node 105');
INSERT IGNORE INTO gameobject VALUES (197681,181557,530,1,1,-1223.6,4229.35,38.327,-2.28638,0.0,0.0,0.0,1.0,3600,100,1);
INSERT IGNORE INTO pool_gameobject VALUES (197681,10906,5,'Hellfire Peninsula 181557, node 105');
INSERT IGNORE INTO pool_template VALUES (10906,1,'Hellfire Peninsula mineral, node 105');
INSERT IGNORE INTO pool_pool VALUES (10906,890,0,'Hellfire Peninsula mineral, node 105');

UPDATE gameobject SET guid=197680 WHERE guid=61867;
INSERT IGNORE INTO pool_gameobject VALUES (197680,10907,0,'Hellfire Peninsula 181555, node 106');
INSERT IGNORE INTO gameobject VALUES (197679,181557,530,1,1,-39.0497,4739.21,37.1566,0.610864,0.0,0.0,0.0,1.0,3600,100,1);
INSERT IGNORE INTO pool_gameobject VALUES (197679,10907,5,'Hellfire Peninsula 181557, node 106');
INSERT IGNORE INTO pool_template VALUES (10907,1,'Hellfire Peninsula mineral, node 106');
INSERT IGNORE INTO pool_pool VALUES (10907,890,0,'Hellfire Peninsula mineral, node 106');

UPDATE gameobject SET guid=197678 WHERE guid=61868;
INSERT IGNORE INTO pool_gameobject VALUES (197678,10908,0,'Hellfire Peninsula 181555, node 107');
INSERT IGNORE INTO gameobject VALUES (197677,181557,530,1,1,-478.153,4399.32,42.9991,-1.91986,0.0,0.0,0.0,1.0,3600,100,1);
INSERT IGNORE INTO pool_gameobject VALUES (197677,10908,5,'Hellfire Peninsula 181557, node 107');
INSERT IGNORE INTO pool_template VALUES (10908,1,'Hellfire Peninsula mineral, node 107');
INSERT IGNORE INTO pool_pool VALUES (10908,890,0,'Hellfire Peninsula mineral, node 107');

UPDATE gameobject SET guid=197676 WHERE guid=61869;
INSERT IGNORE INTO pool_gameobject VALUES (197676,10909,0,'Hellfire Peninsula 181555, node 108');
INSERT IGNORE INTO gameobject VALUES (197675,181557,530,1,1,-681.455,4445.64,98.1769,-1.98967,0.0,0.0,0.0,1.0,3600,100,1);
INSERT IGNORE INTO pool_gameobject VALUES (197675,10909,5,'Hellfire Peninsula 181557, node 108');
INSERT IGNORE INTO pool_template VALUES (10909,1,'Hellfire Peninsula mineral, node 108');
INSERT IGNORE INTO pool_pool VALUES (10909,890,0,'Hellfire Peninsula mineral, node 108');

UPDATE gameobject SET guid=197674 WHERE guid=61870;
INSERT IGNORE INTO pool_gameobject VALUES (197674,10910,0,'Hellfire Peninsula 181555, node 109');
INSERT IGNORE INTO gameobject VALUES (197673,181557,530,1,1,-779.104,4360.14,69.8468,-1.81514,0.0,0.0,0.0,1.0,3600,100,1);
INSERT IGNORE INTO pool_gameobject VALUES (197673,10910,5,'Hellfire Peninsula 181557, node 109');
INSERT IGNORE INTO pool_template VALUES (10910,1,'Hellfire Peninsula mineral, node 109');
INSERT IGNORE INTO pool_pool VALUES (10910,890,0,'Hellfire Peninsula mineral, node 109');

UPDATE gameobject SET guid=197672 WHERE guid=61871;
INSERT IGNORE INTO pool_gameobject VALUES (197672,10911,0,'Hellfire Peninsula 181555, node 110');
INSERT IGNORE INTO gameobject VALUES (197671,181557,530,1,1,-492.498,4547.56,71.1649,0.104719,0.0,0.0,0.0,1.0,3600,100,1);
INSERT IGNORE INTO pool_gameobject VALUES (197671,10911,5,'Hellfire Peninsula 181557, node 110');
INSERT IGNORE INTO pool_template VALUES (10911,1,'Hellfire Peninsula mineral, node 110');
INSERT IGNORE INTO pool_pool VALUES (10911,890,0,'Hellfire Peninsula mineral, node 110');

UPDATE gameobject SET guid=197670 WHERE guid=61872;
INSERT IGNORE INTO pool_gameobject VALUES (197670,10912,0,'Hellfire Peninsula 181555, node 111');
INSERT IGNORE INTO gameobject VALUES (197669,181557,530,1,1,-638.102,4387.24,71.6864,1.71042,0.0,0.0,0.0,1.0,3600,100,1);
INSERT IGNORE INTO pool_gameobject VALUES (197669,10912,5,'Hellfire Peninsula 181557, node 111');
INSERT IGNORE INTO pool_template VALUES (10912,1,'Hellfire Peninsula mineral, node 111');
INSERT IGNORE INTO pool_pool VALUES (10912,890,0,'Hellfire Peninsula mineral, node 111');

UPDATE gameobject SET guid=197668 WHERE guid=61873;
INSERT IGNORE INTO pool_gameobject VALUES (197668,10913,0,'Hellfire Peninsula 181555, node 112');
INSERT IGNORE INTO gameobject VALUES (197667,181557,530,1,1,-378.953,4085.3,111.915,-1.29154,0.0,0.0,0.0,1.0,3600,100,1);
INSERT IGNORE INTO pool_gameobject VALUES (197667,10913,5,'Hellfire Peninsula 181557, node 112');
INSERT IGNORE INTO pool_template VALUES (10913,1,'Hellfire Peninsula mineral, node 112');
INSERT IGNORE INTO pool_pool VALUES (10913,890,0,'Hellfire Peninsula mineral, node 112');

UPDATE gameobject SET guid=197666 WHERE guid=61874;
INSERT IGNORE INTO pool_gameobject VALUES (197666,10914,0,'Hellfire Peninsula 181555, node 113');
INSERT IGNORE INTO gameobject VALUES (197665,181557,530,1,1,-885.352,3273.1,48.1341,-2.11185,0.0,0.0,0.0,1.0,3600,100,1);
INSERT IGNORE INTO pool_gameobject VALUES (197665,10914,5,'Hellfire Peninsula 181557, node 113');
INSERT IGNORE INTO pool_template VALUES (10914,1,'Hellfire Peninsula mineral, node 113');
INSERT IGNORE INTO pool_pool VALUES (10914,890,0,'Hellfire Peninsula mineral, node 113');

UPDATE gameobject SET guid=197664 WHERE guid=61875;
INSERT IGNORE INTO pool_gameobject VALUES (197664,10915,0,'Hellfire Peninsula 181555, node 114');
INSERT IGNORE INTO gameobject VALUES (197663,181557,530,1,1,-1566.63,3521.33,20.8915,-1.06465,0.0,0.0,0.0,1.0,3600,100,1);
INSERT IGNORE INTO pool_gameobject VALUES (197663,10915,5,'Hellfire Peninsula 181557, node 114');
INSERT IGNORE INTO pool_template VALUES (10915,1,'Hellfire Peninsula mineral, node 114');
INSERT IGNORE INTO pool_pool VALUES (10915,890,0,'Hellfire Peninsula mineral, node 114');

UPDATE gameobject SET guid=197662 WHERE guid=61876;
INSERT IGNORE INTO pool_gameobject VALUES (197662,10916,0,'Hellfire Peninsula 181555, node 115');
INSERT IGNORE INTO gameobject VALUES (197661,181557,530,1,1,-340.807,4489.76,63.1904,1.51844,0.0,0.0,0.0,1.0,3600,100,1);
INSERT IGNORE INTO pool_gameobject VALUES (197661,10916,5,'Hellfire Peninsula 181557, node 115');
INSERT IGNORE INTO pool_template VALUES (10916,1,'Hellfire Peninsula mineral, node 115');
INSERT IGNORE INTO pool_pool VALUES (10916,890,0,'Hellfire Peninsula mineral, node 115');

UPDATE gameobject SET guid=197660 WHERE guid=61877;
INSERT IGNORE INTO pool_gameobject VALUES (197660,10917,0,'Hellfire Peninsula 181555, node 116');
INSERT IGNORE INTO gameobject VALUES (197659,181557,530,1,1,-9.49208,3867.02,85.3362,1.6057,0.0,0.0,0.0,1.0,3600,100,1);
INSERT IGNORE INTO pool_gameobject VALUES (197659,10917,5,'Hellfire Peninsula 181557, node 116');
INSERT IGNORE INTO pool_template VALUES (10917,1,'Hellfire Peninsula mineral, node 116');
INSERT IGNORE INTO pool_pool VALUES (10917,890,0,'Hellfire Peninsula mineral, node 116');

UPDATE gameobject SET guid=197658 WHERE guid=61879;
INSERT IGNORE INTO pool_gameobject VALUES (197658,10918,0,'Hellfire Peninsula 181555, node 117');
INSERT IGNORE INTO gameobject VALUES (197657,181557,530,1,1,-110.865,4614.29,35.0804,1.71042,0.0,0.0,0.0,1.0,3600,100,1);
INSERT IGNORE INTO pool_gameobject VALUES (197657,10918,5,'Hellfire Peninsula 181557, node 117');
INSERT IGNORE INTO pool_template VALUES (10918,1,'Hellfire Peninsula mineral, node 117');
INSERT IGNORE INTO pool_pool VALUES (10918,890,0,'Hellfire Peninsula mineral, node 117');

UPDATE gameobject SET guid=197656 WHERE guid=61880;
INSERT IGNORE INTO pool_gameobject VALUES (197656,10919,0,'Hellfire Peninsula 181555, node 118');
INSERT IGNORE INTO gameobject VALUES (197655,181557,530,1,1,-218.547,5217.55,87.9868,-1.15192,0.0,0.0,0.0,1.0,3600,100,1);
INSERT IGNORE INTO pool_gameobject VALUES (197655,10919,5,'Hellfire Peninsula 181557, node 118');
INSERT IGNORE INTO pool_template VALUES (10919,1,'Hellfire Peninsula mineral, node 118');
INSERT IGNORE INTO pool_pool VALUES (10919,890,0,'Hellfire Peninsula mineral, node 118');

UPDATE gameobject SET guid=197654 WHERE guid=61881;
INSERT IGNORE INTO pool_gameobject VALUES (197654,10920,0,'Hellfire Peninsula 181555, node 119');
INSERT IGNORE INTO gameobject VALUES (197653,181557,530,1,1,377.603,3855.3,149.804,2.32129,0.0,0.0,0.0,1.0,3600,100,1);
INSERT IGNORE INTO pool_gameobject VALUES (197653,10920,5,'Hellfire Peninsula 181557, node 119');
INSERT IGNORE INTO pool_template VALUES (10920,1,'Hellfire Peninsula mineral, node 119');
INSERT IGNORE INTO pool_pool VALUES (10920,890,0,'Hellfire Peninsula mineral, node 119');

UPDATE gameobject SET guid=197652 WHERE guid=61882;
INSERT IGNORE INTO pool_gameobject VALUES (197652,10921,0,'Hellfire Peninsula 181555, node 120');
INSERT IGNORE INTO gameobject VALUES (197651,181557,530,1,1,-563.171,4714.58,39.493,0.052359,0.0,0.0,0.0,1.0,3600,100,1);
INSERT IGNORE INTO pool_gameobject VALUES (197651,10921,5,'Hellfire Peninsula 181557, node 120');
INSERT IGNORE INTO pool_template VALUES (10921,1,'Hellfire Peninsula mineral, node 120');
INSERT IGNORE INTO pool_pool VALUES (10921,890,0,'Hellfire Peninsula mineral, node 120');

UPDATE gameobject SET guid=197650 WHERE guid=61884;
INSERT IGNORE INTO pool_gameobject VALUES (197650,10922,0,'Hellfire Peninsula 181555, node 121');
INSERT IGNORE INTO gameobject VALUES (197649,181557,530,1,1,-942.856,3587.07,134.604,1.48353,0.0,0.0,0.0,1.0,3600,100,1);
INSERT IGNORE INTO pool_gameobject VALUES (197649,10922,5,'Hellfire Peninsula 181557, node 121');
INSERT IGNORE INTO pool_template VALUES (10922,1,'Hellfire Peninsula mineral, node 121');
INSERT IGNORE INTO pool_pool VALUES (10922,890,0,'Hellfire Peninsula mineral, node 121');

UPDATE gameobject SET guid=197648 WHERE guid=64864;
INSERT IGNORE INTO pool_gameobject VALUES (197648,10923,0,'Hellfire Peninsula 181555, node 122');
INSERT IGNORE INTO gameobject VALUES (197647,181557,530,1,1,-453.209,2674.38,61.9322,-0.994837,0.0,0.0,0.0,1.0,180,100,1);
INSERT IGNORE INTO pool_gameobject VALUES (197647,10923,5,'Hellfire Peninsula 181557, node 122');
INSERT IGNORE INTO pool_template VALUES (10923,1,'Hellfire Peninsula mineral, node 122');
INSERT IGNORE INTO pool_pool VALUES (10923,890,0,'Hellfire Peninsula mineral, node 122');

UPDATE gameobject SET guid=197646 WHERE guid=64866;
INSERT IGNORE INTO pool_gameobject VALUES (197646,10924,0,'Hellfire Peninsula 181555, node 123');
INSERT IGNORE INTO gameobject VALUES (197645,181557,530,1,1,-194.059,3976.47,112.051,0.802851,0.0,0.0,0.0,1.0,180,100,1);
INSERT IGNORE INTO pool_gameobject VALUES (197645,10924,5,'Hellfire Peninsula 181557, node 123');
INSERT IGNORE INTO pool_template VALUES (10924,1,'Hellfire Peninsula mineral, node 123');
INSERT IGNORE INTO pool_pool VALUES (10924,890,0,'Hellfire Peninsula mineral, node 123');

UPDATE gameobject SET guid=197644 WHERE guid=64869;
INSERT IGNORE INTO pool_gameobject VALUES (197644,10925,0,'Hellfire Peninsula 181555, node 124');
INSERT IGNORE INTO gameobject VALUES (197643,181557,530,1,1,27.0877,3154.21,5.02512,-0.104719,0.0,0.0,0.0,1.0,180,100,1);
INSERT IGNORE INTO pool_gameobject VALUES (197643,10925,5,'Hellfire Peninsula 181557, node 124');
INSERT IGNORE INTO pool_template VALUES (10925,1,'Hellfire Peninsula mineral, node 124');
INSERT IGNORE INTO pool_pool VALUES (10925,890,0,'Hellfire Peninsula mineral, node 124');

UPDATE gameobject SET guid=197642 WHERE guid=64871;
INSERT IGNORE INTO pool_gameobject VALUES (197642,10926,0,'Hellfire Peninsula 181555, node 125');
INSERT IGNORE INTO gameobject VALUES (197641,181557,530,1,1,-767.561,3821.96,20.1006,-0.314158,0.0,0.0,0.0,1.0,180,100,1);
INSERT IGNORE INTO pool_gameobject VALUES (197641,10926,5,'Hellfire Peninsula 181557, node 125');
INSERT IGNORE INTO pool_template VALUES (10926,1,'Hellfire Peninsula mineral, node 125');
INSERT IGNORE INTO pool_pool VALUES (10926,890,0,'Hellfire Peninsula mineral, node 125');

UPDATE gameobject SET guid=197640 WHERE guid=64873;
INSERT IGNORE INTO pool_gameobject VALUES (197640,10927,0,'Hellfire Peninsula 181555, node 126');
INSERT IGNORE INTO gameobject VALUES (197639,181557,530,1,1,-337.071,5131.43,115.857,2.61799,0.0,0.0,0.0,1.0,180,100,1);
INSERT IGNORE INTO pool_gameobject VALUES (197639,10927,5,'Hellfire Peninsula 181557, node 126');
INSERT IGNORE INTO pool_template VALUES (10927,1,'Hellfire Peninsula mineral, node 126');
INSERT IGNORE INTO pool_pool VALUES (10927,890,0,'Hellfire Peninsula mineral, node 126');

UPDATE gameobject SET guid=197638 WHERE guid=64874;
INSERT IGNORE INTO pool_gameobject VALUES (197638,10928,0,'Hellfire Peninsula 181555, node 127');
INSERT IGNORE INTO gameobject VALUES (197637,181557,530,1,1,-541.575,3768.26,29.7481,-2.1293,0.0,0.0,0.0,1.0,180,100,1);
INSERT IGNORE INTO pool_gameobject VALUES (197637,10928,5,'Hellfire Peninsula 181557, node 127');
INSERT IGNORE INTO pool_template VALUES (10928,1,'Hellfire Peninsula mineral, node 127');
INSERT IGNORE INTO pool_pool VALUES (10928,890,0,'Hellfire Peninsula mineral, node 127');

UPDATE gameobject SET guid=197636 WHERE guid=64877;
INSERT IGNORE INTO pool_gameobject VALUES (197636,10929,0,'Hellfire Peninsula 181555, node 128');
INSERT IGNORE INTO gameobject VALUES (197635,181557,530,1,1,-335.214,2848.88,-40.0328,-1.65806,0.0,0.0,0.0,1.0,180,100,1);
INSERT IGNORE INTO pool_gameobject VALUES (197635,10929,5,'Hellfire Peninsula 181557, node 128');
INSERT IGNORE INTO pool_template VALUES (10929,1,'Hellfire Peninsula mineral, node 128');
INSERT IGNORE INTO pool_pool VALUES (10929,890,0,'Hellfire Peninsula mineral, node 128');

UPDATE gameobject SET guid=197634 WHERE guid=64878;
INSERT IGNORE INTO pool_gameobject VALUES (197634,10930,0,'Hellfire Peninsula 181555, node 129');
INSERT IGNORE INTO gameobject VALUES (197633,181557,530,1,1,-1007.11,2618.04,-3.95126,-2.33874,0.0,0.0,0.0,1.0,180,100,1);
INSERT IGNORE INTO pool_gameobject VALUES (197633,10930,5,'Hellfire Peninsula 181557, node 129');
INSERT IGNORE INTO pool_template VALUES (10930,1,'Hellfire Peninsula mineral, node 129');
INSERT IGNORE INTO pool_pool VALUES (10930,890,0,'Hellfire Peninsula mineral, node 129');

UPDATE gameobject SET guid=197632 WHERE guid=64879;
INSERT IGNORE INTO pool_gameobject VALUES (197632,10931,0,'Hellfire Peninsula 181555, node 130');
INSERT IGNORE INTO gameobject VALUES (197631,181557,530,1,1,-219.238,2995.49,-61.8867,1.8675,0.0,0.0,0.0,1.0,180,100,1);
INSERT IGNORE INTO pool_gameobject VALUES (197631,10931,5,'Hellfire Peninsula 181557, node 130');
INSERT IGNORE INTO pool_template VALUES (10931,1,'Hellfire Peninsula mineral, node 130');
INSERT IGNORE INTO pool_pool VALUES (10931,890,0,'Hellfire Peninsula mineral, node 130');

UPDATE gameobject SET guid=197630 WHERE guid=64880;
INSERT IGNORE INTO pool_gameobject VALUES (197630,10932,0,'Hellfire Peninsula 181555, node 131');
INSERT IGNORE INTO gameobject VALUES (197629,181557,530,1,1,-1459.01,3399.69,29.7245,2.35619,0.0,0.0,0.0,1.0,180,100,1);
INSERT IGNORE INTO pool_gameobject VALUES (197629,10932,5,'Hellfire Peninsula 181557, node 131');
INSERT IGNORE INTO pool_template VALUES (10932,1,'Hellfire Peninsula mineral, node 131');
INSERT IGNORE INTO pool_pool VALUES (10932,890,0,'Hellfire Peninsula mineral, node 131');

UPDATE gameobject SET guid=197628 WHERE guid=120199;
INSERT IGNORE INTO pool_gameobject VALUES (197628,10933,0,'Hellfire Peninsula 181555, node 132');
INSERT IGNORE INTO gameobject VALUES (197627,181557,530,1,1,-699.32,2052.46,41.1222,-1.91986,0.0,0.0,0.0,1.0,3600,255,1);
INSERT IGNORE INTO pool_gameobject VALUES (197627,10933,5,'Hellfire Peninsula 181557, node 132');
INSERT IGNORE INTO pool_template VALUES (10933,1,'Hellfire Peninsula mineral, node 132');
INSERT IGNORE INTO pool_pool VALUES (10933,890,0,'Hellfire Peninsula mineral, node 132');

UPDATE gameobject SET guid=197626 WHERE guid=120200;
INSERT IGNORE INTO pool_gameobject VALUES (197626,10934,0,'Hellfire Peninsula 181555, node 133');
INSERT IGNORE INTO gameobject VALUES (197625,181557,530,1,1,146.34,2377.6,53.6751,1.309,0.0,0.0,0.0,1.0,3600,255,1);
INSERT IGNORE INTO pool_gameobject VALUES (197625,10934,5,'Hellfire Peninsula 181557, node 133');
INSERT IGNORE INTO pool_template VALUES (10934,1,'Hellfire Peninsula mineral, node 133');
INSERT IGNORE INTO pool_pool VALUES (10934,890,0,'Hellfire Peninsula mineral, node 133');

UPDATE gameobject SET guid=197624 WHERE guid=120201;
INSERT IGNORE INTO pool_gameobject VALUES (197624,10935,0,'Hellfire Peninsula 181555, node 134');
INSERT IGNORE INTO gameobject VALUES (197623,181557,530,1,1,-191.189,2424.95,27.982,0.645772,0.0,0.0,0.0,1.0,3600,255,1);
INSERT IGNORE INTO pool_gameobject VALUES (197623,10935,5,'Hellfire Peninsula 181557, node 134');
INSERT IGNORE INTO pool_template VALUES (10935,1,'Hellfire Peninsula mineral, node 134');
INSERT IGNORE INTO pool_pool VALUES (10935,890,0,'Hellfire Peninsula mineral, node 134');

UPDATE gameobject SET guid=197622 WHERE guid=120203;
INSERT IGNORE INTO pool_gameobject VALUES (197622,10936,0,'Hellfire Peninsula 181555, node 135');
INSERT IGNORE INTO gameobject VALUES (197621,181557,530,1,1,-722.189,2254.43,13.2958,-0.715585,0.0,0.0,0.0,1.0,3600,255,1);
INSERT IGNORE INTO pool_gameobject VALUES (197621,10936,5,'Hellfire Peninsula 181557, node 135');
INSERT IGNORE INTO pool_template VALUES (10936,1,'Hellfire Peninsula mineral, node 135');
INSERT IGNORE INTO pool_pool VALUES (10936,890,0,'Hellfire Peninsula mineral, node 135');

UPDATE gameobject SET guid=197620 WHERE guid=120204;
INSERT IGNORE INTO pool_gameobject VALUES (197620,10937,0,'Hellfire Peninsula 181555, node 136');
INSERT IGNORE INTO gameobject VALUES (197619,181557,530,1,1,-961.27,3100.33,24.1396,-1.11701,0.0,0.0,0.0,1.0,3600,255,1);
INSERT IGNORE INTO pool_gameobject VALUES (197619,10937,5,'Hellfire Peninsula 181557, node 136');
INSERT IGNORE INTO pool_template VALUES (10937,1,'Hellfire Peninsula mineral, node 136');
INSERT IGNORE INTO pool_pool VALUES (10937,890,0,'Hellfire Peninsula mineral, node 136');

UPDATE gameobject SET guid=197618 WHERE guid=120205;
INSERT IGNORE INTO pool_gameobject VALUES (197618,10938,0,'Hellfire Peninsula 181555, node 137');
INSERT IGNORE INTO gameobject VALUES (197617,181557,530,1,1,15.2913,4605.28,52.1974,0.506145,0.0,0.0,0.0,1.0,3600,255,1);
INSERT IGNORE INTO pool_gameobject VALUES (197617,10938,5,'Hellfire Peninsula 181557, node 137');
INSERT IGNORE INTO pool_template VALUES (10938,1,'Hellfire Peninsula mineral, node 137');
INSERT IGNORE INTO pool_pool VALUES (10938,890,0,'Hellfire Peninsula mineral, node 137');

UPDATE gameobject SET guid=197616 WHERE guid=120208;
INSERT IGNORE INTO pool_gameobject VALUES (197616,10939,0,'Hellfire Peninsula 181555, node 138');
INSERT IGNORE INTO gameobject VALUES (197615,181557,530,1,1,-315.722,2689.44,29.2153,1.09956,0.0,0.0,0.0,1.0,3600,255,1);
INSERT IGNORE INTO pool_gameobject VALUES (197615,10939,5,'Hellfire Peninsula 181557, node 138');
INSERT IGNORE INTO pool_template VALUES (10939,1,'Hellfire Peninsula mineral, node 138');
INSERT IGNORE INTO pool_pool VALUES (10939,890,0,'Hellfire Peninsula mineral, node 138');

UPDATE gameobject SET guid=197614 WHERE guid=120210;
INSERT IGNORE INTO pool_gameobject VALUES (197614,10940,0,'Hellfire Peninsula 181555, node 139');
INSERT IGNORE INTO gameobject VALUES (197613,181557,530,1,1,-540.073,4913.38,38.92,-0.925024,0.0,0.0,0.0,1.0,3600,255,1);
INSERT IGNORE INTO pool_gameobject VALUES (197613,10940,5,'Hellfire Peninsula 181557, node 139');
INSERT IGNORE INTO pool_template VALUES (10940,1,'Hellfire Peninsula mineral, node 139');
INSERT IGNORE INTO pool_pool VALUES (10940,890,0,'Hellfire Peninsula mineral, node 139');

UPDATE gameobject SET guid=197612 WHERE guid=120211;
INSERT IGNORE INTO pool_gameobject VALUES (197612,10941,0,'Hellfire Peninsula 181555, node 140');
INSERT IGNORE INTO gameobject VALUES (197611,181557,530,1,1,-1279.76,3332.99,76.704,-2.16421,0.0,0.0,0.0,1.0,3600,255,1);
INSERT IGNORE INTO pool_gameobject VALUES (197611,10941,5,'Hellfire Peninsula 181557, node 140');
INSERT IGNORE INTO pool_template VALUES (10941,1,'Hellfire Peninsula mineral, node 140');
INSERT IGNORE INTO pool_pool VALUES (10941,890,0,'Hellfire Peninsula mineral, node 140');

UPDATE gameobject SET guid=197610 WHERE guid=120212;
INSERT IGNORE INTO pool_gameobject VALUES (197610,10942,0,'Hellfire Peninsula 181555, node 141');
INSERT IGNORE INTO gameobject VALUES (197609,181557,530,1,1,165.968,3552.82,72.1962,2.3911,0.0,0.0,0.0,1.0,3600,255,1);
INSERT IGNORE INTO pool_gameobject VALUES (197609,10942,5,'Hellfire Peninsula 181557, node 141');
INSERT IGNORE INTO pool_template VALUES (10942,1,'Hellfire Peninsula mineral, node 141');
INSERT IGNORE INTO pool_pool VALUES (10942,890,0,'Hellfire Peninsula mineral, node 141');

UPDATE gameobject SET guid=197608 WHERE guid=120213;
INSERT IGNORE INTO pool_gameobject VALUES (197608,10943,0,'Hellfire Peninsula 181555, node 142');
INSERT IGNORE INTO gameobject VALUES (197607,181557,530,1,1,-1304.69,4089.04,109.21,1.88495,0.0,0.0,0.0,1.0,3600,255,1);
INSERT IGNORE INTO pool_gameobject VALUES (197607,10943,5,'Hellfire Peninsula 181557, node 142');
INSERT IGNORE INTO pool_template VALUES (10943,1,'Hellfire Peninsula mineral, node 142');
INSERT IGNORE INTO pool_pool VALUES (10943,890,0,'Hellfire Peninsula mineral, node 142');

UPDATE gameobject SET guid=197606 WHERE guid=120214;
INSERT IGNORE INTO pool_gameobject VALUES (197606,10944,0,'Hellfire Peninsula 181555, node 143');
INSERT IGNORE INTO gameobject VALUES (197605,181557,530,1,1,-71.2834,4369.35,82.4477,-0.331611,0.0,0.0,0.0,1.0,3600,255,1);
INSERT IGNORE INTO pool_gameobject VALUES (197605,10944,5,'Hellfire Peninsula 181557, node 143');
INSERT IGNORE INTO pool_template VALUES (10944,1,'Hellfire Peninsula mineral, node 143');
INSERT IGNORE INTO pool_pool VALUES (10944,890,0,'Hellfire Peninsula mineral, node 143');

UPDATE gameobject SET guid=197604 WHERE guid=120215;
INSERT IGNORE INTO pool_gameobject VALUES (197604,10945,0,'Hellfire Peninsula 181555, node 144');
INSERT IGNORE INTO gameobject VALUES (197603,181557,530,1,1,-473.095,3062.3,-47.803,0.244346,0.0,0.0,0.0,1.0,3600,255,1);
INSERT IGNORE INTO pool_gameobject VALUES (197603,10945,5,'Hellfire Peninsula 181557, node 144');
INSERT IGNORE INTO pool_template VALUES (10945,1,'Hellfire Peninsula mineral, node 144');
INSERT IGNORE INTO pool_pool VALUES (10945,890,0,'Hellfire Peninsula mineral, node 144');

UPDATE gameobject SET guid=197602 WHERE guid=120216;
INSERT IGNORE INTO pool_gameobject VALUES (197602,10946,0,'Hellfire Peninsula 181555, node 145');
INSERT IGNORE INTO gameobject VALUES (197601,181557,530,1,1,-1401.76,2985.19,-25.812,-1.3439,0.0,0.0,0.0,1.0,3600,255,1);
INSERT IGNORE INTO pool_gameobject VALUES (197601,10946,5,'Hellfire Peninsula 181557, node 145');
INSERT IGNORE INTO pool_template VALUES (10946,1,'Hellfire Peninsula mineral, node 145');
INSERT IGNORE INTO pool_pool VALUES (10946,890,0,'Hellfire Peninsula mineral, node 145');

UPDATE gameobject SET guid=197600 WHERE guid=120217;
INSERT IGNORE INTO pool_gameobject VALUES (197600,10947,0,'Hellfire Peninsula 181555, node 146');
INSERT IGNORE INTO gameobject VALUES (197599,181557,530,1,1,-623.43,4294.95,48.2484,1.15192,0.0,0.0,0.0,1.0,3600,255,1);
INSERT IGNORE INTO pool_gameobject VALUES (197599,10947,5,'Hellfire Peninsula 181557, node 146');
INSERT IGNORE INTO pool_template VALUES (10947,1,'Hellfire Peninsula mineral, node 146');
INSERT IGNORE INTO pool_pool VALUES (10947,890,0,'Hellfire Peninsula mineral, node 146');

UPDATE gameobject SET guid=197598 WHERE guid=120218;
INSERT IGNORE INTO pool_gameobject VALUES (197598,10948,0,'Hellfire Peninsula 181555, node 147');
INSERT IGNORE INTO gameobject VALUES (197597,181557,530,1,1,-868.515,4304.86,49.619,-1.76278,0.0,0.0,0.0,1.0,3600,255,1);
INSERT IGNORE INTO pool_gameobject VALUES (197597,10948,5,'Hellfire Peninsula 181557, node 147');
INSERT IGNORE INTO pool_template VALUES (10948,1,'Hellfire Peninsula mineral, node 147');
INSERT IGNORE INTO pool_pool VALUES (10948,890,0,'Hellfire Peninsula mineral, node 147');

UPDATE gameobject SET guid=197596 WHERE guid=120219;
INSERT IGNORE INTO pool_gameobject VALUES (197596,10949,0,'Hellfire Peninsula 181555, node 148');
INSERT IGNORE INTO gameobject VALUES (197595,181557,530,1,1,-176.824,3609.23,40.2551,-0.383971,0.0,0.0,0.0,1.0,3600,255,1);
INSERT IGNORE INTO pool_gameobject VALUES (197595,10949,5,'Hellfire Peninsula 181557, node 148');
INSERT IGNORE INTO pool_template VALUES (10949,1,'Hellfire Peninsula mineral, node 148');
INSERT IGNORE INTO pool_pool VALUES (10949,890,0,'Hellfire Peninsula mineral, node 148');

UPDATE gameobject SET guid=197594 WHERE guid=120220;
INSERT IGNORE INTO pool_gameobject VALUES (197594,10950,0,'Hellfire Peninsula 181555, node 149');
INSERT IGNORE INTO gameobject VALUES (197593,181557,530,1,1,-166.345,4980.85,64.0407,0.366518,0.0,0.0,0.0,1.0,3600,255,1);
INSERT IGNORE INTO pool_gameobject VALUES (197593,10950,5,'Hellfire Peninsula 181557, node 149');
INSERT IGNORE INTO pool_template VALUES (10950,1,'Hellfire Peninsula mineral, node 149');
INSERT IGNORE INTO pool_pool VALUES (10950,890,0,'Hellfire Peninsula mineral, node 149');

UPDATE gameobject SET guid=197592 WHERE guid=120221;
INSERT IGNORE INTO pool_gameobject VALUES (197592,10951,0,'Hellfire Peninsula 181555, node 150');
INSERT IGNORE INTO gameobject VALUES (197591,181557,530,1,1,-581.675,3976.33,29.8187,-2.86233,0.0,0.0,0.0,1.0,3600,255,1);
INSERT IGNORE INTO pool_gameobject VALUES (197591,10951,5,'Hellfire Peninsula 181557, node 150');
INSERT IGNORE INTO pool_template VALUES (10951,1,'Hellfire Peninsula mineral, node 150');
INSERT IGNORE INTO pool_pool VALUES (10951,890,0,'Hellfire Peninsula mineral, node 150');

UPDATE gameobject SET guid=197590 WHERE guid=120222;
INSERT IGNORE INTO pool_gameobject VALUES (197590,10952,0,'Hellfire Peninsula 181555, node 151');
INSERT IGNORE INTO gameobject VALUES (197589,181557,530,1,1,-373.313,3403.72,-24.7577,-2.84488,0.0,0.0,0.0,1.0,3600,255,1);
INSERT IGNORE INTO pool_gameobject VALUES (197589,10952,5,'Hellfire Peninsula 181557, node 151');
INSERT IGNORE INTO pool_template VALUES (10952,1,'Hellfire Peninsula mineral, node 151');
INSERT IGNORE INTO pool_pool VALUES (10952,890,0,'Hellfire Peninsula mineral, node 151');

UPDATE gameobject SET guid=197588 WHERE guid=120227;
INSERT IGNORE INTO pool_gameobject VALUES (197588,10953,0,'Hellfire Peninsula 181555, node 152');
INSERT IGNORE INTO gameobject VALUES (197587,181557,530,1,1,-774.661,3031.31,9.82194,2.23402,0.0,0.0,0.0,1.0,3600,255,1);
INSERT IGNORE INTO pool_gameobject VALUES (197587,10953,5,'Hellfire Peninsula 181557, node 152');
INSERT IGNORE INTO pool_template VALUES (10953,1,'Hellfire Peninsula mineral, node 152');
INSERT IGNORE INTO pool_pool VALUES (10953,890,0,'Hellfire Peninsula mineral, node 152');

UPDATE gameobject SET guid=197586 WHERE guid=120228;
INSERT IGNORE INTO pool_gameobject VALUES (197586,10954,0,'Hellfire Peninsula 181555, node 153');
INSERT IGNORE INTO gameobject VALUES (197585,181557,530,1,1,-593.876,3642.77,33.7989,-0.628317,0.0,0.0,0.0,1.0,3600,255,1);
INSERT IGNORE INTO pool_gameobject VALUES (197585,10954,5,'Hellfire Peninsula 181557, node 153');
INSERT IGNORE INTO pool_template VALUES (10954,1,'Hellfire Peninsula mineral, node 153');
INSERT IGNORE INTO pool_pool VALUES (10954,890,0,'Hellfire Peninsula mineral, node 153');

UPDATE gameobject SET guid=197584 WHERE guid=120229;
INSERT IGNORE INTO pool_gameobject VALUES (197584,10955,0,'Hellfire Peninsula 181555, node 154');
INSERT IGNORE INTO gameobject VALUES (197583,181557,530,1,1,-205.703,2902.27,-47.3819,0.802851,0.0,0.0,0.0,1.0,3600,255,1);
INSERT IGNORE INTO pool_gameobject VALUES (197583,10955,5,'Hellfire Peninsula 181557, node 154');
INSERT IGNORE INTO pool_template VALUES (10955,1,'Hellfire Peninsula mineral, node 154');
INSERT IGNORE INTO pool_pool VALUES (10955,890,0,'Hellfire Peninsula mineral, node 154');

UPDATE gameobject SET guid=197582 WHERE guid=120230;
INSERT IGNORE INTO pool_gameobject VALUES (197582,10956,0,'Hellfire Peninsula 181555, node 155');
INSERT IGNORE INTO gameobject VALUES (197581,181557,530,1,1,-585.741,3882.64,37.022,1.37881,0.0,0.0,0.0,1.0,3600,255,1);
INSERT IGNORE INTO pool_gameobject VALUES (197581,10956,5,'Hellfire Peninsula 181557, node 155');
INSERT IGNORE INTO pool_template VALUES (10956,1,'Hellfire Peninsula mineral, node 155');
INSERT IGNORE INTO pool_pool VALUES (10956,890,0,'Hellfire Peninsula mineral, node 155');

UPDATE gameobject SET guid=197580 WHERE guid=120231;
INSERT IGNORE INTO pool_gameobject VALUES (197580,10957,0,'Hellfire Peninsula 181555, node 156');
INSERT IGNORE INTO gameobject VALUES (197579,181557,530,1,1,-866.193,1992.91,94.8726,-1.79769,0.0,0.0,0.0,1.0,3600,255,1);
INSERT IGNORE INTO pool_gameobject VALUES (197579,10957,5,'Hellfire Peninsula 181557, node 156');
INSERT IGNORE INTO pool_template VALUES (10957,1,'Hellfire Peninsula mineral, node 156');
INSERT IGNORE INTO pool_pool VALUES (10957,890,0,'Hellfire Peninsula mineral, node 156');

UPDATE gameobject SET guid=197578 WHERE guid=120562;
INSERT IGNORE INTO pool_gameobject VALUES (197578,10958,0,'Hellfire Peninsula 181555, node 157');
INSERT IGNORE INTO gameobject VALUES (197577,181557,530,1,1,-203.551,3344.23,-34.7894,-2.3911,0.0,0.0,0.0,1.0,3600,255,1);
INSERT IGNORE INTO pool_gameobject VALUES (197577,10958,5,'Hellfire Peninsula 181557, node 157');
INSERT IGNORE INTO pool_template VALUES (10958,1,'Hellfire Peninsula mineral, node 157');
INSERT IGNORE INTO pool_pool VALUES (10958,890,0,'Hellfire Peninsula mineral, node 157');

UPDATE gameobject SET guid=197576 WHERE guid=120563;
INSERT IGNORE INTO pool_gameobject VALUES (197576,10959,0,'Hellfire Peninsula 181555, node 158');
INSERT IGNORE INTO gameobject VALUES (197575,181557,530,1,1,70.6335,3043.45,-0.683014,-0.837757,0.0,0.0,0.0,1.0,3600,255,1);
INSERT IGNORE INTO pool_gameobject VALUES (197575,10959,5,'Hellfire Peninsula 181557, node 158');
INSERT IGNORE INTO pool_template VALUES (10959,1,'Hellfire Peninsula mineral, node 158');
INSERT IGNORE INTO pool_pool VALUES (10959,890,0,'Hellfire Peninsula mineral, node 158');

UPDATE gameobject SET guid=197574 WHERE guid=120564;
INSERT IGNORE INTO pool_gameobject VALUES (197574,10960,0,'Hellfire Peninsula 181555, node 159');
INSERT IGNORE INTO gameobject VALUES (197573,181557,530,1,1,-936.388,4386.66,76.3951,2.33874,0.0,0.0,0.0,1.0,3600,255,1);
INSERT IGNORE INTO pool_gameobject VALUES (197573,10960,5,'Hellfire Peninsula 181557, node 159');
INSERT IGNORE INTO pool_template VALUES (10960,1,'Hellfire Peninsula mineral, node 159');
INSERT IGNORE INTO pool_pool VALUES (10960,890,0,'Hellfire Peninsula mineral, node 159');

UPDATE gameobject SET guid=197572 WHERE guid=120565;
INSERT IGNORE INTO pool_gameobject VALUES (197572,10961,0,'Hellfire Peninsula 181555, node 160');
INSERT IGNORE INTO gameobject VALUES (197571,181557,530,1,1,-703.119,3840.01,84.9607,3.08918,0.0,0.0,0.0,1.0,3600,255,1);
INSERT IGNORE INTO pool_gameobject VALUES (197571,10961,5,'Hellfire Peninsula 181557, node 160');
INSERT IGNORE INTO pool_template VALUES (10961,1,'Hellfire Peninsula mineral, node 160');
INSERT IGNORE INTO pool_pool VALUES (10961,890,0,'Hellfire Peninsula mineral, node 160');

UPDATE gameobject SET guid=197570 WHERE guid=120751;
INSERT IGNORE INTO pool_gameobject VALUES (197570,10962,0,'Hellfire Peninsula 181555, node 161');
INSERT IGNORE INTO gameobject VALUES (197569,181557,530,1,1,-559.553,1987.44,96.3802,2.77507,0.0,0.0,0.0,1.0,3600,255,1);
INSERT IGNORE INTO pool_gameobject VALUES (197569,10962,5,'Hellfire Peninsula 181557, node 161');
INSERT IGNORE INTO pool_template VALUES (10962,1,'Hellfire Peninsula mineral, node 161');
INSERT IGNORE INTO pool_pool VALUES (10962,890,0,'Hellfire Peninsula mineral, node 161');

UPDATE gameobject SET guid=197568 WHERE guid=120752;
INSERT IGNORE INTO pool_gameobject VALUES (197568,10963,0,'Hellfire Peninsula 181555, node 162');
INSERT IGNORE INTO gameobject VALUES (197567,181557,530,1,1,-922.363,2892.01,3.82162,-0.471238,0.0,0.0,0.0,1.0,3600,255,1);
INSERT IGNORE INTO pool_gameobject VALUES (197567,10963,5,'Hellfire Peninsula 181557, node 162');
INSERT IGNORE INTO pool_template VALUES (10963,1,'Hellfire Peninsula mineral, node 162');
INSERT IGNORE INTO pool_pool VALUES (10963,890,0,'Hellfire Peninsula mineral, node 162');

UPDATE gameobject SET guid=197566 WHERE guid=120753;
INSERT IGNORE INTO pool_gameobject VALUES (197566,10964,0,'Hellfire Peninsula 181555, node 163');
INSERT IGNORE INTO gameobject VALUES (197565,181557,530,1,1,-1397.36,3471.09,54.3677,-1.78023,0.0,0.0,0.0,1.0,3600,255,1);
INSERT IGNORE INTO pool_gameobject VALUES (197565,10964,5,'Hellfire Peninsula 181557, node 163');
INSERT IGNORE INTO pool_template VALUES (10964,1,'Hellfire Peninsula mineral, node 163');
INSERT IGNORE INTO pool_pool VALUES (10964,890,0,'Hellfire Peninsula mineral, node 163');

UPDATE gameobject SET guid=197564 WHERE guid=120754;
INSERT IGNORE INTO pool_gameobject VALUES (197564,10965,0,'Hellfire Peninsula 181555, node 164');
INSERT IGNORE INTO gameobject VALUES (197563,181557,530,1,1,-509.66,1825.48,63.7777,0.174532,0.0,0.0,0.0,1.0,3600,255,1);
INSERT IGNORE INTO pool_gameobject VALUES (197563,10965,5,'Hellfire Peninsula 181557, node 164');
INSERT IGNORE INTO pool_template VALUES (10965,1,'Hellfire Peninsula mineral, node 164');
INSERT IGNORE INTO pool_pool VALUES (10965,890,0,'Hellfire Peninsula mineral, node 164');

UPDATE gameobject SET guid=197562 WHERE guid=120755;
INSERT IGNORE INTO pool_gameobject VALUES (197562,10966,0,'Hellfire Peninsula 181555, node 165');
INSERT IGNORE INTO gameobject VALUES (197561,181557,530,1,1,-107.311,2431.11,54.6949,-1.11701,0.0,0.0,0.0,1.0,3600,255,1);
INSERT IGNORE INTO pool_gameobject VALUES (197561,10966,5,'Hellfire Peninsula 181557, node 165');
INSERT IGNORE INTO pool_template VALUES (10966,1,'Hellfire Peninsula mineral, node 165');
INSERT IGNORE INTO pool_pool VALUES (10966,890,0,'Hellfire Peninsula mineral, node 165');

UPDATE gameobject SET guid=197560 WHERE guid=120756;
INSERT IGNORE INTO pool_gameobject VALUES (197560,10967,0,'Hellfire Peninsula 181555, node 166');
INSERT IGNORE INTO gameobject VALUES (197559,181557,530,1,1,-815.427,2254.09,3.31931,0.226892,0.0,0.0,0.0,1.0,3600,255,1);
INSERT IGNORE INTO pool_gameobject VALUES (197559,10967,5,'Hellfire Peninsula 181557, node 166');
INSERT IGNORE INTO pool_template VALUES (10967,1,'Hellfire Peninsula mineral, node 166');
INSERT IGNORE INTO pool_pool VALUES (10967,890,0,'Hellfire Peninsula mineral, node 166');

UPDATE gameobject SET guid=197558 WHERE guid=120757;
INSERT IGNORE INTO pool_gameobject VALUES (197558,10968,0,'Hellfire Peninsula 181555, node 167');
INSERT IGNORE INTO gameobject VALUES (197557,181557,530,1,1,-812.086,2048.77,40.0752,-2.25147,0.0,0.0,0.0,1.0,3600,255,1);
INSERT IGNORE INTO pool_gameobject VALUES (197557,10968,5,'Hellfire Peninsula 181557, node 167');
INSERT IGNORE INTO pool_template VALUES (10968,1,'Hellfire Peninsula mineral, node 167');
INSERT IGNORE INTO pool_pool VALUES (10968,890,0,'Hellfire Peninsula mineral, node 167');

UPDATE gameobject SET guid=197556 WHERE guid=120758;
INSERT IGNORE INTO pool_gameobject VALUES (197556,10969,0,'Hellfire Peninsula 181555, node 168');
INSERT IGNORE INTO gameobject VALUES (197555,181557,530,1,1,-445.374,2153.05,85.3596,-2.44346,0.0,0.0,0.0,1.0,3600,255,1);
INSERT IGNORE INTO pool_gameobject VALUES (197555,10969,5,'Hellfire Peninsula 181557, node 168');
INSERT IGNORE INTO pool_template VALUES (10969,1,'Hellfire Peninsula mineral, node 168');
INSERT IGNORE INTO pool_pool VALUES (10969,890,0,'Hellfire Peninsula mineral, node 168');

UPDATE gameobject SET guid=197554 WHERE guid=120760;
INSERT IGNORE INTO pool_gameobject VALUES (197554,10970,0,'Hellfire Peninsula 181555, node 169');
INSERT IGNORE INTO gameobject VALUES (197553,181557,530,1,1,-327.815,2518.92,41.0388,2.79252,0.0,0.0,0.0,1.0,3600,255,1);
INSERT IGNORE INTO pool_gameobject VALUES (197553,10970,5,'Hellfire Peninsula 181557, node 169');
INSERT IGNORE INTO pool_template VALUES (10970,1,'Hellfire Peninsula mineral, node 169');
INSERT IGNORE INTO pool_pool VALUES (10970,890,0,'Hellfire Peninsula mineral, node 169');

UPDATE gameobject SET guid=197552 WHERE guid=120761;
INSERT IGNORE INTO pool_gameobject VALUES (197552,10971,0,'Hellfire Peninsula 181555, node 170');
INSERT IGNORE INTO gameobject VALUES (197551,181557,530,1,1,-1028.08,3968.82,111.831,-1.85005,0.0,0.0,0.0,1.0,3600,255,1);
INSERT IGNORE INTO pool_gameobject VALUES (197551,10971,5,'Hellfire Peninsula 181557, node 170');
INSERT IGNORE INTO pool_template VALUES (10971,1,'Hellfire Peninsula mineral, node 170');
INSERT IGNORE INTO pool_pool VALUES (10971,890,0,'Hellfire Peninsula mineral, node 170');

UPDATE gameobject SET guid=197550 WHERE guid=120762;
INSERT IGNORE INTO pool_gameobject VALUES (197550,10972,0,'Hellfire Peninsula 181555, node 171');
INSERT IGNORE INTO gameobject VALUES (197549,181557,530,1,1,-1162.33,3361.92,124.377,-1.01229,0.0,0.0,0.0,1.0,3600,255,1);
INSERT IGNORE INTO pool_gameobject VALUES (197549,10972,5,'Hellfire Peninsula 181557, node 171');
INSERT IGNORE INTO pool_template VALUES (10972,1,'Hellfire Peninsula mineral, node 171');
INSERT IGNORE INTO pool_pool VALUES (10972,890,0,'Hellfire Peninsula mineral, node 171');

UPDATE gameobject SET guid=197548 WHERE guid=121595;
INSERT IGNORE INTO pool_gameobject VALUES (197548,10973,0,'Hellfire Peninsula 181555, node 172');
INSERT IGNORE INTO gameobject VALUES (197547,181557,530,1,1,-159.065,2840.8,26.7642,-1.11701,0.0,0.0,0.0,1.0,7200,255,1);
INSERT IGNORE INTO pool_gameobject VALUES (197547,10973,5,'Hellfire Peninsula 181557, node 172');
INSERT IGNORE INTO pool_template VALUES (10973,1,'Hellfire Peninsula mineral, node 172');
INSERT IGNORE INTO pool_pool VALUES (10973,890,0,'Hellfire Peninsula mineral, node 172');

UPDATE gameobject SET guid=197546 WHERE guid=121596;
INSERT IGNORE INTO pool_gameobject VALUES (197546,10974,0,'Hellfire Peninsula 181555, node 173');
INSERT IGNORE INTO gameobject VALUES (197545,181557,530,1,1,-175.172,2688.76,39.6906,2.86233,0.0,0.0,0.0,1.0,7200,255,1);
INSERT IGNORE INTO pool_gameobject VALUES (197545,10974,5,'Hellfire Peninsula 181557, node 173');
INSERT IGNORE INTO pool_template VALUES (10974,1,'Hellfire Peninsula mineral, node 173');
INSERT IGNORE INTO pool_pool VALUES (10974,890,0,'Hellfire Peninsula mineral, node 173');

UPDATE gameobject SET guid=197544 WHERE guid=121598;
INSERT IGNORE INTO pool_gameobject VALUES (197544,10975,0,'Hellfire Peninsula 181555, node 174');
INSERT IGNORE INTO gameobject VALUES (197543,181557,530,1,1,-988.538,4069.49,85.2849,-2.23402,0.0,0.0,0.0,1.0,7200,255,1);
INSERT IGNORE INTO pool_gameobject VALUES (197543,10975,5,'Hellfire Peninsula 181557, node 174');
INSERT IGNORE INTO pool_template VALUES (10975,1,'Hellfire Peninsula mineral, node 174');
INSERT IGNORE INTO pool_pool VALUES (10975,890,0,'Hellfire Peninsula mineral, node 174');

UPDATE gameobject SET guid=197542 WHERE guid=121599;
INSERT IGNORE INTO pool_gameobject VALUES (197542,10976,0,'Hellfire Peninsula 181555, node 175');
INSERT IGNORE INTO gameobject VALUES (197541,181557,530,1,1,-378.815,2946.42,-60.526,-2.00713,0.0,0.0,0.0,1.0,7200,255,1);
INSERT IGNORE INTO pool_gameobject VALUES (197541,10976,5,'Hellfire Peninsula 181557, node 175');
INSERT IGNORE INTO pool_template VALUES (10976,1,'Hellfire Peninsula mineral, node 175');
INSERT IGNORE INTO pool_pool VALUES (10976,890,0,'Hellfire Peninsula mineral, node 175');

UPDATE gameobject SET guid=197540 WHERE guid=121600;
INSERT IGNORE INTO pool_gameobject VALUES (197540,10977,0,'Hellfire Peninsula 181555, node 176');
INSERT IGNORE INTO gameobject VALUES (197539,181557,530,1,1,207.161,2240.34,51.0655,2.00713,0.0,0.0,0.0,1.0,7200,255,1);
INSERT IGNORE INTO pool_gameobject VALUES (197539,10977,5,'Hellfire Peninsula 181557, node 176');
INSERT IGNORE INTO pool_template VALUES (10977,1,'Hellfire Peninsula mineral, node 176');
INSERT IGNORE INTO pool_pool VALUES (10977,890,0,'Hellfire Peninsula mineral, node 176');

UPDATE gameobject SET guid=197538 WHERE guid=121601;
INSERT IGNORE INTO pool_gameobject VALUES (197538,10978,0,'Hellfire Peninsula 181555, node 177');
INSERT IGNORE INTO gameobject VALUES (197537,181557,530,1,1,34.8345,2239.57,87.9856,1.88495,0.0,0.0,0.0,1.0,7200,255,1);
INSERT IGNORE INTO pool_gameobject VALUES (197537,10978,5,'Hellfire Peninsula 181557, node 177');
INSERT IGNORE INTO pool_template VALUES (10978,1,'Hellfire Peninsula mineral, node 177');
INSERT IGNORE INTO pool_pool VALUES (10978,890,0,'Hellfire Peninsula mineral, node 177');

UPDATE gameobject SET guid=197536 WHERE guid=121602;
INSERT IGNORE INTO pool_gameobject VALUES (197536,10979,0,'Hellfire Peninsula 181555, node 178');
INSERT IGNORE INTO gameobject VALUES (197535,181557,530,1,1,-1104.67,2564.65,42.0649,0.104719,0.0,0.0,0.0,1.0,7200,255,1);
INSERT IGNORE INTO pool_gameobject VALUES (197535,10979,5,'Hellfire Peninsula 181557, node 178');
INSERT IGNORE INTO pool_template VALUES (10979,1,'Hellfire Peninsula mineral, node 178');
INSERT IGNORE INTO pool_pool VALUES (10979,890,0,'Hellfire Peninsula mineral, node 178');

UPDATE gameobject SET guid=197534 WHERE guid=121603;
INSERT IGNORE INTO pool_gameobject VALUES (197534,10980,0,'Hellfire Peninsula 181555, node 179');
INSERT IGNORE INTO gameobject VALUES (197533,181557,530,1,1,60.0663,1755.74,46.9669,-1.88495,0.0,0.0,0.0,1.0,7200,255,1);
INSERT IGNORE INTO pool_gameobject VALUES (197533,10980,5,'Hellfire Peninsula 181557, node 179');
INSERT IGNORE INTO pool_template VALUES (10980,1,'Hellfire Peninsula mineral, node 179');
INSERT IGNORE INTO pool_pool VALUES (10980,890,0,'Hellfire Peninsula mineral, node 179');

UPDATE gameobject SET guid=197532 WHERE guid=121685;
INSERT IGNORE INTO pool_gameobject VALUES (197532,10981,0,'Hellfire Peninsula 181555, node 180');
INSERT IGNORE INTO gameobject VALUES (197531,181557,530,1,1,292.107,3410.13,76.1362,2.96704,0.0,0.0,0.0,1.0,7200,255,1);
INSERT IGNORE INTO pool_gameobject VALUES (197531,10981,5,'Hellfire Peninsula 181557, node 180');
INSERT IGNORE INTO pool_template VALUES (10981,1,'Hellfire Peninsula mineral, node 180');
INSERT IGNORE INTO pool_pool VALUES (10981,890,0,'Hellfire Peninsula mineral, node 180');

UPDATE gameobject SET guid=197530 WHERE guid=121686;
INSERT IGNORE INTO pool_gameobject VALUES (197530,10982,0,'Hellfire Peninsula 181555, node 181');
INSERT IGNORE INTO gameobject VALUES (197529,181557,530,1,1,498.235,3065.31,10.1884,-2.00713,0.0,0.0,0.0,1.0,7200,255,1);
INSERT IGNORE INTO pool_gameobject VALUES (197529,10982,5,'Hellfire Peninsula 181557, node 181');
INSERT IGNORE INTO pool_template VALUES (10982,1,'Hellfire Peninsula mineral, node 181');
INSERT IGNORE INTO pool_pool VALUES (10982,890,0,'Hellfire Peninsula mineral, node 181');

UPDATE gameobject SET spawntimesecs=60 WHERE guid IN (SELECT guid FROM pool_gameobject WHERE pool_entry BETWEEN 10000 AND 10999);

DELETE FROM gameobject WHERE guid=61099;
DELETE FROM gameobject WHERE guid=61963;
DELETE FROM gameobject WHERE guid=64885;

-- random
UPDATE creature SET spawndist=0, MovementType=0 WHERE id IN (26712,26631,27909);
INSERT IGNORE INTO creature VALUES (16327,26632,600,3,1,0,0,-236.826,-675.405,131.948,4.76475,86400,0.0,0,1,0,0,0);
INSERT IGNORE INTO creature_template_addon VALUES (26632,0,0,1,0,0,0,'49551 0');
UPDATE creature_template SET InhabitType=InhabitType|4 WHERE entry=29794;
UPDATE creature_template SET flags_extra=flags_extra|2 WHERE entry=15730;

-- Cleanup
UPDATE gameobject SET state = 0 WHERE id IN (SELECT entry FROM gameobject_template WHERE type = 0 AND data0 = 1);
UPDATE creature_template SET unit_flags=unit_flags&~2048 WHERE unit_flags&2048=2048;
UPDATE creature_template SET unit_flags=unit_flags&~524288 WHERE unit_flags&524288=524288;
UPDATE creature_template SET unit_flags=unit_flags&~67108864 WHERE unit_flags&67108864=67108864;
UPDATE creature_template SET unit_flags=unit_flags&~8388608 WHERE unit_flags&8388608=8388608;
UPDATE creature, creature_template SET creature.curhealth=creature_template.minhealth,creature.curmana=creature_template.minmana WHERE creature.id=creature_template.entry and creature_template.RegenHealth = '1';
UPDATE creature_template SET dynamicflags = dynamicflags &~ 223;
UPDATE creature_template SET npcflag = npcflag&~16777216; -- UNIT_NPC_FLAG_SPELLCLICK
-- UPDATE gameobject_template SET flags=flags&~4 WHERE type IN (2,19,17);
UPDATE creature SET MovementType = 0 WHERE spawndist = 0 AND MovementType=1;
UPDATE creature SET spawndist=0 WHERE MovementType=0;
UPDATE quest_template SET SpecialFlags=SpecialFlags|1 WHERE QuestFlags=QuestFlags|4096;
UPDATE quest_template SET SpecialFlags=SpecialFlags|1 WHERE QuestFlags=QuestFlags|32768;
DELETE FROM go,gt USING gameobject go LEFT JOIN gameobject_template gt ON go.id=gt.entry WHERE gt.entry IS NULL;
DELETE FROM gi,gt USING gameobject_involvedrelation gi LEFT JOIN gameobject_template gt ON gi.id=gt.entry WHERE gt.entry IS NULL;
DELETE FROM gqr,gt USING gameobject_questrelation gqr LEFT JOIN gameobject_template gt ON gqr.id=gt.entry WHERE gt.entry IS NULL;
DELETE FROM ge,go USING game_event_gameobject ge LEFT JOIN gameobject go ON ge.guid=go.guid WHERE go.guid IS NULL;
DELETE FROM gameobject_scripts WHERE id NOT IN (SELECT guid FROM gameobject);
DELETE FROM gameobject_scripts WHERE command in (11, 12) and datalong NOT IN (SELECT guid FROM gameobject);
DELETE FROM gameobject_battleground WHERE guid NOT IN (SELECT guid FROM gameobject);
DELETE FROM creature_battleground WHERE guid NOT IN (SELECT guid FROM creature);
DELETE FROM creature_addon WHERE guid NOT IN (SELECT guid FROM creature);
UPDATE creature_addon SET moveflags=moveflags &~ 0x00000100; -- SPLINEFLAG_DONE
UPDATE creature_addon SET moveflags=moveflags &~ 0x00000200; -- SPLINEFLAG_FALLING
UPDATE creature_addon SET moveflags=moveflags &~ 0x00000800; -- SPLINEFLAG_TRAJECTORY (can crash client)
UPDATE creature_addon SET moveflags=moveflags &~ 0x00200000; -- SPLINEFLAG_UNKNOWN3 (can crash client)
UPDATE creature_addon SET moveflags=moveflags &~ 0x08000000;
UPDATE creature_template_addon SET moveflags=moveflags &~ 0x00000100;
UPDATE creature_template_addon SET moveflags=moveflags &~ 0x00000200;
UPDATE creature_template_addon SET moveflags=moveflags &~ 0x00000800;
UPDATE creature_template_addon SET moveflags=moveflags &~ 0x00200000;
UPDATE creature_template_addon SET moveflags=moveflags &~ 0x08000000;
DELETE FROM npc_gossip WHERE npc_guid NOT IN (SELECT guid FROM creature);
DELETE FROM creature_movement WHERE id NOT IN (SELECT guid FROM creature);
DELETE FROM game_event_creature WHERE guid NOT IN (SELECT guid FROM creature);
DELETE FROM creature_questrelation WHERE id NOT IN (SELECT entry FROM creature_template);
DELETE FROM creature_onkill_reputation WHERE creature_id NOT IN (SELECT entry FROM creature_template);
UPDATE creature_template SET npcflag=npcflag|2 WHERE entry IN (SELECT id FROM creature_questrelation UNION SELECT id FROM creature_involvedrelation);
UPDATE db_version set version = 'UDB 0.12.1 (396) for MaNGOS 10904 with SD2 SQL for rev. 1913';
UPDATE db_version set cache_id = 396;
-- END
