-- aq40
INSERT IGNORE INTO gameobject VALUES (1523,180745,531,1,1,-8660.63,2022.4,108.577,-2.63544,0.0,0.0,0.0,1.0,604800,255,1);
INSERT IGNORE INTO gameobject VALUES (5483,180745,531,1,1,-8652.2,2020.92,108.577,0.244346,0.0,0.0,0.0,1.0,604800,255,1);
INSERT IGNORE INTO gameobject VALUES (7170,180745,531,1,1,-8663.34,2029.9,108.577,-1.83259,0.0,0.0,0.0,1.0,604800,255,1);
INSERT IGNORE INTO gameobject VALUES (9301,181068,531,1,1,-8174.7,2093.79,129.196,-2.24674,0.0,0.0,0.0,1.0,-604800,255,1);
INSERT IGNORE INTO gameobject VALUES (9306,181068,531,1,1,-8181.35,2088.32,129.196,-1.27903,0.0,0.0,0.0,1.0,-604800,255,1);
INSERT IGNORE INTO gameobject VALUES (11495,181068,531,1,1,-8175.84,2085.63,129.196,-0.360985,0.0,0.0,0.0,1.0,-604800,255,1);
INSERT IGNORE INTO gameobject VALUES (12443,181068,531,1,1,-8173.66,2090.37,129.196,-1.978,0.0,0.0,0.0,1.0,-604800,255,1);
INSERT IGNORE INTO gameobject VALUES (14106,181068,531,1,1,-8291.93,2119.56,118.3,0.045136,0.0,0.0,0.0,1.0,-604800,255,1);
INSERT IGNORE INTO gameobject VALUES (14124,181068,531,1,1,-8295.17,2112.25,118.3,2.79713,0.0,0.0,0.0,1.0,-604800,255,1);
INSERT IGNORE INTO gameobject VALUES (14127,181068,531,1,1,-8303.25,2117.6,118.3,-0.102194,0.0,0.0,0.0,1.0,-604800,255,1);
INSERT IGNORE INTO gameobject VALUES (14142,181068,531,1,1,-8295.91,2129.5,118.3,3.04654,0.0,0.0,0.0,1.0,-604800,255,1);
INSERT IGNORE INTO gameobject VALUES (14215,181069,531,1,1,-8826.06,1580.15,-95.0172,0.722811,0.0,0.0,0.0,1.0,-604800,255,1);
INSERT IGNORE INTO gameobject VALUES (14226,181069,531,1,1,-8831.57,1528.13,-95.3775,0.238418,0.0,0.0,0.0,1.0,-604800,255,1);
INSERT IGNORE INTO gameobject VALUES (15092,181069,531,1,1,-8839.99,1539.0,-95.4586,-1.59632,0.0,0.0,0.0,1.0,-604800,255,1);
INSERT IGNORE INTO gameobject VALUES (20849,181069,531,1,1,-8865.76,1524.95,-95.1156,0.053534,0.0,0.0,0.0,1.0,-604800,255,1);
INSERT IGNORE INTO gameobject VALUES (20858,181069,531,1,1,-8916.65,1379.08,-101.533,2.50274,0.0,0.0,0.0,1.0,-604800,255,1);
INSERT IGNORE INTO gameobject VALUES (21779,181069,531,1,1,-9129.24,1758.84,-42.8584,-0.215075,0.0,0.0,0.0,1.0,-604800,255,1);
INSERT IGNORE INTO gameobject VALUES (21780,181069,531,1,1,-9116.27,1768.33,-42.6548,-1.27751,0.0,0.0,0.0,1.0,-604800,255,1);
INSERT IGNORE INTO gameobject VALUES (21781,181069,531,1,1,-9034.97,1882.09,-45.9602,0.607543,0.0,0.0,0.0,1.0,-604800,255,1);
INSERT IGNORE INTO gameobject VALUES (21782,181069,531,1,1,-8915.74,1867.07,-22.5036,-0.155491,0.0,0.0,0.0,1.0,-604800,255,1);
INSERT IGNORE INTO gameobject VALUES (21783,180634,531,1,1,-8929.61,1344.38,-104.211,-2.43473,0.0,0.0,0.98245,-0.186524,604800,255,0);
INSERT IGNORE INTO gameobject VALUES (21784,180635,531,1,1,-9016.36,1330.68,-104.211,2.80125,0.0,0.0,0.98245,-0.186524,604800,255,1);
INSERT IGNORE INTO gameobject VALUES (21785,180636,531,1,1,-8429.59,2048.81,153.309,-2.76634,0.0,0.0,0.98245,-0.186524,604800,255,1);
INSERT IGNORE INTO gameobject VALUES (21786,180690,531,1,1,-8561.12,1989.54,-3.09152,-2.09439,0.0,0.0,0.0,1.0,10800,255,1);
INSERT IGNORE INTO gameobject VALUES (21787,180690,531,1,1,-8134.14,1125.44,-86.2664,2.51327,0.0,0.0,0.0,1.0,10800,255,1);
INSERT IGNORE INTO gameobject VALUES (21788,180690,531,1,1,-8583.56,1287.91,-68.8899,1.6057,0.0,0.0,0.0,1.0,10800,255,1);
INSERT IGNORE INTO gameobject VALUES (21789,180690,531,1,1,-8674.74,1594.59,-86.1393,-2.70526,0.0,0.0,0.0,1.0,10800,255,1);
INSERT IGNORE INTO gameobject VALUES (21790,180690,531,1,1,-8882.01,1347.22,-92.5825,1.13446,0.0,0.0,0.0,1.0,10800,255,1);
INSERT IGNORE INTO gameobject VALUES (21791,180690,531,1,1,-9242.85,1567.7,-77.3522,0.488691,0.0,0.0,0.0,1.0,10800,255,1);
INSERT IGNORE INTO gameobject VALUES (21792,180690,531,1,1,-9106.09,1502.93,-100.001,-1.20428,0.0,0.0,0.0,1.0,10800,255,1);
INSERT IGNORE INTO gameobject VALUES (21793,180690,531,1,1,-8928.15,1823.57,-18.932,1.09956,0.0,0.0,0.0,1.0,10800,255,1);
INSERT IGNORE INTO gameobject VALUES (21794,180690,531,1,1,-9201.08,1486.46,-95.1725,2.00713,0.0,0.0,0.0,1.0,10800,255,1);
INSERT IGNORE INTO gameobject VALUES (21795,180690,531,1,1,-9161.58,1579.33,-79.9399,1.88495,0.0,0.0,0.0,1.0,10800,255,1);

-- misc random
INSERT IGNORE INTO gameobject VALUES (21796,174597,1,1,1,6599.87,-1266.64,448.412,1.97222,0.0,0.0,0.0,1.0,180,255,1);
INSERT IGNORE INTO gameobject VALUES (21797,185107,1,1,1,9723.84,2541.49,1336.3,-0.401425,0.0,0.0,0.0,1.0,180,255,1);
INSERT IGNORE INTO gameobject VALUES (21798,185107,1,1,1,9963.14,2488.85,1316.42,2.91469,0.0,0.0,0.0,1.0,180,255,1);
INSERT IGNORE INTO gameobject VALUES (21799,185107,1,1,1,9920.2,2349.05,1331.37,-1.55334,0.0,0.0,0.0,1.0,180,255,1);
INSERT IGNORE INTO gameobject VALUES (21800,21583,1,1,1,-8165.58,-4862.22,-25.8531,0.59341,0.0,0.0,0.0,1.0,180,255,1);
INSERT IGNORE INTO gameobject VALUES (21801,1684,1,1,1,9920.35,2308.9,1330.79,-2.96704,0.0,0.0,0.0,1.0,180,255,1);
INSERT IGNORE INTO gameobject VALUES (21802,88496,1,1,1,3962.28,-5029.25,137.339,3.14159,0.0,0.0,0.0,1.0,180,255,1);
INSERT IGNORE INTO gameobject VALUES (21803,105173,1,1,1,2900.79,2465.59,138.23,0.750425,0.0,0.0,0.0,1.0,180,255,1);
INSERT IGNORE INTO game_event_gameobject VALUES (21797,21);
INSERT IGNORE INTO game_event_gameobject VALUES (21798,21);
INSERT IGNORE INTO game_event_gameobject VALUES (21799,21);
UPDATE gameobject SET position_x=-5036.72, position_y=-920.928, position_z=502.333, orientation=0.0, rotation0=0.0, rotation1=0.0, rotation2=0.0, rotation3=1.0, animprogress=255 WHERE guid=34305;
UPDATE gameobject SET position_x=-4918.03, position_y=-843.841, position_z=502.425, orientation=-2.40855, rotation0=0.0, rotation1=0.0, rotation2=0.0, rotation3=1.0, animprogress=255 WHERE guid=34217;
UPDATE gameobject SET position_x=-4833.56, position_y=-1172.25, position_z=502.923, orientation=1.20428, rotation0=0.0, rotation1=0.0, rotation2=0.0, rotation3=1.0, animprogress=255 WHERE guid=34079;
UPDATE gameobject SET rotation2=0.0, rotation3=1.0, animprogress=255 WHERE guid=34080;
INSERT IGNORE INTO gameobject VALUES (21804,185107,530,1,1,-3909.87,-11631.9,-138.152,1.62316,0.0,0.0,0.0,1.0,180,255,1);
INSERT IGNORE INTO gameobject VALUES (21805,185107,530,1,1,-3842.62,-11419.7,-132.166,-2.47837,0.0,0.0,0.0,1.0,180,255,1);
INSERT IGNORE INTO gameobject VALUES (21806,185107,530,1,1,-3948.55,-11697.0,-138.855,-2.74016,0.0,0.0,0.0,1.0,180,255,1);
INSERT IGNORE INTO gameobject VALUES (21807,185107,530,1,1,-3828.47,-11727.7,-106.803,2.18166,0.0,0.0,0.0,1.0,180,255,1);
INSERT IGNORE INTO game_event_gameobject VALUES (21804,21);
INSERT IGNORE INTO game_event_gameobject VALUES (21805,21);
INSERT IGNORE INTO game_event_gameobject VALUES (21806,21);
INSERT IGNORE INTO game_event_gameobject VALUES (21807,21);
INSERT IGNORE INTO gameobject VALUES (21834,185107,571,1,1,5664.88,790.871,653.698,-0.715585,0.0,0.0,0.0,1.0,180,255,1);
INSERT IGNORE INTO game_event_gameobject VALUES (21834,21);

INSERT IGNORE INTO creature VALUES (86595,22013,1,1,1,0,0,9827.54,2529.0,1321.11,3.16111,300,0.0,0,1,0,0,0);
INSERT IGNORE INTO creature VALUES (116892,22013,1,1,1,0,0,9829.62,2527.04,1321.16,3.15966,300,0.0,0,1,0,0,0);
INSERT IGNORE INTO creature VALUES (116894,22013,1,1,1,0,0,9727.12,2542.52,1335.24,2.42601,300,0.0,0,1,0,0,0);
INSERT IGNORE INTO creature VALUES (116895,22013,1,1,1,0,0,9724.21,2545.0,1335.76,5.58505,300,0.0,0,1,0,0,0);
INSERT IGNORE INTO creature VALUES (116907,22013,1,1,1,0,0,9959.3,2484.38,1316.15,0.750492,300,0.0,0,1,0,0,0);
INSERT IGNORE INTO creature VALUES (116908,22013,1,1,1,0,0,9962.13,2487.17,1316.12,3.9968,300,0.0,0,1,0,0,0);
INSERT IGNORE INTO creature VALUES (116910,22013,1,1,1,0,0,9916.64,2349.3,1330.87,4.92183,300,0.0,0,1,0,0,0);
INSERT IGNORE INTO creature VALUES (138495,22013,1,1,1,0,0,9916.48,2345.54,1330.87,1.74533,300,0.0,0,1,0,0,0);
INSERT IGNORE INTO game_event_creature VALUES (86595,21);
INSERT IGNORE INTO game_event_creature VALUES (116892,21);
INSERT IGNORE INTO game_event_creature VALUES (116894,21);
INSERT IGNORE INTO game_event_creature VALUES (116895,21);
INSERT IGNORE INTO game_event_creature VALUES (116907,21);
INSERT IGNORE INTO game_event_creature VALUES (116908,21);
INSERT IGNORE INTO game_event_creature VALUES (116910,21);
INSERT IGNORE INTO game_event_creature VALUES (138495,21);
INSERT IGNORE INTO creature VALUES (138496,22013,0,1,1,0,0,-4836.85,-1171.63,502.277,2.44346,300,0.0,0,1,0,0,0);
INSERT IGNORE INTO creature VALUES (138497,22013,0,1,1,0,0,-4839.37,-1169.09,502.279,5.37561,300,0.0,0,1,0,0,0);
INSERT IGNORE INTO creature VALUES (138498,22013,0,1,1,0,0,-5033.75,-931.287,501.743,1.32645,300,0.0,0,1,0,0,0);
INSERT IGNORE INTO creature VALUES (138499,22013,0,1,1,0,0,-5032.97,-926.68,501.743,4.64258,300,0.0,0,1,0,0,0);
INSERT IGNORE INTO creature VALUES (138500,22013,0,1,1,0,0,-4791.02,-1029.95,502.207,3.01007,300,0.0,0,1,0,0,0);
INSERT IGNORE INTO creature VALUES (138501,22013,0,1,1,0,0,-4789.0,-1030.22,502.206,3.01181,300,0.0,0,1,0,0,0);
INSERT IGNORE INTO creature VALUES (138502,22013,0,1,1,0,0,-4916.43,-848.374,501.745,4.72984,300,0.0,0,1,0,0,0);
INSERT IGNORE INTO creature VALUES (138503,22013,0,1,1,0,0,-4916.61,-852.305,501.745,1.48353,300,0.0,0,1,0,0,0);
INSERT IGNORE INTO creature VALUES (138504,22013,0,1,1,0,0,-4680.56,-985.584,501.646,3.08923,300,0.0,0,1,0,0,0);
INSERT IGNORE INTO creature VALUES (138505,22013,0,1,1,0,0,-4683.46,-985.091,501.627,6.03884,300,0.0,0,1,0,0,0);
INSERT IGNORE INTO game_event_creature VALUES (138496,21);
INSERT IGNORE INTO game_event_creature VALUES (138497,21);
INSERT IGNORE INTO game_event_creature VALUES (138498,21);
INSERT IGNORE INTO game_event_creature VALUES (138499,21);
INSERT IGNORE INTO game_event_creature VALUES (138500,21);
INSERT IGNORE INTO game_event_creature VALUES (138501,21);
INSERT IGNORE INTO game_event_creature VALUES (138502,21);
INSERT IGNORE INTO game_event_creature VALUES (138503,21);
INSERT IGNORE INTO game_event_creature VALUES (138504,21);
INSERT IGNORE INTO game_event_creature VALUES (138505,21);
UPDATE creature SET position_x=-3832.2, position_y=-11726.6, position_z=-106.758, orientation=0.523599 WHERE guid=84086;
UPDATE creature SET position_x=-3828.45, position_y=-11723.7, position_z=-106.651, orientation=3.85718 WHERE guid=84087;
UPDATE creature SET position_x=-3951.84, position_y=-11696.5, position_z=-138.727, orientation=5.34071 WHERE guid=84088;
UPDATE creature SET position_x=-3950.1, position_y=-11699.9, position_z=-138.724, orientation=2.00713 WHERE guid=84089;
INSERT IGNORE INTO creature VALUES (138506,22013,530,1,1,0,0,-3844.63,-11420.5,-132.031,5.55015,300,0.0,0,1,0,0,0);
INSERT IGNORE INTO creature VALUES (138507,22013,530,1,1,0,0,-3842.52,-11422.8,-132.023,2.63545,300,0.0,0,1,0,0,0);
INSERT IGNORE INTO creature VALUES (138508,22013,530,1,1,0,0,-3907.83,-11629.5,-137.97,3.15905,300,0.0,0,1,0,0,0);
INSERT IGNORE INTO creature VALUES (138509,22013,530,1,1,0,0,-3912.03,-11629.6,-138.045,0.087266,300,0.0,0,1,0,0,0);
INSERT IGNORE INTO game_event_creature VALUES (138506,21);
INSERT IGNORE INTO game_event_creature VALUES (138507,21);
INSERT IGNORE INTO game_event_creature VALUES (138508,21);
INSERT IGNORE INTO game_event_creature VALUES (138509,21);
INSERT IGNORE INTO creature VALUES (138510,22013,571,1,1,0,0,5665.49,788.72,653.779,0.802851,300,0.0,0,1,0,0,0);
INSERT IGNORE INTO creature VALUES (138511,22013,571,1,1,0,0,5667.04,790.821,653.781,4.20624,300,0.0,0,1,0,0,0);
INSERT IGNORE INTO game_event_creature VALUES (138510,21);
INSERT IGNORE INTO game_event_creature VALUES (138511,21);
-- portal
INSERT IGNORE INTO gameobject VALUES (21901,203959,571,1,1,3608.6,186.097,-107.931,2.19489,0.0,0.0,0.050117,0.998743,180,255,1);
INSERT IGNORE INTO gameobject VALUES (21902,203960,571,1,1,3608.6,186.097,-107.931,2.19489,0.0,0.0,0.050117,0.998743,180,255,1);
INSERT IGNORE INTO gameobject VALUES (21903,203961,571,1,1,3608.6,186.097,-107.931,2.19489,0.0,0.0,0.050117,0.998743,180,255,1);
INSERT IGNORE INTO gameobject VALUES (21904,203962,571,1,1,3608.6,186.097,-107.931,2.19489,0.0,0.0,0.050117,0.998743,180,255,1);
-- misc
INSERT IGNORE INTO gameobject VALUES (21905,193696,571,1,1,7637.64,2074.04,600.272,2.60926,0.0,0.0,0.99999,0.004363,180,255,1);
INSERT IGNORE INTO gameobject VALUES (21906,193697,571,1,1,7635.76,2074.88,600.27,-2.94959,0.0,0.0,0.99999,0.004363,180,255,1);
INSERT IGNORE INTO gameobject VALUES (21907,193698,571,1,1,7636.03,2073.45,600.233,-1.92896,0.0,0.0,0.99999,0.004363,180,255,1);
INSERT IGNORE INTO gameobject VALUES (21908,193699,571,1,1,7637.21,2073.31,601.419,-1.93571,0.0,0.0,0.99999,0.004363,180,255,1);
INSERT IGNORE INTO gameobject VALUES (21909,193700,571,1,1,7638.75,2073.49,600.251,1.24791,0.0,0.0,0.99999,0.004363,180,255,1);
INSERT IGNORE INTO gameobject VALUES (21910,193701,571,1,1,7642.83,2067.32,600.257,-2.58308,0.0,0.0,0.99999,0.004363,180,255,1);
INSERT IGNORE INTO gameobject VALUES (21913,193702,571,1,1,7643.08,2067.65,601.462,-2.97579,0.0,0.0,0.99999,0.004363,180,255,1);
INSERT IGNORE INTO gameobject VALUES (21914,193703,571,1,1,7642.85,2067.18,601.479,2.18166,0.0,0.0,0.99999,0.004363,180,255,1);
INSERT IGNORE INTO gameobject VALUES (21915,193704,571,1,1,7642.36,2067.46,601.459,-2.8873,0.0,0.0,0.99999,0.004363,180,255,1);
INSERT IGNORE INTO gameobject VALUES (21916,193705,571,1,1,7641.54,2066.84,601.473,0.401427,0.0,0.0,0.99999,0.004363,180,255,1);
INSERT IGNORE INTO gameobject VALUES (21917,193706,571,1,1,7642.22,2066.7,601.473,-0.56723,0.0,0.0,0.99999,0.004363,180,255,1);
INSERT IGNORE INTO gameobject VALUES (21918,193707,571,1,1,7639.48,2069.83,600.657,2.34747,0.0,0.0,0.99999,0.004363,180,255,1);
INSERT IGNORE INTO gameobject VALUES (21919,193708,571,1,1,7636.18,2073.49,601.443,-2.86232,0.0,0.0,0.99999,0.004363,180,255,1);
INSERT IGNORE INTO gameobject VALUES (21920,193709,571,1,1,7645.86,2060.06,601.122,-1.64058,0.0,0.0,0.99999,0.004363,180,255,1);
INSERT IGNORE INTO gameobject VALUES (21921,193710,571,1,1,7645.79,2059.07,600.253,-1.03847,0.0,0.0,0.99999,0.004363,180,255,1);
INSERT IGNORE INTO gameobject VALUES (21922,193711,571,1,1,7645.84,2061.11,600.253,-2.43473,0.0,0.0,0.99999,0.004363,180,255,1);
INSERT IGNORE INTO gameobject VALUES (21923,193712,571,1,1,7642.72,2051.59,600.261,1.71042,0.0,0.0,0.99999,0.004363,180,255,1);
INSERT IGNORE INTO gameobject VALUES (21924,193713,571,1,1,7642.54,2051.88,600.25,1.84476,0.0,0.0,0.99999,0.004363,180,255,1);
INSERT IGNORE INTO gameobject VALUES (21925,193714,571,1,1,7642.29,2051.72,600.264,-1.42244,0.0,0.0,0.99999,0.004363,180,255,1);
INSERT IGNORE INTO gameobject VALUES (27619,193715,571,1,1,7642.14,2051.82,600.262,-0.93375,0.0,0.0,0.99999,0.004363,180,255,1);
INSERT IGNORE INTO gameobject VALUES (28059,193716,571,1,1,7642.39,2051.59,600.24,-2.64417,0.0,0.0,0.99999,0.004363,180,255,1);
INSERT IGNORE INTO gameobject VALUES (28126,193717,571,1,1,7642.18,2051.6,600.461,-1.10828,0.0,0.0,0.99999,0.004363,180,255,1);
INSERT IGNORE INTO gameobject VALUES (28130,193718,571,1,1,7641.95,2051.51,600.24,2.92342,0.0,0.0,0.99999,0.004363,180,255,1);
INSERT IGNORE INTO gameobject VALUES (28145,193719,571,1,1,7642.19,2066.25,601.511,-1.96349,0.0,0.0,0.99999,0.004363,180,255,1);
INSERT IGNORE INTO gameobject VALUES (28146,193720,571,1,1,7639.41,2049.98,600.681,0.750491,0.0,0.0,0.99999,0.004363,180,255,1);
INSERT IGNORE INTO gameobject VALUES (28147,193721,571,1,1,7636.48,2046.31,600.13,2.09439,0.0,0.0,0.99999,0.004363,180,255,1);
INSERT IGNORE INTO gameobject VALUES (28148,193722,571,1,1,7636.71,2047.29,601.309,3.01067,0.0,0.0,0.99999,0.004363,180,255,1);
INSERT IGNORE INTO gameobject VALUES (28151,193723,571,1,1,7636.35,2046.3,601.35,0.575958,0.0,0.0,0.99999,0.004363,180,255,1);
INSERT IGNORE INTO gameobject VALUES (28164,193724,571,1,1,7644.04,2052.39,600.233,0.706858,0.0,0.0,0.99999,0.004363,180,255,1);
INSERT IGNORE INTO gameobject VALUES (28194,193725,571,1,1,7644.38,2052.46,600.238,-1.68424,0.0,0.0,0.99999,0.004363,180,255,1);
INSERT IGNORE INTO gameobject VALUES (28196,193726,571,1,1,7644.18,2052.06,600.239,2.08567,0.0,0.0,0.99999,0.004363,180,255,1);
INSERT IGNORE INTO gameobject VALUES (28211,193727,571,1,1,7629.88,2076.93,600.247,0.584686,0.0,0.0,0.99999,0.004363,180,255,1);
INSERT IGNORE INTO gameobject VALUES (28212,193728,571,1,1,7628.88,2076.95,601.116,-0.017419,0.0,0.0,0.99999,0.004363,180,255,1);
INSERT IGNORE INTO gameobject VALUES (28216,193729,571,1,1,7627.84,2076.87,600.247,-0.811576,0.0,0.0,0.99999,0.004363,180,255,1);
INSERT IGNORE INTO gameobject VALUES (28244,193730,571,1,1,7613.63,2067.52,600.23,2.80997,0.0,0.0,0.99999,0.004363,180,255,1);
INSERT IGNORE INTO gameobject VALUES (28261,193731,571,1,1,7613.7,2066.87,600.339,-0.549681,0.0,0.0,0.99999,0.004363,180,255,1);
INSERT IGNORE INTO gameobject VALUES (28262,193732,571,1,1,7613.58,2067.85,600.361,0.759044,0.0,0.0,0.99999,0.004363,180,255,1);
INSERT IGNORE INTO gameobject VALUES (28266,193733,571,1,1,7614.12,2068.63,600.244,2.86233,0.0,0.0,0.99999,0.004363,180,255,1);
INSERT IGNORE INTO gameobject VALUES (28267,193734,571,1,1,7614.18,2069.15,600.269,2.27762,0.0,0.0,0.99999,0.004363,180,255,1);
INSERT IGNORE INTO gameobject VALUES (28270,193735,571,1,1,7613.96,2068.4,600.263,-0.872663,0.0,0.0,0.99999,0.004363,180,255,1);
INSERT IGNORE INTO gameobject VALUES (28271,193736,571,1,1,7618.23,2070.37,600.557,-2.3911,0.0,0.0,0.99999,0.004363,180,255,1);
INSERT IGNORE INTO gameobject VALUES (28291,193737,571,1,1,7620.95,2073.95,600.217,-1.02974,0.0,0.0,0.99999,0.004363,180,255,1);
INSERT IGNORE INTO gameobject VALUES (28301,193738,571,1,1,7621.41,2072.64,601.433,1.95477,0.0,0.0,0.99999,0.004363,180,255,1);
INSERT IGNORE INTO gameobject VALUES (28304,193739,571,1,1,7621.29,2074.29,601.419,0.157079,0.0,0.0,0.99999,0.004363,180,255,1);
INSERT IGNORE INTO gameobject VALUES (28318,193740,571,1,1,7620.1,2074.38,601.421,-0.270523,0.0,0.0,0.99999,0.004363,180,255,1);
INSERT IGNORE INTO gameobject VALUES (28329,193741,571,1,1,7628.47,2043.35,601.082,3.09799,0.0,0.0,0.99999,0.004363,180,255,1);
INSERT IGNORE INTO gameobject VALUES (28417,193742,571,1,1,7627.47,2043.4,600.216,-2.58308,0.0,0.0,0.99999,0.004363,180,255,1);
INSERT IGNORE INTO gameobject VALUES (28419,193743,571,1,1,7629.51,2043.4,600.216,2.30383,0.0,0.0,0.99999,0.004363,180,255,1);
INSERT IGNORE INTO gameobject VALUES (28421,193744,571,1,1,7611.47,2060.24,601.099,1.47483,0.0,0.0,0.99999,0.004363,180,255,1);
INSERT IGNORE INTO gameobject VALUES (28432,193745,571,1,1,7611.44,2061.46,600.23,2.07694,0.0,0.0,0.99999,0.004363,180,255,1);
INSERT IGNORE INTO gameobject VALUES (28433,193746,571,1,1,7611.34,2059.42,600.23,0.680679,0.0,0.0,0.99999,0.004363,180,255,1);
INSERT IGNORE INTO gameobject VALUES (28446,193747,571,1,1,7619.74,2047.0,600.14,-2.15548,0.0,0.0,0.99999,0.004363,180,255,1);
INSERT IGNORE INTO gameobject VALUES (28489,193748,571,1,1,7621.17,2048.11,600.035,-3.08918,0.0,0.0,0.99999,0.004363,180,255,1);
INSERT IGNORE INTO gameobject VALUES (28493,193749,571,1,1,7621.34,2045.82,600.008,-0.418879,0.0,0.0,0.99999,0.004363,180,255,1);
INSERT IGNORE INTO gameobject VALUES (28499,193750,571,1,1,7614.78,2052.48,600.129,0.759219,0.0,0.0,0.99999,0.004363,180,255,1);
INSERT IGNORE INTO gameobject VALUES (28500,193751,571,1,1,7614.74,2052.61,601.349,-0.759215,0.0,0.0,0.99999,0.004363,180,255,1);
INSERT IGNORE INTO gameobject VALUES (29719,193752,571,1,1,7614.64,2053.23,601.321,-2.1293,0.0,0.0,0.99999,0.004363,180,255,1);
INSERT IGNORE INTO gameobject VALUES (30409,193753,571,1,1,7615.0,2053.27,601.319,-1.44862,0.0,0.0,0.99999,0.004363,180,255,1);
INSERT IGNORE INTO gameobject VALUES (30429,193754,571,1,1,7630.59,2060.2,600.165,0.017454,0.0,0.0,0.99999,0.004363,180,255,1);
INSERT IGNORE INTO gameobject VALUES (30439,193755,571,1,1,7617.74,2050.14,600.669,-0.802851,0.0,0.0,0.99999,0.004363,180,255,1);
INSERT IGNORE INTO gameobject VALUES (30545,193756,571,1,1,7628.6,2060.2,598.534,-0.139624,0.0,0.0,0.99999,0.004363,180,255,1);
INSERT IGNORE INTO gameobject VALUES (30857,193757,571,1,1,7628.6,2060.2,599.632,-1.66679,0.0,0.0,0.99999,0.004363,180,255,1);
INSERT IGNORE INTO gameobject VALUES (32471,193758,571,1,1,7628.88,2060.11,600.495,-1.56207,0.0,0.0,0.99999,0.004363,180,255,1);
INSERT IGNORE INTO gameobject VALUES (32711,193759,571,1,1,7629.98,2061.77,600.244,-2.93214,0.0,0.0,0.99999,0.004363,180,255,1);
INSERT IGNORE INTO gameobject VALUES (32777,193760,571,1,1,7630.54,2062.55,600.248,-2.0333,0.0,0.0,0.99999,0.004363,180,255,1);
INSERT IGNORE INTO gameobject VALUES (32787,193761,571,1,1,7629.73,2062.71,600.258,2.95833,0.0,0.0,0.99999,0.004363,180,255,1);
INSERT IGNORE INTO gameobject VALUES (32808,193762,571,1,1,7625.66,2060.04,604.195,-3.05428,0.0,0.0,0.99999,0.004363,180,255,1);
INSERT IGNORE INTO gameobject VALUES (32809,193763,571,1,1,7625.77,2060.06,600.887,0.063894,0.0,0.0,0.99999,0.004363,180,255,1);
INSERT IGNORE INTO gameobject VALUES (34838,193764,571,1,1,7625.87,2060.05,604.27,0.07854,0.0,0.0,0.99999,0.004363,180,255,1);
INSERT IGNORE INTO gameobject VALUES (34922,193765,571,1,1,7635.56,2046.72,601.668,1.26947,0.0,0.0,0.99999,0.004363,180,255,1);
INSERT IGNORE INTO gameobject VALUES (34924,193766,571,1,1,7637.41,2072.36,600.272,1.24824,0.0,0.0,0.99999,0.004363,180,255,1);
INSERT IGNORE INTO gameobject VALUES (34925,193617,571,1,1,6903.12,1554.92,389.033,2.28638,0.0,0.0,0.0,1.0,180,255,1);
INSERT IGNORE INTO gameobject VALUES (34934,193617,571,1,1,6912.05,1560.12,389.033,1.29154,0.0,0.0,0.0,1.0,180,255,1);
INSERT IGNORE INTO gameobject VALUES (34956,193617,571,1,1,6875.71,1601.95,389.033,-2.67035,0.0,0.0,0.0,1.0,180,255,1);
INSERT IGNORE INTO gameobject VALUES (34962,193617,571,1,1,6879.49,1578.34,389.033,-3.10665,0.0,0.0,0.0,1.0,180,255,1);
INSERT IGNORE INTO gameobject VALUES (35340,193617,571,1,1,6907.6,1567.49,389.033,-0.122173,0.0,0.0,0.0,1.0,180,255,1);
INSERT IGNORE INTO gameobject VALUES (40025,193619,571,1,1,6872.22,1602.76,389.033,-2.60053,0.0,0.0,0.0,1.0,180,255,1);
INSERT IGNORE INTO gameobject VALUES (40026,193619,571,1,1,6876.02,1575.36,389.033,-2.94959,0.0,0.0,0.0,1.0,180,255,1);
INSERT IGNORE INTO gameobject VALUES (40027,193619,571,1,1,6872.97,1600.56,389.033,-2.61799,0.0,0.0,0.0,1.0,180,255,1);
INSERT IGNORE INTO gameobject VALUES (40028,193619,571,1,1,6875.82,1580.98,389.033,3.10665,0.0,0.0,0.0,1.0,180,255,1);
INSERT IGNORE INTO gameobject VALUES (40029,193619,571,1,1,6874.19,1598.21,389.033,-2.61799,0.0,0.0,0.0,1.0,180,255,1);
INSERT IGNORE INTO gameobject VALUES (40030,193619,571,1,1,6875.76,1577.95,389.033,-3.05433,0.0,0.0,0.0,1.0,180,255,1);
INSERT IGNORE INTO gameobject VALUES (40031,202357,571,1,1,6185.99,-2029.7,590.878,0.0,0.0,0.0,0.0,1.0,180,255,1);
INSERT IGNORE INTO gameobject VALUES (40032,184175,542,3,1,-0.626152,25.2928,-45.1701,-1.9627,0.0,0.0,1.0,0.0,180,255,1);
INSERT IGNORE INTO gameobject VALUES (40036,184176,542,3,1,-0.629567,25.3203,-45.1592,-1.95961,0.0,0.0,1.0,0.0,180,255,1);
INSERT IGNORE INTO gameobject VALUES (40037,184177,540,3,1,-42.0439,-26.523,-14.1031,-1.70302,0.0,0.0,1.0,0.0,180,255,1);
INSERT IGNORE INTO gameobject VALUES (40038,184178,540,3,1,-42.0505,-26.5066,-14.0962,-1.69993,0.0,0.0,1.0,0.0,180,255,1);
INSERT IGNORE INTO gameobject VALUES (40039,202240,631,2,1,-489.72,2172.07,539.289,2.65289,0.0,0.0,0.0,1.0,-604800,255,1); -- Deathbringer's Cache
INSERT IGNORE INTO gameobject VALUES (40040,182283,530,1,1,-324.408,5489.21,23.8957,0.104719,0.0,0.0,0.0,1.0,180,255,1);
INSERT IGNORE INTO gameobject VALUES (40041,182284,530,1,1,-324.436,5489.31,25.9626,0.36652,0.0,0.0,0.0,1.0,180,255,1);
INSERT IGNORE INTO gameobject VALUES (40092,182285,530,1,1,-324.347,5489.16,24.83,0.200711,0.0,0.0,0.0,1.0,180,255,1);
INSERT IGNORE INTO gameobject VALUES (40093,182286,530,1,1,-323.932,5489.25,24.8518,-2.17294,0.0,0.0,0.0,1.0,180,255,1);
INSERT IGNORE INTO gameobject VALUES (40094,182287,530,1,1,-323.979,5489.25,26.0226,-2.53945,0.0,0.0,0.0,1.0,180,255,1);
INSERT IGNORE INTO gameobject VALUES (40095,182288,530,1,1,-324.161,5489.1,23.8056,-2.28638,0.0,0.0,0.0,1.0,180,255,1);
INSERT IGNORE INTO gameobject VALUES (40096,182289,530,1,1,-197.311,5559.96,25.7668,-0.637045,0.0,0.0,0.0,1.0,180,255,1);
INSERT IGNORE INTO gameobject VALUES (40097,182290,530,1,1,-197.264,5560.05,27.8863,-0.375245,0.0,0.0,0.0,1.0,180,255,1);
INSERT IGNORE INTO gameobject VALUES (40098,182291,530,1,1,-197.295,5559.89,26.7616,-0.541051,0.0,0.0,0.0,1.0,180,255,1);
INSERT IGNORE INTO gameobject VALUES (40099,182292,530,1,1,-196.931,5559.67,26.7097,-2.91469,0.0,0.0,0.0,1.0,180,255,1);
INSERT IGNORE INTO gameobject VALUES (40100,182293,530,1,1,-197.087,5559.56,27.9107,3.08918,0.0,0.0,0.0,1.0,180,255,1);
INSERT IGNORE INTO gameobject VALUES (40101,182295,530,1,1,-324.241,5488.81,25.5677,2.18166,0.0,0.0,0.0,1.0,180,255,1);
INSERT IGNORE INTO gameobject VALUES (40102,182309,530,1,1,-75.3575,5552.72,26.6952,0.0,0.0,0.0,0.0,1.0,180,255,1);
INSERT IGNORE INTO gameobject VALUES (40103,182310,530,1,1,-75.4017,5552.84,25.6413,0.261798,0.0,0.0,0.0,1.0,180,255,1);
INSERT IGNORE INTO gameobject VALUES (40105,182311,530,1,1,-51.7089,5563.85,24.8377,-1.71915,0.0,0.0,0.0,1.0,180,255,1);
INSERT IGNORE INTO gameobject VALUES (40106,182312,530,1,1,-51.7087,5563.66,27.0152,-1.68424,0.0,0.0,0.0,1.0,180,255,1);
INSERT IGNORE INTO gameobject VALUES (40107,182313,530,1,1,-51.6441,5563.72,21.2499,-1.56207,0.0,0.0,0.0,1.0,180,255,1);
INSERT IGNORE INTO gameobject VALUES (40108,182314,530,1,1,-49.7271,5548.37,26.3178,2.48709,0.0,0.0,0.0,1.0,180,255,1);
INSERT IGNORE INTO gameobject VALUES (40109,182347,530,1,1,55.2995,5480.08,25.4786,1.11701,0.0,0.0,0.0,1.0,180,255,1);
INSERT IGNORE INTO gameobject VALUES (40110,182348,530,1,1,55.5777,5480.74,25.4448,-0.759217,0.0,0.0,0.0,1.0,180,255,1);
INSERT IGNORE INTO gameobject VALUES (40111,184182,530,1,1,-3073.97,4943.09,-102.055,0.0,0.0,0.0,1.0,0.0,180,255,1);
INSERT IGNORE INTO gameobject VALUES (40112,182410,530,1,1,-906.07,6035.51,23.6745,-2.42126,0.0,0.0,0.0,1.0,180,255,1);
INSERT IGNORE INTO gameobject VALUES (40113,183852,530,1,1,-3105.04,4957.4,-100.82,-2.93214,0.0,0.0,0.0,1.0,180,255,0);
INSERT IGNORE INTO gameobject VALUES (40114,184644,530,1,1,-1963.78,6605.82,12.4473,3.14159,0.0,0.0,0.0,1.0,180,255,1);
INSERT IGNORE INTO gameobject VALUES (40115,184645,530,1,1,-2039.5,6746.13,12.7588,2.65289,0.0,0.0,0.0,1.0,180,255,1);
INSERT IGNORE INTO gameobject VALUES (40116,184646,530,1,1,-2045.1,6559.4,12.8505,2.64417,0.0,0.0,0.0,1.0,180,255,1);
INSERT IGNORE INTO gameobject VALUES (40117,184647,530,1,1,-2121.24,6702.48,10.8874,2.65289,0.0,0.0,0.0,1.0,180,255,1);
INSERT IGNORE INTO gameobject VALUES (40118,186972,530,1,1,-1394.82,5649.66,179.872,-2.96704,0.0,0.0,0.0,1.0,180,255,1);
INSERT IGNORE INTO gameobject VALUES (40119,183418,530,1,1,-1045.73,5243.11,22.333,-1.5708,0.0,0.0,0.0,1.0,180,255,1);
INSERT IGNORE INTO gameobject VALUES (40120,182400,530,1,1,-572.066,5843.36,20.695,0.320558,0.0,0.0,0.0,1.0,180,255,1);
INSERT IGNORE INTO gameobject VALUES (40121,182402,530,1,1,-824.189,5787.44,22.9454,-1.18777,0.0,0.0,0.0,1.0,180,255,1);
INSERT IGNORE INTO gameobject VALUES (40122,184496,530,1,1,-295.141,3167.24,38.4448,2.1779,0.0,0.0,0.785317,0.619094,180,255,1);
INSERT IGNORE INTO gameobject VALUES (40123,184816,530,1,1,-1095.4,2998.69,8.18993,3.10665,0.0,0.0,0.0,1.0,180,255,1);
INSERT IGNORE INTO gameobject VALUES (40124,182271,530,1,1,-209.975,5425.8,21.1276,-2.74889,0.0,0.0,0.0,1.0,180,255,1);
INSERT IGNORE INTO gameobject VALUES (40125,180396,571,1,1,5915.48,565.457,639.618,-2.72271,0.0,0.0,0.0,1.0,180,255,1);
INSERT IGNORE INTO gameobject VALUES (40126,180398,571,1,1,5665.15,790.659,653.698,-0.645772,0.0,0.0,0.0,1.0,180,255,1);
INSERT IGNORE INTO game_event_gameobject VALUES (40125,20);
INSERT IGNORE INTO game_event_gameobject VALUES (40126,20);
INSERT IGNORE INTO gameobject VALUES (40127,187457,571,1,1,5632.23,670.647,651.926,-1.66427,0.0,0.0,0.0,1.0,180,255,1);
INSERT IGNORE INTO gameobject VALUES (40128,191852,571,1,1,4788.19,-2054.14,387.451,3.13286,0.0,0.0,0.99999,0.004363,180,255,1);
INSERT IGNORE INTO gameobject VALUES (40129,202102,571,1,1,5840.78,2184.61,635.942,2.0757,0.0,0.0,0.976296,-0.21644,180,255,1);
INSERT IGNORE INTO gameobject VALUES (40130,202103,571,1,1,5905.58,2050.98,635.942,2.0757,0.0,0.0,0.976296,-0.21644,180,255,1);
INSERT IGNORE INTO gameobject VALUES (40131,188545,571,1,1,4295.25,376.521,-6.53172,2.89724,0.0,0.0,0.0,1.0,180,255,1);
INSERT IGNORE INTO gameobject VALUES (40132,191619,571,1,1,5878.11,2079.13,635.803,-2.61923,0.0,0.0,0.976296,-0.21644,180,255,1);
INSERT IGNORE INTO gameobject VALUES (40134,191620,571,1,1,5853.43,2134.31,635.869,2.0757,0.0,0.0,0.976296,-0.21644,180,255,1);
INSERT IGNORE INTO gameobject VALUES (40135,191623,571,1,2,6172.38,2155.96,636.127,0.443817,0.0,0.0,0.976296,-0.21644,180,255,1);
INSERT IGNORE INTO gameobject VALUES (40136,191624,571,1,1,5928.86,1797.95,798.305,-2.96829,0.0,0.0,0.976296,-0.21644,180,255,1);
INSERT IGNORE INTO gameobject VALUES (40137,190129,571,1,1,4093.27,-814.531,312.854,3.14159,0.0,0.0,0.0,1.0,180,255,1);
INSERT IGNORE INTO gameobject VALUES (40138,194535,571,1,1,4957.07,1291.01,234.806,-2.21656,0.0,0.0,0.0,1.0,180,255,1);
INSERT IGNORE INTO gameobject VALUES (40139,191256,571,1,1,3501.22,-4490.94,225.887,2.89724,0.0,0.0,0.0,1.0,180,255,1);
INSERT IGNORE INTO gameobject VALUES (40140,186666,571,1,1,2978.3,-4561.27,265.791,1.09083,0.0,0.0,0.0,1.0,180,255,1);
INSERT IGNORE INTO gameobject VALUES (40141,192614,571,1,1,5850.66,-3038.08,307.922,2.01585,0.0,0.0,0.845728,0.533615,180,255,1);
INSERT IGNORE INTO gameobject VALUES (40142,192615,571,1,1,5770.06,-3076.52,307.922,2.01585,0.0,0.0,0.845728,0.533615,180,255,1);
INSERT IGNORE INTO gameobject VALUES (40143,189294,571,1,1,3471.48,940.931,153.827,1.72787,0.0,0.0,0.0,1.0,180,255,1);
INSERT IGNORE INTO gameobject VALUES (40144,188037,571,1,1,3700.09,5342.13,36.0727,-1.11701,0.0,0.0,0.0,1.0,180,255,0);
INSERT IGNORE INTO gameobject VALUES (40145,186258,571,1,1,904.811,-4388.88,139.434,-1.64961,0.0,0.0,0.0,1.0,180,255,1);
INSERT IGNORE INTO gameobject VALUES (40146,192237,571,1,1,5865.14,-3066.9,326.895,0.445059,0.0,0.0,0.845728,0.533615,180,255,1);
INSERT IGNORE INTO gameobject VALUES (40147,192238,571,1,1,5784.36,-3105.42,326.786,0.445059,0.0,0.0,0.845728,0.533615,180,255,1);
INSERT IGNORE INTO gameobject VALUES (40148,192239,571,1,1,5852.04,-3111.91,345.308,-1.12574,0.0,0.0,0.845728,0.533615,180,255,1);
INSERT IGNORE INTO gameobject VALUES (40149,192240,571,1,1,5827.6,-3123.57,345.308,-1.12574,0.0,0.0,0.845728,0.533615,180,255,1);
INSERT IGNORE INTO gameobject VALUES (40150,193612,571,1,4,7711.93,2245.82,366.991,2.79252,0.0,0.0,0.0,1.0,180,255,1);
INSERT IGNORE INTO gameobject VALUES (40151,193612,571,1,4,7831.97,2251.93,375.018,1.16937,0.0,0.0,0.0,1.0,180,255,1);
INSERT IGNORE INTO gameobject VALUES (40196,193612,571,1,4,7868.87,2264.74,379.433,-1.55334,0.0,0.0,0.0,1.0,180,255,1);
INSERT IGNORE INTO gameobject VALUES (40197,193613,571,1,4,7713.25,2284.57,370.129,2.51327,0.0,0.0,0.0,1.0,180,255,1);
INSERT IGNORE INTO gameobject VALUES (40198,193613,571,1,4,7706.81,2320.33,371.75,2.53072,0.0,0.0,0.0,1.0,180,255,1);
INSERT IGNORE INTO gameobject VALUES (40199,193613,571,1,4,7754.1,2333.02,374.455,-3.05433,0.0,0.0,0.0,1.0,180,255,1);
INSERT IGNORE INTO gameobject VALUES (40200,193613,571,1,4,7784.32,2359.6,378.58,-1.53589,0.0,0.0,0.0,1.0,180,255,1);
INSERT IGNORE INTO gameobject VALUES (40201,193613,571,1,4,7826.43,2284.09,377.029,-1.44862,0.0,0.0,0.0,1.0,180,255,1);
INSERT IGNORE INTO gameobject VALUES (40202,192129,571,1,1,6601.13,-1285.09,394.554,-0.951203,0.0,0.0,-0.457874,0.889017,180,255,1);
INSERT IGNORE INTO gameobject VALUES (40203,192130,571,1,1,6606.31,-1273.52,394.595,-0.854712,0.0,0.0,-0.457874,0.889017,180,255,1);
INSERT IGNORE INTO gameobject VALUES (40204,192131,571,1,1,6562.62,-1285.12,394.856,-0.95405,0.0,0.0,-0.457874,0.889017,180,255,1);
INSERT IGNORE INTO gameobject VALUES (40205,193795,571,1,1,7888.88,2058.36,586.396,-2.55355,0.0,0.0,0.0,1.0,180,255,1);
INSERT IGNORE INTO gameobject VALUES (40206,193796,571,1,1,7628.96,2060.49,586.427,-2.57972,0.0,0.0,0.0,1.0,180,255,1);
INSERT IGNORE INTO gameobject VALUES (40207,184858,530,1,1,6779.51,-7581.32,127.825,-0.104719,0.0,0.0,0.0,1.0,180,255,1);
INSERT IGNORE INTO gameobject VALUES (40208,184858,530,1,1,6784.78,-7538.15,126.109,2.14675,0.0,0.0,0.0,1.0,180,255,1);
INSERT IGNORE INTO gameobject VALUES (40209,184858,530,1,1,6786.55,-7541.54,126.109,1.72787,0.0,0.0,0.0,1.0,180,255,1);
INSERT IGNORE INTO gameobject VALUES (40210,184863,530,1,1,6799.52,-7541.11,126.285,1.83259,0.0,0.0,0.0,1.0,180,255,1);
INSERT IGNORE INTO gameobject VALUES (40211,184863,530,1,1,6797.52,-7541.51,126.193,0.436332,0.0,0.0,0.0,1.0,180,255,1);
INSERT IGNORE INTO gameobject VALUES (40212,186406,530,1,1,6738.53,-7607.16,126.121,2.86233,0.0,0.0,0.0,1.0,180,255,1);
INSERT IGNORE INTO gameobject VALUES (40213,186407,530,1,1,6795.7,-7574.94,126.977,-2.95833,0.0,0.0,0.0,1.0,180,255,1);
INSERT IGNORE INTO gameobject VALUES (40214,181325,530,1,1,6810.51,-7413.84,47.0135,3.14159,0.0,0.0,0.0,1.0,180,255,1);
INSERT IGNORE INTO gameobject VALUES (40215,182945,530,1,1,436.129,2499.23,149.53,-1.58825,0.0,0.0,0.0,1.0,180,255,1);
INSERT IGNORE INTO gameobject VALUES (40216,186280,530,1,1,6797.61,-7541.46,127.133,3.10665,0.0,0.0,0.0,1.0,180,255,1);
INSERT IGNORE INTO gameobject VALUES (40217,186280,530,1,1,6773.27,-7583.85,128.459,0.017452,0.0,0.0,0.0,1.0,180,255,1);
INSERT IGNORE INTO gameobject VALUES (40218,186280,530,1,1,6773.67,-7583.76,128.447,2.11185,0.0,0.0,0.0,1.0,180,255,1);
INSERT IGNORE INTO gameobject VALUES (40219,186280,530,1,1,6735.68,-7556.51,126.664,-3.10665,0.0,0.0,0.0,1.0,180,255,1);
INSERT IGNORE INTO gameobject VALUES (40220,186280,530,1,1,6736.73,-7555.26,126.607,-2.47837,0.0,0.0,0.0,1.0,180,255,1);
INSERT IGNORE INTO gameobject VALUES (40221,186280,530,1,1,6737.19,-7555.53,126.602,-1.72787,0.0,0.0,0.0,1.0,180,255,1);
INSERT IGNORE INTO gameobject VALUES (40222,186280,530,1,1,6801.36,-7539.01,127.896,2.30383,0.0,0.0,0.0,1.0,180,255,1);
INSERT IGNORE INTO gameobject VALUES (40242,186280,530,1,1,6773.77,-7584.46,128.462,1.93731,0.0,0.0,0.0,1.0,180,255,1);
INSERT IGNORE INTO gameobject VALUES (40243,186280,530,1,1,6773.7,-7584.08,128.443,1.78023,0.0,0.0,0.0,1.0,180,255,1);
INSERT IGNORE INTO gameobject VALUES (40244,186280,530,1,1,6773.4,-7584.54,128.457,2.9845,0.0,0.0,0.0,1.0,180,255,1);
INSERT IGNORE INTO gameobject VALUES (40245,186280,530,1,1,6773.33,-7584.19,128.458,3.05433,0.0,0.0,0.0,1.0,180,255,1);
INSERT IGNORE INTO gameobject VALUES (40246,186280,530,1,1,6736.88,-7555.64,126.613,-0.157079,0.0,0.0,0.0,1.0,180,255,1);
INSERT IGNORE INTO gameobject VALUES (40247,186280,530,1,1,6737.26,-7555.16,126.591,-0.139624,0.0,0.0,0.0,1.0,180,255,1);
INSERT IGNORE INTO gameobject VALUES (40248,186280,530,1,1,6795.77,-7542.83,126.128,-0.157079,0.0,0.0,0.0,1.0,180,255,1);
INSERT IGNORE INTO gameobject VALUES (40249,186284,530,1,1,6730.02,-7547.91,129.268,1.98967,0.0,0.0,0.0,1.0,180,255,1);
INSERT IGNORE INTO gameobject VALUES (40250,186284,530,1,1,6747.19,-7637.35,126.625,-1.78023,0.0,0.0,0.0,1.0,180,255,1);
INSERT IGNORE INTO gameobject VALUES (40251,186284,530,1,1,6771.76,-7553.98,126.278,-0.523598,0.0,0.0,0.0,1.0,180,255,1);
INSERT IGNORE INTO gameobject VALUES (40252,186284,530,1,1,6738.87,-7577.17,126.101,0.331611,0.0,0.0,0.0,1.0,180,255,1);
INSERT IGNORE INTO gameobject VALUES (40253,186284,530,1,1,6781.96,-7641.6,127.324,2.51327,0.0,0.0,0.0,1.0,180,255,1);
INSERT IGNORE INTO gameobject VALUES (40254,186284,530,1,1,6771.65,-7615.08,127.931,-2.54818,0.0,0.0,0.0,1.0,180,255,1);
INSERT IGNORE INTO gameobject VALUES (40255,186285,530,1,1,6728.64,-7530.09,158.158,-2.11185,0.0,0.0,0.0,1.0,180,255,1);
INSERT IGNORE INTO gameobject VALUES (40256,186285,530,1,1,6714.2,-7544.62,130.047,-3.10665,0.0,0.0,0.0,1.0,180,255,1);
INSERT IGNORE INTO gameobject VALUES (40257,186286,530,1,1,6725.8,-7530.72,129.99,2.68781,0.0,0.0,0.0,1.0,180,255,1);
INSERT IGNORE INTO gameobject VALUES (40258,186286,530,1,1,6723.6,-7542.17,139.718,1.88495,0.0,0.0,0.0,1.0,180,255,1);
INSERT IGNORE INTO gameobject VALUES (40259,186286,530,1,1,6743.65,-7520.94,130.603,2.32129,0.0,0.0,0.0,1.0,180,255,1);
INSERT IGNORE INTO gameobject VALUES (40265,186307,530,1,1,6785.73,-7539.49,126.109,-1.5708,0.0,0.0,0.0,1.0,180,255,1);
INSERT IGNORE INTO gameobject VALUES (40266,186307,530,1,1,6785.49,-7539.38,126.901,0.418879,0.0,0.0,0.0,1.0,180,255,1);
INSERT IGNORE INTO gameobject_template (entry, type, displayId, name, data0, data1, data2, data3, data4, data5, data6, data7, data8, data9, data10, data11, data12, data13, data14, data15, data16, data17, data18, data19, data20, data21, data22, data23, size, questItem1, questItem2, questItem3, questItem4, questItem5, questItem6) VALUES (186763,5,7510,'Dark Iron Mole Machine',0,0,0,0,0,0,0,0,0,0,0,0,0,0,0,0,0,0,0,0,0,0,0,0,0.600000,0,0,0,0,0,0);
INSERT IGNORE INTO gameobject_template (entry, type, displayId, name, data0, data1, data2, data3, data4, data5, data6, data7, data8, data9, data10, data11, data12, data13, data14, data15, data16, data17, data18, data19, data20, data21, data22, data23, size, questItem1, questItem2, questItem3, questItem4, questItem5, questItem6) VALUES (190056,2,6404,'Candy Bucket',0,8882,0,0,0,0,0,0,0,0,0,0,0,0,0,0,0,0,0,0,0,0,0,0,1.000000,0,0,0,0,0,0);
INSERT IGNORE INTO gameobject_template (entry, type, displayId, name, data0, data1, data2, data3, data4, data5, data6, data7, data8, data9, data10, data11, data12, data13, data14, data15, data16, data17, data18, data19, data20, data21, data22, data23, size, questItem1, questItem2, questItem3, questItem4, questItem5, questItem6) VALUES (190058,2,6404,'Candy Bucket',0,8884,0,0,0,0,0,0,0,0,0,0,0,0,0,0,0,0,0,0,0,0,0,0,1.000000,0,0,0,0,0,0);
INSERT IGNORE INTO gameobject_template (entry, type, displayId, name, data0, data1, data2, data3, data4, data5, data6, data7, data8, data9, data10, data11, data12, data13, data14, data15, data16, data17, data18, data19, data20, data21, data22, data23, size, questItem1, questItem2, questItem3, questItem4, questItem5, questItem6) VALUES (190060,2,6404,'Candy Bucket',0,8886,0,0,0,0,0,0,0,0,0,0,0,0,0,0,0,0,0,0,0,0,0,0,1.000000,0,0,0,0,0,0);
INSERT IGNORE INTO gameobject_template (entry, type, displayId, name, data0, data1, data2, data3, data4, data5, data6, data7, data8, data9, data10, data11, data12, data13, data14, data15, data16, data17, data18, data19, data20, data21, data22, data23, size, questItem1, questItem2, questItem3, questItem4, questItem5, questItem6) VALUES (190050,2,6404,'Candy Bucket',0,8876,0,0,0,0,0,0,0,0,0,0,0,0,0,0,0,0,0,0,0,0,0,0,1.000000,0,0,0,0,0,0);
INSERT IGNORE INTO gameobject_template (entry, type, displayId, name, data0, data1, data2, data3, data4, data5, data6, data7, data8, data9, data10, data11, data12, data13, data14, data15, data16, data17, data18, data19, data20, data21, data22, data23, size, questItem1, questItem2, questItem3, questItem4, questItem5, questItem6) VALUES (190051,2,6404,'Candy Bucket',0,8877,0,0,0,0,0,0,0,0,0,0,0,0,0,0,0,0,0,0,0,0,0,0,1.000000,0,0,0,0,0,0);
INSERT IGNORE INTO gameobject_template (entry, type, displayId, name, data0, data1, data2, data3, data4, data5, data6, data7, data8, data9, data10, data11, data12, data13, data14, data15, data16, data17, data18, data19, data20, data21, data22, data23, size, questItem1, questItem2, questItem3, questItem4, questItem5, questItem6) VALUES (190053,2,6404,'Candy Bucket',0,8879,0,0,0,0,0,0,0,0,0,0,0,0,0,0,0,0,0,0,0,0,0,0,1.000000,0,0,0,0,0,0);
INSERT IGNORE INTO gameobject_template (entry, type, displayId, name, data0, data1, data2, data3, data4, data5, data6, data7, data8, data9, data10, data11, data12, data13, data14, data15, data16, data17, data18, data19, data20, data21, data22, data23, size, questItem1, questItem2, questItem3, questItem4, questItem5, questItem6) VALUES (190054,2,6404,'Candy Bucket',0,8880,0,0,0,0,0,0,0,0,0,0,0,0,0,0,0,0,0,0,0,0,0,0,1.000000,0,0,0,0,0,0);
INSERT IGNORE INTO gameobject_template (entry, type, displayId, name, data0, data1, data2, data3, data4, data5, data6, data7, data8, data9, data10, data11, data12, data13, data14, data15, data16, data17, data18, data19, data20, data21, data22, data23, size, questItem1, questItem2, questItem3, questItem4, questItem5, questItem6) VALUES (191882,2,6404,'Candy Bucket',0,9187,0,0,0,0,0,0,0,0,0,0,0,0,0,0,0,0,0,0,0,0,0,0,1.000000,0,0,0,0,0,0);
INSERT IGNORE INTO gameobject_template (entry,type,displayId,name,IconName,data0,data1,data2,data3,data4,data5,data6,data7,data8,data9,data10,data11,data12,data13,data14,data15,data16,data17,data18,data19,data20,data21,data22,data23,questItem1,questItem2,questItem3,questItem4,questItem5,questItem6,size) VALUES (201844,10,8213,'Light\'s Vengeance','',1691,0,22966,3,0,1,0,0,0,0,70606,0,0,0,37521,0,0,0,0,0,0,0,0,0,0,0,0,0,0,0,2.000000);
INSERT IGNORE INTO gameobject_template (entry,type,displayId,name,IconName,data0,data1,data2,data3,data4,data5,data6,data7,data8,data9,data10,data11,data12,data13,data14,data15,data16,data17,data18,data19,data20,data21,data22,data23,questItem1,questItem2,questItem3,questItem4,questItem5,questItem6,size) VALUES (201922,10,8213,'Light\'s Vengeance','',1691,0,23299,3,0,1,0,0,0,0,0,0,0,0,37521,0,0,0,0,0,0,0,0,0,0,0,0,0,0,0,2.000000);
INSERT IGNORE INTO gameobject_template (entry,type,displayId,name,IconName,data0,data1,data2,data3,data4,data5,data6,data7,data8,data9,data10,data11,data12,data13,data14,data15,data16,data17,data18,data19,data20,data21,data22,data23,questItem1,questItem2,questItem3,questItem4,questItem5,questItem6,size) VALUES (201937,3,8213,'Light\'s Vengeance','',1691,27787,1,0,0,0,0,0,0,0,0,0,0,0,0,0,0,0,0,0,0,0,0,0,49869,0,0,0,0,0,2.000000);
INSERT IGNORE INTO gameobject_template (entry, type, displayId, name, IconName, castBarCaption, unk1, size, questItem1, questItem2, questItem3, questItem4, questItem5, questItem6, data0, data1, data2, data3, data4, data5, data6, data7, data8, data9, data10, data11, data12, data13, data14, data15, data16, data17, data18, data19, data20, data21, data22, data23) VALUES (186852,8,679,'Stove','','','',1,0,0,0,0,0,0,0,10,0,0,0,0,0,0,0,0,0,0,0,0,0,0,0,0,0,0,0,0,0,0);
INSERT IGNORE INTO gameobject_template (entry, type, displayId, name, IconName, castBarCaption, unk1, size, questItem1, questItem2, questItem3, questItem4, questItem5, questItem6, data0, data1, data2, data3, data4, data5, data6, data7, data8, data9, data10, data11, data12, data13, data14, data15, data16, data17, data18, data19, data20, data21, data22, data23) VALUES (186851,7,91,'High Back Chair','','','',1,0,0,0,0,0,0,1,1,0,0,0,0,0,0,0,0,0,0,0,0,0,0,0,0,0,0,0,0,0,0);
INSERT IGNORE INTO gameobject_template (entry, type, displayId, name, IconName, castBarCaption, unk1, size, questItem1, questItem2, questItem3, questItem4, questItem5, questItem6, data0, data1, data2, data3, data4, data5, data6, data7, data8, data9, data10, data11, data12, data13, data14, data15, data16, data17, data18, data19, data20, data21, data22, data23) VALUES (186850,7,91,'High Back Chair','','','',1,0,0,0,0,0,0,1,1,0,0,0,0,0,0,0,0,0,0,0,0,0,0,0,0,0,0,0,0,0,0);
INSERT IGNORE INTO gameobject_template (entry, type, displayId, name, IconName, castBarCaption, unk1, size, questItem1, questItem2, questItem3, questItem4, questItem5, questItem6, data0, data1, data2, data3, data4, data5, data6, data7, data8, data9, data10, data11, data12, data13, data14, data15, data16, data17, data18, data19, data20, data21, data22, data23) VALUES (180211,5,6314,'Uther\'s Gnome Tribute','','','',1.000000,0,0,0,0,0,0,0,0,0,0,0,0,0,0,0,0,0,0,0,0,0,0,0,0,0,0,0,0,0,0);
INSERT IGNORE INTO gameobject_template (entry, type, displayId, name, IconName, castBarCaption, unk1, size, questItem1, questItem2, questItem3, questItem4, questItem5, questItem6, data0, data1, data2, data3, data4, data5, data6, data7, data8, data9, data10, data11, data12, data13, data14, data15, data16, data17, data18, data19, data20, data21, data22, data23) VALUES (180213,5,6315,'Uther\'s Night Elf Tribute','','','',1.000000,0,0,0,0,0,0,0,0,0,0,0,0,0,0,0,0,0,0,0,0,0,0,0,0,0,0,0,0,0,0);
INSERT IGNORE INTO gameobject_template (entry, type, displayId, name, IconName, castBarCaption, unk1, size, questItem1, questItem2, questItem3, questItem4, questItem5, questItem6, data0, data1, data2, data3, data4, data5, data6, data7, data8, data9, data10, data11, data12, data13, data14, data15, data16, data17, data18, data19, data20, data21, data22, data23) VALUES (201294,5,7296,'Uther\'s Draenei Tribute','','','',1.000000,0,0,0,0,0,0,0,0,0,0,0,0,0,0,0,0,0,0,0,0,0,0,0,0,0,0,0,0,0,0);
INSERT IGNORE INTO gameobject_loot_template VALUES (27787,49869,-100,0,1,1,0,0,0);
INSERT IGNORE INTO gameobject_questrelation (id, quest) VALUES (190107, 12401);
INSERT IGNORE INTO gameobject_questrelation (id, quest) VALUES (190051, 12348);
INSERT IGNORE INTO gameobject_questrelation (id, quest) VALUES (190052, 12349);
INSERT IGNORE INTO gameobject_questrelation (id, quest) VALUES (190053, 12350);
INSERT IGNORE INTO gameobject_questrelation (id, quest) VALUES (190044, 12343);
INSERT IGNORE INTO gameobject_questrelation (id, quest) VALUES (190108, 12402);
INSERT IGNORE INTO gameobject_questrelation (id, quest) VALUES (190054, 12351);
INSERT IGNORE INTO gameobject_questrelation (id, quest) VALUES (190049, 12346);
INSERT IGNORE INTO gameobject_questrelation (id, quest) VALUES (190106, 12400);
INSERT IGNORE INTO gameobject_questrelation (id, quest) VALUES (190105, 12399);
INSERT IGNORE INTO gameobject_questrelation (id, quest) VALUES (190040, 12336);
INSERT IGNORE INTO gameobject_questrelation (id, quest) VALUES (189303, 12286);
INSERT IGNORE INTO gameobject_questrelation (id, quest) VALUES (190047, 12340);
INSERT IGNORE INTO gameobject_questrelation (id, quest) VALUES (190048, 12344);
INSERT IGNORE INTO gameobject_questrelation (id, quest) VALUES (190046, 12342);
INSERT IGNORE INTO gameobject_questrelation (id, quest) VALUES (190043, 12339);
INSERT IGNORE INTO gameobject_questrelation (id, quest) VALUES (190039, 12335);
INSERT IGNORE INTO gameobject_questrelation (id, quest) VALUES (194064, 13473);
INSERT IGNORE INTO gameobject_questrelation (id, quest) VALUES (194071, 13463);
INSERT IGNORE INTO gameobject_questrelation (id, quest) VALUES (194072, 13472);
INSERT IGNORE INTO gameobject_questrelation (id, quest) VALUES (190038, 12334);
INSERT IGNORE INTO gameobject_questrelation (id, quest) VALUES (190042, 12338);
INSERT IGNORE INTO gameobject_questrelation (id, quest) VALUES (190041, 12337);
INSERT IGNORE INTO gameobject_questrelation (id, quest) VALUES (190045, 12341);
INSERT IGNORE INTO gameobject_questrelation (id, quest) VALUES (190037, 12333);
INSERT IGNORE INTO gameobject_questrelation (id, quest) VALUES (190035, 12345);
INSERT IGNORE INTO gameobject_questrelation (id, quest) VALUES (190102, 12396);
INSERT IGNORE INTO gameobject_questrelation (id, quest) VALUES (190050, 12347);
INSERT IGNORE INTO gameobject_questrelation (id, quest) VALUES (190104, 12398);
INSERT IGNORE INTO gameobject_questrelation (id, quest) VALUES (190034, 12331);
INSERT IGNORE INTO gameobject_questrelation (id, quest) VALUES (190055, 12352);
INSERT IGNORE INTO gameobject_questrelation (id, quest) VALUES (190056, 12353);
INSERT IGNORE INTO gameobject_questrelation (id, quest) VALUES (190114, 12408);
INSERT IGNORE INTO gameobject_questrelation (id, quest) VALUES (190113, 12407);
INSERT IGNORE INTO gameobject_questrelation (id, quest) VALUES (190112, 12406);
INSERT IGNORE INTO gameobject_questrelation (id, quest) VALUES (190062, 12359);
INSERT IGNORE INTO gameobject_questrelation (id, quest) VALUES (190061, 12358);
INSERT IGNORE INTO gameobject_questrelation (id, quest) VALUES (190058, 12355);
INSERT IGNORE INTO gameobject_questrelation (id, quest) VALUES (190057, 12354);
INSERT IGNORE INTO gameobject_questrelation (id, quest) VALUES (190109, 12403);
INSERT IGNORE INTO gameobject_questrelation (id, quest) VALUES (190060, 12357);
INSERT IGNORE INTO gameobject_questrelation (id, quest) VALUES (190110, 12404);
INSERT IGNORE INTO gameobject_questrelation (id, quest) VALUES (190059, 12356);
INSERT IGNORE INTO gameobject_questrelation (id, quest) VALUES (190063, 12360);
INSERT IGNORE INTO gameobject_questrelation (id, quest) VALUES (190115, 12409);
INSERT IGNORE INTO gameobject_involvedrelation (id, quest) VALUES (190107, 12401);
INSERT IGNORE INTO gameobject_involvedrelation (id, quest) VALUES (190051, 12348);
INSERT IGNORE INTO gameobject_involvedrelation (id, quest) VALUES (190052, 12349);
INSERT IGNORE INTO gameobject_involvedrelation (id, quest) VALUES (190053, 12350);
INSERT IGNORE INTO gameobject_involvedrelation (id, quest) VALUES (190044, 12343);
INSERT IGNORE INTO gameobject_involvedrelation (id, quest) VALUES (190108, 12402);
INSERT IGNORE INTO gameobject_involvedrelation (id, quest) VALUES (190054, 12351);
INSERT IGNORE INTO gameobject_involvedrelation (id, quest) VALUES (190049, 12346);
INSERT IGNORE INTO gameobject_involvedrelation (id, quest) VALUES (190106, 12400);
INSERT IGNORE INTO gameobject_involvedrelation (id, quest) VALUES (190105, 12399);
INSERT IGNORE INTO gameobject_involvedrelation (id, quest) VALUES (190040, 12336);
INSERT IGNORE INTO gameobject_involvedrelation (id, quest) VALUES (189303, 12286);
INSERT IGNORE INTO gameobject_involvedrelation (id, quest) VALUES (190047, 12340);
INSERT IGNORE INTO gameobject_involvedrelation (id, quest) VALUES (190048, 12344);
INSERT IGNORE INTO gameobject_involvedrelation (id, quest) VALUES (190046, 12342);
INSERT IGNORE INTO gameobject_involvedrelation (id, quest) VALUES (190043, 12339);
INSERT IGNORE INTO gameobject_involvedrelation (id, quest) VALUES (190039, 12335);
INSERT IGNORE INTO gameobject_involvedrelation (id, quest) VALUES (194064, 13473);
INSERT IGNORE INTO gameobject_involvedrelation (id, quest) VALUES (194071, 13463);
INSERT IGNORE INTO gameobject_involvedrelation (id, quest) VALUES (194072, 13472);
INSERT IGNORE INTO gameobject_involvedrelation (id, quest) VALUES (190038, 12334);
INSERT IGNORE INTO gameobject_involvedrelation (id, quest) VALUES (190042, 12338);
INSERT IGNORE INTO gameobject_involvedrelation (id, quest) VALUES (190041, 12337);
INSERT IGNORE INTO gameobject_involvedrelation (id, quest) VALUES (190045, 12341);
INSERT IGNORE INTO gameobject_involvedrelation (id, quest) VALUES (190037, 12333);
INSERT IGNORE INTO gameobject_involvedrelation (id, quest) VALUES (190035, 12345);
INSERT IGNORE INTO gameobject_involvedrelation (id, quest) VALUES (190102, 12396);
INSERT IGNORE INTO gameobject_involvedrelation (id, quest) VALUES (190050, 12347);
INSERT IGNORE INTO gameobject_involvedrelation (id, quest) VALUES (190104, 12398);
INSERT IGNORE INTO gameobject_involvedrelation (id, quest) VALUES (190034, 12331);
INSERT IGNORE INTO gameobject_involvedrelation (id, quest) VALUES (190055, 12352);
INSERT IGNORE INTO gameobject_involvedrelation (id, quest) VALUES (190056, 12353);
INSERT IGNORE INTO gameobject_involvedrelation (id, quest) VALUES (190114, 12408);
INSERT IGNORE INTO gameobject_involvedrelation (id, quest) VALUES (190113, 12407);
INSERT IGNORE INTO gameobject_involvedrelation (id, quest) VALUES (190112, 12406);
INSERT IGNORE INTO gameobject_involvedrelation (id, quest) VALUES (190062, 12359);
INSERT IGNORE INTO gameobject_involvedrelation (id, quest) VALUES (190061, 12358);
INSERT IGNORE INTO gameobject_involvedrelation (id, quest) VALUES (190058, 12355);
INSERT IGNORE INTO gameobject_involvedrelation (id, quest) VALUES (190057, 12354);
INSERT IGNORE INTO gameobject_involvedrelation (id, quest) VALUES (190109, 12403);
INSERT IGNORE INTO gameobject_involvedrelation (id, quest) VALUES (190060, 12357);
INSERT IGNORE INTO gameobject_involvedrelation (id, quest) VALUES (190110, 12404);
INSERT IGNORE INTO gameobject_involvedrelation (id, quest) VALUES (190059, 12356);
INSERT IGNORE INTO gameobject_involvedrelation (id, quest) VALUES (190063, 12360);
INSERT IGNORE INTO gameobject_involvedrelation (id, quest) VALUES (190115, 12409);
UPDATE gameobject_template SET faction=1732,flags=4 WHERE entry=190034;
UPDATE gameobject_template SET faction=1732,flags=4 WHERE entry=190035;
UPDATE gameobject_template SET faction=1732,flags=4 WHERE entry=190037;
UPDATE gameobject_template SET faction=1732,flags=4 WHERE entry=190038;
UPDATE gameobject_template SET flags=4 WHERE entry=190039;
UPDATE gameobject_template SET faction=1732,flags=4 WHERE entry=190041;
UPDATE gameobject_template SET faction=1732,flags=4 WHERE entry=190042;
UPDATE gameobject_template SET faction=1732,flags=4 WHERE entry=190043;
UPDATE gameobject_template SET flags=4 WHERE entry=190044;
UPDATE gameobject_template SET faction=1732,flags=4 WHERE entry=190045;
UPDATE gameobject_template SET faction=1732,flags=4 WHERE entry=190046;
UPDATE gameobject_template SET flags=4 WHERE entry=190047;
UPDATE gameobject_template SET faction=1732,flags=4 WHERE entry=190048;
UPDATE gameobject_template SET faction=1732,flags=4 WHERE entry=190049;
UPDATE gameobject_template SET faction=1732,flags=4 WHERE entry=190050;
UPDATE gameobject_template SET faction=1732,flags=4 WHERE entry=190051;
UPDATE gameobject_template SET faction=1732,flags=4 WHERE entry=190052;
UPDATE gameobject_template SET faction=1732,flags=4 WHERE entry=190053;
UPDATE gameobject_template SET faction=1732,flags=4 WHERE entry=190054;
UPDATE gameobject_template SET faction=1732,flags=4 WHERE entry=190055;
UPDATE gameobject_template SET faction=1732,flags=4 WHERE entry=190056;
UPDATE gameobject_template SET faction=1732,flags=4 WHERE entry=190057;
UPDATE gameobject_template SET faction=1732,flags=4 WHERE entry=190058;
UPDATE gameobject_template SET faction=1732,flags=4 WHERE entry=190059;
UPDATE gameobject_template SET faction=1732,flags=4 WHERE entry=190060;
UPDATE gameobject_template SET faction=1732,flags=4 WHERE entry=190061;
UPDATE gameobject_template SET faction=1732,flags=4 WHERE entry=190062;
UPDATE gameobject_template SET faction=1732,flags=4 WHERE entry=190063;
UPDATE gameobject_template SET faction=1735,flags=4 WHERE entry=190081;
UPDATE gameobject_template SET faction=1735,flags=4 WHERE entry=190100;
UPDATE gameobject_template SET faction=35,flags=4 WHERE entry=190102;
UPDATE gameobject_template SET faction=35,flags=4 WHERE entry=190104;
UPDATE gameobject_template SET faction=35,flags=4 WHERE entry=190105;
UPDATE gameobject_template SET faction=35,flags=4 WHERE entry=190106;
UPDATE gameobject_template SET faction=35,flags=4 WHERE entry=190107;
UPDATE gameobject_template SET faction=35,flags=4 WHERE entry=190108;
UPDATE gameobject_template SET faction=35,flags=4 WHERE entry=190109;
UPDATE gameobject_template SET faction=1743,flags=4 WHERE entry=190110;
UPDATE gameobject_template SET faction=35,flags=4 WHERE entry=190112;
UPDATE gameobject_template SET faction=35,flags=4 WHERE entry=190113;
UPDATE gameobject_template SET faction=35,flags=4 WHERE entry=190114;
UPDATE gameobject_template SET faction=1743,flags=4 WHERE entry=190115;
UPDATE gameobject_template SET faction=1744,flags=4 WHERE entry=190116;
UPDATE gameobject_template SET faction=1732,flags=4 WHERE entry=191882;
UPDATE gameobject_template SET faction=1732,flags=4 WHERE entry=194064;
UPDATE gameobject_template SET faction=35,flags=4 WHERE entry=194071;
UPDATE gameobject_template SET faction=35,flags=4 WHERE entry=194072;
UPDATE gameobject_template SET faction=1735,flags=4 WHERE entry=194081;

INSERT IGNORE INTO gameobject VALUES (40267,185434,530,1,1,100.289,4305.13,103.104,2.56563,0.0,0.0,0.0,1.0,180,255,1);
INSERT IGNORE INTO gameobject VALUES (40268,185434,530,1,1,93.2905,4294.82,101.871,0.017452,0.0,0.0,0.0,1.0,180,255,1);
INSERT IGNORE INTO gameobject VALUES (40269,185434,530,1,1,-4058.83,2193.83,109.888,-1.22173,0.0,0.0,0.0,1.0,180,255,1);
INSERT IGNORE INTO gameobject VALUES (40270,185434,530,1,1,210.044,4327.63,119.241,0.523598,0.0,0.0,0.0,1.0,180,255,1);
INSERT IGNORE INTO gameobject VALUES (40271,185434,530,1,1,2115.91,6759.33,165.812,-1.76278,0.0,0.0,0.0,1.0,180,255,1);
INSERT IGNORE INTO gameobject VALUES (40272,185434,530,1,1,2020.56,6865.57,174.339,-1.8675,0.0,0.0,0.0,1.0,180,255,1);
INSERT IGNORE INTO gameobject VALUES (40273,185434,530,1,1,-4063.2,2172.9,111.946,-0.157079,0.0,0.0,0.0,1.0,180,255,1);
INSERT IGNORE INTO gameobject VALUES (40274,185434,530,1,1,224.582,4347.97,119.304,-1.13446,0.0,0.0,0.0,1.0,180,255,1);
INSERT IGNORE INTO gameobject VALUES (40275,185435,530,1,1,89.9873,4284.47,102.069,1.06465,0.0,0.0,0.0,1.0,180,255,1);
INSERT IGNORE INTO gameobject VALUES (40276,185435,530,1,1,2107.52,6916.86,183.23,-1.88495,0.0,0.0,0.0,1.0,180,255,1);
INSERT IGNORE INTO gameobject VALUES (40277,185435,530,1,1,101.078,4301.62,103.167,-2.49582,0.0,0.0,0.0,1.0,180,255,1);
INSERT IGNORE INTO gameobject VALUES (40278,185435,530,1,1,2008.55,6883.34,179.005,-2.77507,0.0,0.0,0.0,1.0,180,255,1);
INSERT IGNORE INTO gameobject VALUES (40279,185435,530,1,1,236.831,4332.0,119.286,-2.09439,0.0,0.0,0.0,1.0,180,255,1);
INSERT IGNORE INTO gameobject VALUES (40280,185436,530,1,1,2086.19,6900.21,192.647,-0.750491,0.0,0.0,0.0,1.0,180,255,1);
INSERT IGNORE INTO gameobject VALUES (40281,185436,530,1,1,2093.58,6905.71,184.147,0.820303,0.0,0.0,0.0,1.0,180,255,1);
INSERT IGNORE INTO gameobject VALUES (40282,185436,530,1,1,2020.7,6866.52,175.319,-1.46608,0.0,0.0,0.0,1.0,180,255,1);
INSERT IGNORE INTO gameobject VALUES (40283,185436,530,1,1,236.929,4335.21,119.241,2.16421,0.0,0.0,0.0,1.0,180,255,1);
INSERT IGNORE INTO gameobject VALUES (40284,185436,530,1,1,2095.02,6914.87,184.147,-1.43117,0.0,0.0,0.0,1.0,180,255,1);
INSERT IGNORE INTO gameobject VALUES (40285,185436,530,1,1,2020.4,6883.37,179.045,-2.05949,0.0,0.0,0.0,1.0,180,255,1);
INSERT IGNORE INTO gameobject VALUES (40286,185437,530,1,1,228.616,4319.89,119.967,-3.07177,0.0,0.0,0.0,1.0,180,255,1);
INSERT IGNORE INTO gameobject VALUES (40287,185438,530,1,1,86.5655,4291.13,102.097,0.488691,0.0,0.0,0.0,1.0,180,255,1);
INSERT IGNORE INTO gameobject VALUES (40288,185438,530,1,1,99.4758,4277.81,102.853,0.418879,0.0,0.0,0.0,1.0,180,255,1);
INSERT IGNORE INTO gameobject VALUES (40289,190056,530,1,1,228.606,4330.16,119.241,-1.51844,0.0,0.0,0.0,1.0,180,255,1);
INSERT IGNORE INTO gameobject VALUES (40429,190058,530,1,1,1058.27,7368.56,39.5833,-0.558504,0.0,0.0,0.0,1.0,180,255,1);
INSERT IGNORE INTO gameobject VALUES (40430,190060,530,1,1,-2753.11,7301.62,43.4717,2.51327,0.0,0.0,0.0,1.0,180,255,1);
INSERT IGNORE INTO gameobject VALUES (40431,185454,530,1,1,2090.21,6906.17,183.785,1.0821,0.0,0.0,0.0,1.0,180,255,1);
INSERT IGNORE INTO gameobject VALUES (40455,185454,530,1,1,2114.5,6761.47,166.192,-1.74533,0.0,0.0,0.0,1.0,180,255,1);
INSERT IGNORE INTO gameobject VALUES (40456,185455,530,1,1,2118.34,6761.92,166.361,0.471238,0.0,0.0,0.0,1.0,180,255,1);
INSERT IGNORE INTO gameobject VALUES (40457,185455,530,1,1,-1752.69,5842.35,146.44,-0.349065,0.0,0.0,0.0,1.0,180,255,1);
INSERT IGNORE INTO gameobject VALUES (40458,185455,530,1,1,-1709.81,5632.51,127.947,-0.802851,0.0,0.0,0.0,1.0,180,255,1);
INSERT IGNORE INTO gameobject VALUES (40481,185455,530,1,1,-1931.68,5771.58,130.686,-1.15192,0.0,0.0,0.0,1.0,180,255,1);
INSERT IGNORE INTO gameobject VALUES (40482,185455,530,1,1,2018.95,6866.91,174.484,3.08918,0.0,0.0,0.0,1.0,180,255,1);
INSERT IGNORE INTO gameobject VALUES (40483,185457,530,1,1,1964.18,5582.8,260.206,-0.191985,0.0,0.0,0.0,1.0,180,255,1);
INSERT IGNORE INTO gameobject VALUES (40484,185457,530,1,1,1865.34,5589.48,257.452,2.14675,0.0,0.0,0.0,1.0,180,255,1);
INSERT IGNORE INTO gameobject VALUES (40485,185457,530,1,1,2242.1,4794.91,156.086,2.96704,0.0,0.0,0.0,1.0,180,255,1);
INSERT IGNORE INTO gameobject VALUES (40486,185457,530,1,1,-1938.58,5561.43,-12.4281,0.471238,0.0,0.0,0.0,1.0,180,255,1);
INSERT IGNORE INTO gameobject VALUES (40487,185458,530,1,1,-3972.24,2224.82,102.34,0.59341,0.0,0.0,0.0,1.0,180,255,1);
INSERT IGNORE INTO gameobject VALUES (40488,185458,530,1,1,-3990.31,2148.64,104.223,0.139624,0.0,0.0,0.0,1.0,180,255,1);
INSERT IGNORE INTO gameobject VALUES (40489,190109,530,1,1,-172.623,5531.19,29.4076,0.715585,0.0,0.0,0.0,1.0,180,255,1);
INSERT IGNORE INTO gameobject VALUES (40490,190114,530,1,1,4114.65,3068.59,339.465,0.645772,0.0,0.0,0.0,1.0,180,255,1);
INSERT IGNORE INTO gameobject VALUES (40491,190115,530,1,1,-2980.84,870.225,-7.47893,0.069812,0.0,0.0,0.0,1.0,180,255,1);
INSERT IGNORE INTO gameobject VALUES (40492,180408,530,1,1,-2988.07,3993.82,4.16611,2.58308,0.0,0.0,0.0,1.0,180,255,1);
INSERT IGNORE INTO gameobject VALUES (40493,180408,530,1,1,-2903.03,3972.21,9.81382,2.96704,0.0,0.0,0.0,1.0,180,255,1);
INSERT IGNORE INTO gameobject VALUES (40494,180408,530,1,1,-2904.22,3987.65,10.2119,-0.401425,0.0,0.0,0.0,1.0,180,255,1);
INSERT IGNORE INTO gameobject VALUES (40495,180428,530,1,1,-701.306,2721.63,93.7353,3.10665,0.0,0.0,0.0,1.0,180,255,1);
INSERT IGNORE INTO gameobject VALUES (40496,180428,530,1,1,213.853,4360.46,120.43,2.23402,0.0,0.0,0.0,1.0,180,255,1);
INSERT IGNORE INTO gameobject VALUES (40497,180428,530,1,1,2011.27,6882.88,179.014,-0.767944,0.0,0.0,0.0,1.0,180,255,1);
INSERT IGNORE INTO gameobject VALUES (40498,180429,530,1,1,215.083,4358.12,120.399,0.174532,0.0,0.0,0.0,1.0,180,255,1);
INSERT IGNORE INTO gameobject VALUES (40499,180429,530,1,1,-699.795,2720.86,94.1103,2.32129,0.0,0.0,0.0,1.0,180,255,1);
INSERT IGNORE INTO gameobject VALUES (40500,180429,530,1,1,-1897.19,5764.77,132.386,0.872664,0.0,0.0,0.0,1.0,180,255,1);
INSERT IGNORE INTO gameobject VALUES (40501,180429,530,1,1,2008.32,6879.81,178.992,0.174532,0.0,0.0,0.0,1.0,180,255,1);
INSERT IGNORE INTO gameobject VALUES (40502,180429,530,1,1,-1647.7,5660.5,134.031,0.471238,0.0,0.0,0.0,1.0,180,255,1);
INSERT IGNORE INTO gameobject VALUES (40503,180429,530,1,1,-1707.32,5645.85,130.337,-0.977383,0.0,0.0,0.0,1.0,180,255,1);
INSERT IGNORE INTO gameobject VALUES (40504,180429,530,1,1,-1759.25,5830.72,151.03,2.51327,0.0,0.0,0.0,1.0,180,255,1);
INSERT IGNORE INTO gameobject VALUES (40505,180429,530,1,1,-1754.13,5644.8,130.01,1.06465,0.0,0.0,0.0,1.0,180,255,1);
INSERT IGNORE INTO gameobject VALUES (40506,180700,530,1,1,-2931.09,4020.17,-1.08229,-2.68781,0.0,0.0,0.0,1.0,180,255,1);
INSERT IGNORE INTO gameobject VALUES (40507,185456,530,1,1,2170.11,4731.54,156.192,1.93731,0.0,0.0,0.0,1.0,180,255,1);
INSERT IGNORE INTO gameobject VALUES (40508,185456,530,1,1,1953.64,5606.41,255.665,0.59341,0.0,0.0,0.0,1.0,180,255,1);
INSERT IGNORE INTO game_event_gameobject VALUES (40267,12);
INSERT IGNORE INTO game_event_gameobject VALUES (40268,12);
INSERT IGNORE INTO game_event_gameobject VALUES (40269,12);
INSERT IGNORE INTO game_event_gameobject VALUES (40270,12);
INSERT IGNORE INTO game_event_gameobject VALUES (40271,12);
INSERT IGNORE INTO game_event_gameobject VALUES (40272,12);
INSERT IGNORE INTO game_event_gameobject VALUES (40273,12);
INSERT IGNORE INTO game_event_gameobject VALUES (40274,12);
INSERT IGNORE INTO game_event_gameobject VALUES (40275,12);
INSERT IGNORE INTO game_event_gameobject VALUES (40276,12);
INSERT IGNORE INTO game_event_gameobject VALUES (40277,12);
INSERT IGNORE INTO game_event_gameobject VALUES (40278,12);
INSERT IGNORE INTO game_event_gameobject VALUES (40279,12);
INSERT IGNORE INTO game_event_gameobject VALUES (40280,12);
INSERT IGNORE INTO game_event_gameobject VALUES (40281,12);
INSERT IGNORE INTO game_event_gameobject VALUES (40282,12);
INSERT IGNORE INTO game_event_gameobject VALUES (40283,12);
INSERT IGNORE INTO game_event_gameobject VALUES (40284,12);
INSERT IGNORE INTO game_event_gameobject VALUES (40285,12);
INSERT IGNORE INTO game_event_gameobject VALUES (40286,12);
INSERT IGNORE INTO game_event_gameobject VALUES (40287,12);
INSERT IGNORE INTO game_event_gameobject VALUES (40288,12);
INSERT IGNORE INTO game_event_gameobject VALUES (40289,12);
INSERT IGNORE INTO game_event_gameobject VALUES (40429,12);
INSERT IGNORE INTO game_event_gameobject VALUES (40430,12);
INSERT IGNORE INTO game_event_gameobject VALUES (40431,12);
INSERT IGNORE INTO game_event_gameobject VALUES (40455,12);
INSERT IGNORE INTO game_event_gameobject VALUES (40456,12);
INSERT IGNORE INTO game_event_gameobject VALUES (40457,12);
INSERT IGNORE INTO game_event_gameobject VALUES (40458,12);
INSERT IGNORE INTO game_event_gameobject VALUES (40481,12);
INSERT IGNORE INTO game_event_gameobject VALUES (40482,12);
INSERT IGNORE INTO game_event_gameobject VALUES (40483,12);
INSERT IGNORE INTO game_event_gameobject VALUES (40484,12);
INSERT IGNORE INTO game_event_gameobject VALUES (40485,12);
INSERT IGNORE INTO game_event_gameobject VALUES (40486,12);
INSERT IGNORE INTO game_event_gameobject VALUES (40487,12);
INSERT IGNORE INTO game_event_gameobject VALUES (40488,12);
INSERT IGNORE INTO game_event_gameobject VALUES (40489,12);
INSERT IGNORE INTO game_event_gameobject VALUES (40490,12);
INSERT IGNORE INTO game_event_gameobject VALUES (40491,12);
INSERT IGNORE INTO game_event_gameobject VALUES (40492,12);
INSERT IGNORE INTO game_event_gameobject VALUES (40493,12);
INSERT IGNORE INTO game_event_gameobject VALUES (40494,12);
INSERT IGNORE INTO game_event_gameobject VALUES (40495,12);
INSERT IGNORE INTO game_event_gameobject VALUES (40496,12);
INSERT IGNORE INTO game_event_gameobject VALUES (40497,12);
INSERT IGNORE INTO game_event_gameobject VALUES (40498,12);
INSERT IGNORE INTO game_event_gameobject VALUES (40499,12);
INSERT IGNORE INTO game_event_gameobject VALUES (40500,12);
INSERT IGNORE INTO game_event_gameobject VALUES (40501,12);
INSERT IGNORE INTO game_event_gameobject VALUES (40502,12);
INSERT IGNORE INTO game_event_gameobject VALUES (40503,12);
INSERT IGNORE INTO game_event_gameobject VALUES (40504,12);
INSERT IGNORE INTO game_event_gameobject VALUES (40505,12);
INSERT IGNORE INTO game_event_gameobject VALUES (40506,12);
INSERT IGNORE INTO game_event_gameobject VALUES (40507,12);
INSERT IGNORE INTO game_event_gameobject VALUES (40508,12);
INSERT IGNORE INTO gameobject VALUES (40509,180766,530,1,1,-2907.53,3972.32,0.090297,3.12412,0.0,0.0,0.0,1.0,180,255,1);
INSERT IGNORE INTO gameobject VALUES (40510,180766,530,1,1,-2908.51,3989.01,0.261703,0.191985,0.0,0.0,0.0,1.0,180,255,1);
INSERT IGNORE INTO gameobject VALUES (40511,180766,530,1,1,-2940.1,4016.79,-1.04021,-1.78023,0.0,0.0,0.0,1.0,180,255,1);
INSERT IGNORE INTO gameobject VALUES (40512,180766,530,1,1,-2952.28,4081.58,2.85439,-1.02974,0.0,0.0,0.0,1.0,180,255,1);
INSERT IGNORE INTO gameobject VALUES (40513,180766,530,1,1,-2966.62,4073.06,2.94173,2.07694,0.0,0.0,0.0,1.0,180,255,1);
INSERT IGNORE INTO gameobject VALUES (40514,180766,530,1,1,-2952.34,4019.53,-0.259779,1.27409,0.0,0.0,0.0,1.0,180,255,1);
INSERT IGNORE INTO gameobject VALUES (40532,180766,530,1,1,-2955.78,3911.45,2.56406,1.13446,0.0,0.0,0.0,1.0,180,255,1);
INSERT IGNORE INTO gameobject VALUES (40548,180766,530,1,1,-2943.04,3907.93,2.62116,-1.95477,0.0,0.0,0.0,1.0,180,255,1);
INSERT IGNORE INTO game_event_gameobject VALUES (40509,12);
INSERT IGNORE INTO game_event_gameobject VALUES (40510,12);
INSERT IGNORE INTO game_event_gameobject VALUES (40511,12);
INSERT IGNORE INTO game_event_gameobject VALUES (40512,12);
INSERT IGNORE INTO game_event_gameobject VALUES (40513,12);
INSERT IGNORE INTO game_event_gameobject VALUES (40514,12);
INSERT IGNORE INTO game_event_gameobject VALUES (40532,12);
INSERT IGNORE INTO game_event_gameobject VALUES (40548,12);
INSERT IGNORE INTO gameobject VALUES (40549,186221,530,1,1,-1897.28,5560.35,-12.4281,-1.91986,0.0,0.0,0.0,1.0,180,255,1);
INSERT IGNORE INTO gameobject VALUES (40550,186255,530,1,1,-1920.9,5568.44,-12.4281,1.88495,0.0,0.0,0.0,1.0,180,255,1);
INSERT IGNORE INTO gameobject VALUES (40551,186257,530,1,1,-1900.55,5575.88,-12.4281,1.93731,0.0,0.0,0.0,1.0,180,255,1);
INSERT IGNORE INTO gameobject VALUES (40552,186259,530,1,1,-1875.39,5579.11,-12.4281,1.6057,0.0,0.0,0.0,1.0,180,255,1);
INSERT IGNORE INTO gameobject VALUES (40553,178666,530,1,1,-1882.58,5582.09,-12.4281,3.14159,0.0,0.0,0.0,1.0,180,255,1);
INSERT IGNORE INTO gameobject VALUES (40554,178666,530,1,1,-1928.17,5567.51,-12.4281,-2.89724,0.0,0.0,0.0,1.0,180,255,1);
INSERT IGNORE INTO game_event_gameobject VALUES (40549,26);
INSERT IGNORE INTO game_event_gameobject VALUES (40550,26);
INSERT IGNORE INTO game_event_gameobject VALUES (40551,26);
INSERT IGNORE INTO game_event_gameobject VALUES (40552,26);
INSERT IGNORE INTO game_event_gameobject VALUES (40553,26);
INSERT IGNORE INTO game_event_gameobject VALUES (40554,26);
INSERT IGNORE INTO gameobject VALUES (40555,182535,530,1,1,379.323,8175.64,22.9266,2.43473,0.0,0.0,0.0,1.0,180,255,1);
INSERT IGNORE INTO gameobject VALUES (40556,182536,530,1,1,388.842,8134.62,23.6064,2.93214,0.0,0.0,0.0,1.0,180,255,1);
INSERT IGNORE INTO gameobject VALUES (40557,185101,530,1,1,-3895.8,839.396,15.7017,1.9984,0.0,0.0,0.0,1.0,180,255,1);
INSERT IGNORE INTO gameobject VALUES (40558,185129,530,1,1,-3728.71,464.655,104.2,3.11529,0.0,0.0,0.0,1.0,180,255,1);
INSERT IGNORE INTO gameobject VALUES (40559,185132,530,1,1,-3695.99,360.271,91.091,2.87979,0.0,0.0,0.0,1.0,180,255,1);
INSERT IGNORE INTO gameobject VALUES (40560,183894,530,1,1,-157.45,7279.3,22.3534,1.71085,0.0,0.0,0.0,1.0,180,255,1);
INSERT IGNORE INTO gameobject VALUES (40609,181851,530,1,1,-2665.23,-12139.0,16.524,-0.270525,0.0,0.0,0.0,1.0,180,255,1);
INSERT IGNORE INTO gameobject VALUES (40610,182370,530,1,1,167.685,6092.72,24.7685,-0.998044,0.0,0.0,0.0,1.0,180,255,1);
INSERT IGNORE INTO gameobject VALUES (40611,182373,530,1,1,188.62,6091.51,25.3185,-2.49356,0.0,0.0,0.0,1.0,180,255,1);
INSERT IGNORE INTO gameobject VALUES (40612,181888,530,1,1,-2536.5,-12195.9,27.7357,-0.016211,0.0,0.0,0.0,1.0,180,255,1);
INSERT IGNORE INTO gameobject VALUES (40613,182944,530,1,1,94.7743,5196.73,20.9252,-0.137774,0.0,0.0,0.0,1.0,180,255,1);
INSERT IGNORE INTO gameobject VALUES (40614,184753,530,1,1,-2965.05,4012.25,1.43723,-0.296705,0.0,0.0,0.0,1.0,180,255,1);
INSERT IGNORE INTO gameobject VALUES (40615,184017,530,1,1,77.4412,3208.82,32.1897,3.14159,0.0,0.0,0.0,1.0,180,255,1);
INSERT IGNORE INTO gameobject VALUES (40616,190050,1,1,1,2708.42,1511.01,236.814,-0.104719,0.0,0.0,0.0,1.0,180,255,1);
INSERT IGNORE INTO gameobject VALUES (42158,190051,1,1,1,254.62,1251.26,193.434,-1.74533,0.0,0.0,0.0,1.0,180,255,1);
INSERT IGNORE INTO gameobject VALUES (42159,190053,1,1,1,-4379.91,3292.0,14.836,0.855211,0.0,0.0,0.0,1.0,180,255,1);
INSERT IGNORE INTO gameobject VALUES (42160,190106,1,1,1,6693.95,-4671.05,721.573,1.78023,0.0,0.0,0.0,1.0,180,255,1);
INSERT IGNORE INTO game_event_gameobject VALUES (40616,12);
INSERT IGNORE INTO game_event_gameobject VALUES (42158,12);
INSERT IGNORE INTO game_event_gameobject VALUES (42159,12);
INSERT IGNORE INTO game_event_gameobject VALUES (42160,12);
INSERT IGNORE INTO gameobject VALUES (42252,146082,1,1,1,-2976.61,2743.18,52.4701,0.680677,0.0,0.0,0.0,1.0,180,255,1);
INSERT IGNORE INTO gameobject VALUES (42254,146083,1,1,1,-2977.17,2743.14,52.4016,-0.069812,0.0,0.0,0.0,1.0,180,255,1);
UPDATE gameobject SET position_x=-2976.94, position_y=2743.2, position_z=53.0054, orientation=-2.40855, rotation0=0.0, rotation1=0.0, rotation2=0.0, rotation3=1.0, animprogress=255 WHERE guid=50158;
INSERT IGNORE INTO gameobject VALUES (42257,3229,1,1,1,-94.8737,-4739.08,24.7169,3.14159,0.0,0.0,0.0,1.0,180,255,1);
INSERT IGNORE INTO gameobject VALUES (42268,3230,1,1,1,-94.0994,-4739.0,24.664,0.0,0.0,0.0,0.0,1.0,180,255,1);
INSERT IGNORE INTO gameobject VALUES (42269,3235,1,1,1,-94.1309,-4739.0,23.8332,0.0,0.0,0.0,0.0,1.0,180,255,1);
INSERT IGNORE INTO gameobject VALUES (42284,2563,0,1,1,-12171.9,627.971,-60.9542,2.00713,0.0,0.0,0.0,1.0,180,255,1);
INSERT IGNORE INTO gameobject VALUES (42286,3693,0,1,1,-414.799,1454.96,27.3901,-1.72787,0.0,0.0,0.0,1.0,3600,255,1);
INSERT IGNORE INTO gameobject VALUES (42299,190054,0,1,1,401.024,-2118.11,131.563,-2.26892,0.0,0.0,0.0,1.0,180,255,1);
INSERT IGNORE INTO gameobject VALUES (42302,180428,0,1,1,-9477.03,34.6073,56.9661,0.139624,0.0,0.0,0.0,1.0,180,255,1);
INSERT IGNORE INTO gameobject VALUES (42304,180428,0,1,1,-8872.45,676.862,97.9031,1.98967,0.0,0.0,0.0,1.0,180,255,1);
INSERT IGNORE INTO gameobject VALUES (42305,180429,0,1,1,-9473.25,35.5583,57.6953,-0.261798,0.0,0.0,0.0,1.0,180,255,1);
INSERT IGNORE INTO gameobject VALUES (42306,180429,0,1,1,-8873.53,680.035,98.6392,2.46091,0.0,0.0,0.0,1.0,180,255,1);
INSERT IGNORE INTO gameobject VALUES (42307,180429,0,1,1,-10524.2,-1159.07,28.2194,-0.314158,0.0,0.0,0.0,1.0,180,255,1);
INSERT IGNORE INTO gameobject VALUES (42309,180700,0,1,1,-9321.72,64.5673,65.5703,-2.35619,0.0,0.0,0.0,1.0,180,255,1);
INSERT IGNORE INTO gameobject VALUES (42310,180700,0,1,1,-9313.33,46.6067,72.5807,-1.83259,0.0,0.0,0.0,1.0,180,255,1);
INSERT IGNORE INTO gameobject VALUES (42312,180700,0,1,1,-9327.91,55.8726,61.5201,-2.91469,0.0,0.0,0.0,1.0,180,255,1);
INSERT IGNORE INTO gameobject VALUES (42314,180700,0,1,1,-9313.45,59.1376,75.6411,-2.33874,0.0,0.0,0.0,1.0,180,255,1);
INSERT IGNORE INTO gameobject VALUES (42319,180700,0,1,1,-9328.77,55.6623,61.908,1.23918,0.0,0.0,0.0,1.0,180,255,1);
INSERT IGNORE INTO gameobject VALUES (42320,180700,0,1,1,-9314.16,45.1347,72.4229,2.02458,0.0,0.0,0.0,1.0,180,255,1);
INSERT IGNORE INTO gameobject VALUES (42321,180700,0,1,1,-9320.79,63.7614,65.384,2.77507,0.0,0.0,0.0,1.0,180,255,1);
INSERT IGNORE INTO gameobject VALUES (42322,180700,0,1,1,-9314.12,52.7427,76.7604,-2.21656,0.0,0.0,0.0,1.0,180,255,1);
INSERT IGNORE INTO gameobject VALUES (42323,180700,0,1,1,-9321.04,64.5196,65.0196,1.85005,0.0,0.0,0.0,1.0,180,255,1);
INSERT IGNORE INTO game_event_gameobject VALUES (42299,12);
INSERT IGNORE INTO game_event_gameobject VALUES (42302,12);
INSERT IGNORE INTO game_event_gameobject VALUES (42304,12);
INSERT IGNORE INTO game_event_gameobject VALUES (42305,12);
INSERT IGNORE INTO game_event_gameobject VALUES (42306,12);
INSERT IGNORE INTO game_event_gameobject VALUES (42307,12);
INSERT IGNORE INTO game_event_gameobject VALUES (42309,12);
INSERT IGNORE INTO game_event_gameobject VALUES (42310,12);
INSERT IGNORE INTO game_event_gameobject VALUES (42312,12);
INSERT IGNORE INTO game_event_gameobject VALUES (42314,12);
INSERT IGNORE INTO game_event_gameobject VALUES (42319,12);
INSERT IGNORE INTO game_event_gameobject VALUES (42320,12);
INSERT IGNORE INTO game_event_gameobject VALUES (42321,12);
INSERT IGNORE INTO game_event_gameobject VALUES (42322,12);
INSERT IGNORE INTO game_event_gameobject VALUES (42323,12);
INSERT IGNORE INTO gameobject VALUES (42324,185456,571,1,1,3393.34,-2801.47,211.325,-0.872664,0.0,0.0,0.0,1.0,180,255,1);
INSERT IGNORE INTO gameobject VALUES (42326,191882,571,1,1,3409.23,-2787.28,201.521,0.366518,0.0,0.0,0.0,1.0,180,255,1);
INSERT IGNORE INTO gameobject VALUES (42327,180405,571,1,1,5216.02,-1290.84,243.406,-2.91469,0.0,0.0,0.0,1.0,180,255,1);
INSERT IGNORE INTO gameobject VALUES (42329,180405,571,1,1,5235.1,-1315.23,242.093,1.83259,0.0,0.0,0.0,1.0,180,255,1);
INSERT IGNORE INTO gameobject VALUES (42332,180405,571,1,1,5865.94,488.107,657.825,2.77507,0.0,0.0,0.0,1.0,180,255,1);
INSERT IGNORE INTO gameobject VALUES (42334,180405,571,1,1,5863.89,640.685,647.049,1.44862,0.0,0.0,0.0,1.0,180,255,1);
INSERT IGNORE INTO gameobject VALUES (42336,180405,571,1,1,5804.67,572.403,650.253,-0.034906,0.0,0.0,0.0,1.0,180,255,1);
INSERT IGNORE INTO gameobject VALUES (42337,180405,571,1,1,5742.55,629.742,648.235,-1.18682,0.0,0.0,0.0,1.0,180,255,1);
INSERT IGNORE INTO gameobject VALUES (42338,180405,571,1,1,5790.7,741.604,623.35,0.209439,0.0,0.0,0.0,1.0,180,255,1);
INSERT IGNORE INTO gameobject VALUES (42339,180405,571,1,1,5760.7,701.151,624.782,0.645772,0.0,0.0,0.0,1.0,180,255,1);
INSERT IGNORE INTO gameobject VALUES (42340,180405,571,1,1,5952.64,625.262,650.602,-1.01229,0.0,0.0,0.0,1.0,180,255,1);
INSERT IGNORE INTO gameobject VALUES (42341,180405,571,1,1,5627.81,677.031,651.993,2.9845,0.0,0.0,0.0,1.0,180,255,1);
INSERT IGNORE INTO gameobject VALUES (42342,180405,571,1,1,5221.82,-1337.18,241.873,1.0821,0.0,0.0,0.0,1.0,180,255,1);
INSERT IGNORE INTO gameobject VALUES (42344,180405,571,1,1,5201.61,-1335.66,242.916,-0.017452,0.0,0.0,0.0,1.0,180,255,1);
INSERT IGNORE INTO gameobject VALUES (42345,180405,571,1,1,2660.35,-4411.66,290.175,-2.93214,0.0,0.0,0.0,1.0,180,255,1);
INSERT IGNORE INTO gameobject VALUES (42347,180405,571,1,1,5190.06,-1301.23,245.266,-1.81514,0.0,0.0,0.0,1.0,180,255,1);
INSERT IGNORE INTO gameobject VALUES (42348,180405,571,1,1,5860.38,654.99,658.374,-0.750491,0.0,0.0,0.0,1.0,180,255,1);
INSERT IGNORE INTO gameobject VALUES (42349,180405,571,1,1,5917.72,566.228,612.521,-2.68781,0.0,0.0,0.0,1.0,180,255,1);
INSERT IGNORE INTO gameobject VALUES (42350,180405,571,1,1,5795.29,666.027,613.883,0.366518,0.0,0.0,0.0,1.0,180,255,1);
INSERT IGNORE INTO gameobject VALUES (42351,180405,571,1,1,5862.0,734.857,639.859,0.767944,0.0,0.0,0.0,1.0,180,255,1);
INSERT IGNORE INTO gameobject VALUES (42352,180405,571,1,1,5912.15,721.393,641.415,-1.309,0.0,0.0,0.0,1.0,180,255,1);
INSERT IGNORE INTO gameobject VALUES (42353,180405,571,1,1,5899.55,509.279,643.433,0.401425,0.0,0.0,0.0,1.0,180,255,1);
INSERT IGNORE INTO gameobject VALUES (42354,180405,571,1,1,5629.21,732.097,643.182,1.98967,0.0,0.0,0.0,1.0,180,255,1);
INSERT IGNORE INTO gameobject VALUES (42355,180405,571,1,1,5764.94,593.035,615.702,2.87979,0.0,0.0,0.0,1.0,180,255,1);
INSERT IGNORE INTO gameobject VALUES (42356,180405,571,1,1,5783.51,703.948,620.049,0.366518,0.0,0.0,0.0,1.0,180,255,1);
INSERT IGNORE INTO gameobject VALUES (42357,180405,571,1,1,5779.2,595.533,651.005,-0.750491,0.0,0.0,0.0,1.0,180,255,1);
INSERT IGNORE INTO gameobject VALUES (42358,180405,571,1,1,5771.34,737.554,641.454,1.62316,0.0,0.0,0.0,1.0,180,255,1);
INSERT IGNORE INTO gameobject VALUES (42359,180405,571,1,1,5904.52,662.971,643.843,-0.226892,0.0,0.0,0.0,1.0,180,255,1);
INSERT IGNORE INTO gameobject VALUES (42360,180405,571,1,1,5715.07,682.231,647.599,1.76278,0.0,0.0,0.0,1.0,180,255,1);
INSERT IGNORE INTO gameobject VALUES (42361,180405,571,1,1,5899.72,457.077,643.651,-2.91469,0.0,0.0,0.0,1.0,180,255,1);
INSERT IGNORE INTO gameobject VALUES (42362,180405,571,1,1,5668.6,719.249,653.378,2.37364,0.0,0.0,0.0,1.0,180,255,1);
INSERT IGNORE INTO gameobject VALUES (42363,180405,571,1,1,5869.86,617.118,619.751,-1.58825,0.0,0.0,0.0,1.0,180,255,1);
INSERT IGNORE INTO gameobject VALUES (42364,180405,571,1,1,5775.4,533.978,643.138,2.04204,0.0,0.0,0.0,1.0,180,255,1);
INSERT IGNORE INTO gameobject VALUES (42365,180405,571,1,1,5722.78,531.737,654.431,3.14159,0.0,0.0,0.0,1.0,180,255,1);
INSERT IGNORE INTO gameobject VALUES (42366,180405,571,1,1,5847.23,553.838,655.024,3.07177,0.0,0.0,0.0,1.0,180,255,1);
INSERT IGNORE INTO gameobject VALUES (42368,180405,571,1,1,5772.32,675.598,643.519,-0.750491,0.0,0.0,0.0,1.0,180,255,1);
INSERT IGNORE INTO gameobject VALUES (42369,180405,571,1,1,5821.93,693.48,643.143,2.68781,0.0,0.0,0.0,1.0,180,255,1);
INSERT IGNORE INTO gameobject VALUES (42370,180405,571,1,1,5661.1,685.06,651.966,0.122173,0.0,0.0,0.0,1.0,180,255,1);
INSERT IGNORE INTO gameobject VALUES (42371,180405,571,1,1,5854.31,634.251,647.512,-1.90241,0.0,0.0,0.0,1.0,180,255,1);
INSERT IGNORE INTO gameobject VALUES (42372,180405,571,1,1,5688.88,724.23,645.729,0.209439,0.0,0.0,0.0,1.0,180,255,1);
INSERT IGNORE INTO gameobject VALUES (42373,180405,571,1,1,5723.76,693.092,647.599,0.785397,0.0,0.0,0.0,1.0,180,255,1);
INSERT IGNORE INTO gameobject VALUES (42374,180405,571,1,1,5886.77,528.746,641.84,-2.49582,0.0,0.0,0.0,1.0,180,255,1);
INSERT IGNORE INTO gameobject VALUES (42375,180405,571,1,1,5706.78,747.156,641.734,1.55334,0.0,0.0,0.0,1.0,180,255,1);
INSERT IGNORE INTO gameobject VALUES (42376,180405,571,1,1,5822.74,502.084,657.382,0.471238,0.0,0.0,0.0,1.0,180,255,1);
INSERT IGNORE INTO gameobject VALUES (42377,180405,571,1,1,6664.64,-251.669,962.253,-0.558504,0.0,0.0,0.0,1.0,180,255,1);
INSERT IGNORE INTO gameobject VALUES (42378,180405,571,1,1,6679.86,-261.422,961.987,-1.13446,0.0,0.0,0.0,1.0,180,255,1);
INSERT IGNORE INTO gameobject VALUES (42379,180405,571,1,1,3415.27,-2746.16,199.395,0.261798,0.0,0.0,0.0,1.0,180,255,1);
INSERT IGNORE INTO gameobject VALUES (42380,180405,571,1,1,3455.11,-2785.78,201.469,2.19912,0.0,0.0,0.0,1.0,180,255,1);
INSERT IGNORE INTO gameobject VALUES (42381,180405,571,1,1,3390.2,-2797.65,200.441,-0.523598,0.0,0.0,0.0,1.0,180,255,1);
INSERT IGNORE INTO gameobject VALUES (42382,180405,571,1,1,3393.91,-2804.21,227.343,-0.628317,0.0,0.0,0.0,1.0,180,255,1);
INSERT IGNORE INTO gameobject VALUES (42383,180405,571,1,1,3404.22,-2841.72,201.034,1.01229,0.0,0.0,0.0,1.0,180,255,1);
INSERT IGNORE INTO gameobject VALUES (42386,180406,571,1,1,5810.5,684.28,613.111,1.3439,0.0,0.0,0.0,1.0,180,255,1);
INSERT IGNORE INTO gameobject VALUES (42387,180406,571,1,1,5715.34,537.776,654.431,2.72271,0.0,0.0,0.0,1.0,180,255,1);
INSERT IGNORE INTO gameobject VALUES (42396,180406,571,1,1,5868.59,725.371,639.203,-2.14675,0.0,0.0,0.0,1.0,180,255,1);
INSERT IGNORE INTO gameobject VALUES (42397,180406,571,1,1,5867.47,689.614,643.069,-0.349065,0.0,0.0,0.0,1.0,180,255,1);
INSERT IGNORE INTO gameobject VALUES (42398,180406,571,1,1,5233.11,-1303.51,242.698,2.40855,0.0,0.0,0.0,1.0,180,255,1);
INSERT IGNORE INTO gameobject VALUES (42399,180406,571,1,1,5186.66,-1315.13,244.031,-1.18682,0.0,0.0,0.0,1.0,180,255,1);
INSERT IGNORE INTO gameobject VALUES (42400,180406,571,1,1,5235.5,-1320.32,242.153,1.90241,0.0,0.0,0.0,1.0,180,255,1);
INSERT IGNORE INTO gameobject VALUES (42401,180406,571,1,1,5197.56,-1293.15,245.138,-2.37364,0.0,0.0,0.0,1.0,180,255,1);
INSERT IGNORE INTO gameobject VALUES (42402,180406,571,1,1,5223.29,-1292.88,242.986,3.01941,0.0,0.0,0.0,1.0,180,255,1);
INSERT IGNORE INTO gameobject VALUES (42403,180406,571,1,1,5743.65,693.545,622.62,-0.122173,0.0,0.0,0.0,1.0,180,255,1);
INSERT IGNORE INTO gameobject VALUES (42404,180406,571,1,1,5799.61,575.958,633.176,1.44862,0.0,0.0,0.0,1.0,180,255,1);
INSERT IGNORE INTO gameobject VALUES (42405,180406,571,1,1,5817.99,795.442,636.571,-0.122173,0.0,0.0,0.0,1.0,180,255,1);
INSERT IGNORE INTO gameobject VALUES (42406,180406,571,1,1,5728.36,610.9,649.463,2.37364,0.0,0.0,0.0,1.0,180,255,1);
INSERT IGNORE INTO gameobject VALUES (42408,180406,571,1,1,5814.59,573.353,649.98,0.715585,0.0,0.0,0.0,1.0,180,255,1);
INSERT IGNORE INTO gameobject VALUES (42409,180406,571,1,1,5805.46,708.406,641.485,-2.60053,0.0,0.0,0.0,1.0,180,255,1);
INSERT IGNORE INTO gameobject VALUES (42410,180406,571,1,1,5217.62,-1336.55,242.08,0.314158,0.0,0.0,0.0,1.0,180,255,1);
INSERT IGNORE INTO gameobject VALUES (42411,180406,571,1,1,5204.66,-1302.28,243.929,0.733038,0.0,0.0,0.0,1.0,180,255,1);
INSERT IGNORE INTO gameobject VALUES (42412,180406,571,1,1,5647.17,752.682,643.275,-0.366518,0.0,0.0,0.0,1.0,180,255,1);
INSERT IGNORE INTO gameobject VALUES (42413,180406,571,1,1,5702.0,692.704,655.536,1.0472,0.0,0.0,0.0,1.0,180,255,1);
INSERT IGNORE INTO gameobject VALUES (42414,180406,571,1,1,5759.83,735.288,619.835,1.18682,0.0,0.0,0.0,1.0,180,255,1);
INSERT IGNORE INTO gameobject VALUES (42415,180406,571,1,1,5939.87,564.865,612.086,-1.44862,0.0,0.0,0.0,1.0,180,255,1);
INSERT IGNORE INTO gameobject VALUES (42416,180406,571,1,1,5796.24,685.36,622.447,-2.67035,0.0,0.0,0.0,1.0,180,255,1);
INSERT IGNORE INTO gameobject VALUES (42417,180406,571,1,1,5770.31,581.278,619.936,2.82743,0.0,0.0,0.0,1.0,180,255,1);
INSERT IGNORE INTO gameobject VALUES (42418,180406,571,1,1,5673.89,687.817,654.333,0.872664,0.0,0.0,0.0,1.0,180,255,1);
INSERT IGNORE INTO gameobject VALUES (42419,180406,571,1,1,5965.31,596.234,650.627,3.07177,0.0,0.0,0.0,1.0,180,255,1);
INSERT IGNORE INTO gameobject VALUES (42420,180406,571,1,1,5656.16,674.611,651.967,2.9845,0.0,0.0,0.0,1.0,180,255,1);
INSERT IGNORE INTO gameobject VALUES (42421,180406,571,1,1,5943.68,636.689,652.968,-1.13446,0.0,0.0,0.0,1.0,180,255,1);
INSERT IGNORE INTO gameobject VALUES (42424,180406,571,1,1,5877.55,452.302,657.941,-2.07694,0.0,0.0,0.0,1.0,180,255,1);
INSERT IGNORE INTO gameobject VALUES (42425,180406,571,1,1,5677.35,729.411,653.392,-0.157079,0.0,0.0,0.0,1.0,180,255,1);
INSERT IGNORE INTO gameobject VALUES (42426,180406,571,1,1,5881.45,527.659,641.774,-2.86233,0.0,0.0,0.0,1.0,180,255,1);
INSERT IGNORE INTO gameobject VALUES (42427,180406,571,1,1,5808.43,620.778,649.566,-2.426,0.0,0.0,0.0,1.0,180,255,1);
INSERT IGNORE INTO gameobject VALUES (42428,180406,571,1,1,5710.86,703.639,655.536,-0.95993,0.0,0.0,0.0,1.0,180,255,1);
INSERT IGNORE INTO gameobject VALUES (42429,180406,571,1,1,5825.69,539.113,654.273,-2.70526,0.0,0.0,0.0,1.0,180,255,1);
INSERT IGNORE INTO gameobject VALUES (42431,180406,571,1,1,5877.73,489.385,657.311,-1.06465,0.0,0.0,0.0,1.0,180,255,1);
INSERT IGNORE INTO gameobject VALUES (42432,180406,571,1,1,5864.62,480.571,641.57,2.11185,0.0,0.0,0.0,1.0,180,255,1);
INSERT IGNORE INTO gameobject VALUES (42433,180406,571,1,1,5861.6,649.968,658.373,-1.09956,0.0,0.0,0.0,1.0,180,255,1);
INSERT IGNORE INTO gameobject VALUES (57902,180406,571,1,1,5715.73,758.228,641.769,0.994837,0.0,0.0,0.0,1.0,180,255,1);
INSERT IGNORE INTO gameobject VALUES (57903,180406,571,1,1,5731.45,685.267,647.835,-1.93732,0.0,0.0,0.0,1.0,180,255,1);
INSERT IGNORE INTO gameobject VALUES (57904,180406,571,1,1,3440.91,-2781.02,200.642,2.49582,0.0,0.0,0.0,1.0,180,255,1);
INSERT IGNORE INTO gameobject VALUES (57905,180406,571,1,1,3452.41,-2756.08,199.39,-1.23918,0.0,0.0,0.0,1.0,180,255,1);
INSERT IGNORE INTO gameobject VALUES (57906,180406,571,1,1,6659.23,-249.272,962.204,-0.122173,0.0,0.0,0.0,1.0,180,255,1);
INSERT IGNORE INTO gameobject VALUES (57907,180406,571,1,1,3399.11,-2788.3,211.225,1.79769,0.0,0.0,0.0,1.0,180,255,1);
INSERT IGNORE INTO gameobject VALUES (60056,180406,571,1,1,3892.41,1621.97,93.9317,2.77507,0.0,0.0,0.0,1.0,180,255,1);
INSERT IGNORE INTO gameobject VALUES (61453,180406,571,1,1,3429.5,-2767.1,200.386,-2.96704,0.0,0.0,0.0,1.0,180,255,1);
INSERT IGNORE INTO gameobject VALUES (61454,180406,571,1,1,3443.54,-2828.22,202.684,-0.017452,0.0,0.0,0.0,1.0,180,255,1);
INSERT IGNORE INTO gameobject VALUES (61455,180406,571,1,1,6681.77,-266.973,961.706,-1.43117,0.0,0.0,0.0,1.0,180,255,1);
INSERT IGNORE INTO gameobject VALUES (61456,180406,571,1,1,3484.97,-2776.99,199.3,1.76278,0.0,0.0,0.0,1.0,180,255,1);
INSERT IGNORE INTO gameobject VALUES (61457,180407,571,1,1,3833.78,-1945.8,210.738,1.16937,0.0,0.0,0.0,1.0,180,255,1);
INSERT IGNORE INTO gameobject VALUES (61458,180407,571,1,1,5883.15,462.404,657.277,-0.925024,0.0,0.0,0.0,1.0,180,255,1);
INSERT IGNORE INTO gameobject VALUES (61459,180407,571,1,1,5818.69,619.292,613.147,-1.91986,0.0,0.0,0.0,1.0,180,255,1);
INSERT IGNORE INTO gameobject VALUES (61460,180407,571,1,1,5753.43,594.839,619.933,3.10665,0.0,0.0,0.0,1.0,180,255,1);
INSERT IGNORE INTO gameobject VALUES (61463,180407,571,1,1,5663.05,663.52,654.332,1.97222,0.0,0.0,0.0,1.0,180,255,1);
INSERT IGNORE INTO gameobject VALUES (61465,180407,571,1,1,5863.62,487.166,641.57,1.91986,0.0,0.0,0.0,1.0,180,255,1);
INSERT IGNORE INTO gameobject VALUES (61466,180407,571,1,1,5861.04,644.913,658.374,-1.62316,0.0,0.0,0.0,1.0,180,255,1);
INSERT IGNORE INTO gameobject VALUES (61540,180407,571,1,1,5875.96,497.474,657.256,-0.994837,0.0,0.0,0.0,1.0,180,255,1);
INSERT IGNORE INTO gameobject VALUES (61733,180407,571,1,1,5732.99,687.059,647.773,-1.88495,0.0,0.0,0.0,1.0,180,255,1);
INSERT IGNORE INTO gameobject VALUES (61768,180407,571,1,1,5922.74,572.623,612.512,-1.41372,0.0,0.0,0.0,1.0,180,255,1);
INSERT IGNORE INTO gameobject VALUES (61866,180407,571,1,1,5796.17,707.625,641.702,-2.79252,0.0,0.0,0.0,1.0,180,255,1);
INSERT IGNORE INTO gameobject VALUES (61883,180407,571,1,1,5800.64,620.082,649.566,-3.00195,0.0,0.0,0.0,1.0,180,255,1);
INSERT IGNORE INTO gameobject VALUES (61885,180407,571,1,1,5934.31,611.93,652.968,-2.32129,0.0,0.0,0.0,1.0,180,255,1);
INSERT IGNORE INTO gameobject VALUES (61909,180407,571,1,1,5948.63,614.526,650.6,-2.09439,0.0,0.0,0.0,1.0,180,255,1);
INSERT IGNORE INTO gameobject VALUES (61910,180407,571,1,1,2670.71,-4408.63,290.696,-2.25147,0.0,0.0,0.0,1.0,180,255,1);
INSERT IGNORE INTO gameobject VALUES (61913,180407,571,1,1,5776.29,694.802,620.05,1.81514,0.0,0.0,0.0,1.0,180,255,1);
INSERT IGNORE INTO gameobject VALUES (61916,180407,571,1,1,5979.74,625.222,650.627,0.034906,0.0,0.0,0.0,1.0,180,255,1);
INSERT IGNORE INTO gameobject VALUES (61919,180407,571,1,1,5876.71,739.09,639.263,0.471238,0.0,0.0,0.0,1.0,180,255,1);
INSERT IGNORE INTO gameobject VALUES (61920,180407,571,1,1,5824.36,760.388,640.328,-0.157079,0.0,0.0,0.0,1.0,180,255,1);
INSERT IGNORE INTO gameobject VALUES (61922,180407,571,1,1,5849.39,695.042,618.166,-0.331611,0.0,0.0,0.0,1.0,180,255,1);
INSERT IGNORE INTO gameobject VALUES (61924,180407,571,1,1,5643.79,704.94,651.993,-0.174532,0.0,0.0,0.0,1.0,180,255,1);
INSERT IGNORE INTO gameobject VALUES (61925,180407,571,1,1,5778.42,682.105,643.617,-1.90241,0.0,0.0,0.0,1.0,180,255,1);
INSERT IGNORE INTO gameobject VALUES (61927,180407,571,1,1,5819.17,537.024,654.269,-2.77507,0.0,0.0,0.0,1.0,180,255,1);
INSERT IGNORE INTO gameobject VALUES (61931,180407,571,1,1,5774.25,718.12,624.764,1.3439,0.0,0.0,0.0,1.0,180,255,1);
INSERT IGNORE INTO gameobject VALUES (61932,180407,571,1,1,5684.43,627.852,647.151,2.56563,0.0,0.0,0.0,1.0,180,255,1);
INSERT IGNORE INTO gameobject VALUES (61933,180407,571,1,1,5629.46,729.521,643.168,2.07694,0.0,0.0,0.0,1.0,180,255,1);
INSERT IGNORE INTO gameobject VALUES (61935,180407,571,1,1,5654.97,745.872,643.256,-0.314158,0.0,0.0,0.0,1.0,180,255,1);
INSERT IGNORE INTO gameobject VALUES (61937,180407,571,1,1,5776.45,568.144,650.51,2.60053,0.0,0.0,0.0,1.0,180,255,1);
INSERT IGNORE INTO gameobject VALUES (61948,180407,571,1,1,5899.48,704.617,641.877,2.74016,0.0,0.0,0.0,1.0,180,255,1);
INSERT IGNORE INTO gameobject VALUES (61950,180407,571,1,1,5672.96,714.205,642.063,-1.98967,0.0,0.0,0.0,1.0,180,255,1);
INSERT IGNORE INTO gameobject VALUES (61953,180407,571,1,1,5680.12,714.153,653.893,1.46608,0.0,0.0,0.0,1.0,180,255,1);
INSERT IGNORE INTO gameobject VALUES (61954,180407,571,1,1,5718.16,673.823,647.509,2.82743,0.0,0.0,0.0,1.0,180,255,1);
INSERT IGNORE INTO gameobject VALUES (61955,180407,571,1,1,5874.73,503.22,644.012,0.680677,0.0,0.0,0.0,1.0,180,255,1);
INSERT IGNORE INTO gameobject VALUES (61956,180407,571,1,1,6651.6,-247.562,962.274,0.139624,0.0,0.0,0.0,1.0,180,255,1);
INSERT IGNORE INTO gameobject VALUES (61957,180407,571,1,1,3361.91,-2812.03,198.322,-0.488691,0.0,0.0,0.0,1.0,180,255,1);
INSERT IGNORE INTO gameobject VALUES (61960,180407,571,1,1,3428.19,-2778.84,263.127,2.37364,0.0,0.0,0.0,1.0,180,255,1);
INSERT IGNORE INTO gameobject VALUES (61961,180407,571,1,1,3429.28,-2746.92,199.459,0.261798,0.0,0.0,0.0,1.0,180,255,1);
INSERT IGNORE INTO gameobject VALUES (61962,180407,571,1,1,3414.36,-2778.03,201.52,0.994837,0.0,0.0,0.0,1.0,180,255,1);
INSERT IGNORE INTO gameobject VALUES (61964,180407,571,1,1,3419.26,-2808.97,201.409,1.67551,0.0,0.0,0.0,1.0,180,255,1);
INSERT IGNORE INTO gameobject VALUES (61965,180408,571,1,1,5771.55,737.503,643.094,1.27409,0.0,0.0,0.0,1.0,180,255,1);
INSERT IGNORE INTO gameobject VALUES (61966,180410,571,1,1,5842.26,636.217,647.894,0.977383,0.0,0.0,0.0,1.0,180,255,1);
INSERT IGNORE INTO gameobject VALUES (63201,180410,571,1,1,5754.62,713.891,618.71,-0.680679,0.0,0.0,0.0,1.0,180,255,1);
INSERT IGNORE INTO gameobject VALUES (63203,180410,571,1,1,5760.89,721.664,618.652,-0.628317,0.0,0.0,0.0,1.0,180,255,1);
INSERT IGNORE INTO gameobject VALUES (63204,180410,571,1,1,5844.36,664.433,647.95,-0.575957,0.0,0.0,0.0,1.0,180,255,1);
INSERT IGNORE INTO gameobject VALUES (63205,180410,571,1,1,5851.69,630.721,658.99,2.60053,0.0,0.0,0.0,1.0,180,255,1);
INSERT IGNORE INTO gameobject VALUES (63206,180410,571,1,1,5850.76,664.997,658.838,-2.32129,0.0,0.0,0.0,1.0,180,255,1);
INSERT IGNORE INTO gameobject VALUES (63207,180410,571,1,1,5907.47,449.235,642.216,1.90241,0.0,0.0,0.0,1.0,180,255,1);
INSERT IGNORE INTO gameobject VALUES (63208,180410,571,1,1,5873.15,451.098,642.226,1.65806,0.0,0.0,0.0,1.0,180,255,1);
INSERT IGNORE INTO gameobject VALUES (63209,180410,571,1,1,3402.46,-2806.77,203.518,-2.35619,0.0,0.0,0.0,1.0,180,255,1);
INSERT IGNORE INTO gameobject VALUES (63210,180410,571,1,1,3422.08,-2795.8,203.145,2.25147,0.0,0.0,0.0,1.0,180,255,1);
INSERT IGNORE INTO gameobject VALUES (64863,180410,571,1,1,3416.6,-2799.83,203.278,2.28638,0.0,0.0,0.0,1.0,180,255,1);
INSERT IGNORE INTO gameobject VALUES (64865,180411,571,1,1,5740.03,730.219,646.249,1.09956,0.0,0.0,0.0,1.0,180,255,1);
INSERT IGNORE INTO gameobject VALUES (64867,180411,571,1,1,5893.52,492.627,644.528,-2.74016,0.0,0.0,0.0,1.0,180,255,1);
INSERT IGNORE INTO gameobject VALUES (64870,180411,571,1,1,5880.08,459.381,662.566,1.43117,0.0,0.0,0.0,1.0,180,255,1);
INSERT IGNORE INTO gameobject VALUES (64872,180411,571,1,1,5849.69,655.198,651.084,2.9845,0.0,0.0,0.0,1.0,180,255,1);
INSERT IGNORE INTO gameobject VALUES (64875,180411,571,1,1,5762.03,699.783,621.449,-1.69297,0.0,0.0,0.0,1.0,180,255,1);
INSERT IGNORE INTO gameobject VALUES (64876,180411,571,1,1,5906.24,742.753,644.485,0.890117,0.0,0.0,0.0,1.0,180,255,1);
INSERT IGNORE INTO gameobject VALUES (64881,180411,571,1,1,5866.64,738.969,644.753,0.59341,0.0,0.0,0.0,1.0,180,255,1);
INSERT IGNORE INTO gameobject VALUES (64882,180411,571,1,1,5841.72,654.286,651.118,1.309,0.0,0.0,0.0,1.0,180,255,1);
INSERT IGNORE INTO gameobject VALUES (64883,180411,571,1,1,5899.21,464.785,644.771,-0.767944,0.0,0.0,0.0,1.0,180,255,1);
INSERT IGNORE INTO gameobject VALUES (64884,180411,571,1,1,5843.23,641.016,651.163,-0.558504,0.0,0.0,0.0,1.0,180,255,1);
INSERT IGNORE INTO gameobject VALUES (64886,180411,571,1,1,5776.05,717.172,621.551,0.488691,0.0,0.0,0.0,1.0,180,255,1);
INSERT IGNORE INTO gameobject VALUES (64887,180411,571,1,1,5852.4,719.288,645.035,0.296705,0.0,0.0,0.0,1.0,180,255,1);
INSERT IGNORE INTO gameobject VALUES (85283,180411,571,1,1,5866.18,738.773,642.827,-2.87979,0.0,0.0,0.0,1.0,180,255,1);
INSERT IGNORE INTO gameobject VALUES (85284,180411,571,1,1,5895.4,691.542,647.283,1.13446,0.0,0.0,0.0,1.0,180,255,1);
INSERT IGNORE INTO gameobject VALUES (85285,180411,571,1,1,5851.21,642.017,651.053,2.84488,0.0,0.0,0.0,1.0,180,255,1);
INSERT IGNORE INTO gameobject VALUES (85286,180411,571,1,1,5705.41,698.712,659.805,1.79769,0.0,0.0,0.0,1.0,180,255,1);
INSERT IGNORE INTO gameobject VALUES (85287,180411,571,1,1,5759.56,714.361,646.441,3.01941,0.0,0.0,0.0,1.0,180,255,1);
INSERT IGNORE INTO gameobject VALUES (85289,180411,571,1,1,5725.4,683.314,650.614,2.49582,0.0,0.0,0.0,1.0,180,255,1);
INSERT IGNORE INTO gameobject VALUES (85292,180411,571,1,1,3410.14,-2792.1,205.929,-0.436332,0.0,0.0,0.0,1.0,180,255,1);
INSERT IGNORE INTO gameobject VALUES (85293,180411,571,1,1,3452.58,-2745.88,191.98,-2.89724,0.0,0.0,0.0,1.0,180,255,1);
INSERT IGNORE INTO gameobject VALUES (85295,180411,571,1,1,3416.79,-2787.17,206.333,-3.10665,0.0,0.0,0.0,1.0,180,255,1);
INSERT IGNORE INTO gameobject VALUES (85297,180415,571,1,1,5797.56,709.896,642.179,2.05949,0.0,0.0,0.0,1.0,180,255,1);
INSERT IGNORE INTO gameobject VALUES (85298,180415,571,1,1,5798.08,707.078,643.25,-1.55334,0.0,0.0,0.0,1.0,180,255,1);
INSERT IGNORE INTO gameobject VALUES (85299,180415,571,1,1,5798.41,704.944,643.719,0.087266,0.0,0.0,0.0,1.0,180,255,1);
INSERT IGNORE INTO gameobject VALUES (85300,180415,571,1,1,5793.38,703.738,645.563,2.00713,0.0,0.0,0.0,1.0,180,255,1);
INSERT IGNORE INTO gameobject VALUES (85301,180415,571,1,1,5790.96,702.462,645.574,-2.44346,0.0,0.0,0.0,1.0,180,255,1);
INSERT IGNORE INTO gameobject VALUES (89676,180415,571,1,1,5788.84,701.047,645.585,-0.698132,0.0,0.0,0.0,1.0,180,255,1);
INSERT IGNORE INTO gameobject VALUES (89677,180415,571,1,1,5785.93,698.498,647.353,2.25147,0.0,0.0,0.0,1.0,180,255,1);
INSERT IGNORE INTO gameobject VALUES (89678,180415,571,1,1,5784.81,690.464,647.427,0.942477,0.0,0.0,0.0,1.0,180,255,1);
INSERT IGNORE INTO gameobject VALUES (89679,180415,571,1,1,5783.09,693.302,647.382,-0.977383,0.0,0.0,0.0,1.0,180,255,1);
INSERT IGNORE INTO gameobject VALUES (89680,180415,571,1,1,5783.69,696.038,647.387,-2.9845,0.0,0.0,0.0,1.0,180,255,1);
INSERT IGNORE INTO gameobject VALUES (89681,180415,571,1,1,5820.35,632.993,647.392,3.08918,0.0,0.0,0.0,1.0,180,255,1);
INSERT IGNORE INTO gameobject VALUES (89682,180415,571,1,1,5821.59,653.723,647.402,-1.37881,0.0,0.0,0.0,1.0,180,255,1);
INSERT IGNORE INTO gameobject VALUES (89683,180415,571,1,1,5817.48,648.986,647.392,-0.314158,0.0,0.0,0.0,1.0,180,255,1);
INSERT IGNORE INTO gameobject VALUES (89684,180415,571,1,1,5814.76,643.378,647.393,-2.04204,0.0,0.0,0.0,1.0,180,255,1);
INSERT IGNORE INTO gameobject VALUES (89685,180415,571,1,1,5816.11,637.738,647.392,0.087266,0.0,0.0,0.0,1.0,180,255,1);
INSERT IGNORE INTO gameobject VALUES (89686,180415,571,1,1,5814.81,625.341,647.392,-2.60053,0.0,0.0,0.0,1.0,180,255,1);
INSERT IGNORE INTO gameobject VALUES (89687,180415,571,1,1,5809.52,628.615,647.392,0.366518,0.0,0.0,0.0,1.0,180,255,1);
INSERT IGNORE INTO gameobject VALUES (89688,180415,571,1,1,5795.61,621.224,647.392,-2.37364,0.0,0.0,0.0,1.0,180,255,1);
INSERT IGNORE INTO gameobject VALUES (89689,180415,571,1,1,5798.53,625.186,647.392,0.349065,0.0,0.0,0.0,1.0,180,255,1);
INSERT IGNORE INTO gameobject VALUES (89690,180415,571,1,1,5803.09,629.1,647.397,3.07177,0.0,0.0,0.0,1.0,180,255,1);
INSERT IGNORE INTO gameobject VALUES (89691,180415,571,1,1,5805.51,645.305,648.242,-2.28638,0.0,0.0,0.0,1.0,180,255,1);
INSERT IGNORE INTO gameobject VALUES (89692,180415,571,1,1,5802.6,644.99,648.22,-0.593412,0.0,0.0,0.0,1.0,180,255,1);
INSERT IGNORE INTO gameobject VALUES (89693,180415,571,1,1,5799.01,640.579,648.218,-0.366518,0.0,0.0,0.0,1.0,180,255,1);
INSERT IGNORE INTO gameobject VALUES (89694,180415,571,1,1,5799.29,637.624,648.215,-2.68781,0.0,0.0,0.0,1.0,180,255,1);
INSERT IGNORE INTO gameobject VALUES (89695,180415,571,1,1,5803.73,634.067,648.216,1.09956,0.0,0.0,0.0,1.0,180,255,1);
INSERT IGNORE INTO gameobject VALUES (89696,180415,571,1,1,5806.71,634.33,648.224,-1.58825,0.0,0.0,0.0,1.0,180,255,1);
INSERT IGNORE INTO gameobject VALUES (89697,180415,571,1,1,5810.27,638.785,648.224,2.00713,0.0,0.0,0.0,1.0,180,255,1);
INSERT IGNORE INTO gameobject VALUES (89698,180415,571,1,1,5809.95,641.726,648.218,0.157079,0.0,0.0,0.0,1.0,180,255,1);
INSERT IGNORE INTO gameobject VALUES (89699,180415,571,1,1,5819.92,663.903,647.485,-2.426,0.0,0.0,0.0,1.0,180,255,1);
INSERT IGNORE INTO gameobject VALUES (89700,180415,571,1,1,5824.87,659.817,647.461,-0.802851,0.0,0.0,0.0,1.0,180,255,1);
INSERT IGNORE INTO gameobject VALUES (89701,180415,571,1,1,5894.93,474.892,641.57,0.122173,0.0,0.0,0.0,1.0,180,255,1);
INSERT IGNORE INTO gameobject VALUES (89702,180415,571,1,1,5895.7,475.31,641.32,-1.5708,0.0,0.0,0.0,1.0,180,255,1);
INSERT IGNORE INTO gameobject VALUES (89703,180415,571,1,1,5896.42,475.648,641.044,-1.97222,0.0,0.0,0.0,1.0,180,255,1);
INSERT IGNORE INTO gameobject VALUES (89704,180415,571,1,1,5891.83,490.11,641.57,-0.279252,0.0,0.0,0.0,1.0,180,255,1);
INSERT IGNORE INTO gameobject VALUES (89705,180415,571,1,1,5892.84,490.052,641.278,-1.74533,0.0,0.0,0.0,1.0,180,255,1);
INSERT IGNORE INTO gameobject VALUES (89706,180415,571,1,1,5893.6,489.979,641.044,-0.052359,0.0,0.0,0.0,1.0,180,255,1);
INSERT IGNORE INTO gameobject VALUES (89707,180415,571,1,1,5899.55,474.001,640.776,-2.07694,0.0,0.0,0.0,1.0,180,255,1);
INSERT IGNORE INTO gameobject VALUES (89708,180415,571,1,1,5906.31,475.472,640.78,-1.46608,0.0,0.0,0.0,1.0,180,255,1);
INSERT IGNORE INTO gameobject VALUES (89709,180415,571,1,1,5902.46,493.851,640.782,-2.25147,0.0,0.0,0.0,1.0,180,255,1);
INSERT IGNORE INTO gameobject VALUES (89710,180415,571,1,1,5895.74,492.667,640.776,0.890117,0.0,0.0,0.0,1.0,180,255,1);
INSERT IGNORE INTO gameobject VALUES (89711,180415,571,1,1,5832.15,448.118,658.773,1.25664,0.0,0.0,0.0,1.0,180,255,1);
INSERT IGNORE INTO gameobject VALUES (89712,180415,571,1,1,5831.07,442.647,658.773,1.44862,0.0,0.0,0.0,1.0,180,255,1);
INSERT IGNORE INTO gameobject VALUES (89713,180415,571,1,1,5828.13,437.655,658.773,-3.03684,0.0,0.0,0.0,1.0,180,255,1);
INSERT IGNORE INTO gameobject VALUES (89714,180415,571,1,1,5823.95,433.84,658.773,-1.36136,0.0,0.0,0.0,1.0,180,255,1);
INSERT IGNORE INTO gameobject VALUES (89715,180415,571,1,1,5818.68,431.502,658.772,-2.72271,0.0,0.0,0.0,1.0,180,255,1);
INSERT IGNORE INTO gameobject VALUES (89716,180415,571,1,1,5812.94,430.919,658.772,-1.79769,0.0,0.0,0.0,1.0,180,255,1);
INSERT IGNORE INTO gameobject VALUES (89717,180415,571,1,1,5807.42,432.081,658.772,-2.21656,0.0,0.0,0.0,1.0,180,255,1);
INSERT IGNORE INTO gameobject VALUES (89718,180415,571,1,1,5802.47,434.937,658.772,2.87979,0.0,0.0,0.0,1.0,180,255,1);
INSERT IGNORE INTO gameobject VALUES (89719,180415,571,1,1,5798.61,439.182,658.772,-0.820303,0.0,0.0,0.0,1.0,180,255,1);
INSERT IGNORE INTO gameobject VALUES (89720,180415,571,1,1,5796.33,444.368,658.772,-2.67035,0.0,0.0,0.0,1.0,180,255,1);
INSERT IGNORE INTO gameobject VALUES (89721,180415,571,1,1,5833.34,686.454,609.886,-1.3439,0.0,0.0,0.0,1.0,180,255,1);
INSERT IGNORE INTO gameobject VALUES (89722,180415,571,1,1,5826.48,685.649,609.886,0.628317,0.0,0.0,0.0,1.0,180,255,1);
INSERT IGNORE INTO gameobject VALUES (89723,180415,571,1,1,5820.88,681.643,609.886,0.802851,0.0,0.0,0.0,1.0,180,255,1);
INSERT IGNORE INTO gameobject VALUES (89724,180415,571,1,1,5839.71,683.634,609.886,-2.89724,0.0,0.0,0.0,1.0,180,255,1);
INSERT IGNORE INTO gameobject VALUES (89725,180415,571,1,1,5843.83,678.011,609.886,1.41372,0.0,0.0,0.0,1.0,180,255,1);
INSERT IGNORE INTO gameobject VALUES (89726,180415,571,1,1,5844.56,671.192,609.886,2.25147,0.0,0.0,0.0,1.0,180,255,1);
INSERT IGNORE INTO gameobject VALUES (89727,180415,571,1,1,5814.02,684.253,620.778,2.04204,0.0,0.0,0.0,1.0,180,255,1);
INSERT IGNORE INTO gameobject VALUES (89728,180415,571,1,1,5815.44,686.139,620.776,-2.70526,0.0,0.0,0.0,1.0,180,255,1);
INSERT IGNORE INTO gameobject VALUES (89729,180415,571,1,1,5816.9,687.91,620.775,-1.23918,0.0,0.0,0.0,1.0,180,255,1);
INSERT IGNORE INTO gameobject VALUES (89730,180415,571,1,1,5818.24,689.696,620.773,1.20428,0.0,0.0,0.0,1.0,180,255,1);
INSERT IGNORE INTO gameobject VALUES (89731,180415,571,1,1,5788.28,648.998,647.279,-1.01229,0.0,0.0,0.0,1.0,180,255,1);
INSERT IGNORE INTO gameobject VALUES (89732,180415,571,1,1,5793.81,640.4,647.396,-0.942477,0.0,0.0,0.0,1.0,180,255,1);
INSERT IGNORE INTO gameobject VALUES (89733,180415,571,1,1,5794.71,635.855,647.396,-2.79252,0.0,0.0,0.0,1.0,180,255,1);
INSERT IGNORE INTO gameobject VALUES (89734,180415,571,1,1,5791.95,630.329,647.392,-2.75761,0.0,0.0,0.0,1.0,180,255,1);
INSERT IGNORE INTO gameobject VALUES (89735,180415,571,1,1,5789.16,626.764,647.392,1.90241,0.0,0.0,0.0,1.0,180,255,1);
INSERT IGNORE INTO gameobject VALUES (89736,180415,571,1,1,5792.75,654.927,647.421,-0.645772,0.0,0.0,0.0,1.0,180,255,1);
INSERT IGNORE INTO gameobject VALUES (89737,180415,571,1,1,5801.43,649.839,647.402,-0.436332,0.0,0.0,0.0,1.0,180,255,1);
INSERT IGNORE INTO gameobject VALUES (89738,180415,571,1,1,5806.18,650.148,647.395,-1.71042,0.0,0.0,0.0,1.0,180,255,1);
INSERT IGNORE INTO gameobject VALUES (89739,180415,571,1,1,5811.41,654.324,647.392,-1.8675,0.0,0.0,0.0,1.0,180,255,1);
INSERT IGNORE INTO gameobject VALUES (89740,180415,571,1,1,5815.02,659.305,647.407,1.81514,0.0,0.0,0.0,1.0,180,255,1);
INSERT IGNORE INTO gameobject VALUES (89741,180415,571,1,1,5913.07,726.264,642.148,-1.95477,0.0,0.0,0.0,1.0,180,255,1);
INSERT IGNORE INTO gameobject VALUES (89742,180415,571,1,1,5913.21,731.098,642.121,3.00195,0.0,0.0,0.0,1.0,180,255,1);
INSERT IGNORE INTO gameobject VALUES (89743,180415,571,1,1,5915.28,730.691,643.068,-1.95477,0.0,0.0,0.0,1.0,180,255,1);
INSERT IGNORE INTO gameobject VALUES (89744,180415,571,1,1,5915.09,726.157,643.066,-1.06465,0.0,0.0,0.0,1.0,180,255,1);
INSERT IGNORE INTO gameobject VALUES (89745,180415,571,1,1,5903.37,742.705,641.106,-0.645772,0.0,0.0,0.0,1.0,180,255,1);
INSERT IGNORE INTO gameobject VALUES (89746,180415,571,1,1,5903.73,744.606,642.032,-0.174532,0.0,0.0,0.0,1.0,180,255,1);
INSERT IGNORE INTO gameobject VALUES (89747,180415,571,1,1,5912.41,712.723,642.297,0.698132,0.0,0.0,0.0,1.0,180,255,1);
INSERT IGNORE INTO gameobject VALUES (89748,180415,571,1,1,5914.37,712.483,643.248,-2.44346,0.0,0.0,0.0,1.0,180,255,1);
INSERT IGNORE INTO gameobject VALUES (89749,180415,571,1,1,5914.19,707.948,643.349,-1.51844,0.0,0.0,0.0,1.0,180,255,1);
INSERT IGNORE INTO gameobject VALUES (89750,180415,571,1,1,5912.09,708.031,642.437,-0.436332,0.0,0.0,0.0,1.0,180,255,1);
INSERT IGNORE INTO gameobject VALUES (89751,180415,571,1,1,5739.15,636.821,648.058,-0.174532,0.0,0.0,0.0,1.0,180,255,1);
INSERT IGNORE INTO gameobject VALUES (89752,180415,571,1,1,5741.51,643.74,648.791,-2.93214,0.0,0.0,0.0,1.0,180,255,1);
INSERT IGNORE INTO gameobject VALUES (89753,180415,571,1,1,5744.29,647.872,650.566,1.13446,0.0,0.0,0.0,1.0,180,255,1);
INSERT IGNORE INTO gameobject VALUES (89754,180415,571,1,1,5751.07,649.333,650.578,0.942477,0.0,0.0,0.0,1.0,180,255,1);
INSERT IGNORE INTO gameobject VALUES (89755,180415,571,1,1,5747.35,650.718,650.587,-2.14675,0.0,0.0,0.0,1.0,180,255,1);
INSERT IGNORE INTO gameobject VALUES (89756,180415,571,1,1,5744.62,617.712,649.006,-2.40855,0.0,0.0,0.0,1.0,180,255,1);
INSERT IGNORE INTO gameobject VALUES (89757,180415,571,1,1,5747.08,615.282,650.555,0.401425,0.0,0.0,0.0,1.0,180,255,1);
INSERT IGNORE INTO gameobject VALUES (89758,180415,571,1,1,5749.63,613.044,650.593,-0.034906,0.0,0.0,0.0,1.0,180,255,1);
INSERT IGNORE INTO gameobject VALUES (89759,180415,571,1,1,5754.75,614.309,650.578,0.994837,0.0,0.0,0.0,1.0,180,255,1);
INSERT IGNORE INTO gameobject VALUES (89760,180415,571,1,1,5752.3,612.697,650.586,-2.56563,0.0,0.0,0.0,1.0,180,255,1);
INSERT IGNORE INTO gameobject VALUES (89761,180415,571,1,1,5853.89,697.745,642.738,-1.64061,0.0,0.0,0.0,1.0,180,255,1);
INSERT IGNORE INTO gameobject VALUES (89762,180415,571,1,1,5856.46,700.581,644.19,1.09956,0.0,0.0,0.0,1.0,180,255,1);
INSERT IGNORE INTO gameobject VALUES (89763,180415,571,1,1,5859.76,697.915,644.211,0.436332,0.0,0.0,0.0,1.0,180,255,1);
INSERT IGNORE INTO gameobject VALUES (89764,180415,571,1,1,5857.19,694.977,642.76,-2.84488,0.0,0.0,0.0,1.0,180,255,1);
INSERT IGNORE INTO gameobject VALUES (89765,180415,571,1,1,5831.4,719.172,641.982,2.93214,0.0,0.0,0.0,1.0,180,255,1);
INSERT IGNORE INTO gameobject VALUES (89766,180415,571,1,1,5832.81,720.705,642.931,-2.35619,0.0,0.0,0.0,1.0,180,255,1);
INSERT IGNORE INTO gameobject VALUES (89767,180415,571,1,1,5835.08,716.127,642.002,1.91986,0.0,0.0,0.0,1.0,180,255,1);
INSERT IGNORE INTO gameobject VALUES (89768,180415,571,1,1,5836.44,717.919,642.929,-0.680679,0.0,0.0,0.0,1.0,180,255,1);
INSERT IGNORE INTO gameobject VALUES (89769,180415,571,1,1,5870.24,688.504,644.906,-1.36136,0.0,0.0,0.0,1.0,180,255,1);
INSERT IGNORE INTO gameobject VALUES (89770,180415,571,1,1,5873.59,685.678,644.896,1.22173,0.0,0.0,0.0,1.0,180,255,1);
INSERT IGNORE INTO gameobject VALUES (89771,180415,571,1,1,5887.04,648.827,648.346,-2.58308,0.0,0.0,0.0,1.0,180,255,1);
INSERT IGNORE INTO gameobject VALUES (89772,180415,571,1,1,5887.87,649.127,648.348,-1.98967,0.0,0.0,0.0,1.0,180,255,1);
INSERT IGNORE INTO gameobject VALUES (89773,180415,571,1,1,5888.7,649.711,648.346,-2.30383,0.0,0.0,0.0,1.0,180,255,1);
INSERT IGNORE INTO gameobject VALUES (89774,180415,571,1,1,5889.22,650.639,648.342,0.541051,0.0,0.0,0.0,1.0,180,255,1);
INSERT IGNORE INTO gameobject VALUES (89775,180415,571,1,1,5881.94,650.645,646.37,0.226892,0.0,0.0,0.0,1.0,180,255,1);
INSERT IGNORE INTO gameobject VALUES (89776,180415,571,1,1,5882.08,652.593,646.797,-1.16937,0.0,0.0,0.0,1.0,180,255,1);
INSERT IGNORE INTO gameobject VALUES (89777,180415,571,1,1,5882.85,654.217,647.454,0.890117,0.0,0.0,0.0,1.0,180,255,1);
INSERT IGNORE INTO gameobject VALUES (89778,180415,571,1,1,5884.36,655.596,647.738,0.837757,0.0,0.0,0.0,1.0,180,255,1);
INSERT IGNORE INTO gameobject VALUES (89779,180415,571,1,1,5886.39,656.216,647.748,-2.44346,0.0,0.0,0.0,1.0,180,255,1);
INSERT IGNORE INTO gameobject VALUES (89780,180415,571,1,1,5887.32,654.873,647.735,0.157079,0.0,0.0,0.0,1.0,180,255,1);
INSERT IGNORE INTO gameobject VALUES (89781,180415,571,1,1,5887.48,653.683,648.339,-1.51844,0.0,0.0,0.0,1.0,180,255,1);
INSERT IGNORE INTO gameobject VALUES (89782,180415,571,1,1,5888.37,653.126,648.344,-1.13446,0.0,0.0,0.0,1.0,180,255,1);
INSERT IGNORE INTO gameobject VALUES (89783,180415,571,1,1,5889.05,652.293,648.341,-2.68781,0.0,0.0,0.0,1.0,180,255,1);
INSERT IGNORE INTO gameobject VALUES (89784,180415,571,1,1,5886.55,653.729,648.341,2.35619,0.0,0.0,0.0,1.0,180,255,1);
INSERT IGNORE INTO gameobject VALUES (89785,180415,571,1,1,5885.7,653.423,648.343,2.11185,0.0,0.0,0.0,1.0,180,255,1);
INSERT IGNORE INTO gameobject VALUES (89786,180415,571,1,1,5884.96,652.71,648.349,0.087266,0.0,0.0,0.0,1.0,180,255,1);
INSERT IGNORE INTO gameobject VALUES (89787,180415,571,1,1,5884.46,651.833,648.344,-2.82743,0.0,0.0,0.0,1.0,180,255,1);
INSERT IGNORE INTO gameobject VALUES (89788,180415,571,1,1,5884.63,650.209,648.345,-0.837757,0.0,0.0,0.0,1.0,180,255,1);
INSERT IGNORE INTO gameobject VALUES (89789,180415,571,1,1,5885.29,649.392,648.348,-2.05949,0.0,0.0,0.0,1.0,180,255,1);
INSERT IGNORE INTO gameobject VALUES (89790,180415,571,1,1,5886.26,649.001,648.352,-2.53072,0.0,0.0,0.0,1.0,180,255,1);
INSERT IGNORE INTO gameobject VALUES (89791,180415,571,1,1,5764.4,609.014,609.886,2.28638,0.0,0.0,0.0,1.0,180,255,1);
INSERT IGNORE INTO gameobject VALUES (89792,180415,571,1,1,5765.1,602.239,609.886,0.523598,0.0,0.0,0.0,1.0,180,255,1);
INSERT IGNORE INTO gameobject VALUES (89793,180415,571,1,1,5769.2,596.635,609.886,1.64061,0.0,0.0,0.0,1.0,180,255,1);
INSERT IGNORE INTO gameobject VALUES (89794,180415,571,1,1,5775.48,593.832,609.886,2.28638,0.0,0.0,0.0,1.0,180,255,1);
INSERT IGNORE INTO gameobject VALUES (89795,180415,571,1,1,5782.39,594.496,609.886,1.97222,0.0,0.0,0.0,1.0,180,255,1);
INSERT IGNORE INTO gameobject VALUES (89796,180415,571,1,1,5787.88,598.577,609.886,1.72787,0.0,0.0,0.0,1.0,180,255,1);
INSERT IGNORE INTO gameobject VALUES (89797,180415,571,1,1,5790.74,604.881,609.886,0.314158,0.0,0.0,0.0,1.0,180,255,1);
INSERT IGNORE INTO gameobject VALUES (89798,180415,571,1,1,5790.07,611.682,609.886,2.89724,0.0,0.0,0.0,1.0,180,255,1);
INSERT IGNORE INTO gameobject VALUES (89799,180415,571,1,1,5785.96,617.32,609.886,2.74016,0.0,0.0,0.0,1.0,180,255,1);
INSERT IGNORE INTO gameobject VALUES (89800,180415,571,1,1,5767.19,615.362,609.886,0.453785,0.0,0.0,0.0,1.0,180,255,1);
INSERT IGNORE INTO gameobject VALUES (89801,180415,571,1,1,5757.68,573.392,650.169,-1.22173,0.0,0.0,0.0,1.0,180,255,1);
INSERT IGNORE INTO gameobject VALUES (89802,180415,571,1,1,5753.46,568.118,651.629,1.0472,0.0,0.0,0.0,1.0,180,255,1);
INSERT IGNORE INTO gameobject VALUES (89803,180415,571,1,1,5748.7,562.215,652.255,0.855211,0.0,0.0,0.0,1.0,180,255,1);
INSERT IGNORE INTO gameobject VALUES (89804,180415,571,1,1,5743.38,555.901,652.794,-1.37881,0.0,0.0,0.0,1.0,180,255,1);
INSERT IGNORE INTO gameobject VALUES (89805,180415,571,1,1,5736.26,546.963,653.207,-1.32645,0.0,0.0,0.0,1.0,180,255,1);
INSERT IGNORE INTO gameobject VALUES (89806,180415,571,1,1,5740.01,551.746,653.045,-0.052359,0.0,0.0,0.0,1.0,180,255,1);
INSERT IGNORE INTO gameobject VALUES (89807,180415,571,1,1,5746.05,559.169,652.562,0.122173,0.0,0.0,0.0,1.0,180,255,1);
INSERT IGNORE INTO gameobject VALUES (89808,180415,571,1,1,5751.01,565.184,651.947,0.471238,0.0,0.0,0.0,1.0,180,255,1);
INSERT IGNORE INTO gameobject VALUES (89809,180415,571,1,1,5755.54,570.83,650.934,-0.087266,0.0,0.0,0.0,1.0,180,255,1);
INSERT IGNORE INTO gameobject VALUES (89810,180415,571,1,1,5759.22,574.957,649.913,2.96704,0.0,0.0,0.0,1.0,180,255,1);
INSERT IGNORE INTO gameobject VALUES (89811,180415,571,1,1,5231.81,-1317.45,242.351,1.32645,0.0,0.0,0.0,1.0,180,255,1);
INSERT IGNORE INTO gameobject VALUES (89812,180415,571,1,1,5232.05,-1311.97,242.441,2.75761,0.0,0.0,0.0,1.0,180,255,1);
INSERT IGNORE INTO gameobject VALUES (89813,180415,571,1,1,5219.89,-1333.08,242.379,0.279252,0.0,0.0,0.0,1.0,180,255,1);
INSERT IGNORE INTO gameobject VALUES (89814,180415,571,1,1,5214.49,-1333.5,242.795,1.06465,0.0,0.0,0.0,1.0,180,255,1);
INSERT IGNORE INTO gameobject VALUES (89815,180415,571,1,1,5205.63,-1333.42,243.384,2.40855,0.0,0.0,0.0,1.0,180,255,1);
INSERT IGNORE INTO gameobject VALUES (89816,180415,571,1,1,5200.36,-1331.64,243.263,2.79252,0.0,0.0,0.0,1.0,180,255,1);
INSERT IGNORE INTO gameobject VALUES (89817,180415,571,1,1,5231.53,-1307.57,242.994,-1.25664,0.0,0.0,0.0,1.0,180,255,1);
INSERT IGNORE INTO gameobject VALUES (89818,180415,571,1,1,5228.54,-1303.11,242.788,-2.33874,0.0,0.0,0.0,1.0,180,255,1);
INSERT IGNORE INTO gameobject VALUES (89819,180415,571,1,1,5223.87,-1297.31,242.759,2.58308,0.0,0.0,0.0,1.0,180,255,1);
INSERT IGNORE INTO gameobject VALUES (89820,180415,571,1,1,5219.21,-1294.68,243.274,0.279252,0.0,0.0,0.0,1.0,180,255,1);
INSERT IGNORE INTO gameobject VALUES (89821,180415,571,1,1,5795.72,450.095,658.772,-2.426,0.0,0.0,0.0,1.0,180,255,1);
INSERT IGNORE INTO gameobject VALUES (89822,180415,571,1,1,5796.82,455.721,658.772,-1.88495,0.0,0.0,0.0,1.0,180,255,1);
INSERT IGNORE INTO gameobject VALUES (89823,180415,571,1,1,5799.66,460.699,658.772,1.88495,0.0,0.0,0.0,1.0,180,255,1);
INSERT IGNORE INTO gameobject VALUES (89824,180415,571,1,1,5803.97,464.477,658.772,2.86233,0.0,0.0,0.0,1.0,180,255,1);
INSERT IGNORE INTO gameobject VALUES (89825,180415,571,1,1,5809.19,466.8,658.773,0.59341,0.0,0.0,0.0,1.0,180,255,1);
INSERT IGNORE INTO gameobject VALUES (89826,180415,571,1,1,5814.87,467.419,658.773,0.261798,0.0,0.0,0.0,1.0,180,255,1);
INSERT IGNORE INTO gameobject VALUES (89827,180415,571,1,1,5820.49,466.206,658.773,2.18166,0.0,0.0,0.0,1.0,180,255,1);
INSERT IGNORE INTO gameobject VALUES (89828,180415,571,1,1,5825.49,463.355,658.773,-0.314158,0.0,0.0,0.0,1.0,180,255,1);
INSERT IGNORE INTO gameobject VALUES (89829,180415,571,1,1,5829.31,459.171,658.773,1.55334,0.0,0.0,0.0,1.0,180,255,1);
INSERT IGNORE INTO gameobject VALUES (89830,180415,571,1,1,5831.67,453.863,658.773,2.35619,0.0,0.0,0.0,1.0,180,255,1);
INSERT IGNORE INTO gameobject VALUES (89831,180415,571,1,1,5894.53,711.022,642.703,2.18166,0.0,0.0,0.0,1.0,180,255,1);
INSERT IGNORE INTO gameobject VALUES (89832,180415,571,1,1,5897.81,708.483,642.675,-2.11185,0.0,0.0,0.0,1.0,180,255,1);
INSERT IGNORE INTO gameobject VALUES (89833,180415,571,1,1,5895.29,705.708,643.916,0.820303,0.0,0.0,0.0,1.0,180,255,1);
INSERT IGNORE INTO gameobject VALUES (89834,180415,571,1,1,5892.32,708.248,643.917,-1.88495,0.0,0.0,0.0,1.0,180,255,1);
INSERT IGNORE INTO gameobject VALUES (89835,180415,571,1,1,5900.78,688.133,643.527,-2.02458,0.0,0.0,0.0,1.0,180,255,1);
INSERT IGNORE INTO gameobject VALUES (89836,180415,571,1,1,5902.09,686.606,644.479,-0.680679,0.0,0.0,0.0,1.0,180,255,1);
INSERT IGNORE INTO gameobject VALUES (89837,180415,571,1,1,5899.16,683.213,644.435,2.80997,0.0,0.0,0.0,1.0,180,255,1);
INSERT IGNORE INTO gameobject VALUES (89838,180415,571,1,1,5897.53,684.734,643.508,0.750491,0.0,0.0,0.0,1.0,180,255,1);
INSERT IGNORE INTO gameobject VALUES (89839,180415,571,1,1,5872.77,683.941,643.986,1.02974,0.0,0.0,0.0,1.0,180,255,1);
INSERT IGNORE INTO gameobject VALUES (89840,180415,571,1,1,5868.73,687.431,643.965,-2.44346,0.0,0.0,0.0,1.0,180,255,1);
INSERT IGNORE INTO gameobject VALUES (89841,180415,571,1,1,5856.71,651.58,648.757,-2.19912,0.0,0.0,0.0,1.0,180,255,1);
INSERT IGNORE INTO gameobject VALUES (89842,180415,571,1,1,5856.28,656.249,648.757,2.77507,0.0,0.0,0.0,1.0,180,255,1);
INSERT IGNORE INTO gameobject VALUES (89843,180415,571,1,1,5858.74,659.732,648.739,2.82743,0.0,0.0,0.0,1.0,180,255,1);
INSERT IGNORE INTO gameobject VALUES (89844,180415,571,1,1,5857.26,647.333,648.757,2.33874,0.0,0.0,0.0,1.0,180,255,1);
INSERT IGNORE INTO gameobject VALUES (89845,180415,571,1,1,5857.7,642.825,648.757,1.72787,0.0,0.0,0.0,1.0,180,255,1);
INSERT IGNORE INTO gameobject VALUES (89846,180415,571,1,1,5860.81,639.934,648.739,2.28638,0.0,0.0,0.0,1.0,180,255,1);
INSERT IGNORE INTO gameobject VALUES (89847,180415,571,1,1,5850.45,631.74,647.512,1.43117,0.0,0.0,0.0,1.0,180,255,1);
INSERT IGNORE INTO gameobject VALUES (89848,180415,571,1,1,5847.13,634.354,647.512,-1.3439,0.0,0.0,0.0,1.0,180,255,1);
INSERT IGNORE INTO gameobject VALUES (89849,180415,571,1,1,5849.42,630.686,648.657,-2.426,0.0,0.0,0.0,1.0,180,255,1);
INSERT IGNORE INTO gameobject VALUES (89850,180415,571,1,1,5846.33,633.082,648.738,-1.76278,0.0,0.0,0.0,1.0,180,255,1);
INSERT IGNORE INTO gameobject VALUES (89851,180415,571,1,1,5713.76,649.66,648.66,-2.63544,0.0,0.0,0.0,1.0,180,255,1);
INSERT IGNORE INTO gameobject VALUES (89852,180415,571,1,1,5712.06,650.578,648.66,-0.715585,0.0,0.0,0.0,1.0,180,255,1);
INSERT IGNORE INTO gameobject VALUES (89853,180415,571,1,1,5710.06,650.781,648.66,0.261798,0.0,0.0,0.0,1.0,180,255,1);
INSERT IGNORE INTO gameobject VALUES (89854,180415,571,1,1,5708.29,650.192,648.66,-0.366518,0.0,0.0,0.0,1.0,180,255,1);
INSERT IGNORE INTO gameobject VALUES (89855,180415,571,1,1,5706.85,649.06,648.66,1.32645,0.0,0.0,0.0,1.0,180,255,1);
INSERT IGNORE INTO gameobject VALUES (89856,180415,571,1,1,5705.89,647.283,648.66,-2.70526,0.0,0.0,0.0,1.0,180,255,1);
INSERT IGNORE INTO gameobject VALUES (89857,180415,571,1,1,5705.49,608.342,646.913,1.55334,0.0,0.0,0.0,1.0,180,255,1);
INSERT IGNORE INTO gameobject VALUES (89858,180415,571,1,1,5703.29,611.914,646.913,0.261798,0.0,0.0,0.0,1.0,180,255,1);
INSERT IGNORE INTO gameobject VALUES (89859,180415,571,1,1,5699.4,613.346,646.913,-2.09439,0.0,0.0,0.0,1.0,180,255,1);
INSERT IGNORE INTO gameobject VALUES (89860,180415,571,1,1,5694.94,612.378,646.913,-2.72271,0.0,0.0,0.0,1.0,180,255,1);
INSERT IGNORE INTO gameobject VALUES (89861,180415,571,1,1,5757.26,714.627,621.772,-2.54818,0.0,0.0,0.0,1.0,180,255,1);
INSERT IGNORE INTO gameobject VALUES (89862,180415,571,1,1,5760.47,718.433,621.682,-2.75761,0.0,0.0,0.0,1.0,180,255,1);
INSERT IGNORE INTO gameobject VALUES (89863,180415,571,1,1,5787.46,697.266,619.136,2.51327,0.0,0.0,0.0,1.0,180,255,1);
INSERT IGNORE INTO gameobject VALUES (89864,180415,571,1,1,5782.86,691.076,619.107,1.3439,0.0,0.0,0.0,1.0,180,255,1);
INSERT IGNORE INTO gameobject VALUES (89865,180415,571,1,1,5777.16,695.684,618.886,-0.069812,0.0,0.0,0.0,1.0,180,255,1);
INSERT IGNORE INTO gameobject VALUES (89866,180415,571,1,1,5782.75,703.044,618.891,-1.65806,0.0,0.0,0.0,1.0,180,255,1);
INSERT IGNORE INTO gameobject VALUES (89867,180415,571,1,1,5770.58,700.33,618.906,0.349065,0.0,0.0,0.0,1.0,180,255,1);
INSERT IGNORE INTO gameobject VALUES (89868,180415,571,1,1,5777.6,709.097,618.88,0.698132,0.0,0.0,0.0,1.0,180,255,1);
INSERT IGNORE INTO gameobject VALUES (89869,180415,571,1,1,5773.05,697.665,618.808,0.209439,0.0,0.0,0.0,1.0,180,255,1);
INSERT IGNORE INTO gameobject VALUES (89870,180415,571,1,1,5780.37,706.554,618.816,-1.69297,0.0,0.0,0.0,1.0,180,255,1);
INSERT IGNORE INTO gameobject VALUES (89871,180415,571,1,1,5806.48,653.271,609.886,1.90241,0.0,0.0,0.0,1.0,180,255,1);
INSERT IGNORE INTO gameobject VALUES (89872,180415,571,1,1,5799.56,652.577,609.886,1.67551,0.0,0.0,0.0,1.0,180,255,1);
INSERT IGNORE INTO gameobject VALUES (89873,180415,571,1,1,5794.03,648.531,609.886,1.81514,0.0,0.0,0.0,1.0,180,255,1);
INSERT IGNORE INTO gameobject VALUES (89874,180415,571,1,1,5791.19,642.243,609.886,2.1293,0.0,0.0,0.0,1.0,180,255,1);
INSERT IGNORE INTO gameobject VALUES (89875,180415,571,1,1,5818.83,668.437,609.886,-2.93214,0.0,0.0,0.0,1.0,180,255,1);
INSERT IGNORE INTO gameobject VALUES (89876,180415,571,1,1,5822.86,662.891,609.886,2.82743,0.0,0.0,0.0,1.0,180,255,1);
INSERT IGNORE INTO gameobject VALUES (89877,180415,571,1,1,5829.18,660.076,609.886,1.91986,0.0,0.0,0.0,1.0,180,255,1);
INSERT IGNORE INTO gameobject VALUES (89878,180415,571,1,1,5836.04,660.796,609.886,-3.10665,0.0,0.0,0.0,1.0,180,255,1);
INSERT IGNORE INTO gameobject VALUES (89879,180415,571,1,1,5841.6,664.91,609.886,2.87979,0.0,0.0,0.0,1.0,180,255,1);
INSERT IGNORE INTO gameobject VALUES (89880,180415,571,1,1,5818.05,675.386,609.886,-0.715585,0.0,0.0,0.0,1.0,180,255,1);
INSERT IGNORE INTO gameobject VALUES (89881,180415,571,1,1,5933.57,563.738,616.034,2.21656,0.0,0.0,0.0,1.0,180,255,1);
INSERT IGNORE INTO gameobject VALUES (89882,180415,571,1,1,5928.25,556.83,616.023,-1.15192,0.0,0.0,0.0,1.0,180,255,1);
INSERT IGNORE INTO gameobject VALUES (89883,180415,571,1,1,5934.67,573.196,616.023,0.418879,0.0,0.0,0.0,1.0,180,255,1);
INSERT IGNORE INTO gameobject VALUES (89884,180415,571,1,1,5928.84,579.656,616.033,3.01941,0.0,0.0,0.0,1.0,180,255,1);
INSERT IGNORE INTO gameobject VALUES (89885,180415,571,1,1,5917.83,556.055,616.034,0.488691,0.0,0.0,0.0,1.0,180,255,1);
INSERT IGNORE INTO gameobject VALUES (89886,180415,571,1,1,5909.35,557.961,616.023,-2.33874,0.0,0.0,0.0,1.0,180,255,1);
INSERT IGNORE INTO gameobject VALUES (89887,180415,571,1,1,5908.84,572.418,612.808,-0.034906,0.0,0.0,0.0,1.0,180,255,1);
INSERT IGNORE INTO gameobject VALUES (89888,180415,571,1,1,5914.89,579.766,612.808,-2.93214,0.0,0.0,0.0,1.0,180,255,1);
INSERT IGNORE INTO gameobject VALUES (89889,180415,571,1,1,5930.36,557.245,610.542,-1.23918,0.0,0.0,0.0,1.0,180,255,1);
INSERT IGNORE INTO gameobject VALUES (89890,180415,571,1,1,5935.72,564.637,610.615,-2.80997,0.0,0.0,0.0,1.0,180,255,1);
INSERT IGNORE INTO gameobject VALUES (89891,180415,571,1,1,5779.67,620.167,609.886,-0.820303,0.0,0.0,0.0,1.0,180,255,1);
INSERT IGNORE INTO gameobject VALUES (89892,180415,571,1,1,5772.79,619.438,609.886,-1.48353,0.0,0.0,0.0,1.0,180,255,1);
INSERT IGNORE INTO gameobject VALUES (89893,180415,571,1,1,5796.08,629.759,609.886,-1.62316,0.0,0.0,0.0,1.0,180,255,1);
INSERT IGNORE INTO gameobject VALUES (89894,180415,571,1,1,5791.93,635.375,609.886,-2.61799,0.0,0.0,0.0,1.0,180,255,1);
INSERT IGNORE INTO gameobject VALUES (89895,180415,571,1,1,5802.31,626.984,609.886,-2.80997,0.0,0.0,0.0,1.0,180,255,1);
INSERT IGNORE INTO gameobject VALUES (89896,180415,571,1,1,5809.31,627.665,609.886,1.25664,0.0,0.0,0.0,1.0,180,255,1);
INSERT IGNORE INTO gameobject VALUES (89897,180415,571,1,1,5814.76,631.741,609.886,-0.122173,0.0,0.0,0.0,1.0,180,255,1);
INSERT IGNORE INTO gameobject VALUES (89898,180415,571,1,1,5817.6,637.997,609.886,0.680677,0.0,0.0,0.0,1.0,180,255,1);
INSERT IGNORE INTO gameobject VALUES (89899,180415,571,1,1,5816.86,644.939,609.886,-0.663223,0.0,0.0,0.0,1.0,180,255,1);
INSERT IGNORE INTO gameobject VALUES (89900,180415,571,1,1,5812.88,650.54,609.886,2.32129,0.0,0.0,0.0,1.0,180,255,1);
INSERT IGNORE INTO gameobject VALUES (89901,180415,571,1,1,5749.93,582.656,649.825,-1.64061,0.0,0.0,0.0,1.0,180,255,1);
INSERT IGNORE INTO gameobject VALUES (89902,180415,571,1,1,5748.67,581.004,650.151,-1.83259,0.0,0.0,0.0,1.0,180,255,1);
INSERT IGNORE INTO gameobject VALUES (89903,180415,571,1,1,5746.64,578.538,650.883,0.95993,0.0,0.0,0.0,1.0,180,255,1);
INSERT IGNORE INTO gameobject VALUES (89904,180415,571,1,1,5744.65,575.988,651.636,-2.74016,0.0,0.0,0.0,1.0,180,255,1);
INSERT IGNORE INTO gameobject VALUES (89905,180415,571,1,1,5741.15,571.7,652.066,0.977383,0.0,0.0,0.0,1.0,180,255,1);
INSERT IGNORE INTO gameobject VALUES (89906,180415,571,1,1,5727.38,554.396,653.211,-1.83259,0.0,0.0,0.0,1.0,180,255,1);
INSERT IGNORE INTO gameobject VALUES (89907,180415,571,1,1,5730.3,558.295,653.101,-0.209439,0.0,0.0,0.0,1.0,180,255,1);
INSERT IGNORE INTO gameobject VALUES (89908,180415,571,1,1,5733.65,562.579,652.856,0.837757,0.0,0.0,0.0,1.0,180,255,1);
INSERT IGNORE INTO gameobject VALUES (89909,180415,571,1,1,5736.6,566.249,652.599,1.69297,0.0,0.0,0.0,1.0,180,255,1);
INSERT IGNORE INTO gameobject VALUES (89910,180415,571,1,1,5739.39,569.528,652.297,-1.3439,0.0,0.0,0.0,1.0,180,255,1);
INSERT IGNORE INTO gameobject VALUES (89911,180415,571,1,1,5803.45,710.53,642.114,1.46608,0.0,0.0,0.0,1.0,180,255,1);
INSERT IGNORE INTO gameobject VALUES (89912,180415,571,1,1,5803.71,705.571,643.683,2.53072,0.0,0.0,0.0,1.0,180,255,1);
INSERT IGNORE INTO gameobject VALUES (89913,180415,571,1,1,5808.66,705.186,645.512,-2.14675,0.0,0.0,0.0,1.0,180,255,1);
INSERT IGNORE INTO gameobject VALUES (89914,180415,571,1,1,5813.68,703.733,645.53,-0.453785,0.0,0.0,0.0,1.0,180,255,1);
INSERT IGNORE INTO gameobject VALUES (89915,180415,571,1,1,5817.18,701.698,647.296,-2.30383,0.0,0.0,0.0,1.0,180,255,1);
INSERT IGNORE INTO gameobject VALUES (89916,180415,571,1,1,5819.79,694.038,647.324,-1.01229,0.0,0.0,0.0,1.0,180,255,1);
INSERT IGNORE INTO gameobject VALUES (89917,180415,571,1,1,5821.09,697.141,647.43,1.58825,0.0,0.0,0.0,1.0,180,255,1);
INSERT IGNORE INTO gameobject VALUES (89918,180415,571,1,1,5819.86,699.842,647.435,2.05949,0.0,0.0,0.0,1.0,180,255,1);
INSERT IGNORE INTO gameobject VALUES (89919,180415,571,1,1,5811.03,704.554,645.517,-2.51327,0.0,0.0,0.0,1.0,180,255,1);
INSERT IGNORE INTO gameobject VALUES (89920,180415,571,1,1,5803.49,707.852,643.137,0.628317,0.0,0.0,0.0,1.0,180,255,1);
INSERT IGNORE INTO gameobject VALUES (89921,180415,571,1,1,5886.16,739.309,640.297,-0.244346,0.0,0.0,0.0,1.0,180,255,1);
INSERT IGNORE INTO gameobject VALUES (89922,180415,571,1,1,5881.58,738.411,640.277,-0.715585,0.0,0.0,0.0,1.0,180,255,1);
INSERT IGNORE INTO gameobject VALUES (89923,180415,571,1,1,5881.35,740.538,641.224,0.558504,0.0,0.0,0.0,1.0,180,255,1);
INSERT IGNORE INTO gameobject VALUES (89924,180415,571,1,1,5885.81,741.372,641.223,0.837757,0.0,0.0,0.0,1.0,180,255,1);
INSERT IGNORE INTO gameobject VALUES (89925,180415,571,1,1,5868.18,737.163,640.605,-1.0472,0.0,0.0,0.0,1.0,180,255,1);
INSERT IGNORE INTO gameobject VALUES (89926,180415,571,1,1,5867.23,738.898,641.493,-1.85005,0.0,0.0,0.0,1.0,180,255,1);
INSERT IGNORE INTO gameobject VALUES (89927,180415,571,1,1,5863.1,737.211,641.484,2.14675,0.0,0.0,0.0,1.0,180,255,1);
INSERT IGNORE INTO gameobject VALUES (89928,180415,571,1,1,5863.78,735.254,640.577,-0.680679,0.0,0.0,0.0,1.0,180,255,1);
INSERT IGNORE INTO gameobject VALUES (89929,180415,571,1,1,5898.65,743.865,640.981,0.59341,0.0,0.0,0.0,1.0,180,255,1);
INSERT IGNORE INTO gameobject VALUES (89930,180415,571,1,1,5899.31,745.565,641.931,2.87979,0.0,0.0,0.0,1.0,180,255,1);
INSERT IGNORE INTO gameobject VALUES (89931,180415,571,1,1,5882.76,505.957,641.57,-0.244346,0.0,0.0,0.0,1.0,180,255,1);
INSERT IGNORE INTO gameobject VALUES (89932,180415,571,1,1,5881.25,512.098,641.57,-2.56563,0.0,0.0,0.0,1.0,180,255,1);
INSERT IGNORE INTO gameobject VALUES (89933,180415,571,1,1,5894.72,508.765,641.57,3.00195,0.0,0.0,0.0,1.0,180,255,1);
INSERT IGNORE INTO gameobject VALUES (89934,180415,571,1,1,5893.63,514.47,641.57,0.418879,0.0,0.0,0.0,1.0,180,255,1);
INSERT IGNORE INTO gameobject VALUES (89935,180415,571,1,1,5893.99,512.024,641.57,1.44862,0.0,0.0,0.0,1.0,180,255,1);
INSERT IGNORE INTO gameobject VALUES (89936,180415,571,1,1,5882.03,509.499,641.57,-0.506145,0.0,0.0,0.0,1.0,180,255,1);
INSERT IGNORE INTO gameobject VALUES (89937,180415,571,1,1,5884.09,519.312,641.57,2.86233,0.0,0.0,0.0,1.0,180,255,1);
INSERT IGNORE INTO gameobject VALUES (89938,180415,571,1,1,5887.84,520.213,641.57,2.80997,0.0,0.0,0.0,1.0,180,255,1);
INSERT IGNORE INTO gameobject VALUES (89939,180415,571,1,1,5883.06,523.736,642.222,-1.72787,0.0,0.0,0.0,1.0,180,255,1);
INSERT IGNORE INTO gameobject VALUES (89940,180415,571,1,1,5886.87,524.562,642.223,-2.9845,0.0,0.0,0.0,1.0,180,255,1);
INSERT IGNORE INTO gameobject VALUES (89941,180415,571,1,1,5715.13,648.122,648.66,0.122173,0.0,0.0,0.0,1.0,180,255,1);
INSERT IGNORE INTO gameobject VALUES (89942,180415,571,1,1,5715.52,646.419,648.66,-1.74533,0.0,0.0,0.0,1.0,180,255,1);
INSERT IGNORE INTO gameobject VALUES (89943,180415,571,1,1,5715.42,644.455,648.66,2.18166,0.0,0.0,0.0,1.0,180,255,1);
INSERT IGNORE INTO gameobject VALUES (89944,180415,571,1,1,5714.5,642.746,648.66,-1.81514,0.0,0.0,0.0,1.0,180,255,1);
INSERT IGNORE INTO gameobject VALUES (89945,180415,571,1,1,5712.99,641.53,648.66,-1.91986,0.0,0.0,0.0,1.0,180,255,1);
INSERT IGNORE INTO gameobject VALUES (89946,180415,571,1,1,5711.21,640.95,648.66,1.25664,0.0,0.0,0.0,1.0,180,255,1);
INSERT IGNORE INTO gameobject VALUES (89947,180415,571,1,1,5709.23,641.133,648.66,-0.017452,0.0,0.0,0.0,1.0,180,255,1);
INSERT IGNORE INTO gameobject VALUES (89948,180415,571,1,1,5707.49,642.032,648.66,0.95993,0.0,0.0,0.0,1.0,180,255,1);
INSERT IGNORE INTO gameobject VALUES (89949,180415,571,1,1,5706.29,643.555,648.66,-1.0472,0.0,0.0,0.0,1.0,180,255,1);
INSERT IGNORE INTO gameobject VALUES (89950,180415,571,1,1,5705.73,645.373,648.66,-1.02974,0.0,0.0,0.0,1.0,180,255,1);
INSERT IGNORE INTO gameobject VALUES (89951,180415,571,1,1,3406.28,-2744.82,200.677,0.802851,0.0,0.0,0.0,1.0,180,255,1);
INSERT IGNORE INTO gameobject VALUES (89952,180415,571,1,1,3408.93,-2745.02,200.73,0.488691,0.0,0.0,0.0,1.0,180,255,1);
INSERT IGNORE INTO gameobject VALUES (89953,180415,571,1,1,3411.5,-2744.97,200.916,-2.37364,0.0,0.0,0.0,1.0,180,255,1);
INSERT IGNORE INTO gameobject VALUES (89954,180415,571,1,1,3413.88,-2745.06,200.957,0.558504,0.0,0.0,0.0,1.0,180,255,1);
INSERT IGNORE INTO gameobject VALUES (89955,180415,571,1,1,3416.44,-2745.04,200.944,-0.383971,0.0,0.0,0.0,1.0,180,255,1);
INSERT IGNORE INTO gameobject VALUES (89956,180415,571,1,1,3398.19,-2744.67,200.926,-0.820303,0.0,0.0,0.0,1.0,180,255,1);
INSERT IGNORE INTO gameobject VALUES (89957,180415,571,1,1,3398.06,-2747.27,200.909,-2.63544,0.0,0.0,0.0,1.0,180,255,1);
INSERT IGNORE INTO gameobject VALUES (89958,180415,571,1,1,3398.01,-2749.85,201.135,1.25664,0.0,0.0,0.0,1.0,180,255,1);
INSERT IGNORE INTO gameobject VALUES (89959,180415,571,1,1,3397.89,-2752.26,201.176,-2.9845,0.0,0.0,0.0,1.0,180,255,1);
INSERT IGNORE INTO gameobject VALUES (89960,180415,571,1,1,3397.83,-2754.81,201.165,0.785397,0.0,0.0,0.0,1.0,180,255,1);
INSERT IGNORE INTO gameobject VALUES (89961,180415,571,1,1,3414.51,-2781.62,202.995,-2.70526,0.0,0.0,0.0,1.0,180,255,1);
INSERT IGNORE INTO gameobject VALUES (89962,180415,571,1,1,3413.53,-2782.31,202.996,0.453785,0.0,0.0,0.0,1.0,180,255,1);
INSERT IGNORE INTO gameobject VALUES (89963,180415,571,1,1,3412.44,-2783.16,202.997,-1.09956,0.0,0.0,0.0,1.0,180,255,1);
INSERT IGNORE INTO gameobject VALUES (89964,180415,571,1,1,3411.32,-2783.89,202.926,1.53589,0.0,0.0,0.0,1.0,180,255,1);
INSERT IGNORE INTO gameobject VALUES (89965,180415,571,1,1,3411.75,-2778.07,202.953,-2.68781,0.0,0.0,0.0,1.0,180,255,1);
INSERT IGNORE INTO gameobject VALUES (89966,180415,571,1,1,3412.49,-2778.93,202.909,2.96704,0.0,0.0,0.0,1.0,180,255,1);
INSERT IGNORE INTO gameobject VALUES (89967,180415,571,1,1,3413.26,-2780.05,202.931,-2.426,0.0,0.0,0.0,1.0,180,255,1);
INSERT IGNORE INTO gameobject VALUES (89968,180415,571,1,1,3413.15,-2777.4,206.049,0.802851,0.0,0.0,0.0,1.0,180,255,1);
INSERT IGNORE INTO gameobject VALUES (89969,180415,571,1,1,3400.8,-2792.02,212.361,-1.48353,0.0,0.0,0.0,1.0,180,255,1);
INSERT IGNORE INTO gameobject VALUES (89970,180415,571,1,1,3400.71,-2792.45,212.285,1.67551,0.0,0.0,0.0,1.0,180,255,1);
INSERT IGNORE INTO gameobject VALUES (89971,180415,571,1,1,3408.61,-2785.96,202.985,0.523598,0.0,0.0,0.0,1.0,180,255,1);
INSERT IGNORE INTO gameobject VALUES (89972,180415,571,1,1,3407.59,-2786.71,202.998,-1.01229,0.0,0.0,0.0,1.0,180,255,1);
INSERT IGNORE INTO gameobject VALUES (89973,180415,571,1,1,3406.41,-2787.52,203.033,-1.6057,0.0,0.0,0.0,1.0,180,255,1);
INSERT IGNORE INTO gameobject VALUES (89974,180415,571,1,1,3405.42,-2788.21,203.067,-2.19912,0.0,0.0,0.0,1.0,180,255,1);
INSERT IGNORE INTO gameobject VALUES (89975,180415,571,1,1,3404.21,-2786.73,203.022,-1.97222,0.0,0.0,0.0,1.0,180,255,1);
INSERT IGNORE INTO gameobject VALUES (89976,180415,571,1,1,3403.42,-2785.69,202.996,-2.70526,0.0,0.0,0.0,1.0,180,255,1);
INSERT IGNORE INTO gameobject VALUES (89977,180415,571,1,1,3402.7,-2784.6,202.991,-2.74016,0.0,0.0,0.0,1.0,180,255,1);
INSERT IGNORE INTO gameobject VALUES (89978,180415,571,1,1,3406.27,-2781.94,203.402,-0.488691,0.0,0.0,0.0,1.0,180,255,1);
INSERT IGNORE INTO gameobject VALUES (89979,180415,571,1,1,3400.54,-2799.18,201.497,-2.26892,0.0,0.0,0.0,1.0,180,255,1);
INSERT IGNORE INTO gameobject VALUES (89980,180415,571,1,1,3415.1,-2800.74,202.216,1.91986,0.0,0.0,0.0,1.0,180,255,1);
INSERT IGNORE INTO gameobject VALUES (89981,180415,571,1,1,3430.33,-2745.44,200.92,3.08918,0.0,0.0,0.0,1.0,180,255,1);
INSERT IGNORE INTO gameobject VALUES (89982,180415,571,1,1,3427.79,-2745.42,200.931,-2.25147,0.0,0.0,0.0,1.0,180,255,1);
INSERT IGNORE INTO gameobject VALUES (89983,180415,571,1,1,3425.39,-2745.38,200.891,-3.08918,0.0,0.0,0.0,1.0,180,255,1);
INSERT IGNORE INTO gameobject VALUES (89984,180415,571,1,1,3422.8,-2745.42,200.716,-0.90757,0.0,0.0,0.0,1.0,180,255,1);
INSERT IGNORE INTO gameobject VALUES (89985,180415,571,1,1,3420.21,-2745.38,200.685,-1.88495,0.0,0.0,0.0,1.0,180,255,1);
INSERT IGNORE INTO gameobject VALUES (89986,180415,571,1,1,3440.69,-2745.64,200.711,0.785397,0.0,0.0,0.0,1.0,180,255,1);
INSERT IGNORE INTO gameobject VALUES (89987,180415,571,1,1,3443.28,-2745.71,200.742,-0.174532,0.0,0.0,0.0,1.0,180,255,1);
INSERT IGNORE INTO gameobject VALUES (89988,180415,571,1,1,3445.9,-2745.69,200.92,1.15192,0.0,0.0,0.0,1.0,180,255,1);
INSERT IGNORE INTO gameobject VALUES (89989,180415,571,1,1,3448.29,-2745.8,200.962,-2.56563,0.0,0.0,0.0,1.0,180,255,1);
INSERT IGNORE INTO gameobject VALUES (89990,180415,571,1,1,3450.81,-2745.74,201.183,1.20428,0.0,0.0,0.0,1.0,180,255,1);
INSERT IGNORE INTO gameobject VALUES (89991,180415,571,1,1,3314.76,-2336.47,113.892,1.64061,0.0,0.0,0.0,1.0,180,255,1);
INSERT IGNORE INTO gameobject VALUES (89992,180415,571,1,1,3315.17,-2335.13,112.386,-1.06465,0.0,0.0,0.0,1.0,180,255,1);
INSERT IGNORE INTO gameobject VALUES (89993,180415,571,1,1,3313.81,-2337.32,112.38,2.94959,0.0,0.0,0.0,1.0,180,255,1);
INSERT IGNORE INTO gameobject VALUES (89994,180415,571,1,1,3306.96,-2346.27,114.269,-1.5708,0.0,0.0,0.0,1.0,180,255,1);
INSERT IGNORE INTO gameobject VALUES (89995,180415,571,1,1,3306.5,-2346.27,114.233,-2.67035,0.0,0.0,0.0,1.0,180,255,1);
INSERT IGNORE INTO gameobject VALUES (89996,180415,571,1,1,3319.59,-2323.63,112.27,-0.645772,0.0,0.0,0.0,1.0,180,255,1);
INSERT IGNORE INTO gameobject VALUES (89997,180415,571,1,1,3319.35,-2324.09,112.262,-1.90241,0.0,0.0,0.0,1.0,180,255,1);
INSERT IGNORE INTO gameobject VALUES (89998,180415,571,1,1,3320.5,-2321.39,114.322,-1.27409,0.0,0.0,0.0,1.0,180,255,1);
INSERT IGNORE INTO gameobject VALUES (89999,180415,571,1,1,3314.4,-2336.75,113.896,-1.06465,0.0,0.0,0.0,1.0,180,255,1);
INSERT IGNORE INTO gameobject VALUES (90448,180415,571,1,1,3320.02,-2321.91,114.321,-1.71042,0.0,0.0,0.0,1.0,180,255,1);
INSERT IGNORE INTO gameobject VALUES (90449,180415,571,1,1,3405.28,-2832.08,202.821,0.0,0.0,0.0,0.0,1.0,180,255,1);
INSERT IGNORE INTO gameobject VALUES (90450,180415,571,1,1,3405.74,-2834.55,202.881,-0.226892,0.0,0.0,0.0,1.0,180,255,1);
INSERT IGNORE INTO gameobject VALUES (90451,180415,571,1,1,3406.29,-2837.06,202.805,2.05949,0.0,0.0,0.0,1.0,180,255,1);
INSERT IGNORE INTO gameobject VALUES (90452,180415,571,1,1,3406.82,-2839.58,202.819,0.855211,0.0,0.0,0.0,1.0,180,255,1);
INSERT IGNORE INTO gameobject VALUES (90453,180415,571,1,1,3407.79,-2841.94,202.67,0.401425,0.0,0.0,0.0,1.0,180,255,1);
INSERT IGNORE INTO gameobject VALUES (90454,180415,571,1,1,3400.97,-2809.62,202.035,-2.67035,0.0,0.0,0.0,1.0,180,255,1);
INSERT IGNORE INTO gameobject VALUES (90455,180415,571,1,1,3400.82,-2811.73,202.771,-1.62316,0.0,0.0,0.0,1.0,180,255,1);
INSERT IGNORE INTO gameobject VALUES (90456,180415,571,1,1,3441.91,-2797.02,203.143,-1.18682,0.0,0.0,0.0,1.0,180,255,1);
INSERT IGNORE INTO gameobject VALUES (90457,180415,571,1,1,3444.46,-2796.76,203.236,-0.314158,0.0,0.0,0.0,1.0,180,255,1);
INSERT IGNORE INTO gameobject VALUES (90458,180415,571,1,1,3400.99,-2811.02,202.615,1.27409,0.0,0.0,0.0,1.0,180,255,1);
INSERT IGNORE INTO gameobject VALUES (90459,180415,571,1,1,3455.3,-2756.6,201.076,-2.79252,0.0,0.0,0.0,1.0,180,255,1);
INSERT IGNORE INTO gameobject VALUES (90460,180415,571,1,1,3455.35,-2754.04,201.115,-2.46091,0.0,0.0,0.0,1.0,180,255,1);
INSERT IGNORE INTO gameobject VALUES (90461,180415,571,1,1,3455.43,-2751.65,201.124,1.58825,0.0,0.0,0.0,1.0,180,255,1);
INSERT IGNORE INTO gameobject VALUES (90462,180415,571,1,1,3455.44,-2749.06,200.851,-0.558504,0.0,0.0,0.0,1.0,180,255,1);
INSERT IGNORE INTO gameobject VALUES (90463,180415,571,1,1,3455.57,-2746.48,200.886,-2.86233,0.0,0.0,0.0,1.0,180,255,1);
INSERT IGNORE INTO gameobject VALUES (90464,180415,571,1,1,3425.75,-2769.79,202.058,-0.069812,0.0,0.0,0.0,1.0,180,255,1);
INSERT IGNORE INTO gameobject VALUES (90465,180415,571,1,1,3425.47,-2770.2,202.053,-1.91986,0.0,0.0,0.0,1.0,180,255,1);
INSERT IGNORE INTO gameobject VALUES (90466,180415,571,1,1,3449.38,-2752.16,199.34,-0.872664,0.0,0.0,0.0,1.0,180,255,1);
INSERT IGNORE INTO gameobject VALUES (90467,180415,571,1,1,3445.04,-2751.56,199.424,1.3439,0.0,0.0,0.0,1.0,180,255,1);
INSERT IGNORE INTO gameobject VALUES (90468,180415,571,1,1,3419.6,-2772.81,201.564,2.75761,0.0,0.0,0.0,1.0,180,255,1);
INSERT IGNORE INTO gameobject VALUES (90469,180415,571,1,1,3437.04,-2814.97,202.884,-2.91469,0.0,0.0,0.0,1.0,180,255,1);
INSERT IGNORE INTO gameobject VALUES (90470,180415,571,1,1,3438.66,-2816.93,203.082,-0.575957,0.0,0.0,0.0,1.0,180,255,1);
INSERT IGNORE INTO gameobject VALUES (90471,180415,571,1,1,3440.28,-2818.99,203.014,1.43117,0.0,0.0,0.0,1.0,180,255,1);
INSERT IGNORE INTO gameobject VALUES (90472,180415,571,1,1,3441.74,-2820.99,202.922,0.331611,0.0,0.0,0.0,1.0,180,255,1);
INSERT IGNORE INTO gameobject VALUES (90473,180415,571,1,1,3443.29,-2823.03,202.998,-2.91469,0.0,0.0,0.0,1.0,180,255,1);
INSERT IGNORE INTO gameobject VALUES (90474,180415,571,1,1,3441.11,-2824.37,202.907,2.16421,0.0,0.0,0.0,1.0,180,255,1);
INSERT IGNORE INTO gameobject VALUES (90475,180415,571,1,1,3438.95,-2825.77,203.024,2.80997,0.0,0.0,0.0,1.0,180,255,1);
INSERT IGNORE INTO gameobject VALUES (90476,180415,571,1,1,3436.82,-2827.11,202.912,2.30383,0.0,0.0,0.0,1.0,180,255,1);
INSERT IGNORE INTO gameobject VALUES (90477,180415,571,1,1,3434.64,-2828.34,202.992,-2.9845,0.0,0.0,0.0,1.0,180,255,1);
INSERT IGNORE INTO gameobject VALUES (90478,180415,571,1,1,3411.19,-2811.01,202.09,1.65806,0.0,0.0,0.0,1.0,180,255,1);
INSERT IGNORE INTO gameobject VALUES (90479,180415,571,1,1,3457.74,-2786.76,202.865,-2.26892,0.0,0.0,0.0,1.0,180,255,1);
INSERT IGNORE INTO gameobject VALUES (90480,180415,571,1,1,3455.87,-2783.97,202.718,2.32129,0.0,0.0,0.0,1.0,180,255,1);
INSERT IGNORE INTO gameobject VALUES (90481,180415,571,1,1,3456.46,-2789.08,203.325,0.244346,0.0,0.0,0.0,1.0,180,255,1);
INSERT IGNORE INTO gameobject VALUES (90482,180415,571,1,1,3466.17,-2781.34,202.358,1.06465,0.0,0.0,0.0,1.0,180,255,1);
INSERT IGNORE INTO gameobject VALUES (90483,180415,571,1,1,3472.56,-2782.05,202.306,1.32645,0.0,0.0,0.0,1.0,180,255,1);
INSERT IGNORE INTO gameobject VALUES (90484,180415,571,1,1,3475.13,-2782.25,202.146,-2.32129,0.0,0.0,0.0,1.0,180,255,1);
INSERT IGNORE INTO gameobject VALUES (90485,180415,571,1,1,3470.03,-2781.84,202.465,-0.331611,0.0,0.0,0.0,1.0,180,255,1);
INSERT IGNORE INTO gameobject VALUES (90486,180415,571,1,1,3462.12,-2779.65,202.468,-1.67551,0.0,0.0,0.0,1.0,180,255,1);
INSERT IGNORE INTO gameobject VALUES (90487,180415,571,1,1,3458.19,-2776.3,201.808,-2.74016,0.0,0.0,0.0,1.0,180,255,1);
INSERT IGNORE INTO gameobject VALUES (90488,180415,571,1,1,3456.77,-2774.18,201.853,1.48353,0.0,0.0,0.0,1.0,180,255,1);
INSERT IGNORE INTO gameobject VALUES (90489,180415,571,1,1,3399.71,-2791.85,212.325,-1.81514,0.0,0.0,0.0,1.0,180,255,1);
INSERT IGNORE INTO gameobject VALUES (90490,180415,571,1,1,3399.83,-2790.56,212.245,3.10665,0.0,0.0,0.0,1.0,180,255,1);
INSERT IGNORE INTO gameobject VALUES (90491,180415,571,1,1,3397.69,-2789.66,213.265,1.8675,0.0,0.0,0.0,1.0,180,255,1);
INSERT IGNORE INTO gameobject VALUES (90492,180415,571,1,1,3398.89,-2790.99,213.421,-2.04204,0.0,0.0,0.0,1.0,180,255,1);
INSERT IGNORE INTO gameobject VALUES (90493,180415,571,1,1,3399.96,-2791.19,212.297,-0.034906,0.0,0.0,0.0,1.0,180,255,1);
INSERT IGNORE INTO gameobject VALUES (90494,180415,571,1,1,3407.03,-2802.89,212.337,-0.837757,0.0,0.0,0.0,1.0,180,255,1);
INSERT IGNORE INTO gameobject VALUES (90495,180415,571,1,1,3407.06,-2802.27,212.409,1.29154,0.0,0.0,0.0,1.0,180,255,1);
INSERT IGNORE INTO gameobject VALUES (90496,180415,571,1,1,3413.19,-2802.6,212.371,-0.383971,0.0,0.0,0.0,1.0,180,255,1);
INSERT IGNORE INTO gameobject VALUES (90497,180415,571,1,1,3411.82,-2803.25,212.585,-2.46091,0.0,0.0,0.0,1.0,180,255,1);
INSERT IGNORE INTO gameobject VALUES (90498,180415,571,1,1,3407.97,-2803.41,213.599,-0.820303,0.0,0.0,0.0,1.0,180,255,1);
INSERT IGNORE INTO gameobject VALUES (90499,180425,571,1,1,5222.45,-1332.75,242.419,-0.331611,0.0,0.0,0.0,1.0,180,255,1);
INSERT IGNORE INTO gameobject VALUES (90500,180425,571,1,1,5220.49,-1314.13,242.052,-0.698132,0.0,0.0,0.0,1.0,180,255,1);
INSERT IGNORE INTO gameobject VALUES (90501,180425,571,1,1,5218.22,-1315.87,241.894,-0.994837,0.0,0.0,0.0,1.0,180,255,1);
INSERT IGNORE INTO gameobject VALUES (90502,180425,571,1,1,5220.8,-1312.93,242.096,0.139624,0.0,0.0,0.0,1.0,180,255,1);
INSERT IGNORE INTO gameobject VALUES (90503,180425,571,1,1,5219.45,-1310.89,242.074,0.925024,0.0,0.0,0.0,1.0,180,255,1);
INSERT IGNORE INTO gameobject VALUES (90504,180425,571,1,1,5214.82,-1299.52,242.371,-0.820303,0.0,0.0,0.0,1.0,180,255,1);
INSERT IGNORE INTO gameobject VALUES (90505,180425,571,1,1,3830.22,-1969.85,208.1,0.820303,0.0,0.0,0.0,1.0,180,255,1);
INSERT IGNORE INTO gameobject VALUES (90506,180425,571,1,1,3830.53,-1970.57,208.095,0.90757,0.0,0.0,0.0,1.0,180,255,1);
INSERT IGNORE INTO gameobject VALUES (90507,180425,571,1,1,3828.17,-1958.51,208.336,-0.523598,0.0,0.0,0.0,1.0,180,255,1);
INSERT IGNORE INTO gameobject VALUES (90508,180425,571,1,1,5221.67,-1334.11,242.303,0.122173,0.0,0.0,0.0,1.0,180,255,1);
INSERT IGNORE INTO gameobject VALUES (90509,180425,571,1,1,5231.81,-1317.98,242.364,2.93214,0.0,0.0,0.0,1.0,180,255,1);
INSERT IGNORE INTO gameobject VALUES (90510,180425,571,1,1,3830.41,-1970.15,208.101,0.872664,0.0,0.0,0.0,1.0,180,255,1);
INSERT IGNORE INTO gameobject VALUES (90511,180425,571,1,1,3827.95,-1958.85,208.329,-0.471238,0.0,0.0,0.0,1.0,180,255,1);
INSERT IGNORE INTO gameobject VALUES (90512,180425,571,1,1,5233.58,-1319.17,242.332,-0.471238,0.0,0.0,0.0,1.0,180,255,1);
INSERT IGNORE INTO gameobject VALUES (90513,180425,571,1,1,5219.71,-1332.3,242.289,1.91986,0.0,0.0,0.0,1.0,180,255,1);
INSERT IGNORE INTO gameobject VALUES (90514,180425,571,1,1,5231.99,-1321.64,242.357,-0.610864,0.0,0.0,0.0,1.0,180,255,1);
INSERT IGNORE INTO gameobject VALUES (90515,180425,571,1,1,5213.81,-1299.4,242.406,-1.44862,0.0,0.0,0.0,1.0,180,255,1);
INSERT IGNORE INTO gameobject VALUES (90516,180425,571,1,1,5220.87,-1331.89,242.21,1.76278,0.0,0.0,0.0,1.0,180,255,1);
INSERT IGNORE INTO gameobject VALUES (90517,180425,571,1,1,3412.86,-2802.22,212.703,2.67035,0.0,0.0,0.0,1.0,180,255,1);
INSERT IGNORE INTO gameobject VALUES (90518,180425,571,1,1,3397.13,-2788.78,212.382,0.261798,0.0,0.0,0.0,1.0,180,255,1);
INSERT IGNORE INTO gameobject VALUES (90519,180425,571,1,1,3400.03,-2790.78,212.384,0.279252,0.0,0.0,0.0,1.0,180,255,1);
INSERT IGNORE INTO gameobject VALUES (90520,180425,571,1,1,3407.46,-2802.64,212.434,1.02974,0.0,0.0,0.0,1.0,180,255,1);
INSERT IGNORE INTO gameobject VALUES (90521,180425,571,1,1,3398.37,-2790.18,212.386,0.471238,0.0,0.0,0.0,1.0,180,255,1);
INSERT IGNORE INTO gameobject VALUES (90522,180425,571,1,1,3408.69,-2804.22,212.418,1.55334,0.0,0.0,0.0,1.0,180,255,1);
INSERT IGNORE INTO gameobject VALUES (90523,180426,571,1,1,3413.12,-2821.45,213.059,-3.01941,0.0,0.0,0.0,1.0,180,255,1);
INSERT IGNORE INTO gameobject VALUES (90524,180426,571,1,1,3444.41,-2768.93,208.712,-2.93214,0.0,0.0,0.0,1.0,180,255,1);
INSERT IGNORE INTO gameobject VALUES (90525,180426,571,1,1,3441.67,-2765.56,210.907,-1.74533,0.0,0.0,0.0,1.0,180,255,1);
INSERT IGNORE INTO gameobject VALUES (90526,180426,571,1,1,3407.29,-2820.17,209.339,-0.855211,0.0,0.0,0.0,1.0,180,255,1);
INSERT IGNORE INTO gameobject VALUES (90527,180426,571,1,1,3442.28,-2768.48,208.952,2.02458,0.0,0.0,0.0,1.0,180,255,1);
INSERT IGNORE INTO gameobject VALUES (90528,180426,571,1,1,3406.24,-2823.07,211.409,-2.21656,0.0,0.0,0.0,1.0,180,255,1);
INSERT IGNORE INTO gameobject VALUES (90529,180426,571,1,1,3442.67,-2767.1,211.092,0.209439,0.0,0.0,0.0,1.0,180,255,1);
INSERT IGNORE INTO gameobject VALUES (90530,180426,571,1,1,3407.91,-2825.79,214.426,2.94959,0.0,0.0,0.0,1.0,180,255,1);
INSERT IGNORE INTO gameobject VALUES (90531,180426,571,1,1,3446.62,-2769.13,209.847,1.06465,0.0,0.0,0.0,1.0,180,255,1);
INSERT IGNORE INTO gameobject VALUES (90532,180426,571,1,1,3408.97,-2821.95,212.864,-1.71042,0.0,0.0,0.0,1.0,180,255,1);
INSERT IGNORE INTO gameobject VALUES (90533,180427,571,1,1,3441.46,-2766.44,210.761,-0.296705,0.0,0.0,0.0,1.0,180,255,1);
INSERT IGNORE INTO gameobject VALUES (90534,180427,571,1,1,3407.02,-2824.79,209.509,-0.331611,0.0,0.0,0.0,1.0,180,255,1);
INSERT IGNORE INTO gameobject VALUES (90535,180427,571,1,1,3408.32,-2823.5,209.346,-2.65289,0.0,0.0,0.0,1.0,180,255,1);
INSERT IGNORE INTO gameobject VALUES (90536,180427,571,1,1,3444.77,-2768.23,210.044,-0.279252,0.0,0.0,0.0,1.0,180,255,1);
INSERT IGNORE INTO gameobject VALUES (90537,180427,571,1,1,3406.42,-2821.39,209.744,-0.90757,0.0,0.0,0.0,1.0,180,255,1);
INSERT IGNORE INTO gameobject VALUES (90538,180427,571,1,1,3447.13,-2770.39,210.325,0.0,0.0,0.0,0.0,1.0,180,255,1);
INSERT IGNORE INTO gameobject VALUES (90539,180427,571,1,1,3409.97,-2820.05,210.158,-3.01941,0.0,0.0,0.0,1.0,180,255,1);
INSERT IGNORE INTO gameobject VALUES (90540,180427,571,1,1,3410.18,-2822.78,209.111,-2.05949,0.0,0.0,0.0,1.0,180,255,1);
INSERT IGNORE INTO gameobject VALUES (90541,180427,571,1,1,3444.44,-2767.12,211.314,2.53072,0.0,0.0,0.0,1.0,180,255,1);
INSERT IGNORE INTO gameobject VALUES (90542,180427,571,1,1,3446.28,-2767.19,208.851,0.575957,0.0,0.0,0.0,1.0,180,255,1);
INSERT IGNORE INTO gameobject VALUES (90543,180428,571,1,1,5770.15,735.527,641.488,2.58308,0.0,0.0,0.0,1.0,180,255,1);
INSERT IGNORE INTO gameobject VALUES (90544,180429,571,1,1,5890.74,547.489,649.311,-3.12412,0.0,0.0,0.0,1.0,180,255,1);
INSERT IGNORE INTO gameobject VALUES (90545,180429,571,1,1,5820.36,685.091,651.836,-2.25147,0.0,0.0,0.0,1.0,180,255,1);
INSERT IGNORE INTO gameobject VALUES (90546,180429,571,1,1,5900.89,555.523,649.303,-2.33874,0.0,0.0,0.0,1.0,180,255,1);
INSERT IGNORE INTO gameobject VALUES (90547,180429,571,1,1,5951.91,675.313,656.628,-0.383971,0.0,0.0,0.0,1.0,180,255,1);
INSERT IGNORE INTO gameobject VALUES (90548,180431,571,1,1,3355.47,-2264.87,151.937,1.71042,0.0,0.0,0.0,1.0,180,255,1);
INSERT IGNORE INTO gameobject VALUES (90549,180431,571,1,1,3326.38,-2324.99,148.814,-1.81514,0.0,0.0,0.0,1.0,180,255,1);
INSERT IGNORE INTO gameobject VALUES (90550,180700,571,1,1,6045.58,-2606.18,303.616,-0.087266,0.0,0.0,0.0,1.0,180,255,1);
INSERT IGNORE INTO gameobject VALUES (90551,180471,571,1,1,5197.81,-1310.93,246.395,2.30383,0.0,0.0,0.0,1.0,180,255,1);
INSERT IGNORE INTO gameobject VALUES (90552,180471,571,1,1,5197.69,-1316.51,246.316,0.0,0.0,0.0,0.0,1.0,180,255,1);
INSERT IGNORE INTO gameobject VALUES (90553,180471,571,1,1,5204.49,-1317.47,246.298,1.71042,0.0,0.0,0.0,1.0,180,255,1);
INSERT IGNORE INTO gameobject VALUES (90554,180471,571,1,1,5204.56,-1311.42,246.274,0.820303,0.0,0.0,0.0,1.0,180,255,1);
INSERT IGNORE INTO gameobject VALUES (90555,180472,571,1,1,5198.6,-1318.5,247.846,1.20428,0.0,0.0,0.0,1.0,180,255,1);
INSERT IGNORE INTO gameobject VALUES (90556,180472,571,1,1,3829.86,-1969.04,214.21,0.471238,0.0,0.0,0.0,1.0,180,255,1);
INSERT IGNORE INTO gameobject VALUES (90557,180472,571,1,1,3828.82,-1956.99,214.295,-0.471238,0.0,0.0,0.0,1.0,180,255,1);
INSERT IGNORE INTO gameobject VALUES (90558,180472,571,1,1,5680.69,719.144,648.269,-0.977383,0.0,0.0,0.0,1.0,180,255,1);
INSERT IGNORE INTO gameobject VALUES (90559,180472,571,1,1,5864.56,470.363,647.726,-3.00195,0.0,0.0,0.0,1.0,180,255,1);
INSERT IGNORE INTO gameobject VALUES (90560,180472,571,1,1,5885.98,520.168,649.206,0.610864,0.0,0.0,0.0,1.0,180,255,1);
INSERT IGNORE INTO gameobject VALUES (90561,180472,571,1,1,5711.5,710.762,658.8,2.18166,0.0,0.0,0.0,1.0,180,255,1);
INSERT IGNORE INTO gameobject VALUES (90562,180472,571,1,1,5759.92,650.018,625.408,-0.296705,0.0,0.0,0.0,1.0,180,255,1);
INSERT IGNORE INTO gameobject VALUES (90563,180472,571,1,1,5772.86,661.183,625.401,2.49582,0.0,0.0,0.0,1.0,180,255,1);
INSERT IGNORE INTO gameobject VALUES (90564,180472,571,1,1,5767.74,709.554,623.389,-3.03684,0.0,0.0,0.0,1.0,180,255,1);
INSERT IGNORE INTO gameobject VALUES (90565,180472,571,1,1,5835.43,637.213,619.953,2.53072,0.0,0.0,0.0,1.0,180,255,1);
INSERT IGNORE INTO gameobject VALUES (90566,180472,571,1,1,5911.03,576.643,619.502,-1.02974,0.0,0.0,0.0,1.0,180,255,1);
INSERT IGNORE INTO gameobject VALUES (90567,180472,571,1,1,5692.46,698.165,646.964,-0.750491,0.0,0.0,0.0,1.0,180,255,1);
INSERT IGNORE INTO gameobject VALUES (90568,180472,571,1,1,5695.05,700.859,658.759,0.628317,0.0,0.0,0.0,1.0,180,255,1);
INSERT IGNORE INTO gameobject VALUES (90569,180472,571,1,1,5778.53,742.895,628.821,-2.96704,0.0,0.0,0.0,1.0,180,255,1);
INSERT IGNORE INTO gameobject VALUES (90570,180472,571,1,1,5854.18,643.786,621.933,0.95993,0.0,0.0,0.0,1.0,180,255,1);
INSERT IGNORE INTO gameobject VALUES (90571,180472,571,1,1,5762.7,626.386,622.632,0.296705,0.0,0.0,0.0,1.0,180,255,1);
INSERT IGNORE INTO gameobject VALUES (90572,180472,571,1,1,5846.67,654.109,618.324,0.139624,0.0,0.0,0.0,1.0,180,255,1);
INSERT IGNORE INTO gameobject VALUES (90573,180472,571,1,1,5772.16,641.651,625.404,-0.645772,0.0,0.0,0.0,1.0,180,255,1);
INSERT IGNORE INTO gameobject VALUES (90574,180472,571,1,1,5205.41,-1316.25,247.786,0.558504,0.0,0.0,0.0,1.0,180,255,1);
INSERT IGNORE INTO gameobject VALUES (90575,180472,571,1,1,5196.81,-1312.71,247.81,-0.715585,0.0,0.0,0.0,1.0,180,255,1);
INSERT IGNORE INTO gameobject VALUES (90576,180472,571,1,1,5202.76,-1310.05,247.771,0.715585,0.0,0.0,0.0,1.0,180,255,1);
INSERT IGNORE INTO gameobject VALUES (90577,180472,571,1,1,5697.2,694.4,650.339,-3.03684,0.0,0.0,0.0,1.0,180,255,1);
INSERT IGNORE INTO gameobject VALUES (90578,180472,571,1,1,5713.62,713.418,659.844,-1.93732,0.0,0.0,0.0,1.0,180,255,1);
INSERT IGNORE INTO gameobject VALUES (90579,180472,571,1,1,5780.46,648.528,623.165,-0.593412,0.0,0.0,0.0,1.0,180,255,1);
INSERT IGNORE INTO gameobject VALUES (90580,180472,571,1,1,5732.0,677.921,653.335,-1.5708,0.0,0.0,0.0,1.0,180,255,1);
INSERT IGNORE INTO gameobject VALUES (90581,180472,571,1,1,5814.14,724.207,628.974,1.11701,0.0,0.0,0.0,1.0,180,255,1);
INSERT IGNORE INTO gameobject VALUES (90582,180472,571,1,1,5845.36,629.176,623.562,-1.55334,0.0,0.0,0.0,1.0,180,255,1);
INSERT IGNORE INTO gameobject VALUES (90583,180472,571,1,1,5853.06,649.196,665.292,1.0821,0.0,0.0,0.0,1.0,180,255,1);
INSERT IGNORE INTO gameobject VALUES (90584,180472,571,1,1,5751.26,635.64,625.407,-1.0821,0.0,0.0,0.0,1.0,180,255,1);
INSERT IGNORE INTO gameobject VALUES (90585,180472,571,1,1,5701.4,708.769,658.759,-1.46608,0.0,0.0,0.0,1.0,180,255,1);
INSERT IGNORE INTO gameobject VALUES (90586,180472,571,1,1,5707.96,708.03,650.341,-0.104719,0.0,0.0,0.0,1.0,180,255,1);
INSERT IGNORE INTO gameobject VALUES (90587,180472,571,1,1,5885.18,523.527,649.183,-2.54818,0.0,0.0,0.0,1.0,180,255,1);
INSERT IGNORE INTO gameobject VALUES (90588,180472,571,1,1,5682.35,717.692,660.238,1.44862,0.0,0.0,0.0,1.0,180,255,1);
INSERT IGNORE INTO gameobject VALUES (90589,180472,571,1,1,5855.11,663.931,654.198,1.95477,0.0,0.0,0.0,1.0,180,255,1);
INSERT IGNORE INTO gameobject VALUES (90590,180472,571,1,1,5728.83,680.518,653.502,2.80997,0.0,0.0,0.0,1.0,180,255,1);
INSERT IGNORE INTO gameobject VALUES (90591,180472,571,1,1,5858.2,635.028,654.197,0.855211,0.0,0.0,0.0,1.0,180,255,1);
INSERT IGNORE INTO game_event_gameobject VALUES (42324,12);
INSERT IGNORE INTO game_event_gameobject VALUES (42326,12);
INSERT IGNORE INTO game_event_gameobject VALUES (42327,12);
INSERT IGNORE INTO game_event_gameobject VALUES (42329,12);
INSERT IGNORE INTO game_event_gameobject VALUES (42332,12);
INSERT IGNORE INTO game_event_gameobject VALUES (42334,12);
INSERT IGNORE INTO game_event_gameobject VALUES (42336,12);
INSERT IGNORE INTO game_event_gameobject VALUES (42337,12);
INSERT IGNORE INTO game_event_gameobject VALUES (42338,12);
INSERT IGNORE INTO game_event_gameobject VALUES (42339,12);
INSERT IGNORE INTO game_event_gameobject VALUES (42340,12);
INSERT IGNORE INTO game_event_gameobject VALUES (42341,12);
INSERT IGNORE INTO game_event_gameobject VALUES (42342,12);
INSERT IGNORE INTO game_event_gameobject VALUES (42344,12);
INSERT IGNORE INTO game_event_gameobject VALUES (42345,12);
INSERT IGNORE INTO game_event_gameobject VALUES (42347,12);
INSERT IGNORE INTO game_event_gameobject VALUES (42348,12);
INSERT IGNORE INTO game_event_gameobject VALUES (42349,12);
INSERT IGNORE INTO game_event_gameobject VALUES (42350,12);
INSERT IGNORE INTO game_event_gameobject VALUES (42351,12);
INSERT IGNORE INTO game_event_gameobject VALUES (42352,12);
INSERT IGNORE INTO game_event_gameobject VALUES (42353,12);
INSERT IGNORE INTO game_event_gameobject VALUES (42354,12);
INSERT IGNORE INTO game_event_gameobject VALUES (42355,12);
INSERT IGNORE INTO game_event_gameobject VALUES (42356,12);
INSERT IGNORE INTO game_event_gameobject VALUES (42357,12);
INSERT IGNORE INTO game_event_gameobject VALUES (42358,12);
INSERT IGNORE INTO game_event_gameobject VALUES (42359,12);
INSERT IGNORE INTO game_event_gameobject VALUES (42360,12);
INSERT IGNORE INTO game_event_gameobject VALUES (42361,12);
INSERT IGNORE INTO game_event_gameobject VALUES (42362,12);
INSERT IGNORE INTO game_event_gameobject VALUES (42363,12);
INSERT IGNORE INTO game_event_gameobject VALUES (42364,12);
INSERT IGNORE INTO game_event_gameobject VALUES (42365,12);
INSERT IGNORE INTO game_event_gameobject VALUES (42366,12);
INSERT IGNORE INTO game_event_gameobject VALUES (42368,12);
INSERT IGNORE INTO game_event_gameobject VALUES (42369,12);
INSERT IGNORE INTO game_event_gameobject VALUES (42370,12);
INSERT IGNORE INTO game_event_gameobject VALUES (42371,12);
INSERT IGNORE INTO game_event_gameobject VALUES (42372,12);
INSERT IGNORE INTO game_event_gameobject VALUES (42373,12);
INSERT IGNORE INTO game_event_gameobject VALUES (42374,12);
INSERT IGNORE INTO game_event_gameobject VALUES (42375,12);
INSERT IGNORE INTO game_event_gameobject VALUES (42376,12);
INSERT IGNORE INTO game_event_gameobject VALUES (42377,12);
INSERT IGNORE INTO game_event_gameobject VALUES (42378,12);
INSERT IGNORE INTO game_event_gameobject VALUES (42379,12);
INSERT IGNORE INTO game_event_gameobject VALUES (42380,12);
INSERT IGNORE INTO game_event_gameobject VALUES (42381,12);
INSERT IGNORE INTO game_event_gameobject VALUES (42382,12);
INSERT IGNORE INTO game_event_gameobject VALUES (42383,12);
INSERT IGNORE INTO game_event_gameobject VALUES (42386,12);
INSERT IGNORE INTO game_event_gameobject VALUES (42387,12);
INSERT IGNORE INTO game_event_gameobject VALUES (42396,12);
INSERT IGNORE INTO game_event_gameobject VALUES (42397,12);
INSERT IGNORE INTO game_event_gameobject VALUES (42398,12);
INSERT IGNORE INTO game_event_gameobject VALUES (42399,12);
INSERT IGNORE INTO game_event_gameobject VALUES (42400,12);
INSERT IGNORE INTO game_event_gameobject VALUES (42401,12);
INSERT IGNORE INTO game_event_gameobject VALUES (42402,12);
INSERT IGNORE INTO game_event_gameobject VALUES (42403,12);
INSERT IGNORE INTO game_event_gameobject VALUES (42404,12);
INSERT IGNORE INTO game_event_gameobject VALUES (42405,12);
INSERT IGNORE INTO game_event_gameobject VALUES (42406,12);
INSERT IGNORE INTO game_event_gameobject VALUES (42408,12);
INSERT IGNORE INTO game_event_gameobject VALUES (42409,12);
INSERT IGNORE INTO game_event_gameobject VALUES (42410,12);
INSERT IGNORE INTO game_event_gameobject VALUES (42411,12);
INSERT IGNORE INTO game_event_gameobject VALUES (42412,12);
INSERT IGNORE INTO game_event_gameobject VALUES (42413,12);
INSERT IGNORE INTO game_event_gameobject VALUES (42414,12);
INSERT IGNORE INTO game_event_gameobject VALUES (42415,12);
INSERT IGNORE INTO game_event_gameobject VALUES (42416,12);
INSERT IGNORE INTO game_event_gameobject VALUES (42417,12);
INSERT IGNORE INTO game_event_gameobject VALUES (42418,12);
INSERT IGNORE INTO game_event_gameobject VALUES (42419,12);
INSERT IGNORE INTO game_event_gameobject VALUES (42420,12);
INSERT IGNORE INTO game_event_gameobject VALUES (42421,12);
INSERT IGNORE INTO game_event_gameobject VALUES (42424,12);
INSERT IGNORE INTO game_event_gameobject VALUES (42425,12);
INSERT IGNORE INTO game_event_gameobject VALUES (42426,12);
INSERT IGNORE INTO game_event_gameobject VALUES (42427,12);
INSERT IGNORE INTO game_event_gameobject VALUES (42428,12);
INSERT IGNORE INTO game_event_gameobject VALUES (42429,12);
INSERT IGNORE INTO game_event_gameobject VALUES (42431,12);
INSERT IGNORE INTO game_event_gameobject VALUES (42432,12);
INSERT IGNORE INTO game_event_gameobject VALUES (42433,12);
INSERT IGNORE INTO game_event_gameobject VALUES (57902,12);
INSERT IGNORE INTO game_event_gameobject VALUES (57903,12);
INSERT IGNORE INTO game_event_gameobject VALUES (57904,12);
INSERT IGNORE INTO game_event_gameobject VALUES (57905,12);
INSERT IGNORE INTO game_event_gameobject VALUES (57906,12);
INSERT IGNORE INTO game_event_gameobject VALUES (57907,12);
INSERT IGNORE INTO game_event_gameobject VALUES (60056,12);
INSERT IGNORE INTO game_event_gameobject VALUES (61453,12);
INSERT IGNORE INTO game_event_gameobject VALUES (61454,12);
INSERT IGNORE INTO game_event_gameobject VALUES (61455,12);
INSERT IGNORE INTO game_event_gameobject VALUES (61456,12);
INSERT IGNORE INTO game_event_gameobject VALUES (61457,12);
INSERT IGNORE INTO game_event_gameobject VALUES (61458,12);
INSERT IGNORE INTO game_event_gameobject VALUES (61459,12);
INSERT IGNORE INTO game_event_gameobject VALUES (61460,12);
INSERT IGNORE INTO game_event_gameobject VALUES (61463,12);
INSERT IGNORE INTO game_event_gameobject VALUES (61465,12);
INSERT IGNORE INTO game_event_gameobject VALUES (61466,12);
INSERT IGNORE INTO game_event_gameobject VALUES (61540,12);
INSERT IGNORE INTO game_event_gameobject VALUES (61733,12);
INSERT IGNORE INTO game_event_gameobject VALUES (61768,12);
INSERT IGNORE INTO game_event_gameobject VALUES (61866,12);
INSERT IGNORE INTO game_event_gameobject VALUES (61883,12);
INSERT IGNORE INTO game_event_gameobject VALUES (61885,12);
INSERT IGNORE INTO game_event_gameobject VALUES (61909,12);
INSERT IGNORE INTO game_event_gameobject VALUES (61910,12);
INSERT IGNORE INTO game_event_gameobject VALUES (61913,12);
INSERT IGNORE INTO game_event_gameobject VALUES (61916,12);
INSERT IGNORE INTO game_event_gameobject VALUES (61919,12);
INSERT IGNORE INTO game_event_gameobject VALUES (61920,12);
INSERT IGNORE INTO game_event_gameobject VALUES (61922,12);
INSERT IGNORE INTO game_event_gameobject VALUES (61924,12);
INSERT IGNORE INTO game_event_gameobject VALUES (61925,12);
INSERT IGNORE INTO game_event_gameobject VALUES (61927,12);
INSERT IGNORE INTO game_event_gameobject VALUES (61931,12);
INSERT IGNORE INTO game_event_gameobject VALUES (61932,12);
INSERT IGNORE INTO game_event_gameobject VALUES (61933,12);
INSERT IGNORE INTO game_event_gameobject VALUES (61935,12);
INSERT IGNORE INTO game_event_gameobject VALUES (61937,12);
INSERT IGNORE INTO game_event_gameobject VALUES (61948,12);
INSERT IGNORE INTO game_event_gameobject VALUES (61950,12);
INSERT IGNORE INTO game_event_gameobject VALUES (61953,12);
INSERT IGNORE INTO game_event_gameobject VALUES (61954,12);
INSERT IGNORE INTO game_event_gameobject VALUES (61955,12);
INSERT IGNORE INTO game_event_gameobject VALUES (61956,12);
INSERT IGNORE INTO game_event_gameobject VALUES (61957,12);
INSERT IGNORE INTO game_event_gameobject VALUES (61960,12);
INSERT IGNORE INTO game_event_gameobject VALUES (61961,12);
INSERT IGNORE INTO game_event_gameobject VALUES (61962,12);
INSERT IGNORE INTO game_event_gameobject VALUES (61964,12);
INSERT IGNORE INTO game_event_gameobject VALUES (61965,12);
INSERT IGNORE INTO game_event_gameobject VALUES (61966,12);
INSERT IGNORE INTO game_event_gameobject VALUES (63201,12);
INSERT IGNORE INTO game_event_gameobject VALUES (63203,12);
INSERT IGNORE INTO game_event_gameobject VALUES (63204,12);
INSERT IGNORE INTO game_event_gameobject VALUES (63205,12);
INSERT IGNORE INTO game_event_gameobject VALUES (63206,12);
INSERT IGNORE INTO game_event_gameobject VALUES (63207,12);
INSERT IGNORE INTO game_event_gameobject VALUES (63208,12);
INSERT IGNORE INTO game_event_gameobject VALUES (63209,12);
INSERT IGNORE INTO game_event_gameobject VALUES (63210,12);
INSERT IGNORE INTO game_event_gameobject VALUES (64863,12);
INSERT IGNORE INTO game_event_gameobject VALUES (64865,12);
INSERT IGNORE INTO game_event_gameobject VALUES (64867,12);
INSERT IGNORE INTO game_event_gameobject VALUES (64870,12);
INSERT IGNORE INTO game_event_gameobject VALUES (64872,12);
INSERT IGNORE INTO game_event_gameobject VALUES (64875,12);
INSERT IGNORE INTO game_event_gameobject VALUES (64876,12);
INSERT IGNORE INTO game_event_gameobject VALUES (64881,12);
INSERT IGNORE INTO game_event_gameobject VALUES (64882,12);
INSERT IGNORE INTO game_event_gameobject VALUES (64883,12);
INSERT IGNORE INTO game_event_gameobject VALUES (64884,12);
INSERT IGNORE INTO game_event_gameobject VALUES (64886,12);
INSERT IGNORE INTO game_event_gameobject VALUES (64887,12);
INSERT IGNORE INTO game_event_gameobject VALUES (85283,12);
INSERT IGNORE INTO game_event_gameobject VALUES (85284,12);
INSERT IGNORE INTO game_event_gameobject VALUES (85285,12);
INSERT IGNORE INTO game_event_gameobject VALUES (85286,12);
INSERT IGNORE INTO game_event_gameobject VALUES (85287,12);
INSERT IGNORE INTO game_event_gameobject VALUES (85289,12);
INSERT IGNORE INTO game_event_gameobject VALUES (85292,12);
INSERT IGNORE INTO game_event_gameobject VALUES (85293,12);
INSERT IGNORE INTO game_event_gameobject VALUES (85295,12);
INSERT IGNORE INTO game_event_gameobject VALUES (85297,12);
INSERT IGNORE INTO game_event_gameobject VALUES (85298,12);
INSERT IGNORE INTO game_event_gameobject VALUES (85299,12);
INSERT IGNORE INTO game_event_gameobject VALUES (85300,12);
INSERT IGNORE INTO game_event_gameobject VALUES (85301,12);
INSERT IGNORE INTO game_event_gameobject VALUES (89676,12);
INSERT IGNORE INTO game_event_gameobject VALUES (89677,12);
INSERT IGNORE INTO game_event_gameobject VALUES (89678,12);
INSERT IGNORE INTO game_event_gameobject VALUES (89679,12);
INSERT IGNORE INTO game_event_gameobject VALUES (89680,12);
INSERT IGNORE INTO game_event_gameobject VALUES (89681,12);
INSERT IGNORE INTO game_event_gameobject VALUES (89682,12);
INSERT IGNORE INTO game_event_gameobject VALUES (89683,12);
INSERT IGNORE INTO game_event_gameobject VALUES (89684,12);
INSERT IGNORE INTO game_event_gameobject VALUES (89685,12);
INSERT IGNORE INTO game_event_gameobject VALUES (89686,12);
INSERT IGNORE INTO game_event_gameobject VALUES (89687,12);
INSERT IGNORE INTO game_event_gameobject VALUES (89688,12);
INSERT IGNORE INTO game_event_gameobject VALUES (89689,12);
INSERT IGNORE INTO game_event_gameobject VALUES (89690,12);
INSERT IGNORE INTO game_event_gameobject VALUES (89691,12);
INSERT IGNORE INTO game_event_gameobject VALUES (89692,12);
INSERT IGNORE INTO game_event_gameobject VALUES (89693,12);
INSERT IGNORE INTO game_event_gameobject VALUES (89694,12);
INSERT IGNORE INTO game_event_gameobject VALUES (89695,12);
INSERT IGNORE INTO game_event_gameobject VALUES (89696,12);
INSERT IGNORE INTO game_event_gameobject VALUES (89697,12);
INSERT IGNORE INTO game_event_gameobject VALUES (89698,12);
INSERT IGNORE INTO game_event_gameobject VALUES (89699,12);
INSERT IGNORE INTO game_event_gameobject VALUES (89700,12);
INSERT IGNORE INTO game_event_gameobject VALUES (89701,12);
INSERT IGNORE INTO game_event_gameobject VALUES (89702,12);
INSERT IGNORE INTO game_event_gameobject VALUES (89703,12);
INSERT IGNORE INTO game_event_gameobject VALUES (89704,12);
INSERT IGNORE INTO game_event_gameobject VALUES (89705,12);
INSERT IGNORE INTO game_event_gameobject VALUES (89706,12);
INSERT IGNORE INTO game_event_gameobject VALUES (89707,12);
INSERT IGNORE INTO game_event_gameobject VALUES (89708,12);
INSERT IGNORE INTO game_event_gameobject VALUES (89709,12);
INSERT IGNORE INTO game_event_gameobject VALUES (89710,12);
INSERT IGNORE INTO game_event_gameobject VALUES (89711,12);
INSERT IGNORE INTO game_event_gameobject VALUES (89712,12);
INSERT IGNORE INTO game_event_gameobject VALUES (89713,12);
INSERT IGNORE INTO game_event_gameobject VALUES (89714,12);
INSERT IGNORE INTO game_event_gameobject VALUES (89715,12);
INSERT IGNORE INTO game_event_gameobject VALUES (89716,12);
INSERT IGNORE INTO game_event_gameobject VALUES (89717,12);
INSERT IGNORE INTO game_event_gameobject VALUES (89718,12);
INSERT IGNORE INTO game_event_gameobject VALUES (89719,12);
INSERT IGNORE INTO game_event_gameobject VALUES (89720,12);
INSERT IGNORE INTO game_event_gameobject VALUES (89721,12);
INSERT IGNORE INTO game_event_gameobject VALUES (89722,12);
INSERT IGNORE INTO game_event_gameobject VALUES (89723,12);
INSERT IGNORE INTO game_event_gameobject VALUES (89724,12);
INSERT IGNORE INTO game_event_gameobject VALUES (89725,12);
INSERT IGNORE INTO game_event_gameobject VALUES (89726,12);
INSERT IGNORE INTO game_event_gameobject VALUES (89727,12);
INSERT IGNORE INTO game_event_gameobject VALUES (89728,12);
INSERT IGNORE INTO game_event_gameobject VALUES (89729,12);
INSERT IGNORE INTO game_event_gameobject VALUES (89730,12);
INSERT IGNORE INTO game_event_gameobject VALUES (89731,12);
INSERT IGNORE INTO game_event_gameobject VALUES (89732,12);
INSERT IGNORE INTO game_event_gameobject VALUES (89733,12);
INSERT IGNORE INTO game_event_gameobject VALUES (89734,12);
INSERT IGNORE INTO game_event_gameobject VALUES (89735,12);
INSERT IGNORE INTO game_event_gameobject VALUES (89736,12);
INSERT IGNORE INTO game_event_gameobject VALUES (89737,12);
INSERT IGNORE INTO game_event_gameobject VALUES (89738,12);
INSERT IGNORE INTO game_event_gameobject VALUES (89739,12);
INSERT IGNORE INTO game_event_gameobject VALUES (89740,12);
INSERT IGNORE INTO game_event_gameobject VALUES (89741,12);
INSERT IGNORE INTO game_event_gameobject VALUES (89742,12);
INSERT IGNORE INTO game_event_gameobject VALUES (89743,12);
INSERT IGNORE INTO game_event_gameobject VALUES (89744,12);
INSERT IGNORE INTO game_event_gameobject VALUES (89745,12);
INSERT IGNORE INTO game_event_gameobject VALUES (89746,12);
INSERT IGNORE INTO game_event_gameobject VALUES (89747,12);
INSERT IGNORE INTO game_event_gameobject VALUES (89748,12);
INSERT IGNORE INTO game_event_gameobject VALUES (89749,12);
INSERT IGNORE INTO game_event_gameobject VALUES (89750,12);
INSERT IGNORE INTO game_event_gameobject VALUES (89751,12);
INSERT IGNORE INTO game_event_gameobject VALUES (89752,12);
INSERT IGNORE INTO game_event_gameobject VALUES (89753,12);
INSERT IGNORE INTO game_event_gameobject VALUES (89754,12);
INSERT IGNORE INTO game_event_gameobject VALUES (89755,12);
INSERT IGNORE INTO game_event_gameobject VALUES (89756,12);
INSERT IGNORE INTO game_event_gameobject VALUES (89757,12);
INSERT IGNORE INTO game_event_gameobject VALUES (89758,12);
INSERT IGNORE INTO game_event_gameobject VALUES (89759,12);
INSERT IGNORE INTO game_event_gameobject VALUES (89760,12);
INSERT IGNORE INTO game_event_gameobject VALUES (89761,12);
INSERT IGNORE INTO game_event_gameobject VALUES (89762,12);
INSERT IGNORE INTO game_event_gameobject VALUES (89763,12);
INSERT IGNORE INTO game_event_gameobject VALUES (89764,12);
INSERT IGNORE INTO game_event_gameobject VALUES (89765,12);
INSERT IGNORE INTO game_event_gameobject VALUES (89766,12);
INSERT IGNORE INTO game_event_gameobject VALUES (89767,12);
INSERT IGNORE INTO game_event_gameobject VALUES (89768,12);
INSERT IGNORE INTO game_event_gameobject VALUES (89769,12);
INSERT IGNORE INTO game_event_gameobject VALUES (89770,12);
INSERT IGNORE INTO game_event_gameobject VALUES (89771,12);
INSERT IGNORE INTO game_event_gameobject VALUES (89772,12);
INSERT IGNORE INTO game_event_gameobject VALUES (89773,12);
INSERT IGNORE INTO game_event_gameobject VALUES (89774,12);
INSERT IGNORE INTO game_event_gameobject VALUES (89775,12);
INSERT IGNORE INTO game_event_gameobject VALUES (89776,12);
INSERT IGNORE INTO game_event_gameobject VALUES (89777,12);
INSERT IGNORE INTO game_event_gameobject VALUES (89778,12);
INSERT IGNORE INTO game_event_gameobject VALUES (89779,12);
INSERT IGNORE INTO game_event_gameobject VALUES (89780,12);
INSERT IGNORE INTO game_event_gameobject VALUES (89781,12);
INSERT IGNORE INTO game_event_gameobject VALUES (89782,12);
INSERT IGNORE INTO game_event_gameobject VALUES (89783,12);
INSERT IGNORE INTO game_event_gameobject VALUES (89784,12);
INSERT IGNORE INTO game_event_gameobject VALUES (89785,12);
INSERT IGNORE INTO game_event_gameobject VALUES (89786,12);
INSERT IGNORE INTO game_event_gameobject VALUES (89787,12);
INSERT IGNORE INTO game_event_gameobject VALUES (89788,12);
INSERT IGNORE INTO game_event_gameobject VALUES (89789,12);
INSERT IGNORE INTO game_event_gameobject VALUES (89790,12);
INSERT IGNORE INTO game_event_gameobject VALUES (89791,12);
INSERT IGNORE INTO game_event_gameobject VALUES (89792,12);
INSERT IGNORE INTO game_event_gameobject VALUES (89793,12);
INSERT IGNORE INTO game_event_gameobject VALUES (89794,12);
INSERT IGNORE INTO game_event_gameobject VALUES (89795,12);
INSERT IGNORE INTO game_event_gameobject VALUES (89796,12);
INSERT IGNORE INTO game_event_gameobject VALUES (89797,12);
INSERT IGNORE INTO game_event_gameobject VALUES (89798,12);
INSERT IGNORE INTO game_event_gameobject VALUES (89799,12);
INSERT IGNORE INTO game_event_gameobject VALUES (89800,12);
INSERT IGNORE INTO game_event_gameobject VALUES (89801,12);
INSERT IGNORE INTO game_event_gameobject VALUES (89802,12);
INSERT IGNORE INTO game_event_gameobject VALUES (89803,12);
INSERT IGNORE INTO game_event_gameobject VALUES (89804,12);
INSERT IGNORE INTO game_event_gameobject VALUES (89805,12);
INSERT IGNORE INTO game_event_gameobject VALUES (89806,12);
INSERT IGNORE INTO game_event_gameobject VALUES (89807,12);
INSERT IGNORE INTO game_event_gameobject VALUES (89808,12);
INSERT IGNORE INTO game_event_gameobject VALUES (89809,12);
INSERT IGNORE INTO game_event_gameobject VALUES (89810,12);
INSERT IGNORE INTO game_event_gameobject VALUES (89811,12);
INSERT IGNORE INTO game_event_gameobject VALUES (89812,12);
INSERT IGNORE INTO game_event_gameobject VALUES (89813,12);
INSERT IGNORE INTO game_event_gameobject VALUES (89814,12);
INSERT IGNORE INTO game_event_gameobject VALUES (89815,12);
INSERT IGNORE INTO game_event_gameobject VALUES (89816,12);
INSERT IGNORE INTO game_event_gameobject VALUES (89817,12);
INSERT IGNORE INTO game_event_gameobject VALUES (89818,12);
INSERT IGNORE INTO game_event_gameobject VALUES (89819,12);
INSERT IGNORE INTO game_event_gameobject VALUES (89820,12);
INSERT IGNORE INTO game_event_gameobject VALUES (89821,12);
INSERT IGNORE INTO game_event_gameobject VALUES (89822,12);
INSERT IGNORE INTO game_event_gameobject VALUES (89823,12);
INSERT IGNORE INTO game_event_gameobject VALUES (89824,12);
INSERT IGNORE INTO game_event_gameobject VALUES (89825,12);
INSERT IGNORE INTO game_event_gameobject VALUES (89826,12);
INSERT IGNORE INTO game_event_gameobject VALUES (89827,12);
INSERT IGNORE INTO game_event_gameobject VALUES (89828,12);
INSERT IGNORE INTO game_event_gameobject VALUES (89829,12);
INSERT IGNORE INTO game_event_gameobject VALUES (89830,12);
INSERT IGNORE INTO game_event_gameobject VALUES (89831,12);
INSERT IGNORE INTO game_event_gameobject VALUES (89832,12);
INSERT IGNORE INTO game_event_gameobject VALUES (89833,12);
INSERT IGNORE INTO game_event_gameobject VALUES (89834,12);
INSERT IGNORE INTO game_event_gameobject VALUES (89835,12);
INSERT IGNORE INTO game_event_gameobject VALUES (89836,12);
INSERT IGNORE INTO game_event_gameobject VALUES (89837,12);
INSERT IGNORE INTO game_event_gameobject VALUES (89838,12);
INSERT IGNORE INTO game_event_gameobject VALUES (89839,12);
INSERT IGNORE INTO game_event_gameobject VALUES (89840,12);
INSERT IGNORE INTO game_event_gameobject VALUES (89841,12);
INSERT IGNORE INTO game_event_gameobject VALUES (89842,12);
INSERT IGNORE INTO game_event_gameobject VALUES (89843,12);
INSERT IGNORE INTO game_event_gameobject VALUES (89844,12);
INSERT IGNORE INTO game_event_gameobject VALUES (89845,12);
INSERT IGNORE INTO game_event_gameobject VALUES (89846,12);
INSERT IGNORE INTO game_event_gameobject VALUES (89847,12);
INSERT IGNORE INTO game_event_gameobject VALUES (89848,12);
INSERT IGNORE INTO game_event_gameobject VALUES (89849,12);
INSERT IGNORE INTO game_event_gameobject VALUES (89850,12);
INSERT IGNORE INTO game_event_gameobject VALUES (89851,12);
INSERT IGNORE INTO game_event_gameobject VALUES (89852,12);
INSERT IGNORE INTO game_event_gameobject VALUES (89853,12);
INSERT IGNORE INTO game_event_gameobject VALUES (89854,12);
INSERT IGNORE INTO game_event_gameobject VALUES (89855,12);
INSERT IGNORE INTO game_event_gameobject VALUES (89856,12);
INSERT IGNORE INTO game_event_gameobject VALUES (89857,12);
INSERT IGNORE INTO game_event_gameobject VALUES (89858,12);
INSERT IGNORE INTO game_event_gameobject VALUES (89859,12);
INSERT IGNORE INTO game_event_gameobject VALUES (89860,12);
INSERT IGNORE INTO game_event_gameobject VALUES (89861,12);
INSERT IGNORE INTO game_event_gameobject VALUES (89862,12);
INSERT IGNORE INTO game_event_gameobject VALUES (89863,12);
INSERT IGNORE INTO game_event_gameobject VALUES (89864,12);
INSERT IGNORE INTO game_event_gameobject VALUES (89865,12);
INSERT IGNORE INTO game_event_gameobject VALUES (89866,12);
INSERT IGNORE INTO game_event_gameobject VALUES (89867,12);
INSERT IGNORE INTO game_event_gameobject VALUES (89868,12);
INSERT IGNORE INTO game_event_gameobject VALUES (89869,12);
INSERT IGNORE INTO game_event_gameobject VALUES (89870,12);
INSERT IGNORE INTO game_event_gameobject VALUES (89871,12);
INSERT IGNORE INTO game_event_gameobject VALUES (89872,12);
INSERT IGNORE INTO game_event_gameobject VALUES (89873,12);
INSERT IGNORE INTO game_event_gameobject VALUES (89874,12);
INSERT IGNORE INTO game_event_gameobject VALUES (89875,12);
INSERT IGNORE INTO game_event_gameobject VALUES (89876,12);
INSERT IGNORE INTO game_event_gameobject VALUES (89877,12);
INSERT IGNORE INTO game_event_gameobject VALUES (89878,12);
INSERT IGNORE INTO game_event_gameobject VALUES (89879,12);
INSERT IGNORE INTO game_event_gameobject VALUES (89880,12);
INSERT IGNORE INTO game_event_gameobject VALUES (89881,12);
INSERT IGNORE INTO game_event_gameobject VALUES (89882,12);
INSERT IGNORE INTO game_event_gameobject VALUES (89883,12);
INSERT IGNORE INTO game_event_gameobject VALUES (89884,12);
INSERT IGNORE INTO game_event_gameobject VALUES (89885,12);
INSERT IGNORE INTO game_event_gameobject VALUES (89886,12);
INSERT IGNORE INTO game_event_gameobject VALUES (89887,12);
INSERT IGNORE INTO game_event_gameobject VALUES (89888,12);
INSERT IGNORE INTO game_event_gameobject VALUES (89889,12);
INSERT IGNORE INTO game_event_gameobject VALUES (89890,12);
INSERT IGNORE INTO game_event_gameobject VALUES (89891,12);
INSERT IGNORE INTO game_event_gameobject VALUES (89892,12);
INSERT IGNORE INTO game_event_gameobject VALUES (89893,12);
INSERT IGNORE INTO game_event_gameobject VALUES (89894,12);
INSERT IGNORE INTO game_event_gameobject VALUES (89895,12);
INSERT IGNORE INTO game_event_gameobject VALUES (89896,12);
INSERT IGNORE INTO game_event_gameobject VALUES (89897,12);
INSERT IGNORE INTO game_event_gameobject VALUES (89898,12);
INSERT IGNORE INTO game_event_gameobject VALUES (89899,12);
INSERT IGNORE INTO game_event_gameobject VALUES (89900,12);
INSERT IGNORE INTO game_event_gameobject VALUES (89901,12);
INSERT IGNORE INTO game_event_gameobject VALUES (89902,12);
INSERT IGNORE INTO game_event_gameobject VALUES (89903,12);
INSERT IGNORE INTO game_event_gameobject VALUES (89904,12);
INSERT IGNORE INTO game_event_gameobject VALUES (89905,12);
INSERT IGNORE INTO game_event_gameobject VALUES (89906,12);
INSERT IGNORE INTO game_event_gameobject VALUES (89907,12);
INSERT IGNORE INTO game_event_gameobject VALUES (89908,12);
INSERT IGNORE INTO game_event_gameobject VALUES (89909,12);
INSERT IGNORE INTO game_event_gameobject VALUES (89910,12);
INSERT IGNORE INTO game_event_gameobject VALUES (89911,12);
INSERT IGNORE INTO game_event_gameobject VALUES (89912,12);
INSERT IGNORE INTO game_event_gameobject VALUES (89913,12);
INSERT IGNORE INTO game_event_gameobject VALUES (89914,12);
INSERT IGNORE INTO game_event_gameobject VALUES (89915,12);
INSERT IGNORE INTO game_event_gameobject VALUES (89916,12);
INSERT IGNORE INTO game_event_gameobject VALUES (89917,12);
INSERT IGNORE INTO game_event_gameobject VALUES (89918,12);
INSERT IGNORE INTO game_event_gameobject VALUES (89919,12);
INSERT IGNORE INTO game_event_gameobject VALUES (89920,12);
INSERT IGNORE INTO game_event_gameobject VALUES (89921,12);
INSERT IGNORE INTO game_event_gameobject VALUES (89922,12);
INSERT IGNORE INTO game_event_gameobject VALUES (89923,12);
INSERT IGNORE INTO game_event_gameobject VALUES (89924,12);
INSERT IGNORE INTO game_event_gameobject VALUES (89925,12);
INSERT IGNORE INTO game_event_gameobject VALUES (89926,12);
INSERT IGNORE INTO game_event_gameobject VALUES (89927,12);
INSERT IGNORE INTO game_event_gameobject VALUES (89928,12);
INSERT IGNORE INTO game_event_gameobject VALUES (89929,12);
INSERT IGNORE INTO game_event_gameobject VALUES (89930,12);
INSERT IGNORE INTO game_event_gameobject VALUES (89931,12);
INSERT IGNORE INTO game_event_gameobject VALUES (89932,12);
INSERT IGNORE INTO game_event_gameobject VALUES (89933,12);
INSERT IGNORE INTO game_event_gameobject VALUES (89934,12);
INSERT IGNORE INTO game_event_gameobject VALUES (89935,12);
INSERT IGNORE INTO game_event_gameobject VALUES (89936,12);
INSERT IGNORE INTO game_event_gameobject VALUES (89937,12);
INSERT IGNORE INTO game_event_gameobject VALUES (89938,12);
INSERT IGNORE INTO game_event_gameobject VALUES (89939,12);
INSERT IGNORE INTO game_event_gameobject VALUES (89940,12);
INSERT IGNORE INTO game_event_gameobject VALUES (89941,12);
INSERT IGNORE INTO game_event_gameobject VALUES (89942,12);
INSERT IGNORE INTO game_event_gameobject VALUES (89943,12);
INSERT IGNORE INTO game_event_gameobject VALUES (89944,12);
INSERT IGNORE INTO game_event_gameobject VALUES (89945,12);
INSERT IGNORE INTO game_event_gameobject VALUES (89946,12);
INSERT IGNORE INTO game_event_gameobject VALUES (89947,12);
INSERT IGNORE INTO game_event_gameobject VALUES (89948,12);
INSERT IGNORE INTO game_event_gameobject VALUES (89949,12);
INSERT IGNORE INTO game_event_gameobject VALUES (89950,12);
INSERT IGNORE INTO game_event_gameobject VALUES (89951,12);
INSERT IGNORE INTO game_event_gameobject VALUES (89952,12);
INSERT IGNORE INTO game_event_gameobject VALUES (89953,12);
INSERT IGNORE INTO game_event_gameobject VALUES (89954,12);
INSERT IGNORE INTO game_event_gameobject VALUES (89955,12);
INSERT IGNORE INTO game_event_gameobject VALUES (89956,12);
INSERT IGNORE INTO game_event_gameobject VALUES (89957,12);
INSERT IGNORE INTO game_event_gameobject VALUES (89958,12);
INSERT IGNORE INTO game_event_gameobject VALUES (89959,12);
INSERT IGNORE INTO game_event_gameobject VALUES (89960,12);
INSERT IGNORE INTO game_event_gameobject VALUES (89961,12);
INSERT IGNORE INTO game_event_gameobject VALUES (89962,12);
INSERT IGNORE INTO game_event_gameobject VALUES (89963,12);
INSERT IGNORE INTO game_event_gameobject VALUES (89964,12);
INSERT IGNORE INTO game_event_gameobject VALUES (89965,12);
INSERT IGNORE INTO game_event_gameobject VALUES (89966,12);
INSERT IGNORE INTO game_event_gameobject VALUES (89967,12);
INSERT IGNORE INTO game_event_gameobject VALUES (89968,12);
INSERT IGNORE INTO game_event_gameobject VALUES (89969,12);
INSERT IGNORE INTO game_event_gameobject VALUES (89970,12);
INSERT IGNORE INTO game_event_gameobject VALUES (89971,12);
INSERT IGNORE INTO game_event_gameobject VALUES (89972,12);
INSERT IGNORE INTO game_event_gameobject VALUES (89973,12);
INSERT IGNORE INTO game_event_gameobject VALUES (89974,12);
INSERT IGNORE INTO game_event_gameobject VALUES (89975,12);
INSERT IGNORE INTO game_event_gameobject VALUES (89976,12);
INSERT IGNORE INTO game_event_gameobject VALUES (89977,12);
INSERT IGNORE INTO game_event_gameobject VALUES (89978,12);
INSERT IGNORE INTO game_event_gameobject VALUES (89979,12);
INSERT IGNORE INTO game_event_gameobject VALUES (89980,12);
INSERT IGNORE INTO game_event_gameobject VALUES (89981,12);
INSERT IGNORE INTO game_event_gameobject VALUES (89982,12);
INSERT IGNORE INTO game_event_gameobject VALUES (89983,12);
INSERT IGNORE INTO game_event_gameobject VALUES (89984,12);
INSERT IGNORE INTO game_event_gameobject VALUES (89985,12);
INSERT IGNORE INTO game_event_gameobject VALUES (89986,12);
INSERT IGNORE INTO game_event_gameobject VALUES (89987,12);
INSERT IGNORE INTO game_event_gameobject VALUES (89988,12);
INSERT IGNORE INTO game_event_gameobject VALUES (89989,12);
INSERT IGNORE INTO game_event_gameobject VALUES (89990,12);
INSERT IGNORE INTO game_event_gameobject VALUES (89991,12);
INSERT IGNORE INTO game_event_gameobject VALUES (89992,12);
INSERT IGNORE INTO game_event_gameobject VALUES (89993,12);
INSERT IGNORE INTO game_event_gameobject VALUES (89994,12);
INSERT IGNORE INTO game_event_gameobject VALUES (89995,12);
INSERT IGNORE INTO game_event_gameobject VALUES (89996,12);
INSERT IGNORE INTO game_event_gameobject VALUES (89997,12);
INSERT IGNORE INTO game_event_gameobject VALUES (89998,12);
INSERT IGNORE INTO game_event_gameobject VALUES (89999,12);
INSERT IGNORE INTO game_event_gameobject VALUES (90448,12);
INSERT IGNORE INTO game_event_gameobject VALUES (90449,12);
INSERT IGNORE INTO game_event_gameobject VALUES (90450,12);
INSERT IGNORE INTO game_event_gameobject VALUES (90451,12);
INSERT IGNORE INTO game_event_gameobject VALUES (90452,12);
INSERT IGNORE INTO game_event_gameobject VALUES (90453,12);
INSERT IGNORE INTO game_event_gameobject VALUES (90454,12);
INSERT IGNORE INTO game_event_gameobject VALUES (90455,12);
INSERT IGNORE INTO game_event_gameobject VALUES (90456,12);
INSERT IGNORE INTO game_event_gameobject VALUES (90457,12);
INSERT IGNORE INTO game_event_gameobject VALUES (90458,12);
INSERT IGNORE INTO game_event_gameobject VALUES (90459,12);
INSERT IGNORE INTO game_event_gameobject VALUES (90460,12);
INSERT IGNORE INTO game_event_gameobject VALUES (90461,12);
INSERT IGNORE INTO game_event_gameobject VALUES (90462,12);
INSERT IGNORE INTO game_event_gameobject VALUES (90463,12);
INSERT IGNORE INTO game_event_gameobject VALUES (90464,12);
INSERT IGNORE INTO game_event_gameobject VALUES (90465,12);
INSERT IGNORE INTO game_event_gameobject VALUES (90466,12);
INSERT IGNORE INTO game_event_gameobject VALUES (90467,12);
INSERT IGNORE INTO game_event_gameobject VALUES (90468,12);
INSERT IGNORE INTO game_event_gameobject VALUES (90469,12);
INSERT IGNORE INTO game_event_gameobject VALUES (90470,12);
INSERT IGNORE INTO game_event_gameobject VALUES (90471,12);
INSERT IGNORE INTO game_event_gameobject VALUES (90472,12);
INSERT IGNORE INTO game_event_gameobject VALUES (90473,12);
INSERT IGNORE INTO game_event_gameobject VALUES (90474,12);
INSERT IGNORE INTO game_event_gameobject VALUES (90475,12);
INSERT IGNORE INTO game_event_gameobject VALUES (90476,12);
INSERT IGNORE INTO game_event_gameobject VALUES (90477,12);
INSERT IGNORE INTO game_event_gameobject VALUES (90478,12);
INSERT IGNORE INTO game_event_gameobject VALUES (90479,12);
INSERT IGNORE INTO game_event_gameobject VALUES (90480,12);
INSERT IGNORE INTO game_event_gameobject VALUES (90481,12);
INSERT IGNORE INTO game_event_gameobject VALUES (90482,12);
INSERT IGNORE INTO game_event_gameobject VALUES (90483,12);
INSERT IGNORE INTO game_event_gameobject VALUES (90484,12);
INSERT IGNORE INTO game_event_gameobject VALUES (90485,12);
INSERT IGNORE INTO game_event_gameobject VALUES (90486,12);
INSERT IGNORE INTO game_event_gameobject VALUES (90487,12);
INSERT IGNORE INTO game_event_gameobject VALUES (90488,12);
INSERT IGNORE INTO game_event_gameobject VALUES (90489,12);
INSERT IGNORE INTO game_event_gameobject VALUES (90490,12);
INSERT IGNORE INTO game_event_gameobject VALUES (90491,12);
INSERT IGNORE INTO game_event_gameobject VALUES (90492,12);
INSERT IGNORE INTO game_event_gameobject VALUES (90493,12);
INSERT IGNORE INTO game_event_gameobject VALUES (90494,12);
INSERT IGNORE INTO game_event_gameobject VALUES (90495,12);
INSERT IGNORE INTO game_event_gameobject VALUES (90496,12);
INSERT IGNORE INTO game_event_gameobject VALUES (90497,12);
INSERT IGNORE INTO game_event_gameobject VALUES (90498,12);
INSERT IGNORE INTO game_event_gameobject VALUES (90499,12);
INSERT IGNORE INTO game_event_gameobject VALUES (90500,12);
INSERT IGNORE INTO game_event_gameobject VALUES (90501,12);
INSERT IGNORE INTO game_event_gameobject VALUES (90502,12);
INSERT IGNORE INTO game_event_gameobject VALUES (90503,12);
INSERT IGNORE INTO game_event_gameobject VALUES (90504,12);
INSERT IGNORE INTO game_event_gameobject VALUES (90505,12);
INSERT IGNORE INTO game_event_gameobject VALUES (90506,12);
INSERT IGNORE INTO game_event_gameobject VALUES (90507,12);
INSERT IGNORE INTO game_event_gameobject VALUES (90508,12);
INSERT IGNORE INTO game_event_gameobject VALUES (90509,12);
INSERT IGNORE INTO game_event_gameobject VALUES (90510,12);
INSERT IGNORE INTO game_event_gameobject VALUES (90511,12);
INSERT IGNORE INTO game_event_gameobject VALUES (90512,12);
INSERT IGNORE INTO game_event_gameobject VALUES (90513,12);
INSERT IGNORE INTO game_event_gameobject VALUES (90514,12);
INSERT IGNORE INTO game_event_gameobject VALUES (90515,12);
INSERT IGNORE INTO game_event_gameobject VALUES (90516,12);
INSERT IGNORE INTO game_event_gameobject VALUES (90517,12);
INSERT IGNORE INTO game_event_gameobject VALUES (90518,12);
INSERT IGNORE INTO game_event_gameobject VALUES (90519,12);
INSERT IGNORE INTO game_event_gameobject VALUES (90520,12);
INSERT IGNORE INTO game_event_gameobject VALUES (90521,12);
INSERT IGNORE INTO game_event_gameobject VALUES (90522,12);
INSERT IGNORE INTO game_event_gameobject VALUES (90523,12);
INSERT IGNORE INTO game_event_gameobject VALUES (90524,12);
INSERT IGNORE INTO game_event_gameobject VALUES (90525,12);
INSERT IGNORE INTO game_event_gameobject VALUES (90526,12);
INSERT IGNORE INTO game_event_gameobject VALUES (90527,12);
INSERT IGNORE INTO game_event_gameobject VALUES (90528,12);
INSERT IGNORE INTO game_event_gameobject VALUES (90529,12);
INSERT IGNORE INTO game_event_gameobject VALUES (90530,12);
INSERT IGNORE INTO game_event_gameobject VALUES (90531,12);
INSERT IGNORE INTO game_event_gameobject VALUES (90532,12);
INSERT IGNORE INTO game_event_gameobject VALUES (90533,12);
INSERT IGNORE INTO game_event_gameobject VALUES (90534,12);
INSERT IGNORE INTO game_event_gameobject VALUES (90535,12);
INSERT IGNORE INTO game_event_gameobject VALUES (90536,12);
INSERT IGNORE INTO game_event_gameobject VALUES (90537,12);
INSERT IGNORE INTO game_event_gameobject VALUES (90538,12);
INSERT IGNORE INTO game_event_gameobject VALUES (90539,12);
INSERT IGNORE INTO game_event_gameobject VALUES (90540,12);
INSERT IGNORE INTO game_event_gameobject VALUES (90541,12);
INSERT IGNORE INTO game_event_gameobject VALUES (90542,12);
INSERT IGNORE INTO game_event_gameobject VALUES (90543,12);
INSERT IGNORE INTO game_event_gameobject VALUES (90544,12);
INSERT IGNORE INTO game_event_gameobject VALUES (90545,12);
INSERT IGNORE INTO game_event_gameobject VALUES (90546,12);
INSERT IGNORE INTO game_event_gameobject VALUES (90547,12);
INSERT IGNORE INTO game_event_gameobject VALUES (90548,12);
INSERT IGNORE INTO game_event_gameobject VALUES (90549,12);
INSERT IGNORE INTO game_event_gameobject VALUES (90550,12);
INSERT IGNORE INTO game_event_gameobject VALUES (90551,12);
INSERT IGNORE INTO game_event_gameobject VALUES (90552,12);
INSERT IGNORE INTO game_event_gameobject VALUES (90553,12);
INSERT IGNORE INTO game_event_gameobject VALUES (90554,12);
INSERT IGNORE INTO game_event_gameobject VALUES (90555,12);
INSERT IGNORE INTO game_event_gameobject VALUES (90556,12);
INSERT IGNORE INTO game_event_gameobject VALUES (90557,12);
INSERT IGNORE INTO game_event_gameobject VALUES (90558,12);
INSERT IGNORE INTO game_event_gameobject VALUES (90559,12);
INSERT IGNORE INTO game_event_gameobject VALUES (90560,12);
INSERT IGNORE INTO game_event_gameobject VALUES (90561,12);
INSERT IGNORE INTO game_event_gameobject VALUES (90562,12);
INSERT IGNORE INTO game_event_gameobject VALUES (90563,12);
INSERT IGNORE INTO game_event_gameobject VALUES (90564,12);
INSERT IGNORE INTO game_event_gameobject VALUES (90565,12);
INSERT IGNORE INTO game_event_gameobject VALUES (90566,12);
INSERT IGNORE INTO game_event_gameobject VALUES (90567,12);
INSERT IGNORE INTO game_event_gameobject VALUES (90568,12);
INSERT IGNORE INTO game_event_gameobject VALUES (90569,12);
INSERT IGNORE INTO game_event_gameobject VALUES (90570,12);
INSERT IGNORE INTO game_event_gameobject VALUES (90571,12);
INSERT IGNORE INTO game_event_gameobject VALUES (90572,12);
INSERT IGNORE INTO game_event_gameobject VALUES (90573,12);
INSERT IGNORE INTO game_event_gameobject VALUES (90574,12);
INSERT IGNORE INTO game_event_gameobject VALUES (90575,12);
INSERT IGNORE INTO game_event_gameobject VALUES (90576,12);
INSERT IGNORE INTO game_event_gameobject VALUES (90577,12);
INSERT IGNORE INTO game_event_gameobject VALUES (90578,12);
INSERT IGNORE INTO game_event_gameobject VALUES (90579,12);
INSERT IGNORE INTO game_event_gameobject VALUES (90580,12);
INSERT IGNORE INTO game_event_gameobject VALUES (90581,12);
INSERT IGNORE INTO game_event_gameobject VALUES (90582,12);
INSERT IGNORE INTO game_event_gameobject VALUES (90583,12);
INSERT IGNORE INTO game_event_gameobject VALUES (90584,12);
INSERT IGNORE INTO game_event_gameobject VALUES (90585,12);
INSERT IGNORE INTO game_event_gameobject VALUES (90586,12);
INSERT IGNORE INTO game_event_gameobject VALUES (90587,12);
INSERT IGNORE INTO game_event_gameobject VALUES (90588,12);
INSERT IGNORE INTO game_event_gameobject VALUES (90589,12);
INSERT IGNORE INTO game_event_gameobject VALUES (90590,12);
INSERT IGNORE INTO game_event_gameobject VALUES (90591,12);
INSERT IGNORE INTO gameobject VALUES (90592,192555,571,1,1,6137.67,-322.448,436.245,0.141423,0.0,0.0,0.0,1.0,180,255,1);
INSERT IGNORE INTO gameobject VALUES (90593,193598,571,1,1,7874.97,-750.595,1176.1,-3.13962,0.0,0.0,0.0,1.0,180,255,1);
INSERT IGNORE INTO gameobject VALUES (90594,193599,571,1,1,7848.2,-804.335,1184.76,-2.73144,0.0,0.0,0.0,1.0,180,255,1);
INSERT IGNORE INTO gameobject VALUES (90595,192064,571,1,1,4823.09,-581.729,164.163,2.40835,0.0,0.0,0.25038,0.968148,180,255,1);
INSERT IGNORE INTO gameobject VALUES (90596,192065,571,1,1,4816.55,-581.285,163.062,1.04309,0.0,0.0,0.25038,0.968148,180,255,1);
INSERT IGNORE INTO gameobject VALUES (90597,192066,571,1,1,4816.64,-582.227,163.187,-1.24098,0.0,0.0,0.25038,0.968148,180,255,1);
INSERT IGNORE INTO gameobject VALUES (90598,194660,571,1,65,4101.03,2122.99,159.132,2.29068,0.0,0.0,0.910851,0.412736,180,255,1);
INSERT IGNORE INTO gameobject VALUES (90599,191333,571,1,1,3072.52,-512.835,124.269,0.820303,0.0,0.0,0.0,1.0,180,255,1);
INSERT IGNORE INTO gameobject VALUES (90600,194661,571,1,65,4122.35,2138.46,159.132,1.59255,0.0,0.0,0.910851,0.412736,180,255,1);
INSERT IGNORE INTO gameobject VALUES (90601,194662,571,1,65,4124.94,2114.33,159.132,2.46521,0.0,0.0,0.910851,0.412736,180,255,1);
INSERT IGNORE INTO gameobject VALUES (90602,192618,571,1,1,5931.29,-3036.54,393.402,2.01585,0.0,0.0,0.845728,0.533615,180,255,1);
INSERT IGNORE INTO gameobject VALUES (90603,194155,571,1,1,3848.47,-4069.61,200.835,-0.224591,0.0,0.0,0.0,1.0,180,255,1);
INSERT IGNORE INTO gameobject VALUES (90604,192619,571,1,1,5718.89,-3137.86,393.135,2.01585,0.0,0.0,0.845728,0.533615,180,255,1);
INSERT IGNORE INTO gameobject VALUES (90605,191851,571,1,1,4788.35,-2036.18,387.451,3.13286,0.0,0.0,0.99999,0.004363,180,255,1);
INSERT IGNORE INTO gameobject VALUES (90606,191853,571,1,1,4741.09,-2045.31,479.863,3.13286,0.0,0.0,0.99999,0.004363,180,255,1);
INSERT IGNORE INTO gameobject VALUES (90607,191861,571,1,1,4567.75,1630.77,164.809,2.97577,0.0,0.0,0.995396,0.095846,180,255,1);
INSERT IGNORE INTO gameobject VALUES (90608,191863,571,1,1,4513.32,1614.01,152.275,2.67035,0.0,0.0,0.995396,0.095846,180,255,1);
INSERT IGNORE INTO gameobject VALUES (90609,191864,571,1,1,4489.49,1627.32,152.812,2.84488,0.0,0.0,0.995396,0.095846,180,255,1);
INSERT IGNORE INTO gameobject VALUES (90610,191868,571,1,1,4623.54,1740.25,170.148,-2.20784,0.0,0.0,0.995396,0.095846,180,255,1);
INSERT IGNORE INTO gameobject VALUES (90611,188028,571,1,1,3157.15,5430.63,56.9338,2.74016,0.0,0.0,0.0,1.0,180,255,0);
INSERT IGNORE INTO gameobject VALUES (90612,188542,571,1,1,4319.17,580.998,-6.63773,2.8536,0.0,0.0,0.0,1.0,180,255,1);
INSERT IGNORE INTO gameobject VALUES (90613,188547,571,1,1,4222.61,514.587,11.4781,2.49582,0.0,0.0,0.0,1.0,180,255,1);
INSERT IGNORE INTO gameobject VALUES (90614,191621,571,1,1,5669.43,2353.36,798.388,-2.64541,0.0,0.0,0.976296,-0.21644,180,255,1);
INSERT IGNORE INTO gameobject VALUES (90615,191626,571,1,1,6800.53,2212.89,650.998,-2.17417,0.0,0.0,0.976296,-0.21644,180,255,1);
INSERT IGNORE INTO gameobject VALUES (90616,190132,571,1,1,4067.97,-1217.1,129.871,2.33874,0.0,0.0,0.0,1.0,180,255,1);
INSERT IGNORE INTO gameobject VALUES (90617,190134,571,1,1,4039.47,-1295.78,130.364,-3.08918,0.0,0.0,0.0,1.0,180,255,1);
INSERT IGNORE INTO gameobject VALUES (90618,190948,571,1,1,6260.48,-1960.04,484.782,-2.49582,0.0,0.0,0.0,1.0,180,255,1);
INSERT IGNORE INTO gameobject VALUES (90619,190949,571,1,1,6260.49,-1960.04,484.782,-2.49582,0.0,0.0,0.0,1.0,180,255,1);

-- rand
INSERT IGNORE INTO gameobject VALUES (90620,181876,530,1,1,579.724,5585.82,16.3328,-1.13446,0.0,0.0,0.0,1.0,180,255,1);
INSERT IGNORE INTO gameobject VALUES (90621,202265,1,1,1,-8757.74,-4462.4,-201.656,1.51593,0.0,0.0,0.771625,0.636078,180,255,1);
INSERT IGNORE INTO gameobject VALUES (90622,202266,1,1,1,-8757.74,-4462.4,-201.656,1.51593,0.0,0.0,0.771625,0.636078,180,255,1);
INSERT IGNORE INTO gameobject VALUES (90623,186418,1,1,1,-2954.89,-3883.94,32.9969,2.60053,0.0,0.0,0.0,1.0,-300,255,1);
-- slave pens
INSERT IGNORE INTO gameobject VALUES (91335,187882,547,3,1,-69.9045,-162.245,-2.36656,2.42601,0.0,0.0,0.0,1.0,180,255,1);
INSERT IGNORE INTO gameobject VALUES (91336,181376,547,3,1,-89.8605,-113.449,-2.41372,2.61799,0.0,0.0,0.0,1.0,180,255,1);
INSERT IGNORE INTO gameobject VALUES (91337,181376,547,3,1,-114.746,-117.227,-2.52803,1.16937,0.0,0.0,0.0,1.0,180,255,1);
INSERT IGNORE INTO gameobject VALUES (91338,188187,547,3,1,-96.8723,-212.842,-1.14914,-2.1293,0.0,0.0,0.0,1.0,180,255,1);
INSERT IGNORE INTO gameobject VALUES (91339,188067,547,3,1,-83.5253,-172.181,-3.81652,0.017452,0.0,0.0,0.0,1.0,180,255,1);
INSERT IGNORE INTO gameobject VALUES (91340,188067,547,3,1,-75.2318,-217.329,-3.0728,-0.488691,0.0,0.0,0.0,1.0,180,255,1);
INSERT IGNORE INTO gameobject VALUES (91341,188067,547,3,1,-49.2725,-168.986,-1.89881,2.00713,0.0,0.0,0.0,1.0,180,255,1);
INSERT IGNORE INTO gameobject VALUES (91342,188067,547,3,1,-75.9514,-182.771,-4.88202,-1.15192,0.0,0.0,0.0,1.0,180,255,1);
INSERT IGNORE INTO gameobject VALUES (91343,188067,547,3,1,-71.8962,-145.497,-1.55181,-1.95477,0.0,0.0,0.0,1.0,180,255,1);
INSERT IGNORE INTO gameobject VALUES (91344,188067,547,3,1,-115.599,-162.772,-1.92403,-0.558504,0.0,0.0,0.0,1.0,180,255,1);
INSERT IGNORE INTO gameobject VALUES (91345,188067,547,3,1,-79.397,-219.702,-4.04289,-2.19912,0.0,0.0,0.0,1.0,180,255,1);
INSERT IGNORE INTO gameobject VALUES (91346,188072,547,3,1,-71.4892,-160.732,-4.18569,-0.418879,0.0,0.0,0.0,1.0,180,255,1);
INSERT IGNORE INTO gameobject VALUES (91347,188072,547,3,1,-69.2177,-163.491,-2.04477,2.96704,0.0,0.0,0.0,1.0,180,255,1);
INSERT IGNORE INTO gameobject VALUES (91348,188072,547,3,1,-71.8249,-164.475,-3.96298,-0.925024,0.0,0.0,0.0,1.0,180,255,1);
INSERT IGNORE INTO gameobject VALUES (91349,188072,547,3,1,-69.2084,-160.345,-4.25643,1.85005,0.0,0.0,0.0,1.0,180,255,1);
INSERT IGNORE INTO gameobject VALUES (91350,188073,547,3,1,-89.7521,-113.5,-2.70944,0.453785,0.0,0.0,0.0,1.0,180,255,1);
INSERT IGNORE INTO gameobject VALUES (91351,188073,547,3,1,-114.957,-117.302,-2.71,2.00713,0.0,0.0,0.0,1.0,180,255,1);
INSERT IGNORE INTO gameobject VALUES (91352,195000,547,3,1,-98.026,-230.429,-7.61181,0.0,0.0,0.0,0.0,1.0,180,255,1);
INSERT IGNORE INTO gameobject VALUES (91353,188142,547,3,1,-117.386,-165.965,-2.01865,0.558504,0.0,0.0,0.0,1.0,180,255,1);
INSERT IGNORE INTO gameobject VALUES (91354,188142,547,3,1,-72.7531,-185.155,-4.93059,0.157079,0.0,0.0,0.0,1.0,180,255,1);
INSERT IGNORE INTO gameobject VALUES (91355,188142,547,3,1,-75.4278,-221.16,-2.88294,0.488691,0.0,0.0,0.0,1.0,180,255,1);
INSERT IGNORE INTO gameobject VALUES (91356,188142,547,3,1,-103.713,-245.504,-1.37788,-1.29154,0.0,0.0,0.0,1.0,180,255,1);
INSERT IGNORE INTO gameobject VALUES (91357,188142,547,3,1,-118.92,-204.802,-1.50416,1.91986,0.0,0.0,0.0,1.0,180,255,1);
INSERT IGNORE INTO gameobject VALUES (91358,188142,547,3,1,-74.6596,-243.812,-2.736,2.21656,0.0,0.0,0.0,1.0,180,255,1);
INSERT IGNORE INTO game_event_gameobject VALUES (91335,1);
INSERT IGNORE INTO game_event_gameobject VALUES (91336,1);
INSERT IGNORE INTO game_event_gameobject VALUES (91337,1);
INSERT IGNORE INTO game_event_gameobject VALUES (91338,1);
INSERT IGNORE INTO game_event_gameobject VALUES (91339,1);
INSERT IGNORE INTO game_event_gameobject VALUES (91340,1);
INSERT IGNORE INTO game_event_gameobject VALUES (91341,1);
INSERT IGNORE INTO game_event_gameobject VALUES (91342,1);
INSERT IGNORE INTO game_event_gameobject VALUES (91343,1);
INSERT IGNORE INTO game_event_gameobject VALUES (91344,1);
INSERT IGNORE INTO game_event_gameobject VALUES (91345,1);
INSERT IGNORE INTO game_event_gameobject VALUES (91346,1);
INSERT IGNORE INTO game_event_gameobject VALUES (91347,1);
INSERT IGNORE INTO game_event_gameobject VALUES (91348,1);
INSERT IGNORE INTO game_event_gameobject VALUES (91349,1);
INSERT IGNORE INTO game_event_gameobject VALUES (91350,1);
INSERT IGNORE INTO game_event_gameobject VALUES (91351,1);
INSERT IGNORE INTO game_event_gameobject VALUES (91352,1);
INSERT IGNORE INTO game_event_gameobject VALUES (91353,1);
INSERT IGNORE INTO game_event_gameobject VALUES (91354,1);
INSERT IGNORE INTO game_event_gameobject VALUES (91355,1);
INSERT IGNORE INTO game_event_gameobject VALUES (91356,1);
INSERT IGNORE INTO game_event_gameobject VALUES (91357,1);
INSERT IGNORE INTO game_event_gameobject VALUES (91358,1);
-- add to event
INSERT IGNORE INTO game_event_gameobject VALUES (49453,1);
INSERT IGNORE INTO game_event_gameobject VALUES (49454,1);
INSERT IGNORE INTO game_event_gameobject VALUES (49455,1);
INSERT IGNORE INTO game_event_gameobject VALUES (49312,1);
INSERT IGNORE INTO game_event_gameobject VALUES (49313,1);

-- archavon
INSERT IGNORE INTO creature VALUES (138514,32780,624,3,1,0,0,-231.521,-113.094,125.046,0.0,300,0.0,0,1,0,0,0);
INSERT IGNORE INTO creature VALUES (138515,38433,624,3,1,0,0,-43.3316,-288.708,91.2511,1.58825,300,0.0,0,1,0,0,0);
INSERT IGNORE INTO creature VALUES (138516,38439,624,3,1,0,0,-43.4167,-288.877,91.2511,1.58825,300,0.0,0,1,0,0,0);
INSERT IGNORE INTO creature VALUES (138517, 35143, 624, 3, 1, 0, 0, -219.056, -61.0287, 104.299, 4.73051, 7200, 0, 1, 674050, 0, 0, 2);
INSERT IGNORE INTO creature_movement (id, point, position_x, position_y, position_z, orientation, wpguid, waittime) VALUES (138517, 1, -219.056, -61.0287, 104.299, 4.73051, 0, 20000),(138517, 2, -218.402985, -41.175907, 97.771355, 1.545719, 0, 0),(138517, 3, -218.649338, 11.445946, 97.844078, 1.545719, 0, 20000),(138517, 4, -218.402985, -41.175907, 97.771355, 4.73051, 0, 0);
INSERT IGNORE INTO creature VALUES (138519,35143,624,3,1,0,0,-219.483,27.4635,97.9274,4.72984,300,0.0,0,1,0,0,0);
INSERT IGNORE INTO creature VALUES (138522,38482,624,3,1,0,0,-43.3507,-214.01,97.378,1.62316,300,0.0,0,1,0,0,0);
INSERT IGNORE INTO creature VALUES (138523,38482,624,3,1,0,0,-42.8767,-229.505,97.6291,1.62316,300,0.0,0,1,0,0,0);
INSERT IGNORE INTO creature VALUES (138524,34230,624,3,1,0,0,-218.779,-263.68,91.8296,1.6057,300,0.0,0,1,0,0,0);
INSERT IGNORE INTO creature VALUES (138525,35013,624,3,1,0,0,-218.521,104.391,91.8297,4.69494,300,0.0,0,1,0,0,0);
INSERT IGNORE INTO creature VALUES (138526,35015,624,3,1,0,0,-254.364,99.653,104.159,4.24353,300,0.0,0,1,0,0,0);
INSERT IGNORE INTO creature VALUES (138527,35015,624,3,1,0,0,-255.719,96.7976,104.156,4.29508,300,0.0,0,1,0,0,0);
INSERT IGNORE INTO creature VALUES (138528,35015,624,3,1,0,0,-233.039,43.9149,104.162,6.03584,300,0.0,0,1,0,0,0);
INSERT IGNORE INTO creature VALUES (138529,35015,624,3,1,0,0,-218.89,42.3804,104.203,0.006595,300,0.0,0,1,0,0,0);
INSERT IGNORE INTO creature VALUES (138530,33998,624,3,1,0,0,-204.773,-297.297,91.7125,1.76278,300,0.0,0,1,0,0,0);
INSERT IGNORE INTO creature VALUES (138531,33998,624,3,1,0,0,-205.238,-281.033,91.6218,1.79769,300,0.0,0,1,0,0,0);
INSERT IGNORE INTO creature VALUES (138532,33998,624,3,1,0,0,-233.262,-280.356,91.8296,1.3439,300,0.0,0,1,0,0,0);
INSERT IGNORE INTO creature VALUES (138533,33998,624,3,1,0,0,-232.909,-296.977,91.7115,1.39626,300,0.0,0,1,0,0,0);
INSERT IGNORE INTO creature VALUES (138534,36093,624,3,1,0,0,-218.833,-103.13,112.854,0.0,300,0.0,0,1,0,0,0);
INSERT IGNORE INTO creature_template_addon VALUES (34049,0,0,1,0,0,0,NULL);
INSERT IGNORE INTO creature_template_addon VALUES (32780,0,0,1,0,0,0,NULL);
INSERT IGNORE INTO creature_template_addon VALUES (38433,0,0,1,0,0,0,'71993 0');
INSERT IGNORE INTO creature_template_addon VALUES (38439,0,0,1,0,0,0,NULL);
INSERT IGNORE INTO creature_template_addon VALUES (35143,0,0,1,0,0,0,'66808 0');
INSERT IGNORE INTO creature_template_addon VALUES (38482,0,0,1,0,0,0,'72122 0');
INSERT IGNORE INTO creature_template_addon VALUES (34230,0,0,1,0,0,0,NULL);
INSERT IGNORE INTO creature_template_addon VALUES (35013,0,0,1,0,0,0,NULL);
INSERT IGNORE INTO creature_template_addon VALUES (35015,0,50331648,1,0,0,0,NULL);
INSERT IGNORE INTO creature_template_addon VALUES (33998,0,0,1,0,0,0,NULL);
INSERT IGNORE INTO creature_template_addon VALUES (36093,0,0,1,0,0,0,NULL);

-- random (shatt)
INSERT IGNORE INTO creature VALUES (138512,21252,530,1,1,0,0,-249.826,1023.78,54.4086,2.04204,300,0.0,0,1,0,0,0);
INSERT IGNORE INTO creature VALUES (138521,19680,530,1,1,0,0,-1936.83,5332.03,-12.3448,0.471239,300,0.0,0,1,0,0,0);
INSERT IGNORE INTO creature_template_addon VALUES (21252,0,0,1,0,0,0,NULL);

INSERT IGNORE INTO game_event VALUES (64,'2011-01-06 12:01:00','2020-12-30 23:00:00',131040,4320,0,'Darkmoon Faire Building 1 (Mulgore)');
INSERT IGNORE INTO game_event VALUES (65,'2011-01-08 12:01:00','2020-12-30 23:00:00',131040,1440,0,'Darkmoon Faire Building 2 (Mulgore)');
INSERT IGNORE INTO game_event VALUES (66,'2010-12-02 12:01:00','2020-12-30 23:00:00',131040,4320,0,'Darkmoon Faire Building 1 (Elwynn Forest)');
UPDATE game_event SET start_time='2010-12-04 12:01:00', length=1440, description='Darkmoon Faire Building 2 (Elwynn Forest)' WHERE entry=23;

UPDATE game_event_gameobject SET event=64 WHERE guid=20753;
UPDATE game_event_gameobject SET event=64 WHERE guid=20754;
UPDATE game_event_gameobject SET event=64 WHERE guid=20755;
UPDATE game_event_gameobject SET event=66 WHERE guid=13994;
UPDATE game_event_gameobject SET event=66 WHERE guid=20907;
UPDATE game_event_gameobject SET event=64 WHERE guid=31874;
UPDATE game_event_gameobject SET event=64 WHERE guid=31915;
UPDATE game_event_gameobject SET event=66 WHERE guid=12621;
UPDATE game_event_gameobject SET event=66 WHERE guid=12677;
UPDATE game_event_gameobject SET event=66 WHERE guid=12633;
UPDATE game_event_gameobject SET event=66 WHERE guid=12607;
UPDATE game_event_gameobject SET event=66 WHERE guid=13963;
UPDATE game_event_gameobject SET event=66 WHERE guid=13952;
UPDATE game_event_gameobject SET event=66 WHERE guid=13948;
UPDATE game_event_gameobject SET event=66 WHERE guid=13939;
UPDATE game_event_gameobject SET event=64 WHERE guid=20918;
UPDATE game_event_gameobject SET event=64 WHERE guid=20919;
UPDATE game_event_gameobject SET event=64 WHERE guid=20920;
UPDATE game_event_gameobject SET event=64 WHERE guid=20921;
UPDATE game_event_gameobject SET event=64 WHERE guid=20922;
UPDATE game_event_gameobject SET event=64 WHERE guid=20923;
UPDATE game_event_gameobject SET event=64 WHERE guid=20924;
UPDATE game_event_gameobject SET event=64 WHERE guid=20925;
UPDATE game_event_gameobject SET event=64 WHERE guid=20926;
UPDATE game_event_gameobject SET event=64 WHERE guid=20927;
UPDATE game_event_gameobject SET event=64 WHERE guid=20928;
UPDATE game_event_gameobject SET event=64 WHERE guid=20929;
UPDATE game_event_gameobject SET event=64 WHERE guid=20930;
UPDATE game_event_gameobject SET event=64 WHERE guid=20931;
UPDATE game_event_gameobject SET event=64 WHERE guid=20932;
UPDATE game_event_gameobject SET event=64 WHERE guid=20933;
UPDATE game_event_gameobject SET event=64 WHERE guid=20934;
UPDATE game_event_gameobject SET event=66 WHERE guid=28526;
UPDATE game_event_gameobject SET event=66 WHERE guid=28536;
UPDATE game_event_gameobject SET event=66 WHERE guid=28537;
UPDATE game_event_gameobject SET event=66 WHERE guid=28538;
UPDATE game_event_gameobject SET event=66 WHERE guid=28552;
UPDATE game_event_gameobject SET event=66 WHERE guid=28553;
UPDATE game_event_gameobject SET event=66 WHERE guid=28571;
UPDATE game_event_gameobject SET event=66 WHERE guid=28573;
UPDATE game_event_gameobject SET event=66 WHERE guid=28576;
UPDATE game_event_gameobject SET event=66 WHERE guid=28596;
UPDATE game_event_gameobject SET event=66 WHERE guid=28604;
UPDATE game_event_gameobject SET event=66 WHERE guid=28612;
UPDATE game_event_gameobject SET event=66 WHERE guid=28613;
UPDATE game_event_gameobject SET event=66 WHERE guid=28616;
UPDATE game_event_gameobject SET event=64 WHERE guid=31875;
UPDATE game_event_gameobject SET event=64 WHERE guid=31877;
UPDATE game_event_gameobject SET event=64 WHERE guid=31913;
UPDATE game_event_gameobject SET event=64 WHERE guid=31916;
UPDATE game_event_gameobject SET event=66 WHERE guid=13950;
UPDATE game_event_gameobject SET event=66 WHERE guid=20889;
UPDATE game_event_gameobject SET event=66 WHERE guid=28514;
UPDATE game_event_gameobject SET event=64 WHERE guid=31872;
UPDATE game_event_gameobject SET event=64 WHERE guid=31879;
UPDATE game_event_gameobject SET event=64 WHERE guid=31912;
UPDATE game_event_gameobject SET event=64 WHERE guid=31918;
UPDATE game_event_gameobject SET event=66 WHERE guid=13895;
UPDATE game_event_gameobject SET event=66 WHERE guid=13829;
UPDATE game_event_gameobject SET event=64 WHERE guid=31878;
UPDATE game_event_gameobject SET event=64 WHERE guid=31914;
UPDATE game_event_gameobject SET event=64 WHERE guid=31876;
UPDATE game_event_gameobject SET event=64 WHERE guid=31917;
UPDATE game_event_gameobject SET event=64 WHERE guid=31919;

UPDATE game_event_gameobject SET event=19 WHERE guid=31675;
UPDATE game_event_gameobject SET event=19 WHERE guid=31676;
UPDATE game_event_gameobject SET event=19 WHERE guid=31898;
UPDATE game_event_gameobject SET event=19 WHERE guid=31911;

-- darkmoon terokkar, pre 1
INSERT IGNORE INTO game_event VALUES (62,'2010-10-28 12:01:00','2020-12-30 23:00:00',131040,4320,0,'Darkmoon Faire Building 1 (Terokkar Forest)');
INSERT IGNORE INTO gameobject VALUES (21835,180005,530,1,1,-2288.83,5202.74,-7.31422,2.53072,0.0,0.0,0.0,1.0,180,255,1);
INSERT IGNORE INTO gameobject VALUES (21836,180005,530,1,1,-2298.22,5237.68,-7.31973,1.39626,0.0,0.0,0.0,1.0,180,255,1);
INSERT IGNORE INTO gameobject VALUES (21837,180005,530,1,1,-2261.59,5256.38,-7.32221,-0.069812,0.0,0.0,0.0,1.0,180,255,1);
INSERT IGNORE INTO gameobject VALUES (21838,180005,530,1,1,-2236.05,5231.09,-7.63396,-1.27409,0.0,0.0,0.0,1.0,180,255,1);
INSERT IGNORE INTO gameobject VALUES (21839,180045,530,1,1,-2277.49,5228.89,-9.97543,-1.88495,0.0,0.0,0.0,1.0,180,255,1);
INSERT IGNORE INTO gameobject VALUES (21840,180045,530,1,1,-2268.45,5238.19,-9.97545,-2.68781,0.0,0.0,0.0,1.0,180,255,1);
INSERT IGNORE INTO gameobject VALUES (21841,180045,530,1,1,-2261.48,5193.23,-10.0657,-0.139624,0.0,0.0,0.0,1.0,180,255,1);
INSERT IGNORE INTO gameobject VALUES (21842,186253,530,1,1,-2237.73,5186.31,-11.069,-1.02974,0.0,0.0,0.0,1.0,180,255,1);
INSERT IGNORE INTO game_event_gameobject VALUES (21835,62);
INSERT IGNORE INTO game_event_gameobject VALUES (21836,62);
INSERT IGNORE INTO game_event_gameobject VALUES (21837,62);
INSERT IGNORE INTO game_event_gameobject VALUES (21838,62);
INSERT IGNORE INTO game_event_gameobject VALUES (21839,62);
INSERT IGNORE INTO game_event_gameobject VALUES (21840,62);
INSERT IGNORE INTO game_event_gameobject VALUES (21841,62);
INSERT IGNORE INTO game_event_gameobject VALUES (21842,62);
-- darkmoon terokkar, pre 2
INSERT IGNORE INTO game_event VALUES (63,'2010-10-30 12:01:00','2020-12-30 23:00:00',131040,1440,0,'Darkmoon Faire Building 2 (Terokkar Forest)');
INSERT IGNORE INTO gameobject VALUES (21843,179968,530,1,1,-2252.03,5245.33,-9.97546,-2.61799,0.0,0.0,0.0,1.0,180,255,1);
INSERT IGNORE INTO gameobject VALUES (21844,179968,530,1,1,-2252.87,5244.89,-9.9754,0.523598,0.0,0.0,0.0,1.0,180,255,1);
INSERT IGNORE INTO gameobject VALUES (21845,179968,530,1,1,-2253.22,5243.05,-9.97547,-0.122173,0.0,0.0,0.0,1.0,180,255,1);
INSERT IGNORE INTO gameobject VALUES (21846,179968,530,1,1,-2252.57,5244.43,-9.34352,1.0821,0.0,0.0,0.0,1.0,180,255,1);
INSERT IGNORE INTO gameobject VALUES (21847,179968,530,1,1,-2252.35,5243.58,-9.9755,0.296705,0.0,0.0,0.0,1.0,180,255,1);
INSERT IGNORE INTO gameobject VALUES (21848,179968,530,1,1,-2253.72,5244.38,-9.97543,-2.61799,0.0,0.0,0.0,1.0,180,255,1);
INSERT IGNORE INTO gameobject VALUES (21849,179968,530,1,1,-2251.35,5244.16,-9.97551,0.523598,0.0,0.0,0.0,1.0,180,255,1);
INSERT IGNORE INTO gameobject VALUES (21850,179969,530,1,1,-2236.44,5220.29,-9.97543,-0.052359,0.0,0.0,0.0,1.0,180,255,1);
INSERT IGNORE INTO gameobject VALUES (21851,179969,530,1,1,-2232.89,5211.41,-8.76615,1.95477,0.0,0.0,0.0,1.0,180,255,1);
INSERT IGNORE INTO gameobject VALUES (21852,179969,530,1,1,-2237.54,5221.0,-9.97539,1.39626,0.0,0.0,0.0,1.0,180,255,1);
INSERT IGNORE INTO gameobject VALUES (21853,179969,530,1,1,-2235.0,5214.41,-8.74052,0.506145,0.0,0.0,0.0,1.0,180,255,1);
INSERT IGNORE INTO gameobject VALUES (21854,179969,530,1,1,-2278.9,5205.07,-8.39948,1.29154,0.0,0.0,0.0,1.0,180,255,1);
INSERT IGNORE INTO gameobject VALUES (21855,179970,530,1,1,-2276.49,5205.49,-9.79441,-0.226892,0.0,0.0,0.0,1.0,180,255,1);
INSERT IGNORE INTO gameobject VALUES (21856,179970,530,1,1,-2235.23,5208.37,-10.0184,0.349065,0.0,0.0,0.0,1.0,180,255,1);
INSERT IGNORE INTO gameobject VALUES (21857,179970,530,1,1,-2234.24,5210.23,-8.74533,-2.23402,0.0,0.0,0.0,1.0,180,255,1);
INSERT IGNORE INTO gameobject VALUES (21858,179970,530,1,1,-2233.87,5208.08,-10.0347,1.39626,0.0,0.0,0.0,1.0,180,255,1);
INSERT IGNORE INTO gameobject VALUES (21859,179972,530,1,1,-2234.8,5214.42,-9.97589,1.74533,0.0,0.0,0.0,1.0,180,255,1);
INSERT IGNORE INTO gameobject VALUES (21860,179972,530,1,1,-2232.85,5211.37,-10.0027,-1.0472,0.0,0.0,0.0,1.0,180,255,1);
INSERT IGNORE INTO gameobject VALUES (21861,179972,530,1,1,-2233.39,5209.66,-10.0232,-1.74533,0.0,0.0,0.0,1.0,180,255,1);
INSERT IGNORE INTO gameobject VALUES (21862,179972,530,1,1,-2277.98,5204.65,-9.64532,-1.72787,0.0,0.0,0.0,1.0,180,255,1);
INSERT IGNORE INTO gameobject VALUES (21863,179972,530,1,1,-2279.44,5205.24,-9.6256,3.03684,0.0,0.0,0.0,1.0,180,255,1);
INSERT IGNORE INTO gameobject VALUES (21864,179972,530,1,1,-2234.86,5210.77,-9.98861,0.122173,0.0,0.0,0.0,1.0,180,255,1);
INSERT IGNORE INTO gameobject VALUES (21865,179973,530,1,1,-2234.81,5216.3,-9.97498,0.0,0.0,0.0,0.0,1.0,180,255,1);
INSERT IGNORE INTO gameobject VALUES (21866,179973,530,1,1,-2233.96,5218.32,-9.97322,2.58308,0.0,0.0,0.0,1.0,180,255,1);
INSERT IGNORE INTO gameobject VALUES (21867,179977,530,1,1,-2276.51,5205.54,-9.10804,1.76278,0.0,0.0,0.0,1.0,180,255,1);
INSERT IGNORE INTO gameobject VALUES (21868,179977,530,1,1,-2234.85,5214.47,-8.10517,1.46608,0.0,0.0,0.0,1.0,180,255,1);
INSERT IGNORE INTO gameobject VALUES (21869,179977,530,1,1,-2249.82,5242.96,-8.99624,-2.23402,0.0,0.0,0.0,1.0,180,255,1);
INSERT IGNORE INTO gameobject VALUES (21870,180006,530,1,1,-2280.79,5246.01,-9.97544,-0.802851,0.0,0.0,0.0,1.0,180,255,1);
INSERT IGNORE INTO gameobject VALUES (21871,180007,530,1,1,-2258.13,5217.4,-9.98775,2.47837,0.0,0.0,0.0,1.0,180,255,1);
INSERT IGNORE INTO gameobject VALUES (21872,180007,530,1,1,-2274.65,5211.7,-9.98778,-2.426,0.0,0.0,0.0,1.0,180,255,1);
INSERT IGNORE INTO gameobject VALUES (21873,180007,530,1,1,-2246.35,5220.69,-9.98459,1.67551,0.0,0.0,0.0,1.0,180,255,1);
INSERT IGNORE INTO gameobject VALUES (21874,180007,530,1,1,-2255.7,5234.92,-9.97533,-3.07177,0.0,0.0,0.0,1.0,180,255,1);
INSERT IGNORE INTO gameobject VALUES (21875,180007,530,1,1,-2266.15,5202.02,-9.98819,-1.6057,0.0,0.0,0.0,1.0,180,255,1);
INSERT IGNORE INTO gameobject VALUES (21876,180043,530,1,1,-2269.51,5197.71,-9.80712,-2.9845,0.0,0.0,0.0,1.0,180,255,1);
INSERT IGNORE INTO gameobject VALUES (21877,180043,530,1,1,-2281.53,5243.79,-9.97545,2.63544,0.0,0.0,0.0,1.0,180,255,1);
INSERT IGNORE INTO gameobject VALUES (21878,180043,530,1,1,-2230.55,5172.72,-13.4639,-0.994837,0.0,0.0,0.0,1.0,180,255,1);
INSERT IGNORE INTO gameobject VALUES (21879,180043,530,1,1,-2220.71,5176.08,-13.4164,0.366518,0.0,0.0,0.0,1.0,180,255,1);
INSERT IGNORE INTO gameobject VALUES (21880,180043,530,1,1,-2212.66,5161.79,-17.595,2.70526,0.0,0.0,0.0,1.0,180,255,1);
INSERT IGNORE INTO gameobject VALUES (21881,180043,530,1,1,-2225.82,5160.27,-17.2795,-0.087266,0.0,0.0,0.0,1.0,180,255,1);
INSERT IGNORE INTO gameobject VALUES (21882,180043,530,1,1,-2271.57,5232.05,-9.9754,2.37364,0.0,0.0,0.0,1.0,180,255,1);
INSERT IGNORE INTO gameobject VALUES (21883,180046,530,1,1,-2265.91,5235.78,-9.97537,-1.02974,0.0,0.0,0.0,1.0,180,255,1);
INSERT IGNORE INTO gameobject VALUES (21884,180046,530,1,1,-2262.24,5196.83,-10.0033,1.29154,0.0,0.0,0.0,1.0,180,255,1);
INSERT IGNORE INTO gameobject VALUES (21885,180046,530,1,1,-2274.82,5227.6,-9.97544,-0.314158,0.0,0.0,0.0,1.0,180,255,1);
INSERT IGNORE INTO gameobject VALUES (21886,180046,530,1,1,-2267.73,5234.87,-9.97531,-1.0821,0.0,0.0,0.0,1.0,180,255,1);
INSERT IGNORE INTO gameobject VALUES (21887,180047,530,1,1,-2261.18,5196.14,-10.0059,-1.76278,0.0,0.0,0.0,1.0,180,255,1);
INSERT IGNORE INTO gameobject VALUES (21888,180047,530,1,1,-2274.59,5228.82,-9.97548,-2.32129,0.0,0.0,0.0,1.0,180,255,1);
INSERT IGNORE INTO gameobject VALUES (21889,180048,530,1,1,-2261.29,5196.36,-9.49793,-2.16421,0.0,0.0,0.0,1.0,180,255,1);
INSERT IGNORE INTO gameobject VALUES (21890,180049,530,1,1,-2274.5,5228.78,-9.4546,0.767944,0.0,0.0,0.0,1.0,180,255,1);
INSERT IGNORE INTO gameobject VALUES (21891,180050,530,1,1,-2261.12,5196.34,-9.48182,-1.76278,0.0,0.0,0.0,1.0,180,255,1);
INSERT IGNORE INTO gameobject VALUES (21892,180051,530,1,1,-2261.09,5196.13,-9.47695,-2.60053,0.0,0.0,0.0,1.0,180,255,1);
INSERT IGNORE INTO gameobject VALUES (21893,180052,530,1,1,-2273.22,5232.94,-9.97547,-1.67551,0.0,0.0,0.0,1.0,180,255,1);
INSERT IGNORE INTO gameobject VALUES (21894,179967,530,1,1,-2249.83,5242.91,-9.97542,0.331611,0.0,0.0,0.0,1.0,180,255,1);
INSERT IGNORE INTO gameobject VALUES (21895,179967,530,1,1,-2280.81,5205.82,-9.6751,-0.331611,0.0,0.0,0.0,1.0,180,255,1);
INSERT IGNORE INTO gameobject VALUES (21896,179967,530,1,1,-2248.54,5243.33,-9.97544,-1.29154,0.0,0.0,0.0,1.0,180,255,1);
INSERT IGNORE INTO gameobject VALUES (21897,179967,530,1,1,-2235.97,5217.44,-9.97761,-3.10665,0.0,0.0,0.0,1.0,180,255,1);
INSERT IGNORE INTO gameobject VALUES (21898,179967,530,1,1,-2237.76,5219.87,-9.97718,-1.91986,0.0,0.0,0.0,1.0,180,255,1);
INSERT IGNORE INTO gameobject VALUES (21899,179967,530,1,1,-2279.89,5207.03,-9.77578,2.75761,0.0,0.0,0.0,1.0,180,255,1);
INSERT IGNORE INTO gameobject VALUES (21900,179967,530,1,1,-2249.41,5244.0,-9.9754,-0.349065,0.0,0.0,0.0,1.0,180,255,1);
INSERT IGNORE INTO game_event_gameobject VALUES (21843,63);
INSERT IGNORE INTO game_event_gameobject VALUES (21844,63);
INSERT IGNORE INTO game_event_gameobject VALUES (21845,63);
INSERT IGNORE INTO game_event_gameobject VALUES (21846,63);
INSERT IGNORE INTO game_event_gameobject VALUES (21847,63);
INSERT IGNORE INTO game_event_gameobject VALUES (21848,63);
INSERT IGNORE INTO game_event_gameobject VALUES (21849,63);
INSERT IGNORE INTO game_event_gameobject VALUES (21850,63);
INSERT IGNORE INTO game_event_gameobject VALUES (21851,63);
INSERT IGNORE INTO game_event_gameobject VALUES (21852,63);
INSERT IGNORE INTO game_event_gameobject VALUES (21853,63);
INSERT IGNORE INTO game_event_gameobject VALUES (21854,63);
INSERT IGNORE INTO game_event_gameobject VALUES (21855,63);
INSERT IGNORE INTO game_event_gameobject VALUES (21856,63);
INSERT IGNORE INTO game_event_gameobject VALUES (21857,63);
INSERT IGNORE INTO game_event_gameobject VALUES (21858,63);
INSERT IGNORE INTO game_event_gameobject VALUES (21859,63);
INSERT IGNORE INTO game_event_gameobject VALUES (21860,63);
INSERT IGNORE INTO game_event_gameobject VALUES (21861,63);
INSERT IGNORE INTO game_event_gameobject VALUES (21862,63);
INSERT IGNORE INTO game_event_gameobject VALUES (21863,63);
INSERT IGNORE INTO game_event_gameobject VALUES (21864,63);
INSERT IGNORE INTO game_event_gameobject VALUES (21865,63);
INSERT IGNORE INTO game_event_gameobject VALUES (21866,63);
INSERT IGNORE INTO game_event_gameobject VALUES (21867,63);
INSERT IGNORE INTO game_event_gameobject VALUES (21868,63);
INSERT IGNORE INTO game_event_gameobject VALUES (21869,63);
INSERT IGNORE INTO game_event_gameobject VALUES (21870,63);
INSERT IGNORE INTO game_event_gameobject VALUES (21871,63);
INSERT IGNORE INTO game_event_gameobject VALUES (21872,63);
INSERT IGNORE INTO game_event_gameobject VALUES (21873,63);
INSERT IGNORE INTO game_event_gameobject VALUES (21874,63);
INSERT IGNORE INTO game_event_gameobject VALUES (21875,63);
INSERT IGNORE INTO game_event_gameobject VALUES (21876,63);
INSERT IGNORE INTO game_event_gameobject VALUES (21877,63);
INSERT IGNORE INTO game_event_gameobject VALUES (21878,63);
INSERT IGNORE INTO game_event_gameobject VALUES (21879,63);
INSERT IGNORE INTO game_event_gameobject VALUES (21880,63);
INSERT IGNORE INTO game_event_gameobject VALUES (21881,63);
INSERT IGNORE INTO game_event_gameobject VALUES (21882,63);
INSERT IGNORE INTO game_event_gameobject VALUES (21883,63);
INSERT IGNORE INTO game_event_gameobject VALUES (21884,63);
INSERT IGNORE INTO game_event_gameobject VALUES (21885,63);
INSERT IGNORE INTO game_event_gameobject VALUES (21886,63);
INSERT IGNORE INTO game_event_gameobject VALUES (21887,63);
INSERT IGNORE INTO game_event_gameobject VALUES (21888,63);
INSERT IGNORE INTO game_event_gameobject VALUES (21889,63);
INSERT IGNORE INTO game_event_gameobject VALUES (21890,63);
INSERT IGNORE INTO game_event_gameobject VALUES (21891,63);
INSERT IGNORE INTO game_event_gameobject VALUES (21892,63);
INSERT IGNORE INTO game_event_gameobject VALUES (21893,63);
INSERT IGNORE INTO game_event_gameobject VALUES (21894,63);
INSERT IGNORE INTO game_event_gameobject VALUES (21895,63);
INSERT IGNORE INTO game_event_gameobject VALUES (21896,63);
INSERT IGNORE INTO game_event_gameobject VALUES (21897,63);
INSERT IGNORE INTO game_event_gameobject VALUES (21898,63);
INSERT IGNORE INTO game_event_gameobject VALUES (21899,63);
INSERT IGNORE INTO game_event_gameobject VALUES (21900,63);
INSERT IGNORE INTO creature VALUES (138535,14849,530,1,1,0,0,-2250.29,5245.24,-9.85045,5.03122,300,0.0,0,1,0,0,0);
INSERT IGNORE INTO creature VALUES (138536,14849,530,1,1,0,0,-2257.19,5234.82,-9.89205,0.06712,300,0.0,0,1,0,0,0);
INSERT IGNORE INTO creature VALUES (138537,14849,530,1,1,0,0,-2258.29,5215.98,-9.90446,1.4558,300,0.0,0,1,0,0,0);
INSERT IGNORE INTO creature VALUES (138538,14849,530,1,1,0,0,-2247.18,5219.25,-9.90328,1.04846,300,0.0,0,1,0,0,0);
INSERT IGNORE INTO creature VALUES (138539,14849,530,1,1,0,0,-2273.24,5210.8,-9.89171,2.57128,300,0.0,0,1,0,0,0);
INSERT IGNORE INTO creature VALUES (138540,14849,530,1,1,0,0,-2264.64,5202.15,-9.9045,3.226,300,0.0,0,1,0,0,0);
INSERT IGNORE INTO creature VALUES (138541,14849,530,1,1,0,0,-2233.39,5223.75,-9.91236,2.31678,300,0.0,0,1,0,0,0);
INSERT IGNORE INTO creature VALUES (138542,14849,530,1,1,0,0,-2281.47,5212.95,-9.86383,5.90235,300,0.0,0,1,0,0,0);
INSERT IGNORE INTO creature_addon VALUES (138535,0,0,1,0,0,0,NULL);
INSERT IGNORE INTO creature_addon VALUES (138536,0,0,1,0,234,0,NULL);
INSERT IGNORE INTO creature_addon VALUES (138537,0,0,1,0,234,0,NULL);
INSERT IGNORE INTO creature_addon VALUES (138538,0,0,1,0,234,0,NULL);
INSERT IGNORE INTO creature_addon VALUES (138539,0,0,1,0,234,0,NULL);
INSERT IGNORE INTO creature_addon VALUES (138540,0,0,1,0,234,0,NULL);
INSERT IGNORE INTO creature_addon VALUES (138541,0,0,1,0,0,0,NULL);
INSERT IGNORE INTO creature_addon VALUES (138542,0,0,1,0,0,0,NULL);
INSERT IGNORE INTO game_event_creature VALUES (138535,63);
INSERT IGNORE INTO game_event_creature VALUES (138536,63);
INSERT IGNORE INTO game_event_creature VALUES (138537,63);
INSERT IGNORE INTO game_event_creature VALUES (138538,63);
INSERT IGNORE INTO game_event_creature VALUES (138539,63);
INSERT IGNORE INTO game_event_creature VALUES (138540,63);
INSERT IGNORE INTO game_event_creature VALUES (138541,63);
INSERT IGNORE INTO game_event_creature VALUES (138542,63);

-- fix typos
UPDATE game_event SET occurence=80640, length=20160 WHERE entry IN (29,30,31,32);

-- L70ETC
INSERT IGNORE INTO creature VALUES (138699,23830,230,1,1,0,0,846.565,-178.954,-49.6705,2.07694,180,0.0,0,1,0,0,0);
INSERT IGNORE INTO creature VALUES (138700,23845,230,1,1,0,0,851.301,-177.158,-49.6712,2.14675,180,0.0,0,1,0,0,0);
INSERT IGNORE INTO creature VALUES (138701,23850,230,1,1,0,0,846.044,-177.73,-49.6704,2.11185,180,0.0,0,1,0,0,0);
INSERT IGNORE INTO creature VALUES (138702,23852,230,1,1,0,0,842.718,-181.561,-49.67,1.93731,180,0.0,0,1,0,0,0);
INSERT IGNORE INTO creature VALUES (138703,23853,230,1,1,0,0,847.645,-175.846,-49.6706,2.07694,180,0.0,0,1,0,0,0);
INSERT IGNORE INTO creature VALUES (138704,23854,230,1,1,0,0,843.406,-178.133,-49.67,2.04204,180,0.0,0,1,0,0,0);
INSERT IGNORE INTO creature VALUES (138705,28206,230,1,1,0,0,847.823,-181.144,-49.6707,1.85005,180,0.0,0,1,0,0,0); -- drums are present
INSERT IGNORE INTO creature VALUES (138706,23855,230,1,1,0,0,847.554,-180.631,-49.6707,2.04204,180,0.0,0,1,0,0,0);
INSERT IGNORE INTO creature VALUES (138707,28209,230,1,1,0,0,849.49,-179.317,-49.671,4.10152,180,0.0,0,1,0,0,0);
INSERT IGNORE INTO creature VALUES (138708,28210,230,1,1,0,0,845.881,-182.203,-49.6705,1.18682,180,0.0,0,1,0,0,0);
-- INSERT IGNORE INTO creature VALUES (13870x,23619,230,1,1,0,0,851.272,-177.126,-49.6712,2.16421,180,0.0,0,1,0,0,0);
-- INSERT IGNORE INTO creature VALUES (13871x,23623,230,1,1,0,0,847.839,-181.115,-49.6707,1.8675,180,0.0,0,1,0,0,0);
-- INSERT IGNORE INTO creature VALUES (13871x,23624,230,1,1,0,0,842.715,-181.571,-49.67,2.04204,180,0.0,0,1,0,0,0);
-- INSERT IGNORE INTO creature VALUES (13871x,23625,230,1,1,0,0,847.674,-175.869,-49.6706,2.11185,180,0.0,0,1,0,0,0);
-- INSERT IGNORE INTO creature VALUES (13871x,23626,230,1,1,0,0,843.456,-178.145,-49.67,2.05949,180,0.0,0,1,0,0,0);

DELETE FROM creature_template_addon WHERE entry IN (23845,23830,23854,23852,23850,23853,23855);
INSERT IGNORE INTO creature_template_addon VALUES (23845,0,0,1,0,0,0,NULL);
INSERT IGNORE INTO creature_template_addon VALUES (23830,0,0,1,0,0,0,NULL);
INSERT IGNORE INTO creature_template_addon VALUES (23854,0,0,1,0,0,0,NULL);
INSERT IGNORE INTO creature_template_addon VALUES (23852,0,0,1,0,0,0,NULL);
INSERT IGNORE INTO creature_template_addon VALUES (23850,0,0,1,0,0,0,NULL);
INSERT IGNORE INTO creature_template_addon VALUES (23853,0,0,1,0,0,0,NULL);
INSERT IGNORE INTO creature_template_addon VALUES (23855,0,0,1,0,0,0,NULL);
INSERT IGNORE INTO creature_template_addon VALUES (28209,0,0,1,0,423,0,NULL);
INSERT IGNORE INTO creature_template_addon VALUES (28210,0,0,1,0,423,0,NULL);

-- removing nonsense
UPDATE creature_template_addon SET auras=NULL WHERE entry IN (23619,23623,23624,23625,23626);

UPDATE creature_template SET RegenHealth=1, faction_A=35, faction_H=35, npcflag=npcflag|0, unit_flags=33555200, baseattacktime=2000, rangeattacktime=0, dynamicflags=0, scale=1.000000, unit_class=1, speed_walk=1.000000, speed_run=1.142857 WHERE entry=23830;
UPDATE creature_template SET RegenHealth=1, faction_A=35, faction_H=35, npcflag=npcflag|0, unit_flags=33555200, baseattacktime=2000, rangeattacktime=0, dynamicflags=0, scale=1.000000, unit_class=1, speed_walk=1.000000, speed_run=1.142857 WHERE entry=23845;
UPDATE creature_template SET RegenHealth=1, faction_A=35, faction_H=35, npcflag=npcflag|0, unit_flags=33555200, baseattacktime=2000, rangeattacktime=0, dynamicflags=0, scale=1.000000, unit_class=1, speed_walk=1.000000, speed_run=1.142857 WHERE entry=23850;
UPDATE creature_template SET RegenHealth=1, faction_A=35, faction_H=35, npcflag=npcflag|0, unit_flags=33555200, baseattacktime=2000, rangeattacktime=0, dynamicflags=0, scale=1.000000, unit_class=1, speed_walk=1.000000, speed_run=1.142857 WHERE entry=23852;
UPDATE creature_template SET RegenHealth=1, faction_A=35, faction_H=35, npcflag=npcflag|0, unit_flags=33555200, baseattacktime=2000, rangeattacktime=0, dynamicflags=0, scale=1.000000, unit_class=1, speed_walk=1.000000, speed_run=1.142857 WHERE entry=23853;
UPDATE creature_template SET RegenHealth=1, faction_A=35, faction_H=35, npcflag=npcflag|0, unit_flags=33555200, baseattacktime=2000, rangeattacktime=0, dynamicflags=0, scale=1.000000, unit_class=1, speed_walk=1.000000, speed_run=1.142857 WHERE entry=23854;
UPDATE creature_template SET RegenHealth=1, faction_A=35, faction_H=35, npcflag=npcflag|0, unit_flags=2181300992, baseattacktime=2000, rangeattacktime=0, dynamicflags=0, scale=1.000000, unit_class=1, speed_walk=1.000000, speed_run=1.000000 WHERE entry=28206;
UPDATE creature_template SET RegenHealth=1, faction_A=35, faction_H=35, npcflag=npcflag|0, unit_flags=33555200, baseattacktime=2000, rangeattacktime=0, dynamicflags=0, scale=1.000000, unit_class=1, speed_walk=1.000000, speed_run=1.142857 WHERE entry=23855;
UPDATE creature_template SET RegenHealth=1, faction_A=35, faction_H=35, npcflag=npcflag|0, unit_flags=0, baseattacktime=2000, rangeattacktime=0, dynamicflags=0, scale=1.000000, unit_class=1, speed_walk=1.000000, speed_run=1.142857 WHERE entry=28209;
UPDATE creature_template SET RegenHealth=1, faction_A=35, faction_H=35, npcflag=npcflag|0, unit_flags=0, baseattacktime=2000, rangeattacktime=0, dynamicflags=0, scale=1.000000, unit_class=1, speed_walk=1.000000, speed_run=1.142857 WHERE entry=28210;
UPDATE creature_template SET RegenHealth=1, faction_A=35, faction_H=35, npcflag=npcflag|0, unit_flags=768, baseattacktime=2000, rangeattacktime=0, dynamicflags=0, scale=1.000000, unit_class=8, speed_walk=1.000000, speed_run=1.142857 WHERE entry=23619;
UPDATE creature_template SET RegenHealth=1, faction_A=35, faction_H=35, npcflag=npcflag|0, unit_flags=768, baseattacktime=2000, rangeattacktime=0, dynamicflags=0, scale=1.000000, unit_class=2, speed_walk=1.000000, speed_run=1.142857 WHERE entry=23623;
UPDATE creature_template SET RegenHealth=1, faction_A=35, faction_H=35, npcflag=npcflag|0, unit_flags=768, baseattacktime=2000, rangeattacktime=0, dynamicflags=0, scale=1.000000, unit_class=2, speed_walk=1.000000, speed_run=1.142857 WHERE entry=23624;
UPDATE creature_template SET RegenHealth=1, faction_A=35, faction_H=35, npcflag=npcflag|0, unit_flags=768, baseattacktime=2000, rangeattacktime=0, dynamicflags=0, scale=1.000000, unit_class=1, speed_walk=1.000000, speed_run=1.142857 WHERE entry=23625;
UPDATE creature_template SET RegenHealth=1, faction_A=35, faction_H=35, npcflag=npcflag|0, unit_flags=768, baseattacktime=2000, rangeattacktime=0, dynamicflags=0, scale=1.000000, unit_class=2, speed_walk=1.000000, speed_run=1.142857 WHERE entry=23626;
-- controllers in bar
INSERT IGNORE INTO creature VALUES (138709,23852,530,1,1,0,0,-1754.98,5133.36,-36.178,1.93731,180,0.0,0,1,0,0,0);
INSERT IGNORE INTO creature VALUES (138710,23854,530,1,1,0,0,-1752.91,5136.07,-36.178,2.04204,180,0.0,0,1,0,0,0);
INSERT IGNORE INTO creature VALUES (138711,23855,530,1,1,0,0,-1749.92,5134.27,-36.178,2.04204,180,0.0,0,1,0,0,0);
INSERT IGNORE INTO creature VALUES (138513,23845,530,1,1,0,0,-1745.4,5136.41,-36.178,2.02458,300,0.0,0,1,0,0,0);
INSERT IGNORE INTO creature VALUES (138518,23850,530,1,1,0,0,-1750.72,5136.83,-36.178,2.11185,300,0.0,0,1,0,0,0);
INSERT IGNORE INTO creature VALUES (138520,23853,530,1,1,0,0,-1749.08,5137.8,-36.178,2.07694,300,0.0,0,1,0,0,0);
INSERT IGNORE INTO creature_template_addon VALUES (23845,0,0,1,0,0,0,NULL);
INSERT IGNORE INTO creature_template_addon VALUES (23850,0,0,1,0,0,0,NULL);
INSERT IGNORE INTO creature_template_addon VALUES (23853,0,0,1,0,0,0,NULL);

-- shattrath bar
INSERT IGNORE INTO game_event (entry,start_time,end_time,occurence,length,holiday,description) VALUES
(57,'2011-01-01 02:48:00','2020-12-31 00:00:00',180,24,0,'World\'s End Tavern - Perry Gatner Announce'),
(58,'2011-01-01 03:00:00','2020-12-31 00:00:00',180,5,0,'World\'s End Tavern - Perry Gatner Standup Comedy'),
(59,'2011-01-01 03:48:00','2020-12-31 00:00:00',180,24,0,'World\'s End Tavern - L70ETC Concert Announce'),
(60,'2011-01-01 04:00:00','2020-12-31 00:00:00',180,5,0,'World\'s End Tavern - L70ETC Concert');

DELETE FROM game_event_creature WHERE guid in (68835,68836,6747);
INSERT IGNORE INTO game_event_creature (guid,event) VALUES
-- Perry Gatner Event
(68835,57),
(68836,57),
(6747,58);

-- L70ETC Tavern Concert Spawns
-- Quarksproket and Shattrath Saul Movement Type
UPDATE creature SET MovementType=2 WHERE guid in (68835,68836);

DELETE FROM creature_movement WHERE id = 68835;
INSERT IGNORE INTO creature_movement (id,point,position_x,position_y,position_z,waittime,script_id,textid1,textid2,textid3,textid4,textid5,emote,spell,wpguid,orientation,model1,model2) VALUES
(68835,1,-1757.02,5165.38,-37.2038,0,0,0,0,0,0,0,0,0,0,3.53345,0,0),
(68835,2,-1762.27,5180.57,-40.2091,0,0,0,0,0,0,0,0,0,0,1.89982,0,0),
(68835,3,-1716.24,5182.46,-40.2091,4000,6883501,0,0,0,0,0,0,0,0,0.007011,0,0),  -- Stop and Announce Event
(68835,4,-1705.72,5191,-40.2091,0,0,0,0,0,0,0,0,0,0,0.682454,0,0),
(68835,5,-1699.66,5195.93,-44.0718,0,0,0,0,0,0,0,0,0,0,0.682454,0,0),
(68835,6,-1690.79,5203.14,-48.6574,0,0,0,0,0,0,0,0,0,0,0.682454,0,0),
(68835,7,-1656.28,5223.15,-44.9596,0,0,0,0,0,0,0,0,0,0,0.525374,0,0),
(68835,8,-1650.44,5230.44,-42.5304,0,0,0,0,0,0,0,0,0,0,0.896082,0,0),
(68835,9,-1631.12,5254.6,-40.9607,0,0,0,0,0,0,0,0,0,0,0.896082,0,0),
(68835,10,-1640.88,5304.2,-40.2084,6000,6883501,0,0,0,0,0,0,0,0,1.86291,0,0),  -- Stop and Announce Event
(68835,11,-1636.22,5314.78,-40.2084,0,0,0,0,0,0,0,0,0,0,1.15605,0,0),
(68835,12,-1622.16,5326.45,-40.2084,0,0,0,0,0,0,0,0,0,0,0.592133,0,0),
(68835,13,-1610.3,5355.94,-40.2084,0,0,0,0,0,0,0,0,0,0,1.23537,0,0),
(68835,14,-1609.98,5366.09,-40.2084,0,0,0,0,0,0,0,0,0,0,1.54325,0,0),
(68835,15,-1622.1,5373.63,-40.0386,0,0,0,0,0,0,0,0,0,0,2.58076,0,0),
(68835,16,-1625.53,5377.08,-42.8777,0,0,0,0,0,0,0,0,0,0,2.43625,0,0),
(68835,17,-1630.16,5381.02,-45.0095,0,0,0,0,0,0,0,0,0,0,2.43625,0,0),
(68835,18,-1639.84,5390.49,-45.3814,6000,6883501,0,0,0,0,0,0,0,0,2.36713,0,0),  -- Stop and Announce Event
(68835,19,-1651.62,5378.31,-45.7854,0,0,0,0,0,0,0,0,0,0,4.08401,0,0),
(68835,20,-1666.03,5353.6,-46.0252,0,0,0,0,0,0,0,0,0,0,4.18455,0,0),
(68835,21,-1673.58,5311.18,-49.4892,0,0,0,0,0,0,0,0,0,0,4.57096,0,0),
(68835,22,-1674.79,5289.95,-50.821,0,0,0,0,0,0,0,0,0,0,4.67385,0,0),
(68835,23,-1686.38,5261.5,-51.5536,0,0,0,0,0,0,0,0,0,0,4.46022,0,0),
(68835,24,-1693.98,5257.05,-51.2394,0,0,0,0,0,0,0,0,0,0,3.7408,0,0),
(68835,25,-1699.58,5259.92,-49.9008,0,0,0,0,0,0,0,0,0,0,2.708,0,0),
(68835,26,-1702.56,5258.06,-49.4939,0,0,0,0,0,0,0,0,0,0,3.47141,0,0),
(68835,27,-1706.01,5263.32,-47.3521,0,0,0,0,0,0,0,0,0,0,2.17078,0,0),
(68835,28,-1709.49,5268.41,-43.9396,0,0,0,0,0,0,0,0,0,0,2.17078,0,0),
(68835,29,-1728.39,5269.04,-40.2088,0,0,0,0,0,0,0,0,0,0,3.20359,0,0),
(68835,30,-1738.07,5268.11,-40.2088,0,0,0,0,0,0,0,0,0,0,3.47455,0,0),
(68835,31,-1747.25,5258.58,-40.2088,0,0,0,0,0,0,0,0,0,0,3.94579,0,0),
(68835,32,-1772.78,5264.65,-38.8085,0,0,0,0,0,0,0,0,0,0,2.89492,0,0),
(68835,33,-1772.22,5261.73,-38.8165,6000,6883501,0,0,0,0,0,0,0,0,5.17729,0,0),  -- Stop and Announce Event
(68835,34,-1771.43,5253.67,-38.8506,0,0,0,0,0,0,0,0,0,0,4.80973,0,0),
(68835,35,-1772.21,5250.13,-40.2087,0,0,0,0,0,0,0,0,0,0,4.49557,0,0),
(68835,36,-1778.68,5242.04,-40.2087,0,0,0,0,0,0,0,0,0,0,4.14135,0,0),
(68835,37,-1782.5,5233.71,-44.9431,0,0,0,0,0,0,0,0,0,0,4.32514,0,0),
(68835,38,-1786.48,5223.96,-48.7779,0,0,0,0,0,0,0,0,0,0,4.32514,0,0),
(68835,39,-1794.15,5216.84,-48.9563,0,0,0,0,0,0,0,0,0,0,3.73687,0,0),
(68835,40,-1804.09,5212.84,-49.6782,0,0,0,0,0,0,0,0,0,0,3.52324,0,0),
(68835,41,-1808.76,5211.69,-47.2981,0,0,0,0,0,0,0,0,0,0,3.39287,0,0),
(68835,42,-1815.07,5201.33,-50.6577,0,0,0,0,0,0,0,0,0,0,4.1657,0,0),
(68835,43,-1820.61,5189.25,-51.6386,0,0,0,0,0,0,0,0,0,0,4.32356,0,0),
(68835,44,-1823.28,5180.36,-51.0135,0,0,0,0,0,0,0,0,0,0,4.40368,0,0),
(68835,45,-1843.79,5167.99,-47.3273,0,0,0,0,0,0,0,0,0,0,3.65362,0,0),
(68835,46,-1875.47,5164.36,-48.6481,0,0,0,0,0,0,0,0,0,0,3.36616,0,0),
(68835,47,-1883.85,5162.45,-44.7312,0,0,0,0,0,0,0,0,0,0,3.36616,0,0),
(68835,48,-1893.51,5160.85,-40.2086,0,0,0,0,0,0,0,0,0,0,3.36616,0,0),
(68835,49,-1899.91,5163.16,-40.2086,0,0,0,0,0,0,0,0,0,0,2.79439,0,0),
(68835,50,-1900.45,5166.11,-40.2086,6000,6883501,0,0,0,0,0,0,0,0,1.75138,0,0),  -- Stop and Announce Event
(68835,51,-1911.95,5176.88,-40.2086,0,0,0,0,0,0,0,0,0,0,2.38913,0,0),
(68835,52,-1912.36,5191.24,-43.7403,0,0,0,0,0,0,0,0,0,0,1.69641,0,0),
(68835,53,-1914.22,5198.11,-47.7808,0,0,0,0,0,0,0,0,0,0,1.85663,0,0),
(68835,54,-1956.55,5221.12,-47.2991,0,0,0,0,0,0,0,0,0,0,2.64124,0,0),
(68835,55,-1977.54,5237.32,-46.0225,0,0,0,0,0,0,0,0,0,0,2.48416,0,0),
(68835,56,-2002.27,5244.7,-45.778,6000,6883501,0,0,0,0,0,0,0,0,2.85173,0,0),  -- Stop and Announce Event
(68835,57,-1970.32,5232.98,-46.1144,0,0,0,0,0,0,0,0,0,0,5.86766,0,0),
(68835,58,-1944.62,5221.73,-47.4958,0,0,0,0,0,0,0,0,0,0,5.79697,0,0),
(68835,59,-1933,5215.72,-47.2901,0,0,0,0,0,0,0,0,0,0,5.8064,0,0),
(68835,60,-1897.02,5206.23,-49.8338,0,0,0,0,0,0,0,0,0,0,6.01374,0,0),
(68835,61,-1863.63,5171.77,-49.6511,0,0,0,0,0,0,0,0,0,0,5.55821,0,0),
(68835,62,-1827.33,5172.78,-49.8559,0,0,0,0,0,0,0,0,0,0,0.087125,0,0),
(68835,63,-1820.73,5168.81,-46.3806,0,0,0,0,0,0,0,0,0,0,5.74199,0,0),
(68835,64,-1800.07,5169.96,-40.7856,0,0,0,0,0,0,0,0,0,0,6.24857,0,0),
(68835,65,-1791.76,5171.2,-40.4463,0,0,0,0,0,0,0,0,0,0,0.157025,0,0),
(68835,66,-1785.11,5172.43,-40.2089,0,0,0,0,0,0,0,0,0,0,0.259127,0,0),
(68835,67,-1764.39,5181.62,-40.2089,0,0,0,0,0,0,0,0,0,0,0.377722,0,0),
(68835,68,-1758.2,5165.99,-37.2046,0,0,0,0,0,0,0,0,0,0,5.06498,0,0),
(68835,69,-1751.66,5168.17,-37.2046,0,0,0,0,0,0,0,0,0,0,0.23635,0,0),
(68835,70,-1751.63,5167.24,-37.2046,1800000,0,0,0,0,0,0,0,0,0,4.81365,0,0);

DELETE FROM creature_movement WHERE id = 68836;
INSERT IGNORE INTO creature_movement (id,point,position_x,position_y,position_z,waittime,script_id,textid1,textid2,textid3,textid4,textid5,emote,spell,wpguid,orientation,model1,model2) VALUES
(68836,1,-1737.89,5139.73,-37.3229,715000,0,0,0,0,0,0,0,0,0,2.03774,0,0),  -- Initial Spawn Point To Stand and Wait Until Just Before Show
(68836,2,-1740.95,5139.05,-36.7629,0,0,0,0,0,0,0,0,0,0,3.19259,0,0),
(68836,3,-1743.18,5138.94,-36.2607,0,0,0,0,0,0,0,0,0,0,3.19259,0,0),
(68836,4,-1751.3,5139.58,-36.2607,0,0,0,0,0,0,0,0,0,0,1.77259,0,0),
(68836,5,-1752.33,5142.55,-36.2607,5000,0,2000005300,0,0,0,0,21,0,0,1.81343,0,0), -- PRE-SHOW SPEECH + CLAPPING
(68836,6,-1752.12,5142.02,-36.2607,4000,0,0,0,0,0,0,25,0,0,5.05555,0,0), -- Turn Around With Point Emote
(68836,7,-1752.12,5142.02,-36.2607,4000,0,0,0,0,0,0,21,0,0,5.05555,0,0), -- Clap Emote
(68836,8,-1750.27,5143.63,-36.3534,0,0,0,0,0,0,0,0,0,0,0.713872,0,0),
(68836,9,-1749.59,5145.78,-37.2049,0,0,0,0,0,0,0,0,0,0,1.26679,0,0),
(68836,10,-1746.59,5145.33,-37.2049,0,0,0,0,0,0,0,0,0,0,6.13312,0,0),
(68836,11,-1740.9,5143.23,-37.2049,0,0,0,0,0,0,0,0,0,0,5.92892,0,0),
(68836,12,-1735.95,5139.95,-37.2779,0,0,0,0,0,0,0,0,0,0,5.70822,0,0),
(68836,13,-1737.58,5140.13,-37.3003,269000,0,0,0,0,0,0,0,0,0,3.03472,0,0),  -- Wait Point During Show
(68836,14,-1745.1,5144.54,-37.2038,0,0,0,0,0,0,0,0,0,0,2.61061,0,0),
(68836,15,-1748.36,5145.45,-37.2038,0,0,0,0,0,0,0,0,0,0,2.87136,0,0),
(68836,16,-1751.1,5139.39,-36.0873,0,0,0,0,0,0,0,0,0,0,4.28822,0,0),
(68836,17,-1752.21,5142.52,-36.2611,4000,0,0,0,0,0,0,11,0,0,1.91945,0,0),  -- Laugh Emote
(68836,18,-1752.21,5142.52,-36.2611,4000,0,0,0,0,0,0,21,0,0,1.91945,0,0),  -- Clap Emote
(68836,19,-1752.21,5142.52,-36.2611,11000,0,2000005301,0,0,0,0,21,0,0,1.91945,0,0),  -- Clap Emote + Say
(68836,20,-1752.21,5142.52,-36.2611,3000,0,0,0,0,0,0,21,0,0,1.91945,0,0),  -- Clap Emote
(68836,21,-1749.96,5146.13,-37.2039,0,0,0,0,0,0,0,0,0,0,1.01075,0,0),
(68836,22,-1743.97,5144.62,-37.2039,0,0,0,0,0,0,0,0,0,0,6.0373,0,0),
(68836,23,-1736.66,5138.91,-37.325,0,0,0,0,0,0,0,0,0,0,5.48752,0,0),
(68836,24,-1737.89,5139.73,-37.3229,600000,0,0,0,0,0,0,0,0,0,2.03774,0,0);  -- Final Stop Point Before Despawn

DELETE FROM db_script_string WHERE entry IN (2000005300,2000005301,2000005302,2000005303,2000005304,2000005305);
INSERT IGNORE INTO db_script_string (entry, content_default) VALUES
(2000005300,'Thank you all for coming tonight. Now put your hands together to welcome Shattrath\'s best, Perry Gatner!'),
(2000005301,'Perry Gatner! What an act! The cantina is open all night long, so please, stay and enjoy yourselves!'),
(2000005302,'Check out the comedy stylings of Perry Gatner in just a few minutes!'),
(2000005303,'If you are ready to laugh, head over to the World\'s End Tavern!'),
(2000005304,'Now, in Shattrath City: The Tauren Chieftains! Playing in the World\'s End Tavern at the top of the hour!'),
(2000005305,'Who? The Tauren Chieftains! What? A live performance. Where? The World\'s End Tavern! When? The top of the hour! BE THERE!');

DELETE FROM creature_movement_scripts WHERE id in (6883501);
INSERT IGNORE INTO creature_movement_scripts (id, delay, command, datalong, datalong2, datalong3, datalong4, data_flags, dataint, dataint2, dataint3, dataint4, x, y, z, o, comments) VALUES
(6883501,0,0,1,0,0,0,0,2000005302,2000005303,0,0,0,0,0,0,'Shattrath Saul - Perry Gatner Event Announce');

-- Update Perry Gatner Spawn Point / Movement Type / Waypoint Movement
UPDATE creature SET position_x = -1747.488159, position_y = 5126.315918, position_z = -35.863438, orientation = 1.977586, MovementType = 2 WHERE guid=6747;
DELETE FROM creature_movement WHERE id=6747;
INSERT IGNORE INTO creature_movement (id,point,position_x,position_y,position_z,orientation,wpguid,waittime) VALUES 
(6747,1,-1747.488159,5126.315918,-35.863438,1.977586,0,15000),
(6747,2,-1752.102661,5142.157227,-36.261078,1.946170,0,269000),
(6747,3,-1747.488159,5126.315918,-35.863438,1.977586,0,60000);

INSERT IGNORE INTO creature VALUES (138543,19270,530,1,1,0,0,-1751.44,5167.03,-37.2049,4.73719,300,0,0,3662,0,0,2);  -- Shattrath Saul Spawn for L70ETC Announce Event
INSERT IGNORE INTO creature VALUES (138544,23623,530,1,1,0,0,-1749.92,5134.53,-36.2611,1.85192,25,0,0,11000,3155,0,0);  -- Chief Thunder-Skin (Drummer)
INSERT IGNORE INTO creature VALUES (138545,23625,530,1,1,0,0,-1749.28,5138.05,-36.2611,1.826,25,0,0,6100,0,0,0);  -- Samuro (Orc Vocalist)
INSERT IGNORE INTO creature VALUES (138546,23626,530,1,1,0,0,-1752.7,5136.19,-36.2612,1.80244,25,0,0,6400,3155,0,0);  -- Sig Nicious (Blood Elf Guitarist)
INSERT IGNORE INTO creature VALUES (138547,23624,530,1,1,0,0,-1755.31,5133.44,-36.2612,1.77574,25,0,0,7200,3155,0,0);  -- Mai'Kyl (Troll Bassist)
INSERT IGNORE INTO creature VALUES (138548,23619,530,1,1,0,0,-1745.25,5136.43,-36.2613,1.99015,25,0,0,5900,7196,0,0);  -- Bergrisst (Undead Guitarist)
INSERT IGNORE INTO creature VALUES (138549,23830,530,1,1,0,0,-1750.52,5136.14,-36.178,2.07694,300,0,0,4120,0,0,0);  -- L70ETC FX Controller

INSERT IGNORE INTO creature VALUES (138550,5043,0,1,1,0,7,-8764.87,847.11,87.2577,3.86765,600000,0,0,484,0,0,2);  -- Defias Rioter
INSERT IGNORE INTO creature VALUES (138551,5043,0,1,1,0,7,-8764.18,846.946,87.0923,3.91792,600000,0,0,484,0,0,2);  -- Defias Rioter
INSERT IGNORE INTO creature VALUES (138552,5043,0,1,1,0,7,-8764.17,846.22,87.2574,3.7577,600000,0,0,484,0,0,2);  -- Defias Rioter
INSERT IGNORE INTO creature VALUES (138553,5043,0,1,1,0,7,-8763.14,845.686,87.0814,3.76991,600000,0,0,484,0,0,2);  -- Defias Rioter

INSERT IGNORE INTO game_event_creature VALUES (138543,59);
INSERT IGNORE INTO game_event_creature VALUES (138544,60);
INSERT IGNORE INTO game_event_creature VALUES (138545,60);
INSERT IGNORE INTO game_event_creature VALUES (138546,60);
INSERT IGNORE INTO game_event_creature VALUES (138547,60);
INSERT IGNORE INTO game_event_creature VALUES (138548,60);
-- INSERT IGNORE INTO game_event_creature VALUES (138549,60);

INSERT IGNORE INTO game_event_creature VALUES (138550,61);
INSERT IGNORE INTO game_event_creature VALUES (138551,61);
INSERT IGNORE INTO game_event_creature VALUES (138552,61);
INSERT IGNORE INTO game_event_creature VALUES (138553,61);

INSERT IGNORE INTO creature_movement VALUES (138543,1,-1757.02,5165.38,-37.2038,0,0,0,0,0,0,0,0,0,0,3.53345,0,0);
INSERT IGNORE INTO creature_movement VALUES (138543,2,-1762.27,5180.57,-40.2091,0,0,0,0,0,0,0,0,0,0,1.89982,0,0);
INSERT IGNORE INTO creature_movement VALUES (138543,3,-1716.24,5182.46,-40.2091,4000,13854301,0,0,0,0,0,0,0,0,0.007011,0,0);  -- Stop and Announce Event
INSERT IGNORE INTO creature_movement VALUES (138543,4,-1705.72,5191,-40.2091,0,0,0,0,0,0,0,0,0,0,0.682454,0,0);
INSERT IGNORE INTO creature_movement VALUES (138543,5,-1699.66,5195.93,-44.0718,0,0,0,0,0,0,0,0,0,0,0.682454,0,0);
INSERT IGNORE INTO creature_movement VALUES (138543,6,-1690.79,5203.14,-48.6574,0,0,0,0,0,0,0,0,0,0,0.682454,0,0);
INSERT IGNORE INTO creature_movement VALUES (138543,7,-1656.28,5223.15,-44.9596,0,0,0,0,0,0,0,0,0,0,0.525374,0,0);
INSERT IGNORE INTO creature_movement VALUES (138543,8,-1650.44,5230.44,-42.5304,0,0,0,0,0,0,0,0,0,0,0.896082,0,0);
INSERT IGNORE INTO creature_movement VALUES (138543,9,-1631.12,5254.6,-40.9607,0,0,0,0,0,0,0,0,0,0,0.896082,0,0);
INSERT IGNORE INTO creature_movement VALUES (138543,10,-1640.88,5304.2,-40.2084,6000,13854301,0,0,0,0,0,0,0,0,1.86291,0,0);  -- Stop and Announce Event
INSERT IGNORE INTO creature_movement VALUES (138543,11,-1636.22,5314.78,-40.2084,0,0,0,0,0,0,0,0,0,0,1.15605,0,0);
INSERT IGNORE INTO creature_movement VALUES (138543,12,-1622.16,5326.45,-40.2084,0,0,0,0,0,0,0,0,0,0,0.592133,0,0);
INSERT IGNORE INTO creature_movement VALUES (138543,13,-1610.3,5355.94,-40.2084,0,0,0,0,0,0,0,0,0,0,1.23537,0,0);
INSERT IGNORE INTO creature_movement VALUES (138543,14,-1609.98,5366.09,-40.2084,0,0,0,0,0,0,0,0,0,0,1.54325,0,0);
INSERT IGNORE INTO creature_movement VALUES (138543,15,-1622.1,5373.63,-40.0386,0,0,0,0,0,0,0,0,0,0,2.58076,0,0);
INSERT IGNORE INTO creature_movement VALUES (138543,16,-1625.53,5377.08,-42.8777,0,0,0,0,0,0,0,0,0,0,2.43625,0,0);
INSERT IGNORE INTO creature_movement VALUES (138543,17,-1630.16,5381.02,-45.0095,0,0,0,0,0,0,0,0,0,0,2.43625,0,0);
INSERT IGNORE INTO creature_movement VALUES (138543,18,-1639.84,5390.49,-45.3814,6000,13854301,0,0,0,0,0,0,0,0,2.36713,0,0);  -- Stop and Announce Event
INSERT IGNORE INTO creature_movement VALUES (138543,19,-1651.62,5378.31,-45.7854,0,0,0,0,0,0,0,0,0,0,4.08401,0,0);
INSERT IGNORE INTO creature_movement VALUES (138543,20,-1666.03,5353.6,-46.0252,0,0,0,0,0,0,0,0,0,0,4.18455,0,0);
INSERT IGNORE INTO creature_movement VALUES (138543,21,-1673.58,5311.18,-49.4892,0,0,0,0,0,0,0,0,0,0,4.57096,0,0);
INSERT IGNORE INTO creature_movement VALUES (138543,22,-1674.79,5289.95,-50.821,0,0,0,0,0,0,0,0,0,0,4.67385,0,0);
INSERT IGNORE INTO creature_movement VALUES (138543,23,-1686.38,5261.5,-51.5536,0,0,0,0,0,0,0,0,0,0,4.46022,0,0);
INSERT IGNORE INTO creature_movement VALUES (138543,24,-1693.98,5257.05,-51.2394,0,0,0,0,0,0,0,0,0,0,3.7408,0,0);
INSERT IGNORE INTO creature_movement VALUES (138543,25,-1699.58,5259.92,-49.9008,0,0,0,0,0,0,0,0,0,0,2.708,0,0);
INSERT IGNORE INTO creature_movement VALUES (138543,26,-1702.56,5258.06,-49.4939,0,0,0,0,0,0,0,0,0,0,3.47141,0,0);
INSERT IGNORE INTO creature_movement VALUES (138543,27,-1706.01,5263.32,-47.3521,0,0,0,0,0,0,0,0,0,0,2.17078,0,0);
INSERT IGNORE INTO creature_movement VALUES (138543,28,-1709.49,5268.41,-43.9396,0,0,0,0,0,0,0,0,0,0,2.17078,0,0);
INSERT IGNORE INTO creature_movement VALUES (138543,29,-1728.39,5269.04,-40.2088,0,0,0,0,0,0,0,0,0,0,3.20359,0,0);
INSERT IGNORE INTO creature_movement VALUES (138543,30,-1738.07,5268.11,-40.2088,0,0,0,0,0,0,0,0,0,0,3.47455,0,0);
INSERT IGNORE INTO creature_movement VALUES (138543,31,-1747.25,5258.58,-40.2088,0,0,0,0,0,0,0,0,0,0,3.94579,0,0);
INSERT IGNORE INTO creature_movement VALUES (138543,32,-1772.78,5264.65,-38.8085,0,0,0,0,0,0,0,0,0,0,2.89492,0,0);
INSERT IGNORE INTO creature_movement VALUES (138543,33,-1772.22,5261.73,-38.8165,6000,13854301,0,0,0,0,0,0,0,0,5.17729,0,0);  -- Stop and Announce Event
INSERT IGNORE INTO creature_movement VALUES (138543,34,-1771.43,5253.67,-38.8506,0,0,0,0,0,0,0,0,0,0,4.80973,0,0);
INSERT IGNORE INTO creature_movement VALUES (138543,35,-1772.21,5250.13,-40.2087,0,0,0,0,0,0,0,0,0,0,4.49557,0,0);
INSERT IGNORE INTO creature_movement VALUES (138543,36,-1778.68,5242.04,-40.2087,0,0,0,0,0,0,0,0,0,0,4.14135,0,0);
INSERT IGNORE INTO creature_movement VALUES (138543,37,-1782.5,5233.71,-44.9431,0,0,0,0,0,0,0,0,0,0,4.32514,0,0);
INSERT IGNORE INTO creature_movement VALUES (138543,38,-1786.48,5223.96,-48.7779,0,0,0,0,0,0,0,0,0,0,4.32514,0,0);
INSERT IGNORE INTO creature_movement VALUES (138543,39,-1794.15,5216.84,-48.9563,0,0,0,0,0,0,0,0,0,0,3.73687,0,0);
INSERT IGNORE INTO creature_movement VALUES (138543,40,-1804.09,5212.84,-49.6782,0,0,0,0,0,0,0,0,0,0,3.52324,0,0);
INSERT IGNORE INTO creature_movement VALUES (138543,41,-1808.76,5211.69,-47.2981,0,0,0,0,0,0,0,0,0,0,3.39287,0,0);
INSERT IGNORE INTO creature_movement VALUES (138543,42,-1815.07,5201.33,-50.6577,0,0,0,0,0,0,0,0,0,0,4.1657,0,0);
INSERT IGNORE INTO creature_movement VALUES (138543,43,-1820.61,5189.25,-51.6386,0,0,0,0,0,0,0,0,0,0,4.32356,0,0);
INSERT IGNORE INTO creature_movement VALUES (138543,44,-1823.28,5180.36,-51.0135,0,0,0,0,0,0,0,0,0,0,4.40368,0,0);
INSERT IGNORE INTO creature_movement VALUES (138543,45,-1843.79,5167.99,-47.3273,0,0,0,0,0,0,0,0,0,0,3.65362,0,0);
INSERT IGNORE INTO creature_movement VALUES (138543,46,-1875.47,5164.36,-48.6481,0,0,0,0,0,0,0,0,0,0,3.36616,0,0);
INSERT IGNORE INTO creature_movement VALUES (138543,47,-1883.85,5162.45,-44.7312,0,0,0,0,0,0,0,0,0,0,3.36616,0,0);
INSERT IGNORE INTO creature_movement VALUES (138543,48,-1893.51,5160.85,-40.2086,0,0,0,0,0,0,0,0,0,0,3.36616,0,0);
INSERT IGNORE INTO creature_movement VALUES (138543,49,-1899.91,5163.16,-40.2086,0,0,0,0,0,0,0,0,0,0,2.79439,0,0);
INSERT IGNORE INTO creature_movement VALUES (138543,50,-1900.45,5166.11,-40.2086,6000,13854301,0,0,0,0,0,0,0,0,1.75138,0,0);  -- Stop and Announce Event
INSERT IGNORE INTO creature_movement VALUES (138543,51,-1911.95,5176.88,-40.2086,0,0,0,0,0,0,0,0,0,0,2.38913,0,0);
INSERT IGNORE INTO creature_movement VALUES (138543,52,-1912.36,5191.24,-43.7403,0,0,0,0,0,0,0,0,0,0,1.69641,0,0);
INSERT IGNORE INTO creature_movement VALUES (138543,53,-1914.22,5198.11,-47.7808,0,0,0,0,0,0,0,0,0,0,1.85663,0,0);
INSERT IGNORE INTO creature_movement VALUES (138543,54,-1956.55,5221.12,-47.2991,0,0,0,0,0,0,0,0,0,0,2.64124,0,0);
INSERT IGNORE INTO creature_movement VALUES (138543,55,-1977.54,5237.32,-46.0225,0,0,0,0,0,0,0,0,0,0,2.48416,0,0);
INSERT IGNORE INTO creature_movement VALUES (138543,56,-2002.27,5244.7,-45.778,6000,13854301,0,0,0,0,0,0,0,0,2.85173,0,0);  -- Stop and Announce Event
INSERT IGNORE INTO creature_movement VALUES (138543,57,-1970.32,5232.98,-46.1144,0,0,0,0,0,0,0,0,0,0,5.86766,0,0);
INSERT IGNORE INTO creature_movement VALUES (138543,58,-1944.62,5221.73,-47.4958,0,0,0,0,0,0,0,0,0,0,5.79697,0,0);
INSERT IGNORE INTO creature_movement VALUES (138543,59,-1933,5215.72,-47.2901,0,0,0,0,0,0,0,0,0,0,5.8064,0,0);
INSERT IGNORE INTO creature_movement VALUES (138543,60,-1897.02,5206.23,-49.8338,0,0,0,0,0,0,0,0,0,0,6.01374,0,0);
INSERT IGNORE INTO creature_movement VALUES (138543,61,-1863.63,5171.77,-49.6511,0,0,0,0,0,0,0,0,0,0,5.55821,0,0);
INSERT IGNORE INTO creature_movement VALUES (138543,62,-1827.33,5172.78,-49.8559,0,0,0,0,0,0,0,0,0,0,0.087125,0,0);
INSERT IGNORE INTO creature_movement VALUES (138543,63,-1820.73,5168.81,-46.3806,0,0,0,0,0,0,0,0,0,0,5.74199,0,0);
INSERT IGNORE INTO creature_movement VALUES (138543,64,-1800.07,5169.96,-40.7856,0,0,0,0,0,0,0,0,0,0,6.24857,0,0);
INSERT IGNORE INTO creature_movement VALUES (138543,65,-1791.76,5171.2,-40.4463,0,0,0,0,0,0,0,0,0,0,0.157025,0,0);
INSERT IGNORE INTO creature_movement VALUES (138543,66,-1785.11,5172.43,-40.2089,0,0,0,0,0,0,0,0,0,0,0.259127,0,0);
INSERT IGNORE INTO creature_movement VALUES (138543,67,-1764.39,5181.62,-40.2089,0,0,0,0,0,0,0,0,0,0,0.377722,0,0);
INSERT IGNORE INTO creature_movement VALUES (138543,68,-1758.2,5165.99,-37.2046,0,0,0,0,0,0,0,0,0,0,5.06498,0,0);
INSERT IGNORE INTO creature_movement VALUES (138543,69,-1751.66,5168.17,-37.2046,0,0,0,0,0,0,0,0,0,0,0.23635,0,0);
INSERT IGNORE INTO creature_movement VALUES (138543,70,-1751.63,5167.24,-37.2046,1800000,0,0,0,0,0,0,0,0,0,4.81365,0,0);

INSERT IGNORE INTO creature_movement VALUES ('138550','1','-8764.87','847.11','87.2577','0','504301','0','0','0','0','0','0','0','0','3.86765','0','0');  -- Spawn Point Set Run Mode
INSERT IGNORE INTO creature_movement VALUES ('138550','2','-8764.87','847.11','87.2577','6000','504302','0','0','0','0','0','0','0','0','3.86765','0','0');  -- Timer Point for Cell Door Open Sound
INSERT IGNORE INTO creature_movement VALUES ('138550','3','-8764.87','847.11','87.2577','0','504303','0','0','0','0','0','0','0','0','3.86765','0','0');  -- Timer Point for Cell Door Close Sound
INSERT IGNORE INTO creature_movement VALUES ('138550','4','-8764.87','847.11','87.2577','233000','0','0','0','0','0','0','0','0','0','3.86765','0','0');  -- Timer Point Until Charge Up The Stairs
INSERT IGNORE INTO creature_movement VALUES ('138550','5','-8764.87','847.11','87.2577','0','0','0','0','0','0','0','0','37718','0','3.86765','0','0');  -- Become Visable And Continue Up The Stairs
INSERT IGNORE INTO creature_movement VALUES ('138550','6','-8767.81','845.135','88.5791','0','0','0','0','0','0','0','0','0','0','3.87672','0','0');
INSERT IGNORE INTO creature_movement VALUES ('138550','7','-8771.36','841.955','90.3736','0','0','0','0','0','0','0','0','0','0','3.80918','0','0');
INSERT IGNORE INTO creature_movement VALUES ('138550','8','-8775.25','838.443','92.3464','0','0','0','0','0','0','0','0','0','0','3.80997','0','0');
INSERT IGNORE INTO creature_movement VALUES ('138550','9','-8780.41','835.036','94.6678','0','0','0','0','0','0','0','0','0','0','3.97019','0','0');
INSERT IGNORE INTO creature_movement VALUES ('138550','10','-8789.37','827.108','97.6443','0','0','0','0','0','0','0','0','0','0','3.77777','0','0');  -- Top of Stairs

INSERT IGNORE INTO creature_movement VALUES ('138551','1','-8764.18','846.946','87.0923','60000','504301','0','0','0','0','0','0','0','0','3.91792','0','0');  -- Spawn Point Set Run Mode
INSERT IGNORE INTO creature_movement VALUES ('138551','2','-8764.18','846.946','87.0923','6000','504302','0','0','0','0','0','0','0','0','3.91792','0','0');  -- Timer Point for Cell Door Open Sound
INSERT IGNORE INTO creature_movement VALUES ('138551','3','-8764.18','846.946','87.0923','0','504303','0','0','0','0','0','0','0','0','3.91792','0','0');  -- Timer Point for Cell Door Close Sound
INSERT IGNORE INTO creature_movement VALUES ('138551','4','-8764.18','846.946','87.0923','174000','0','0','0','0','0','0','0','0','0','3.91792','0','0');  -- Timer Point Until Charge Up The Stairs
INSERT IGNORE INTO creature_movement VALUES ('138551','5','-8764.18','846.946','87.0923','0','0','0','0','0','0','0','0','37718','0','3.91792','0','0');  -- Become Visable And Continue Up The Stairs
INSERT IGNORE INTO creature_movement VALUES ('138551','6','-8766.69','844.125','88.4861','0','0','0','0','0','0','0','0','0','0','3.79112','0','0');
INSERT IGNORE INTO creature_movement VALUES ('138551','7','-8770.97','840.874','90.511','0','0','0','0','0','0','0','0','0','0','3.79112','0','0');
INSERT IGNORE INTO creature_movement VALUES ('138551','8','-8775.98','836.386','93.0448','0','0','0','0','0','0','0','0','0','0','3.81233','0','0');
INSERT IGNORE INTO creature_movement VALUES ('138551','9','-8779.09','833.919','94.5413','0','0','0','0','0','0','0','0','0','0','3.81233','0','0');
INSERT IGNORE INTO creature_movement VALUES ('138551','10','-8788.55','825.631','97.6435','0','0','0','0','0','0','0','0','0','0','3.85238','0','0');  -- Top of Stairs

INSERT IGNORE INTO creature_movement VALUES ('138552','1','-8764.17','846.22','87.2574','120000','504301','0','0','0','0','0','0','0','0','3.7577','0','0');  -- Spawn Point Set Run Mode
INSERT IGNORE INTO creature_movement VALUES ('138552','2','-8764.17','846.22','87.2574','6000','504302','0','0','0','0','0','0','0','0','3.7577','0','0');  -- Timer Point for Cell Door Open Sound
INSERT IGNORE INTO creature_movement VALUES ('138552','3','-8764.17','846.22','87.2574','0','504303','0','0','0','0','0','0','0','0','3.7577','0','0');  -- Timer Point for Cell Door Close Sound
INSERT IGNORE INTO creature_movement VALUES ('138552','4','-8764.17','846.22','87.2574','115000','0','0','0','0','0','0','0','0','0','3.7577','0','0');  -- Timer Point Until Charge Up The Stairs
INSERT IGNORE INTO creature_movement VALUES ('138552','5','-8764.17','846.22','87.2574','0','0','0','0','0','0','0','0','37718','0','3.7577','0','0');  -- Become Visable And Continue Up The Stairs
INSERT IGNORE INTO creature_movement VALUES ('138552','6','-8768.75','841.352','89.7436','0','0','0','0','0','0','0','0','0','0','3.90186','0','0');
INSERT IGNORE INTO creature_movement VALUES ('138552','7','-8773.94','837.223','92.2453','0','0','0','0','0','0','0','0','0','0','3.72672','0','0');
INSERT IGNORE INTO creature_movement VALUES ('138552','8','-8779.93','831.68','95.316','0','0','0','0','0','0','0','0','0','0','3.79426','0','0');
INSERT IGNORE INTO creature_movement VALUES ('138552','9','-8788.56','825.087','97.6439','0','0','0','0','0','0','0','0','0','0','3.79426','0','0');  -- Top of Stairs

INSERT IGNORE INTO creature_movement VALUES ('138553','1','-8763.14','845.686','87.0814','180000','504301','0','0','0','0','0','0','0','0','3.76991','0','0');  -- Spawn Point Set Run Mode
INSERT IGNORE INTO creature_movement VALUES ('138553','2','-8763.14','845.686','87.0814','6000','504302','0','0','0','0','0','0','0','0','3.76991','0','0');  -- Timer Point for Cell Door Open Sound
INSERT IGNORE INTO creature_movement VALUES ('138553','3','-8763.14','845.686','87.0814','0','504303','0','0','0','0','0','0','0','0','3.76991','0','0');  -- Timer Point for Cell Door Close Sound
INSERT IGNORE INTO creature_movement VALUES ('138553','4','-8763.14','845.686','87.0814','56700','0','0','0','0','0','0','0','0','0','3.76991','0','0');  -- Timer Point Until Charge Up The Stairs
INSERT IGNORE INTO creature_movement VALUES ('138553','5','-8763.14','845.686','87.0814','0','0','0','0','0','0','0','0','37718','0','3.76991','0','0');  -- Become Visable And Continue Up The Stairs
INSERT IGNORE INTO creature_movement VALUES ('138553','6','-8770.88','840.53','90.5654','0','0','0','0','0','0','0','0','0','0','3.58927','0','0');
INSERT IGNORE INTO creature_movement VALUES ('138553','7','-8776.35','837.9','92.7992','0','0','0','0','0','0','0','0','0','0','3.58927','0','0');
INSERT IGNORE INTO creature_movement VALUES ('138553','8','-8781.09','834.758','94.9354','0','0','0','0','0','0','0','0','0','0','3.69609','0','0');
INSERT IGNORE INTO creature_movement VALUES ('138553','9','-8783.9','830.873','96.6753','0','0','0','0','0','0','0','0','0','0','3.34502','0','0');
INSERT IGNORE INTO creature_movement VALUES ('138553','10','-8790.4','827.703','97.6425','0','0','0','0','0','0','0','0','0','0','3.55629','0','0');  -- Top of Stairs

DELETE FROM creature_movement_scripts WHERE id=13854301;
INSERT IGNORE INTO creature_movement_scripts VALUES (13854301,0,0,1,0,0,0,0,2000005304,2000005305,0,0,0,0,0,0,'Shattrath Saul - L70ETC Event Announce');
DELETE FROM creature_movement_scripts WHERE id BETWEEN 504301 AND 504303;
INSERT IGNORE INTO creature_movement_scripts VALUES (504301,0,25,1,0,0,0,0,0,0,0,0,0,0,0,0,'Defias Rioter - Set Run Mode On');
INSERT IGNORE INTO creature_movement_scripts VALUES (504302,0,16,10836,0,0,0,0,0,0,0,0,0,0,0,0,'Defias Rioter - Open Cell Door Sound');
INSERT IGNORE INTO creature_movement_scripts VALUES (504303,0,16,10837,0,0,0,0,0,0,0,0,0,0,0,0,'Defias Rioter - Close Cell Door Sound');

-- missing near wintergarde
INSERT IGNORE INTO creature VALUES (138554,26943,571,1,1,0,0,4796.01,-1167.53,170.627,4.38078,300,0.0,0,1,0,0,0);
INSERT IGNORE INTO creature VALUES (138555,26943,571,1,1,0,0,4860.7,-1246.23,171.437,3.19395,300,0.0,0,1,0,0,0);
INSERT IGNORE INTO creature VALUES (138556,27714,571,1,1,0,0,3660.56,-1207.09,102.308,4.29351,180,0.0,0,1,0,0,0);
INSERT IGNORE INTO creature VALUES (138557,27714,571,1,1,0,0,3682.87,-1177.18,102.337,1.16937,180,0.0,0,1,0,0,0);
INSERT IGNORE INTO creature VALUES (138558,27714,571,1,1,0,0,3677.01,-1174.46,102.337,1.16937,180,0.0,0,1,0,0,0);
INSERT IGNORE INTO creature VALUES (138559,27714,571,1,1,0,0,3660.56,-1207.09,102.42,4.29351,180,0.0,0,1,0,0,0);
INSERT IGNORE INTO creature VALUES (138560,27714,571,1,1,0,0,3665.61,-1209.41,102.337,4.20624,180,0.0,0,1,0,0,0);
INSERT IGNORE INTO creature VALUES (138563,27315,571,1,1,0,0,3625.06,-1124.06,116.788,3.46419,180,0.0,0,1,0,0,0);
INSERT IGNORE INTO creature VALUES (138564,27315,571,1,1,0,0,3862.4,-1115.33,126.656,2.86463,180,0.0,0,1,0,0,0);
INSERT IGNORE INTO creature VALUES (138565,27315,571,1,1,0,0,3797.81,-1118.83,119.801,0.921182,180,0.0,0,1,0,0,0);
INSERT IGNORE INTO creature VALUES (138566,27315,571,1,1,0,0,3742.89,-1084.11,120.213,1.36947,180,0.0,0,1,0,0,0);
INSERT IGNORE INTO creature VALUES (138567,27315,571,1,1,0,0,3632.74,-1096.13,120.412,4.65862,180,0.0,0,1,0,0,0);
INSERT IGNORE INTO creature VALUES (138568,27315,571,1,1,0,0,3562.63,-1197.73,113.856,1.17012,180,0.0,0,1,0,0,0);
INSERT IGNORE INTO creature VALUES (138569,27315,571,1,1,0,0,3857.02,-1044.92,124.921,2.84872,180,0.0,0,1,0,0,0);
INSERT IGNORE INTO creature VALUES (138570,27335,571,1,1,0,0,3866.42,-1004.38,120.61,4.80817,180,5.0,0,1,0,0,1);
INSERT IGNORE INTO creature VALUES (138571,27335,571,1,1,0,0,3824.9,-1043.76,120.25,5.94225,180,5.0,0,1,0,0,1);
INSERT IGNORE INTO creature VALUES (138572,27335,571,1,1,0,0,3780.56,-1058.2,119.345,3.22258,180,5.0,0,1,0,0,1);
INSERT IGNORE INTO creature VALUES (138573,27335,571,1,1,0,0,3789.45,-1022.21,118.335,2.27804,180,5.0,0,1,0,0,1);
INSERT IGNORE INTO creature VALUES (138574,27335,571,1,1,0,0,3631.0,-1103.81,119.7,5.40438,180,5.0,0,1,0,0,1);
INSERT IGNORE INTO creature VALUES (138575,27335,571,1,1,0,0,3863.35,-1029.55,127.235,4.4039,180,5.0,0,1,0,0,1);
INSERT IGNORE INTO creature VALUES (138576,27335,571,1,1,0,0,3587.67,-1189.96,115.363,4.70493,180,5.0,0,1,0,0,1);
INSERT IGNORE INTO creature VALUES (138577,27335,571,1,1,0,0,3866.87,-974.252,112.105,4.13319,180,0.0,0,1,0,0,0);
INSERT IGNORE INTO creature VALUES (138578,27335,571,1,1,0,0,3864.15,-983.396,112.215,3.9602,180,5.0,0,1,0,0,1);
INSERT IGNORE INTO creature VALUES (138579,27335,571,1,1,0,0,3872.11,-1009.48,124.487,4.97295,180,5.0,0,1,0,0,1);
INSERT IGNORE INTO creature VALUES (138580,27335,571,1,1,0,0,3871.97,-1009.47,124.491,4.70261,180,0.0,0,1,0,0,0);
INSERT IGNORE INTO creature VALUES (138581,27335,571,1,1,0,0,3643.66,-1112.55,119.455,5.32259,180,5.0,0,1,0,0,1);
INSERT IGNORE INTO creature VALUES (138582,27335,571,1,1,0,0,3820.93,-1123.34,120.279,2.38309,180,5.0,0,1,0,0,1);
INSERT IGNORE INTO creature VALUES (138583,27335,571,1,1,0,0,3875.38,-1135.63,129.001,0.308656,180,0.0,0,1,0,0,0);
INSERT IGNORE INTO creature VALUES (138584,27335,571,1,1,0,0,3747.22,-1087.51,120.109,5.34455,180,0.0,0,1,0,0,0);
INSERT IGNORE INTO creature VALUES (138585,27335,571,1,1,0,0,3747.77,-1087.47,120.042,3.88696,180,5.0,0,1,0,0,1);
INSERT IGNORE INTO creature VALUES (138586,27335,571,1,1,0,0,3641.09,-1072.16,121.934,4.39249,180,5.0,0,1,0,0,1);
INSERT IGNORE INTO creature VALUES (138587,27335,571,1,1,0,0,3618.41,-1123.34,115.69,3.15722,180,5.0,0,1,0,0,1);
INSERT IGNORE INTO creature VALUES (138588,27335,571,1,1,0,0,3650.62,-1082.56,121.452,3.03784,180,5.0,0,1,0,0,1);
INSERT IGNORE INTO creature VALUES (138589,27335,571,1,1,0,0,3703.14,-1125.11,121.995,1.28153,180,5.0,0,1,0,0,1);
INSERT IGNORE INTO creature VALUES (138590,27335,571,1,1,0,0,3614.84,-1119.75,115.938,5.94693,180,5.0,0,1,0,0,1);
INSERT IGNORE INTO creature VALUES (138591,27335,571,1,1,0,0,3864.86,-1145.71,126.665,4.85732,180,5.0,0,1,0,0,1);
INSERT IGNORE INTO creature VALUES (138592,27335,571,1,1,0,0,3869.13,-1026.81,130.141,4.12355,180,5.0,0,1,0,0,1);
INSERT IGNORE INTO creature VALUES (138593,27335,571,1,1,0,0,3863.42,-1146.2,126.023,4.88814,180,5.0,0,1,0,0,1);
INSERT IGNORE INTO creature VALUES (138594,27335,571,1,1,0,0,3791.24,-1123.03,119.771,0.649401,180,0.0,0,1,0,0,0);
INSERT IGNORE INTO creature VALUES (138595,27335,571,1,1,0,0,3624.68,-1139.61,117.229,5.0771,180,5.0,0,1,0,0,1);
INSERT IGNORE INTO creature VALUES (138596,27335,571,1,1,0,0,3641.62,-1080.36,121.204,5.57731,180,5.0,0,1,0,0,1);
INSERT IGNORE INTO creature VALUES (138597,27335,571,1,1,0,0,3847.53,-1064.59,121.032,4.02703,180,5.0,0,1,0,0,1);
INSERT IGNORE INTO creature VALUES (138598,27335,571,1,1,0,0,3789.19,-1053.06,119.463,5.4014,180,5.0,0,1,0,0,1);
INSERT IGNORE INTO creature VALUES (138599,27335,571,1,1,0,0,3748.65,-1086.62,120.602,3.85232,180,5.0,0,1,0,0,1);
INSERT IGNORE INTO creature VALUES (138600,27336,571,1,1,0,0,3633.88,-1121.14,118.183,0.319898,180,0.0,0,1,0,0,0);
INSERT IGNORE INTO creature VALUES (138601,27336,571,1,1,0,0,3856.04,-1093.72,123.042,3.78207,180,0.0,0,1,0,0,0);
INSERT IGNORE INTO creature VALUES (138602,27336,571,1,1,0,0,3878.2,-1136.04,129.824,6.24606,180,0.0,0,1,0,0,0);
INSERT IGNORE INTO creature VALUES (138603,27336,571,1,1,0,0,3850.67,-997.785,113.407,3.65209,180,0.0,0,1,0,0,0);
INSERT IGNORE INTO creature VALUES (138604,27336,571,1,1,0,0,3804.47,-1062.67,119.381,6.023,180,0.0,0,1,0,0,0);
INSERT IGNORE INTO creature VALUES (138605,27336,571,1,1,0,0,3885.85,-925.034,116.086,2.33889,180,0.0,0,1,0,0,0);
INSERT IGNORE INTO creature_template_addon VALUES (26943,0,0,1,0,0,0,NULL);
INSERT IGNORE INTO creature_template_addon VALUES (27714,0,0,1,0,0,0,NULL);
INSERT IGNORE INTO creature_template_addon VALUES (27315,0,65536,1,0,412,0,'48361 0 49774 0');
INSERT IGNORE INTO creature_template_addon VALUES (27335,0,65536,1,0,0,0,NULL);
INSERT IGNORE INTO creature_template_addon VALUES (27336,0,65536,1,0,412,0,'48361 0 49774 0');
-- near light's trust
INSERT IGNORE INTO creature VALUES (138608,26942,571,1,1,0,0,4835.76,-1236.66,168.225,5.9167,300,0.0,0,1,0,0,0);
INSERT IGNORE INTO creature VALUES (138609,26942,571,1,1,0,0,4774.9,-1195.45,167.215,2.89229,300,5.0,0,1,0,0,1);
INSERT IGNORE INTO creature VALUES (138610,26942,571,1,1,0,0,4833.3,-1250.25,168.073,2.29232,300,0.0,0,1,0,0,0);
INSERT IGNORE INTO creature VALUES (138611,26942,571,1,1,0,0,4795.12,-1200.79,168.011,6.02555,300,0.0,0,1,0,0,0);
INSERT IGNORE INTO creature VALUES (138612,26948,571,1,1,0,0,4799.57,-1167.93,171.402,3.02898,300,0.0,0,1,0,0,0);
INSERT IGNORE INTO creature VALUES (138614,26948,571,1,1,0,0,4871.26,-1195.8,171.745,0.500225,300,0.0,0,1,0,0,0);
INSERT IGNORE INTO creature VALUES (138615,26948,571,1,1,0,0,4792.44,-1167.73,171.411,0.05486,300,0.0,0,1,0,0,0);
INSERT IGNORE INTO creature VALUES (138616,26948,571,1,1,0,0,4870.15,-1219.52,171.859,2.37708,300,5.0,0,1,0,0,1);
INSERT IGNORE INTO creature VALUES (138617,26948,571,1,1,0,0,4857.06,-1246.59,171.08,0.096953,300,0.0,0,1,0,0,0);
INSERT IGNORE INTO creature VALUES (138618,26948,571,1,1,0,0,4821.54,-1242.92,168.153,3.71225,300,5.0,0,1,0,0,1);
INSERT IGNORE INTO creature VALUES (138619,26948,571,1,1,0,0,4885.32,-1234.08,171.676,4.51502,300,0.0,0,1,0,0,0);
INSERT IGNORE INTO creature VALUES (138620,26948,571,1,1,0,0,4820.32,-1187.27,168.555,1.77834,300,5.0,0,1,0,0,1);
INSERT IGNORE INTO creature VALUES (138621,26965,571,1,1,0,0,4843.37,-1234.64,168.14,3.92699,300,0.0,0,1,0,0,0);
INSERT IGNORE INTO creature VALUES (138622,29328,571,1,1,0,0,4847.2,-1143.54,172.796,2.07744,300,0.0,0,1,0,0,0);
INSERT IGNORE INTO creature VALUES (138623,29328,571,1,1,0,0,4832.89,-1152.3,171.337,0.653075,300,0.0,0,1,0,0,0);
INSERT IGNORE INTO creature VALUES (138624,26616,571,1,1,0,0,4760.82,-1185.52,166.133,2.11371,300,10.0,0,1,0,0,1);
INSERT IGNORE INTO creature VALUES (138628,26616,571,1,1,0,0,4835.91,-1174.66,170.291,5.51693,300,10.0,0,1,0,0,1);
INSERT IGNORE INTO creature_template_addon VALUES (26643,0,0,1,0,0,0,NULL);
INSERT IGNORE INTO creature_template_addon VALUES (26942,0,0,1,0,0,0,NULL);
INSERT IGNORE INTO creature_template_addon VALUES (26948,0,0,1,0,0,0,NULL);
INSERT IGNORE INTO creature_template_addon VALUES (29328,0,0,1,0,0,0,NULL);
INSERT IGNORE INTO creature_template_addon VALUES (26616,0,0,1,0,0,0,NULL);
INSERT IGNORE INTO creature_template_addon VALUES (26467,0,0,1,0,0,0,'47677 0');
-- BG weekend
INSERT IGNORE INTO creature VALUES (138561,14990,571,1,1,0,0,5913.62,565.912,639.69,5.21853,180,0.0,0,1,0,0,0);
INSERT IGNORE INTO creature VALUES (138562,14990,571,1,1,0,0,5914.54,563.455,639.686,2.23402,180,0.0,0,1,0,0,0);
INSERT IGNORE INTO creature VALUES (138606,14991,571,1,1,0,0,5665.77,788.561,653.781,1.02974,180,0.0,0,1,0,0,0);
INSERT IGNORE INTO creature VALUES (138607,14991,571,1,1,0,0,5667.35,790.653,653.781,3.97935,180,0.0,0,1,0,0,0);
INSERT IGNORE INTO game_event_creature VALUES (138561,20);
INSERT IGNORE INTO game_event_creature VALUES (138562,20);
INSERT IGNORE INTO game_event_creature VALUES (138606,20);
INSERT IGNORE INTO game_event_creature VALUES (138607,20);
INSERT IGNORE INTO creature VALUES (138613,14991,0,1,1,0,0,-4916.43,-848.374,501.745,4.72984,180,0.0,0,1,0,0,0);
INSERT IGNORE INTO creature VALUES (138625,14991,0,1,1,0,0,-4916.61,-852.305,501.745,1.48353,180,0.0,0,1,0,0,0);
INSERT IGNORE INTO creature VALUES (138626,14991,0,1,1,0,0,-5033.75,-931.287,501.743,1.32645,180,0.0,0,1,0,0,0);
INSERT IGNORE INTO creature VALUES (138627,14991,0,1,1,0,0,-5032.97,-926.68,501.743,4.64258,180,0.0,0,1,0,0,0);
INSERT IGNORE INTO game_event_creature VALUES (138613,20);
INSERT IGNORE INTO game_event_creature VALUES (138625,20);
INSERT IGNORE INTO game_event_creature VALUES (138626,20);
INSERT IGNORE INTO game_event_creature VALUES (138627,20);
-- vanguard (ph |2)
INSERT IGNORE INTO creature VALUES (138629,30268,571,1,2,24925,0,6434.64,198.273,396.762,5.93412,180,0.0,0,1,0,0,0);
INSERT IGNORE INTO creature VALUES (138630,30268,571,1,2,24925,0,6347.77,225.483,393.712,1.15192,180,0.0,0,1,0,0,0);
INSERT IGNORE INTO creature VALUES (138631,30268,571,1,2,24925,0,6212.93,229.935,387.167,2.80998,180,0.0,0,1,0,0,0);
INSERT IGNORE INTO creature VALUES (138632,30268,571,1,2,24925,0,6244.78,190.194,383.08,1.50098,180,0.0,0,1,0,0,0);
INSERT IGNORE INTO creature VALUES (138633,30268,571,1,2,24925,0,6389.44,226.344,395.383,6.16101,180,0.0,0,1,0,0,0);
INSERT IGNORE INTO creature VALUES (138634,30268,571,1,2,24925,0,6405.67,158.456,394.692,0.855211,180,0.0,0,1,0,0,0);
INSERT IGNORE INTO creature VALUES (138635,30268,571,1,2,24925,0,6277.33,155.167,383.491,4.79965,180,0.0,0,1,0,0,0);
INSERT IGNORE INTO creature VALUES (138636,30268,571,1,2,0,0,6254.62,225.184,388.701,4.7822,180,0.0,0,1,0,0,0);
INSERT IGNORE INTO creature VALUES (138637,30544,571,1,2,0,0,6705.49,494.342,401.853,2.92128,180,5.0,0,1,0,0,1);
INSERT IGNORE INTO creature VALUES (138638,30544,571,1,2,0,0,6677.37,482.624,398.838,6.10491,180,0.0,0,1,0,0,0);
INSERT IGNORE INTO creature VALUES (138639,30544,571,1,2,0,0,6557.16,475.714,409.819,3.13867,180,0.0,0,1,0,0,0);
INSERT IGNORE INTO creature VALUES (138640,30544,571,1,2,0,0,6823.64,573.344,425.383,4.13073,180,0.0,0,1,0,0,0);
INSERT IGNORE INTO creature VALUES (138641,30544,571,1,2,0,0,6678.17,674.003,407.356,0.598401,180,0.0,0,1,0,0,0);
INSERT IGNORE INTO creature VALUES (138642,30544,571,1,2,0,0,6643.86,535.165,399.438,5.33745,180,0.0,0,1,0,0,0);
INSERT IGNORE INTO creature VALUES (138643,30333,571,1,2,0,0,6303.77,158.116,385.923,-2.65424,180,0.0,0,1,0,0,0);
INSERT IGNORE INTO creature VALUES (138644,30333,571,1,2,0,0,6271.74,247.352,391.754,-0.737405,180,0.0,0,1,0,0,0);
INSERT IGNORE INTO creature VALUES (138645,30333,571,1,2,0,0,6401.16,203.97,394.915,-0.192389,180,0.0,0,1,0,0,0);
INSERT IGNORE INTO creature VALUES (138646,30407,571,1,2,0,0,6639.68,584.768,404.993,4.29351,300,0.0,0,1,0,0,0);
INSERT IGNORE INTO creature VALUES (138647,30407,571,1,2,0,0,6629.71,654.944,405.149,4.41568,300,0.0,0,1,0,0,0);
INSERT IGNORE INTO creature VALUES (138648,30407,571,1,2,0,0,6561.05,530.434,405.425,4.59022,300,0.0,0,1,0,0,0);
INSERT IGNORE INTO creature VALUES (138649,30407,571,1,2,0,0,6706.94,508.801,402.886,3.87463,300,0.0,0,1,0,0,0);
INSERT IGNORE INTO creature VALUES (138650,30407,571,1,2,0,0,6626.3,506.401,397.147,4.18879,300,0.0,0,1,0,0,0);
INSERT IGNORE INTO creature VALUES (138651,30407,571,1,2,0,0,6706.3,419.095,411.276,3.50811,300,0.0,0,1,0,0,0);
INSERT IGNORE INTO creature VALUES (138652,30407,571,1,2,0,0,6858.35,482.925,467.956,1.18682,300,0.0,0,1,0,0,0);
INSERT IGNORE INTO creature VALUES (138653,30407,571,1,2,0,0,6580.62,599.204,419.185,0.523599,300,0.0,0,1,0,0,0);
INSERT IGNORE INTO creature VALUES (138654,30407,571,1,2,0,0,6599.8,569.418,401.956,4.43314,300,0.0,0,1,0,0,0);
INSERT IGNORE INTO creature VALUES (138655,30407,571,1,2,0,0,6923.79,482.555,471.962,2.11185,300,0.0,0,1,0,0,0);
INSERT IGNORE INTO creature VALUES (138656,30407,571,1,2,0,0,6763.8,583.042,425.983,3.92699,300,0.0,0,1,0,0,0);
INSERT IGNORE INTO creature VALUES (138657,30407,571,1,2,0,0,6717.4,471.659,407.545,3.71755,300,0.0,0,1,0,0,0);
INSERT IGNORE INTO creature VALUES (138658,30407,571,1,2,0,0,6747.94,625.842,426.121,3.35103,300,0.0,0,1,0,0,0);
INSERT IGNORE INTO creature VALUES (138659,30407,571,1,2,0,0,6770.93,560.351,429.174,3.85718,300,0.0,0,1,0,0,0);
INSERT IGNORE INTO creature VALUES (138660,30407,571,1,2,0,0,6751.84,482.251,419.284,2.84489,300,0.0,0,1,0,0,0);
INSERT IGNORE INTO creature VALUES (138661,30407,571,1,2,0,0,6719.31,453.598,419.284,3.63029,300,0.0,0,1,0,0,0);
INSERT IGNORE INTO creature VALUES (138662,30407,571,1,2,0,0,6596.29,636.413,407.354,4.50295,300,0.0,0,1,0,0,0);
INSERT IGNORE INTO creature VALUES (138663,30407,571,1,2,0,0,6661.97,459.709,406.892,3.83972,300,0.0,0,1,0,0,0);
INSERT IGNORE INTO creature VALUES (138664,30407,571,1,2,0,0,6637.99,543.435,399.442,3.71755,300,0.0,0,1,0,0,0);
INSERT IGNORE INTO creature VALUES (138665,30407,571,1,2,0,0,6808.22,533.132,425.147,3.71755,300,0.0,0,1,0,0,0);
INSERT IGNORE INTO creature VALUES (138666,30189,571,1,2,0,0,6274.73,245.241,391.727,2.52799,180,0.0,0,1,0,0,0);
INSERT IGNORE INTO creature VALUES (138667,30189,571,1,2,0,0,6346.79,189.15,390.831,-1.46726,180,0.0,0,1,0,0,0);
INSERT IGNORE INTO creature VALUES (138668,30189,571,1,2,0,0,6345.01,189.817,390.39,-0.92771,180,0.0,0,1,0,0,0);
INSERT IGNORE INTO creature VALUES (138669,30189,571,1,2,0,0,6281.4,195.816,385.681,4.39753,180,0.0,0,1,0,0,0);
INSERT IGNORE INTO creature VALUES (138670,30189,571,1,2,0,0,6403.53,203.08,394.975,2.78152,180,0.0,0,1,0,0,0);
INSERT IGNORE INTO creature VALUES (138671,30203,571,1,2,0,0,6698.04,529.463,404.252,1.5708,300,0.0,0,1,0,0,0);
INSERT IGNORE INTO creature VALUES (138672,30203,571,1,2,0,0,6683.64,531.874,402.687,1.29154,300,0.0,0,1,0,0,0);
INSERT IGNORE INTO creature VALUES (138673,30203,571,1,2,0,0,6648.96,559.32,402.63,0.488692,300,0.0,0,1,0,0,0);
INSERT IGNORE INTO creature VALUES (138674,30203,571,1,2,0,0,6658.61,547.053,402.118,0.767945,300,0.0,0,1,0,0,0);
INSERT IGNORE INTO creature VALUES (138675,30203,571,1,2,0,0,6668.93,538.753,402.044,1.01229,300,0.0,0,1,0,0,0);
INSERT IGNORE INTO creature VALUES (138676,30203,571,1,2,0,0,6640.91,573.059,403.114,0.20944,300,0.0,0,1,0,0,0);
INSERT IGNORE INTO creature VALUES (138677,30204,571,1,2,0,0,6434.64,198.273,396.762,5.93412,300,0.0,0,1,0,0,0);
INSERT IGNORE INTO creature VALUES (138678,30204,571,1,2,0,0,6347.77,225.483,393.712,1.15192,300,0.0,0,1,0,0,0);
INSERT IGNORE INTO creature VALUES (138679,30204,571,1,2,0,0,6335.22,110.147,391.309,6.05629,300,0.0,0,1,0,0,0);
INSERT IGNORE INTO creature VALUES (138680,30204,571,1,2,0,0,6165.01,147.72,373.505,3.42085,300,0.0,0,1,0,0,0);
INSERT IGNORE INTO creature VALUES (138681,30204,571,1,2,0,0,6212.93,229.935,387.167,2.80998,300,0.0,0,1,0,0,0);
INSERT IGNORE INTO creature VALUES (138682,30204,571,1,2,0,0,6244.78,190.194,383.08,1.50098,300,0.0,0,1,0,0,0);
INSERT IGNORE INTO creature VALUES (138683,30204,571,1,2,0,0,6249.75,126.806,382.534,2.47837,300,0.0,0,1,0,0,0);
INSERT IGNORE INTO creature VALUES (138684,30204,571,1,2,0,0,6192.0,123.815,377.252,3.7001,300,0.0,0,1,0,0,0);
INSERT IGNORE INTO creature VALUES (138685,30204,571,1,2,0,0,6389.44,226.344,395.383,6.16101,300,0.0,0,1,0,0,0);
INSERT IGNORE INTO creature VALUES (138686,30204,571,1,2,0,0,6405.67,158.456,394.692,0.855211,300,0.0,0,1,0,0,0);
INSERT IGNORE INTO creature VALUES (138687,30204,571,1,2,0,0,6277.33,155.167,383.491,4.79965,300,0.0,0,1,0,0,0);
INSERT IGNORE INTO creature VALUES (138688,30204,571,1,2,0,0,6254.62,225.184,388.701,4.7822,300,0.0,0,1,0,0,0);
INSERT IGNORE INTO creature VALUES (138689,30205,571,1,2,0,0,6317.53,73.4715,387.69,5.74535,300,0.0,0,1,0,0,0);
INSERT IGNORE INTO creature VALUES (138690,30205,571,1,2,0,0,6464.99,266.136,397.901,0.902305,300,5.0,0,1,0,0,1);
INSERT IGNORE INTO creature VALUES (138691,30205,571,1,2,0,0,6236.86,148.877,380.566,2.33855,300,0.0,0,1,0,0,0);
INSERT IGNORE INTO creature VALUES (138692,30205,571,1,2,0,0,6231.82,148.833,380.181,0.82132,300,0.0,0,1,0,0,0);
INSERT IGNORE INTO creature VALUES (138693,30206,571,1,2,0,0,6177.56,221.668,380.511,6.23623,300,0.0,0,1,0,0,0);
INSERT IGNORE INTO creature VALUES (138694,30206,571,1,2,0,0,6346.99,187.166,390.391,3.25904,300,0.0,0,1,0,0,0);
INSERT IGNORE INTO creature VALUES (138695,30206,571,1,2,0,0,6250.82,209.034,386.685,2.81552,300,0.0,0,1,0,0,0);
INSERT IGNORE INTO creature VALUES (138696,30206,571,1,2,0,0,6407.59,251.492,396.969,2.76085,300,0.0,0,1,0,0,0);
INSERT IGNORE INTO creature VALUES (138697,30206,571,1,2,0,0,6071.53,185.905,355.072,1.75938,300,0.0,0,1,0,0,0);
INSERT IGNORE INTO creature VALUES (138698,30206,571,1,2,0,0,6280.28,192.365,386.201,4.36618,300,0.0,0,1,0,0,0);
INSERT IGNORE INTO creature_template_addon VALUES (30268,0,0,1,0,0,0,'46598 1');
INSERT IGNORE INTO creature_template_addon VALUES (30544,0,0,1,0,0,0,NULL);
INSERT IGNORE INTO creature_template_addon VALUES (30333,0,0,1,0,0,0,NULL);
INSERT IGNORE INTO creature_template_addon VALUES (30407,0,0,1,0,0,0,'56726 0');
INSERT IGNORE INTO creature_template_addon VALUES (30189,0,0,1,1,0,0,NULL);
INSERT IGNORE INTO creature_template_addon VALUES (30203,0,50331648,1,0,0,0,NULL);
INSERT IGNORE INTO creature_template_addon VALUES (30204,0,0,1,0,0,0,'56422 0');
INSERT IGNORE INTO creature_template_addon VALUES (30205,0,0,1,1,0,0,NULL);
INSERT IGNORE INTO creature_template_addon VALUES (30206,0,0,1,1,0,0,NULL);
UPDATE creature_template SET faction_A=2131, faction_H=2131, unit_flags=32768, baseattacktime=2000, scale=1.000000, unit_class=2, speed_walk=1.000000, speed_run=1.142857 WHERE entry=30189;
UPDATE creature_template SET faction_A=2068, faction_H=2068, unit_flags=33280, baseattacktime=2000, scale=1.000000, unit_class=2, speed_walk=1.000000, speed_run=1.000000 WHERE entry=30203;
UPDATE creature_template SET faction_A=2068, faction_H=2068, unit_flags=33587200, baseattacktime=2000, scale=1.000000, unit_class=1, speed_walk=2.000000, speed_run=1.714286 WHERE entry=30204;
UPDATE creature_template SET faction_A=2068, faction_H=2068, unit_flags=32768, baseattacktime=2000, scale=1.000000, unit_class=2, speed_walk=2.000000, speed_run=1.714286 WHERE entry=30205;
UPDATE creature_template SET faction_A=2068, faction_H=2068, unit_flags=32768, baseattacktime=2000, scale=1.000000, unit_class=1, speed_walk=1.000000, speed_run=1.190476 WHERE entry=30206;
UPDATE creature_template SET faction_A=2068, faction_H=2068, unit_flags=512, baseattacktime=2000, scale=1.000000, unit_class=1, speed_walk=1.000000, speed_run=1.000000 WHERE entry=30268;
UPDATE creature_template SET faction_A=2068, faction_H=2068, unit_flags=32768, baseattacktime=2000, scale=1.000000, unit_class=2, speed_walk=2.000000, speed_run=1.714286 WHERE entry=30333;
UPDATE creature_template SET faction_A=2070, faction_H=2070, unit_flags=33280, baseattacktime=2000, scale=1.000000, unit_class=1, speed_walk=1.000000, speed_run=1.142857 WHERE entry=30407;
UPDATE creature_template SET faction_A=2068, faction_H=2068, unit_flags=32768, baseattacktime=2000, scale=1.000000, unit_class=1, speed_walk=2.000000, speed_run=2.000000 WHERE entry=30544;
INSERT IGNORE INTO gameobject VALUES (90624,192806,571,1,2,6544.9,360.017,430.199,1.35263,0.0,0.0,0.0,1.0,180,255,1);
INSERT IGNORE INTO gameobject VALUES (90625,192807,571,1,2,6546.53,349.591,426.611,-1.98095,0.0,0.0,0.0,1.0,180,255,1);
INSERT IGNORE INTO gameobject VALUES (90626,192808,571,1,2,6553.61,365.798,484.115,-2.39983,0.0,0.0,0.0,1.0,180,255,1);
INSERT IGNORE INTO gameobject VALUES (90627,192809,571,1,2,6542.4,310.59,407.45,1.50098,0.0,0.0,0.0,1.0,180,255,1);
INSERT IGNORE INTO gameobject VALUES (90628,192810,571,1,2,6543.75,319.347,435.594,-1.50098,0.0,0.0,0.0,1.0,180,255,1);
INSERT IGNORE INTO gameobject VALUES (90629,192811,571,1,2,6548.49,295.183,465.685,-2.26892,0.0,0.0,0.0,1.0,180,255,1);
INSERT IGNORE INTO gameobject VALUES (90630,192812,571,1,2,6502.74,304.816,427.362,1.32645,0.0,0.0,0.0,1.0,180,255,1);
INSERT IGNORE INTO gameobject VALUES (90631,192813,571,1,2,6531.8,290.431,449.948,0.514871,0.0,0.0,0.0,1.0,180,255,1);
INSERT IGNORE INTO gameobject VALUES (90632,192814,571,1,2,6517.35,288.731,438.022,0.139624,0.0,0.0,0.0,1.0,180,255,1);
INSERT IGNORE INTO gameobject VALUES (90633,192815,571,1,2,6505.7,288.696,412.523,3.06302,0.0,0.0,0.0,1.0,180,255,1);
INSERT IGNORE INTO gameobject VALUES (90634,192816,571,1,2,6530.58,293.439,420.612,0.165805,0.0,0.0,0.0,1.0,180,255,1);
INSERT IGNORE INTO gameobject VALUES (90635,192817,571,1,2,6475.61,272.531,417.847,-2.17294,0.0,0.0,0.0,1.0,180,255,1);
INSERT IGNORE INTO gameobject VALUES (90636,192579,571,1,2,6697.83,583.688,424.279,2.50454,0.0,0.0,0.0,1.0,180,255,1);
INSERT IGNORE INTO gameobject VALUES (90637,192934,571,1,2,6389.84,451.177,511.181,3.14159,0.0,0.0,0.0,1.0,180,255,1);
INSERT IGNORE INTO gameobject VALUES (90638,192166,571,1,2,6505.96,295.849,405.547,-2.71398,0.0,0.0,0.0,1.0,180,255,1);
INSERT IGNORE INTO gameobject VALUES (90639,192935,571,1,2,6389.74,451.181,511.182,3.14159,0.0,0.0,0.0,1.0,180,255,1);
INSERT IGNORE INTO gameobject VALUES (90640,192936,571,1,2,6425.97,407.079,507.842,-0.366518,0.0,0.0,0.0,1.0,180,255,1);
INSERT IGNORE INTO gameobject VALUES (90641,192937,571,1,2,6386.48,571.164,501.697,1.58825,0.0,0.0,0.0,1.0,180,255,1);
INSERT IGNORE INTO gameobject VALUES (90642,192938,571,1,2,6406.38,431.123,511.174,0.532325,0.0,0.0,0.0,1.0,180,255,1);
INSERT IGNORE INTO gameobject VALUES (90643,192953,571,1,2,6374.75,444.729,511.289,-0.314159,0.0,0.0,0.0,1.0,180,255,1);
INSERT IGNORE INTO gameobject VALUES (90644,192954,571,1,2,6366.97,457.694,511.291,1.4399,0.0,0.0,0.0,1.0,180,255,1);
INSERT IGNORE INTO gameobject VALUES (90645,192955,571,1,2,6390.6,478.139,510.292,-0.82903,0.0,0.0,0.0,1.0,180,255,1);
INSERT IGNORE INTO gameobject VALUES (90646,192956,571,1,2,6374.09,449.968,511.292,0.130899,0.0,0.0,0.0,1.0,180,255,1);
INSERT IGNORE INTO gameobject VALUES (90647,192957,571,1,2,6393.23,422.639,511.202,1.37881,0.0,0.0,0.0,1.0,180,255,1);
INSERT IGNORE INTO gameobject VALUES (90648,192958,571,1,2,6396.72,440.785,511.292,-0.193385,0.0,0.0,0.0,1.0,180,255,1);
INSERT IGNORE INTO gameobject VALUES (90649,192959,571,1,2,6396.09,463.281,511.282,1.72077,0.0,0.0,0.0,1.0,180,255,1);
INSERT IGNORE INTO gameobject VALUES (90650,192960,571,1,2,6401.24,464.467,511.284,-2.67325,0.0,0.0,0.0,1.0,180,255,1);
INSERT IGNORE INTO gameobject VALUES (90651,192961,571,1,2,6396.8,460.417,511.285,-0.058962,0.0,0.0,0.0,1.0,180,255,1);
INSERT IGNORE INTO gameobject VALUES (90652,192962,571,1,2,6401.34,462.53,511.285,-0.389499,0.0,0.0,0.0,1.0,180,255,1);
INSERT IGNORE INTO gameobject VALUES (90653,192963,571,1,2,6397.71,462.0,511.285,-2.61713,0.0,0.0,0.0,1.0,180,255,1);
INSERT IGNORE INTO gameobject VALUES (90654,192964,571,1,2,6398.38,465.801,511.282,-2.1855,0.0,0.0,0.0,1.0,180,255,1);
INSERT IGNORE INTO gameobject VALUES (90655,192965,571,1,2,6392.24,440.565,511.292,-0.102764,0.0,0.0,0.0,1.0,180,255,1);
INSERT IGNORE INTO gameobject VALUES (90656,192966,571,1,2,6394.23,464.809,511.284,-1.49701,0.0,0.0,0.0,1.0,180,255,1);
INSERT IGNORE INTO gameobject VALUES (90657,192967,571,1,2,6383.98,466.536,511.282,0.370232,0.0,0.0,0.0,1.0,180,255,1);
INSERT IGNORE INTO gameobject VALUES (90658,192968,571,1,2,6392.79,468.093,511.282,0.011696,0.0,0.0,0.0,1.0,180,255,1);
INSERT IGNORE INTO gameobject VALUES (90659,192969,571,1,2,6385.33,467.589,511.245,0.150597,0.0,0.0,0.0,1.0,180,255,1);
INSERT IGNORE INTO gameobject VALUES (90660,192970,571,1,2,6384.93,462.007,511.284,-0.849183,0.0,0.0,0.0,1.0,180,255,1);
INSERT IGNORE INTO gameobject VALUES (90661,192971,571,1,2,6384.11,465.433,511.282,1.53543,0.0,0.0,0.0,1.0,180,255,1);
INSERT IGNORE INTO gameobject VALUES (90662,192972,571,1,2,6390.23,464.844,511.282,-2.79031,0.0,0.0,0.0,1.0,180,255,1);
INSERT IGNORE INTO gameobject VALUES (90663,192973,571,1,2,6386.31,466.401,511.282,-0.482453,0.0,0.0,0.0,1.0,180,255,1);
INSERT IGNORE INTO gameobject VALUES (90664,192974,571,1,2,6391.75,470.443,511.282,-0.968316,0.0,0.0,0.0,1.0,180,255,1);
INSERT IGNORE INTO gameobject VALUES (90665,192975,571,1,2,6388.19,463.026,511.282,-0.061066,0.0,0.0,0.0,1.0,180,255,1);
INSERT IGNORE INTO gameobject VALUES (90666,192976,571,1,2,6385.99,441.426,511.256,0.264044,0.0,0.0,0.0,1.0,180,255,1);
INSERT IGNORE INTO gameobject VALUES (90667,192977,571,1,2,6385.03,439.147,511.292,1.64888,0.0,0.0,0.0,1.0,180,255,1);
INSERT IGNORE INTO gameobject VALUES (90668,192978,571,1,2,6387.1,440.356,511.292,-0.369009,0.0,0.0,0.0,1.0,180,255,1);
INSERT IGNORE INTO gameobject VALUES (90669,192979,571,1,2,6389.35,437.216,511.292,0.05238,0.0,0.0,0.0,1.0,180,255,1);
INSERT IGNORE INTO gameobject VALUES (90670,192980,571,1,2,6392.84,437.939,511.291,0.011696,0.0,0.0,0.0,1.0,180,255,1);
INSERT IGNORE INTO gameobject VALUES (90671,192981,571,1,2,6397.43,438.504,511.291,-2.1855,0.0,0.0,0.0,1.0,180,255,1);
INSERT IGNORE INTO gameobject VALUES (90672,192982,571,1,2,6366.62,450.197,511.291,-1.51844,0.0,0.0,0.0,1.0,180,255,1);
INSERT IGNORE INTO gameobject VALUES (90673,192983,571,1,2,6388.55,450.99,511.292,-0.698129,0.0,0.0,0.0,1.0,180,255,1);
INSERT IGNORE INTO gameobject VALUES (90674,192985,571,1,2,6402.2,438.052,528.443,-0.619591,0.0,0.0,0.0,1.0,180,255,1);
INSERT IGNORE INTO gameobject VALUES (90675,192986,571,1,2,6400.74,436.745,528.815,-1.13446,0.0,0.0,0.0,1.0,180,255,1);
INSERT IGNORE INTO gameobject VALUES (90676,192987,571,1,2,6402.81,438.966,532.583,-0.296703,0.0,0.0,0.0,1.0,180,255,1);
INSERT IGNORE INTO gameobject VALUES (90677,192988,571,1,2,6409.27,461.103,535.641,-0.453785,0.0,0.0,0.0,1.0,180,255,1);
INSERT IGNORE INTO gameobject VALUES (90678,192989,571,1,2,6398.8,435.003,531.123,3.14159,0.0,0.0,0.0,1.0,180,255,1);
INSERT IGNORE INTO gameobject VALUES (90679,192990,571,1,2,6403.76,439.631,533.06,-0.130899,0.0,0.0,0.0,1.0,180,255,1);
INSERT IGNORE INTO gameobject VALUES (90680,192991,571,1,2,6405.78,440.991,534.741,3.14159,0.0,0.0,0.0,1.0,180,255,1);
INSERT IGNORE INTO gameobject VALUES (90681,192992,571,1,2,6502.52,477.211,431.808,-2.66162,0.0,0.0,0.0,1.0,180,255,1);
INSERT IGNORE INTO gameobject VALUES (90682,192993,571,1,2,6506.52,480.656,425.953,0.479966,0.0,0.0,0.0,1.0,180,255,1);
INSERT IGNORE INTO gameobject VALUES (90683,192994,571,1,2,6408.92,461.538,535.438,3.14159,0.0,0.0,0.0,1.0,180,255,1);
INSERT IGNORE INTO gameobject VALUES (90684,192995,571,1,2,6406.13,463.06,530.913,0.165805,0.0,0.0,0.0,1.0,180,255,1);
INSERT IGNORE INTO gameobject VALUES (90685,192996,571,1,2,6505.05,453.483,447.724,-0.017452,0.0,0.0,0.0,1.0,180,255,1);
INSERT IGNORE INTO gameobject VALUES (90686,192997,571,1,2,6499.02,452.644,442.692,0.14835,0.0,0.0,0.0,1.0,180,255,1);
INSERT IGNORE INTO gameobject VALUES (90687,192999,571,1,2,6504.49,433.452,457.43,2.69648,0.0,0.0,0.0,1.0,180,255,1);
INSERT IGNORE INTO gameobject VALUES (90688,193000,571,1,2,6522.98,430.228,457.063,-0.200713,0.0,0.0,0.0,1.0,180,255,1);
INSERT IGNORE INTO gameobject VALUES (90689,193001,571,1,2,6512.24,432.347,461.362,0.741763,0.0,0.0,0.0,1.0,180,255,1);
INSERT IGNORE INTO gameobject VALUES (90690,193002,571,1,2,6495.35,471.472,430.421,-2.45216,0.0,0.0,0.0,1.0,180,255,1);
INSERT IGNORE INTO gameobject VALUES (90691,193003,571,1,2,6418.32,423.006,511.121,0.802851,0.0,0.0,0.0,1.0,180,255,1);
-- brewfest valiance
INSERT IGNORE INTO gameobject VALUES (90692,195255,571,1,1,2373.82,5235.9,20.2501,3.07177,0.0,0.0,0.0,1.0,180,255,1);
INSERT IGNORE INTO gameobject VALUES (90693,195255,571,1,1,2362.82,5195.9,19.7693,2.37364,0.0,0.0,0.0,1.0,180,255,1);
INSERT IGNORE INTO gameobject VALUES (90694,195255,571,1,1,2361.5,5274.71,25.8517,-2.75761,0.0,0.0,0.0,1.0,180,255,1);
INSERT IGNORE INTO gameobject VALUES (90695,195255,571,1,1,2330.24,5169.87,25.637,1.83259,0.0,0.0,0.0,1.0,180,255,1);
INSERT IGNORE INTO gameobject VALUES (90696,195255,571,1,1,2293.54,5174.72,25.1196,1.13446,0.0,0.0,0.0,1.0,180,255,1);
INSERT IGNORE INTO gameobject VALUES (90697,195255,571,1,1,2288.47,5160.94,25.5481,-1.93732,0.0,0.0,0.0,1.0,180,255,1);
INSERT IGNORE INTO gameobject VALUES (90698,195256,571,1,1,2248.4,5206.86,14.7135,0.523598,0.0,0.0,0.0,1.0,180,255,1);
INSERT IGNORE INTO gameobject VALUES (90699,195256,571,1,1,2302.7,5237.8,11.3397,2.77507,0.0,0.0,0.0,1.0,180,255,1);
INSERT IGNORE INTO gameobject VALUES (90700,195256,571,1,1,2238.52,5180.18,14.7135,-0.349065,0.0,0.0,0.0,1.0,180,255,1);
INSERT IGNORE INTO gameobject VALUES (90701,195256,571,1,1,2197.99,5288.56,24.4594,2.72271,0.0,0.0,0.0,1.0,180,255,1);
INSERT IGNORE INTO gameobject VALUES (90702,195256,571,1,1,2288.01,5313.15,14.7135,-1.23918,0.0,0.0,0.0,1.0,180,255,1);
INSERT IGNORE INTO gameobject VALUES (90703,195256,571,1,1,2234.99,5298.38,15.0563,2.68781,0.0,0.0,0.0,1.0,180,255,1);
INSERT IGNORE INTO gameobject VALUES (90704,195256,571,1,1,2122.56,5320.26,32.7759,-1.88495,0.0,0.0,0.0,1.0,180,255,1);
INSERT IGNORE INTO gameobject VALUES (90705,195256,571,1,1,2187.27,5257.1,23.3751,2.93214,0.0,0.0,0.0,1.0,180,255,1);
INSERT IGNORE INTO gameobject VALUES (90706,195256,571,1,1,2352.74,5196.42,7.63204,2.75761,0.0,0.0,0.0,1.0,180,255,1);
INSERT IGNORE INTO gameobject VALUES (90707,195256,571,1,1,2112.85,5291.52,32.7757,1.23918,0.0,0.0,0.0,1.0,180,255,1);
INSERT IGNORE INTO gameobject VALUES (90708,195256,571,1,1,2238.36,5132.74,5.34491,2.75761,0.0,0.0,0.0,1.0,180,255,1);
INSERT IGNORE INTO gameobject VALUES (90709,195256,571,1,1,2213.95,5333.78,23.3751,-2.82743,0.0,0.0,0.0,1.0,180,255,1);
INSERT IGNORE INTO gameobject VALUES (90710,195256,571,1,1,2214.7,5241.33,14.1,2.77507,0.0,0.0,0.0,1.0,180,255,1);
INSERT IGNORE INTO gameobject VALUES (90711,195256,571,1,1,2226.79,5136.91,5.34457,-0.349065,0.0,0.0,0.0,1.0,180,255,1);
INSERT IGNORE INTO gameobject VALUES (90712,195256,571,1,1,2151.34,5284.07,24.6652,2.75761,0.0,0.0,0.0,1.0,180,255,1);
INSERT IGNORE INTO gameobject VALUES (90713,195256,571,1,1,2202.94,5302.73,23.3751,2.82743,0.0,0.0,0.0,1.0,180,255,1);
INSERT IGNORE INTO gameobject VALUES (90714,195256,571,1,1,2276.32,5282.17,15.6697,-0.471238,0.0,0.0,0.0,1.0,180,255,1);
INSERT IGNORE INTO gameobject VALUES (90715,195256,571,1,1,2255.31,5225.86,14.7135,-0.349065,0.0,0.0,0.0,1.0,180,255,1);
INSERT IGNORE INTO gameobject VALUES (90716,195257,571,1,1,2271.33,5194.44,14.3965,-0.349065,0.0,0.0,0.0,1.0,180,255,1);
INSERT IGNORE INTO gameobject VALUES (90717,195257,571,1,1,2280.93,5198.39,14.6327,-2.09439,0.0,0.0,0.0,1.0,180,255,1);
INSERT IGNORE INTO gameobject VALUES (90718,195257,571,1,1,2281.23,5199.1,14.5723,1.22173,0.0,0.0,0.0,1.0,180,255,1);
INSERT IGNORE INTO gameobject VALUES (90719,195257,571,1,1,2299.13,5198.04,13.9327,2.72271,0.0,0.0,0.0,1.0,180,255,1);
INSERT IGNORE INTO gameobject VALUES (90720,195257,571,1,1,2272.83,5198.15,14.3613,-0.453785,0.0,0.0,0.0,1.0,180,255,1);
INSERT IGNORE INTO gameobject VALUES (90721,195259,571,1,1,2288.11,5196.55,14.4464,1.16937,0.0,0.0,0.0,1.0,180,255,1);
INSERT IGNORE INTO gameobject VALUES (90722,195259,571,1,1,2279.21,5188.58,16.2222,1.13446,0.0,0.0,0.0,1.0,180,255,1);
INSERT IGNORE INTO gameobject VALUES (90723,195260,571,1,1,2278.04,5202.73,24.8986,-0.279252,0.0,0.0,0.0,1.0,180,255,1);
INSERT IGNORE INTO gameobject VALUES (90724,195260,571,1,1,2300.87,5202.07,18.7751,-0.401425,0.0,0.0,0.0,1.0,180,255,1);
INSERT IGNORE INTO gameobject VALUES (90725,195260,571,1,1,2304.01,5195.69,18.7786,-0.349065,0.0,0.0,0.0,1.0,180,255,1);
INSERT IGNORE INTO gameobject VALUES (90726,195260,571,1,1,2289.67,5198.88,24.8988,2.72271,0.0,0.0,0.0,1.0,180,255,1);
INSERT IGNORE INTO gameobject VALUES (90727,195260,571,1,1,2291.03,5196.26,16.5458,1.16937,0.0,0.0,0.0,1.0,180,255,1);
INSERT IGNORE INTO gameobject VALUES (90728,195260,571,1,1,2289.23,5206.76,13.6345,2.75761,0.0,0.0,0.0,1.0,180,255,1);
INSERT IGNORE INTO gameobject VALUES (90729,195260,571,1,1,2276.77,5199.53,24.8946,-2.02458,0.0,0.0,0.0,1.0,180,255,1);
INSERT IGNORE INTO gameobject VALUES (90730,195260,571,1,1,2296.92,5193.87,16.5458,1.22173,0.0,0.0,0.0,1.0,180,255,1);
INSERT IGNORE INTO gameobject VALUES (90731,195260,571,1,1,2303.14,5193.46,18.7786,-0.383971,0.0,0.0,0.0,1.0,180,255,1);
INSERT IGNORE INTO gameobject VALUES (90732,195260,571,1,1,2290.59,5201.15,24.8942,2.72271,0.0,0.0,0.0,1.0,180,255,1);
INSERT IGNORE INTO gameobject VALUES (90733,195260,571,1,1,2288.11,5203.88,13.6343,2.75761,0.0,0.0,0.0,1.0,180,255,1);
INSERT IGNORE INTO gameobject VALUES (90734,195263,571,1,1,2309.71,5207.69,20.9455,1.11701,0.0,0.0,0.0,1.0,180,255,1);
INSERT IGNORE INTO gameobject VALUES (90735,195263,571,1,1,2264.36,5199.47,21.167,2.79252,0.0,0.0,0.0,1.0,180,255,1);
INSERT IGNORE INTO gameobject VALUES (90736,195263,571,1,1,2282.7,5218.6,20.9829,1.22173,0.0,0.0,0.0,1.0,180,255,1);
INSERT IGNORE INTO gameobject VALUES (90737,195263,571,1,1,2296.56,5212.99,20.7571,1.16937,0.0,0.0,0.0,1.0,180,255,1);
INSERT IGNORE INTO gameobject VALUES (90738,195264,571,1,1,2292.77,5195.49,16.5458,1.69297,0.0,0.0,0.0,1.0,180,255,1);
INSERT IGNORE INTO gameobject VALUES (90739,195264,571,1,1,2295.15,5194.6,16.5458,-2.53072,0.0,0.0,0.0,1.0,180,255,1);
INSERT IGNORE INTO gameobject VALUES (90740,195266,571,1,1,2303.01,5208.55,27.682,1.18682,0.0,0.0,0.0,1.0,180,255,1);
INSERT IGNORE INTO gameobject VALUES (90741,195266,571,1,1,2288.64,5214.34,27.5083,1.16937,0.0,0.0,0.0,1.0,180,255,1);
INSERT IGNORE INTO gameobject VALUES (90742,195266,571,1,1,2314.89,5185.28,23.4802,-1.91986,0.0,0.0,0.0,1.0,180,255,1);
INSERT IGNORE INTO gameobject VALUES (90743,195266,571,1,1,2320.05,5198.47,23.7145,1.15192,0.0,0.0,0.0,1.0,180,255,1);
INSERT IGNORE INTO gameobject VALUES (90744,195266,571,1,1,2270.0,5197.17,17.3287,2.74016,0.0,0.0,0.0,1.0,180,255,1);
INSERT IGNORE INTO gameobject VALUES (90745,195266,571,1,1,2274.93,5189.17,26.1362,-2.02458,0.0,0.0,0.0,1.0,180,255,1);
INSERT IGNORE INTO game_event_gameobject VALUES (90692,26);
INSERT IGNORE INTO game_event_gameobject VALUES (90693,26);
INSERT IGNORE INTO game_event_gameobject VALUES (90694,26);
INSERT IGNORE INTO game_event_gameobject VALUES (90695,26);
INSERT IGNORE INTO game_event_gameobject VALUES (90696,26);
INSERT IGNORE INTO game_event_gameobject VALUES (90697,26);
INSERT IGNORE INTO game_event_gameobject VALUES (90698,26);
INSERT IGNORE INTO game_event_gameobject VALUES (90699,26);
INSERT IGNORE INTO game_event_gameobject VALUES (90700,26);
INSERT IGNORE INTO game_event_gameobject VALUES (90701,26);
INSERT IGNORE INTO game_event_gameobject VALUES (90702,26);
INSERT IGNORE INTO game_event_gameobject VALUES (90703,26);
INSERT IGNORE INTO game_event_gameobject VALUES (90704,26);
INSERT IGNORE INTO game_event_gameobject VALUES (90705,26);
INSERT IGNORE INTO game_event_gameobject VALUES (90706,26);
INSERT IGNORE INTO game_event_gameobject VALUES (90707,26);
INSERT IGNORE INTO game_event_gameobject VALUES (90708,26);
INSERT IGNORE INTO game_event_gameobject VALUES (90709,26);
INSERT IGNORE INTO game_event_gameobject VALUES (90710,26);
INSERT IGNORE INTO game_event_gameobject VALUES (90711,26);
INSERT IGNORE INTO game_event_gameobject VALUES (90712,26);
INSERT IGNORE INTO game_event_gameobject VALUES (90713,26);
INSERT IGNORE INTO game_event_gameobject VALUES (90714,26);
INSERT IGNORE INTO game_event_gameobject VALUES (90715,26);
INSERT IGNORE INTO game_event_gameobject VALUES (90716,26);
INSERT IGNORE INTO game_event_gameobject VALUES (90717,26);
INSERT IGNORE INTO game_event_gameobject VALUES (90718,26);
INSERT IGNORE INTO game_event_gameobject VALUES (90719,26);
INSERT IGNORE INTO game_event_gameobject VALUES (90720,26);
INSERT IGNORE INTO game_event_gameobject VALUES (90721,26);
INSERT IGNORE INTO game_event_gameobject VALUES (90722,26);
INSERT IGNORE INTO game_event_gameobject VALUES (90723,26);
INSERT IGNORE INTO game_event_gameobject VALUES (90724,26);
INSERT IGNORE INTO game_event_gameobject VALUES (90725,26);
INSERT IGNORE INTO game_event_gameobject VALUES (90726,26);
INSERT IGNORE INTO game_event_gameobject VALUES (90727,26);
INSERT IGNORE INTO game_event_gameobject VALUES (90728,26);
INSERT IGNORE INTO game_event_gameobject VALUES (90729,26);
INSERT IGNORE INTO game_event_gameobject VALUES (90730,26);
INSERT IGNORE INTO game_event_gameobject VALUES (90731,26);
INSERT IGNORE INTO game_event_gameobject VALUES (90732,26);
INSERT IGNORE INTO game_event_gameobject VALUES (90733,26);
INSERT IGNORE INTO game_event_gameobject VALUES (90734,26);
INSERT IGNORE INTO game_event_gameobject VALUES (90735,26);
INSERT IGNORE INTO game_event_gameobject VALUES (90736,26);
INSERT IGNORE INTO game_event_gameobject VALUES (90737,26);
INSERT IGNORE INTO game_event_gameobject VALUES (90738,26);
INSERT IGNORE INTO game_event_gameobject VALUES (90739,26);
INSERT IGNORE INTO game_event_gameobject VALUES (90740,26);
INSERT IGNORE INTO game_event_gameobject VALUES (90741,26);
INSERT IGNORE INTO game_event_gameobject VALUES (90742,26);
INSERT IGNORE INTO game_event_gameobject VALUES (90743,26);
INSERT IGNORE INTO game_event_gameobject VALUES (90744,26);
INSERT IGNORE INTO game_event_gameobject VALUES (90745,26);
-- exodar
INSERT IGNORE INTO gameobject VALUES (90746,180037,530,1,1,-3976.53,-11884.3,0.564625,-0.680679,0.0,0.0,0.0,1.0,180,255,1);
INSERT IGNORE INTO gameobject VALUES (90747,180037,530,1,1,-3967.23,-11865.1,0.618187,-0.506145,0.0,0.0,0.0,1.0,180,255,1);
INSERT IGNORE INTO gameobject VALUES (90748,180037,530,1,1,-3972.45,-11884.5,0.644444,0.715585,0.0,0.0,0.0,1.0,180,255,1);
INSERT IGNORE INTO gameobject VALUES (90749,180037,530,1,1,-3974.5,-11881.2,0.593977,2.60053,0.0,0.0,0.0,1.0,180,255,1);
INSERT IGNORE INTO gameobject VALUES (90750,186717,530,1,1,-3971.1,-11878.2,0.49623,2.89724,0.0,0.0,0.0,1.0,180,255,1);
INSERT IGNORE INTO gameobject VALUES (90751,186717,530,1,1,-4041.94,-11803.8,8.85179,2.32129,0.0,0.0,0.0,1.0,180,255,1);
INSERT IGNORE INTO gameobject VALUES (90752,186717,530,1,1,-4067.15,-12017.4,-0.900065,-2.11185,0.0,0.0,0.0,1.0,180,255,1);
INSERT IGNORE INTO gameobject VALUES (90753,186717,530,1,1,-3906.72,-11941.4,-2.97272,-0.122173,0.0,0.0,0.0,1.0,180,255,1);
INSERT IGNORE INTO gameobject VALUES (90754,186717,530,1,1,-3815.32,-11689.8,-106.645,-0.750491,0.0,0.0,0.0,1.0,180,255,1);
INSERT IGNORE INTO gameobject VALUES (90755,186717,530,1,1,-3983.02,-11861.1,0.33321,-1.98967,0.0,0.0,0.0,1.0,180,255,1);
INSERT IGNORE INTO gameobject VALUES (90756,186717,530,1,1,-3991.88,-11886.0,0.200815,-2.89724,0.0,0.0,0.0,1.0,180,255,1);
INSERT IGNORE INTO gameobject VALUES (90757,186221,530,1,1,-3980.86,-11859.8,0.418289,-1.91986,0.0,0.0,0.0,1.0,180,255,1);
INSERT IGNORE INTO gameobject VALUES (90758,186257,530,1,1,-3977.56,-11887.8,0.54265,-0.663223,0.0,0.0,0.0,1.0,180,255,1);
INSERT IGNORE INTO gameobject VALUES (90759,186259,530,1,1,-3968.54,-11869.5,0.6383,0.366518,0.0,0.0,0.0,1.0,180,255,1);
INSERT IGNORE INTO gameobject VALUES (90760,186260,530,1,1,-3978.89,-11859.7,0.441133,0.872664,0.0,0.0,0.0,1.0,180,255,1);
INSERT IGNORE INTO gameobject VALUES (90761,195266,530,1,1,-4213.73,-11685.4,-130.823,0.942477,0.0,0.0,0.0,1.0,180,255,1);
INSERT IGNORE INTO gameobject VALUES (90762,195266,530,1,1,-4145.8,-11745.6,-124.153,2.02458,0.0,0.0,0.0,1.0,180,255,1);
INSERT IGNORE INTO gameobject VALUES (90763,178666,530,1,1,-3972.73,-11862.5,0.506976,2.54818,0.0,0.0,0.0,1.0,180,255,1);
INSERT IGNORE INTO gameobject VALUES (90764,178666,530,1,1,-3966.27,-11876.0,0.718132,1.22173,0.0,0.0,0.0,1.0,180,255,1);
INSERT IGNORE INTO game_event_gameobject VALUES (90746,26);
INSERT IGNORE INTO game_event_gameobject VALUES (90747,26);
INSERT IGNORE INTO game_event_gameobject VALUES (90748,26);
INSERT IGNORE INTO game_event_gameobject VALUES (90749,26);
INSERT IGNORE INTO game_event_gameobject VALUES (90750,26);
INSERT IGNORE INTO game_event_gameobject VALUES (90751,26);
INSERT IGNORE INTO game_event_gameobject VALUES (90752,26);
INSERT IGNORE INTO game_event_gameobject VALUES (90753,26);
INSERT IGNORE INTO game_event_gameobject VALUES (90754,26);
INSERT IGNORE INTO game_event_gameobject VALUES (90755,26);
INSERT IGNORE INTO game_event_gameobject VALUES (90756,26);
INSERT IGNORE INTO game_event_gameobject VALUES (90757,26);
INSERT IGNORE INTO game_event_gameobject VALUES (90758,26);
INSERT IGNORE INTO game_event_gameobject VALUES (90759,26);
INSERT IGNORE INTO game_event_gameobject VALUES (90760,26);
INSERT IGNORE INTO game_event_gameobject VALUES (90761,26);
INSERT IGNORE INTO game_event_gameobject VALUES (90762,26);
INSERT IGNORE INTO game_event_gameobject VALUES (90763,26);
INSERT IGNORE INTO game_event_gameobject VALUES (90764,26);
-- random brewfest
INSERT IGNORE INTO gameobject VALUES (90765,180037,1,1,1,9978.39,2214.15,1329.0,0.610864,0.0,0.0,0.0,1.0,180,255,1);
INSERT IGNORE INTO game_event_gameobject VALUES (90765,26);
INSERT IGNORE INTO gameobject VALUES (90766,180037,1,1,1,9977.86,2218.44,1329.0,-0.523598,0.0,0.0,0.0,1.0,180,255,1);
INSERT IGNORE INTO game_event_gameobject VALUES (90766,26);
INSERT IGNORE INTO gameobject VALUES (90767,180037,1,1,1,9973.55,2216.92,1329.46,-2.05949,0.0,0.0,0.0,1.0,180,255,1);
INSERT IGNORE INTO game_event_gameobject VALUES (90767,26);
INSERT IGNORE INTO gameobject VALUES (90768,180037,1,1,1,9983.25,2194.79,1328.74,0.715585,0.0,0.0,0.0,1.0,180,255,1);
INSERT IGNORE INTO game_event_gameobject VALUES (90768,26);
INSERT IGNORE INTO gameobject VALUES (90769,186717,0,1,1,-5644.71,-477.017,396.748,-1.67551,0.0,0.0,0.0,1.0,180,255,1);
INSERT IGNORE INTO game_event_gameobject VALUES (90769,26);
INSERT IGNORE INTO gameobject VALUES (90770,186717,0,1,1,-5337.04,-542.347,393.658,1.39626,0.0,0.0,0.0,1.0,180,255,1);
INSERT IGNORE INTO game_event_gameobject VALUES (90770,26);
INSERT IGNORE INTO gameobject VALUES (90771,186717,1,1,1,9968.14,2192.95,1328.85,1.37881,0.0,0.0,0.0,1.0,180,255,1);
INSERT IGNORE INTO game_event_gameobject VALUES (90771,26);
INSERT IGNORE INTO gameobject VALUES (90772,186717,1,1,1,9945.38,2272.34,1341.39,0.942477,0.0,0.0,0.0,1.0,180,255,1);
INSERT IGNORE INTO game_event_gameobject VALUES (90772,26);
INSERT IGNORE INTO gameobject VALUES (90773,186717,1,1,1,9958.72,2272.7,1341.39,2.07694,0.0,0.0,0.0,1.0,180,255,1);
INSERT IGNORE INTO game_event_gameobject VALUES (90773,26);
INSERT IGNORE INTO gameobject VALUES (90774,186717,1,1,1,9980.21,2209.33,1328.78,-2.86233,0.0,0.0,0.0,1.0,180,255,1);
INSERT IGNORE INTO game_event_gameobject VALUES (90774,26);
INSERT IGNORE INTO gameobject VALUES (90775,186717,1,1,1,9959.92,2254.63,1335.34,-2.87979,0.0,0.0,0.0,1.0,180,255,1);
INSERT IGNORE INTO game_event_gameobject VALUES (90775,26);
INSERT IGNORE INTO gameobject VALUES (90776,186717,1,1,1,9965.52,2220.73,1329.78,-2.53072,0.0,0.0,0.0,1.0,180,255,1);
INSERT IGNORE INTO game_event_gameobject VALUES (90776,26);
INSERT IGNORE INTO gameobject VALUES (90777,186717,1,1,1,9958.24,2178.28,1327.51,-1.83259,0.0,0.0,0.0,1.0,180,255,1);
INSERT IGNORE INTO game_event_gameobject VALUES (90777,26);
INSERT IGNORE INTO gameobject VALUES (90778,186221,1,1,1,9970.78,2223.27,1329.55,-1.91986,0.0,0.0,0.0,1.0,180,255,1);
INSERT IGNORE INTO game_event_gameobject VALUES (90778,26);
INSERT IGNORE INTO gameobject VALUES (90779,186257,1,1,1,9970.73,2219.56,1329.53,0.820303,0.0,0.0,0.0,1.0,180,255,1);
INSERT IGNORE INTO game_event_gameobject VALUES (90779,26);
INSERT IGNORE INTO gameobject VALUES (90780,186259,1,1,1,9984.51,2199.9,1328.52,-0.418879,0.0,0.0,0.0,1.0,180,255,1);
INSERT IGNORE INTO game_event_gameobject VALUES (90780,26);
INSERT IGNORE INTO gameobject VALUES (90781,186260,1,1,1,9971.86,2190.39,1328.98,-1.62316,0.0,0.0,0.0,1.0,180,255,1);
INSERT IGNORE INTO game_event_gameobject VALUES (90781,26);
INSERT IGNORE INTO gameobject VALUES (90782,195253,1,1,1,9919.38,2271.49,1355.09,-1.53589,0.0,0.0,0.0,1.0,180,255,1);
INSERT IGNORE INTO game_event_gameobject VALUES (90782,26);
INSERT IGNORE INTO gameobject VALUES (90783,195253,1,1,1,9908.32,2270.95,1355.09,-1.55334,0.0,0.0,0.0,1.0,180,255,1);
INSERT IGNORE INTO game_event_gameobject VALUES (90783,26);
INSERT IGNORE INTO gameobject VALUES (90784,195253,1,1,1,9930.41,2271.81,1355.08,-1.55334,0.0,0.0,0.0,1.0,180,255,1);
INSERT IGNORE INTO game_event_gameobject VALUES (90784,26);
INSERT IGNORE INTO gameobject VALUES (90785,195253,1,1,1,9996.89,2273.38,1355.08,-1.55334,0.0,0.0,0.0,1.0,180,255,1);
INSERT IGNORE INTO game_event_gameobject VALUES (90785,26);
INSERT IGNORE INTO gameobject VALUES (90786,195253,1,1,1,9973.71,2273.31,1355.09,-1.53589,0.0,0.0,0.0,1.0,180,255,1);
INSERT IGNORE INTO game_event_gameobject VALUES (90786,26);
INSERT IGNORE INTO gameobject VALUES (90787,195253,1,1,1,6477.77,732.332,24.5453,1.23918,0.0,0.0,0.0,1.0,180,255,1);
INSERT IGNORE INTO game_event_gameobject VALUES (90787,26);
INSERT IGNORE INTO gameobject VALUES (90788,195253,1,1,1,6519.29,856.82,22.6424,1.25664,0.0,0.0,0.0,1.0,180,255,1);
INSERT IGNORE INTO game_event_gameobject VALUES (90788,26);
INSERT IGNORE INTO gameobject VALUES (90789,195253,1,1,1,6468.23,703.672,24.6131,-1.90241,0.0,0.0,0.0,1.0,180,255,1);
INSERT IGNORE INTO game_event_gameobject VALUES (90789,26);
INSERT IGNORE INTO gameobject VALUES (90790,195253,1,1,1,6444.01,632.915,25.4917,1.25664,0.0,0.0,0.0,1.0,180,255,1);
INSERT IGNORE INTO game_event_gameobject VALUES (90790,26);
INSERT IGNORE INTO gameobject VALUES (90791,195253,1,1,1,6510.12,828.076,22.8584,-1.88495,0.0,0.0,0.0,1.0,180,255,1);
INSERT IGNORE INTO game_event_gameobject VALUES (90791,26);
INSERT IGNORE INTO gameobject VALUES (90792,195253,1,1,1,9985.81,2272.69,1355.0,-1.58825,0.0,0.0,0.0,1.0,180,255,1);
INSERT IGNORE INTO game_event_gameobject VALUES (90792,26);
INSERT IGNORE INTO gameobject VALUES (90793,195256,0,1,1,-8430.99,596.351,94.6203,-2.82743,0.0,0.0,0.0,1.0,180,255,1);
INSERT IGNORE INTO game_event_gameobject VALUES (90793,26);
INSERT IGNORE INTO gameobject VALUES (90794,195256,0,1,1,-8839.07,545.266,96.8377,1.01229,0.0,0.0,0.0,1.0,180,255,1);
INSERT IGNORE INTO game_event_gameobject VALUES (90794,26);
INSERT IGNORE INTO gameobject VALUES (90795,195256,0,1,1,-8879.18,649.492,96.0198,0.488691,0.0,0.0,0.0,1.0,180,255,1);
INSERT IGNORE INTO game_event_gameobject VALUES (90795,26);
INSERT IGNORE INTO gameobject VALUES (90796,195263,0,1,1,-8719.57,507.913,107.537,2.18166,0.0,0.0,0.0,1.0,180,255,1);
INSERT IGNORE INTO game_event_gameobject VALUES (90796,26);
INSERT IGNORE INTO gameobject VALUES (90797,195263,0,1,1,-8612.71,504.637,115.304,0.575957,0.0,0.0,0.0,1.0,180,255,1);
INSERT IGNORE INTO game_event_gameobject VALUES (90797,26);
INSERT IGNORE INTO gameobject VALUES (90798,195263,0,1,1,-8511.38,527.79,110.699,0.663223,0.0,0.0,0.0,1.0,180,255,1);
INSERT IGNORE INTO game_event_gameobject VALUES (90798,26);
INSERT IGNORE INTO gameobject VALUES (90799,195263,1,1,1,10072.8,2344.4,1335.17,-0.733038,0.0,0.0,0.0,1.0,180,255,1);
INSERT IGNORE INTO game_event_gameobject VALUES (90799,26);
INSERT IGNORE INTO gameobject VALUES (90800,195263,1,1,1,9737.77,2294.83,1346.49,-0.698132,0.0,0.0,0.0,1.0,180,255,1);
INSERT IGNORE INTO game_event_gameobject VALUES (90800,26);
INSERT IGNORE INTO gameobject VALUES (90801,195263,1,1,1,9857.45,2344.73,1334.97,2.89724,0.0,0.0,0.0,1.0,180,255,1);
INSERT IGNORE INTO game_event_gameobject VALUES (90801,26);
INSERT IGNORE INTO gameobject VALUES (90802,195263,1,1,1,10091.1,2264.78,1346.51,0.471238,0.0,0.0,0.0,1.0,180,255,1);
INSERT IGNORE INTO game_event_gameobject VALUES (90802,26);
INSERT IGNORE INTO gameobject VALUES (90803,195263,1,1,1,9821.78,2252.39,1346.21,-0.244346,0.0,0.0,0.0,1.0,180,255,1);
INSERT IGNORE INTO game_event_gameobject VALUES (90803,26);
INSERT IGNORE INTO gameobject VALUES (90804,195263,1,1,1,9798.35,2309.28,1330.56,-1.8675,0.0,0.0,0.0,1.0,180,255,1);
INSERT IGNORE INTO game_event_gameobject VALUES (90804,26);
INSERT IGNORE INTO gameobject VALUES (90805,186331,0,1,1,-5633.46,-492.358,396.673,-2.00713,0.0,0.0,0.0,1.0,180,255,1);
INSERT IGNORE INTO game_event_gameobject VALUES (90805,26);
INSERT IGNORE INTO gameobject VALUES (90806,186331,0,1,1,-5492.02,-534.786,398.115,0.331611,0.0,0.0,0.0,1.0,180,255,1);
INSERT IGNORE INTO game_event_gameobject VALUES (90806,26);
INSERT IGNORE INTO gameobject VALUES (90807,186331,0,1,1,-5357.13,-536.766,391.771,-2.3911,0.0,0.0,0.0,1.0,180,255,1);
INSERT IGNORE INTO game_event_gameobject VALUES (90807,26);

INSERT IGNORE INTO gameobject VALUES (90808,195256,1,1,1,-4573.36,-3167.3,34.5694,2.75761,0.0,0.0,0.0,1.0,180,255,1);
INSERT IGNORE INTO game_event_gameobject VALUES (90808,26);
INSERT IGNORE INTO gameobject VALUES (90809,195256,1,1,1,-4627.18,-3168.31,40.98,-1.76278,0.0,0.0,0.0,1.0,180,255,1);
INSERT IGNORE INTO game_event_gameobject VALUES (90809,26);
INSERT IGNORE INTO gameobject VALUES (90810,195256,1,1,1,-4572.14,-3178.51,34.1753,-2.9845,0.0,0.0,0.0,1.0,180,255,1);
INSERT IGNORE INTO game_event_gameobject VALUES (90810,26);
INSERT IGNORE INTO gameobject VALUES (90811,195256,1,1,1,-4612.54,-3204.23,34.925,-0.349065,0.0,0.0,0.0,1.0,180,255,1);
INSERT IGNORE INTO game_event_gameobject VALUES (90811,26);
INSERT IGNORE INTO gameobject VALUES (90812,195256,1,1,1,-4602.34,-3157.29,34.925,0.663223,0.0,0.0,0.0,1.0,180,255,1);
INSERT IGNORE INTO game_event_gameobject VALUES (90812,26);
INSERT IGNORE INTO gameobject VALUES (90813,195256,530,1,1,-4006.57,-11572.7,-138.042,2.67035,0.0,0.0,0.0,1.0,180,255,1);
INSERT IGNORE INTO game_event_gameobject VALUES (90813,26);
INSERT IGNORE INTO gameobject VALUES (90814,195256,571,1,1,807.627,-2945.67,6.90544,1.67551,0.0,0.0,0.0,1.0,180,255,1);
INSERT IGNORE INTO game_event_gameobject VALUES (90814,26);
INSERT IGNORE INTO gameobject VALUES (90815,195256,571,1,1,784.983,-2956.3,8.62784,-2.11185,0.0,0.0,0.0,1.0,180,255,1);
INSERT IGNORE INTO game_event_gameobject VALUES (90815,26);
INSERT IGNORE INTO gameobject VALUES (90816,195256,571,1,1,733.017,-2896.65,7.16157,-0.541051,0.0,0.0,0.0,1.0,180,255,1);
INSERT IGNORE INTO game_event_gameobject VALUES (90816,26);
INSERT IGNORE INTO gameobject VALUES (90817,195256,571,1,1,785.396,-2856.02,4.484,-1.8675,0.0,0.0,0.0,1.0,180,255,1);
INSERT IGNORE INTO game_event_gameobject VALUES (90817,26);
INSERT IGNORE INTO gameobject VALUES (90818,195256,571,1,1,706.602,-2924.74,-3.1657,-2.28638,0.0,0.0,0.0,1.0,180,255,1);
INSERT IGNORE INTO game_event_gameobject VALUES (90818,26);
INSERT IGNORE INTO gameobject VALUES (90819,195256,571,1,1,775.664,-2854.3,4.6838,-1.67551,0.0,0.0,0.0,1.0,180,255,1);
INSERT IGNORE INTO game_event_gameobject VALUES (90819,26);
INSERT IGNORE INTO gameobject VALUES (90820,195256,571,1,1,731.573,-2945.84,9.65843,0.558504,0.0,0.0,0.0,1.0,180,255,1);
INSERT IGNORE INTO game_event_gameobject VALUES (90820,26);
INSERT IGNORE INTO gameobject VALUES (90821,195256,571,1,1,708.981,-2939.21,-3.25598,2.72271,0.0,0.0,0.0,1.0,180,255,1);
INSERT IGNORE INTO game_event_gameobject VALUES (90821,26);
INSERT IGNORE INTO gameobject VALUES (90822,195256,571,1,1,728.253,-2936.78,8.08532,0.977383,0.0,0.0,0.0,1.0,180,255,1);
INSERT IGNORE INTO game_event_gameobject VALUES (90822,26);
INSERT IGNORE INTO gameobject VALUES (90823,195256,571,1,1,785.866,-2882.15,4.52708,-2.30383,0.0,0.0,0.0,1.0,180,255,1);
INSERT IGNORE INTO game_event_gameobject VALUES (90823,26);
INSERT IGNORE INTO gameobject VALUES (90824,195256,571,1,1,765.168,-2962.79,9.95537,-0.261798,0.0,0.0,0.0,1.0,180,255,1);
INSERT IGNORE INTO game_event_gameobject VALUES (90824,26);
INSERT IGNORE INTO gameobject VALUES (90825,195256,571,1,1,811.698,-2925.72,7.49117,-2.80997,0.0,0.0,0.0,1.0,180,255,1);
INSERT IGNORE INTO game_event_gameobject VALUES (90825,26);
INSERT IGNORE INTO gameobject VALUES (90826,195256,571,1,1,726.308,-2921.7,7.54804,-0.209439,0.0,0.0,0.0,1.0,180,255,1);
INSERT IGNORE INTO game_event_gameobject VALUES (90826,26);
INSERT IGNORE INTO gameobject VALUES (90827,195256,571,1,1,738.816,-2917.71,7.83575,-0.506145,0.0,0.0,0.0,1.0,180,255,1);
INSERT IGNORE INTO game_event_gameobject VALUES (90827,26);
INSERT IGNORE INTO gameobject VALUES (90828,195256,571,1,1,786.57,-2895.32,7.33188,2.65289,0.0,0.0,0.0,1.0,180,255,1);
INSERT IGNORE INTO game_event_gameobject VALUES (90828,26);
INSERT IGNORE INTO gameobject VALUES (90829,195259,571,1,1,737.802,-2929.84,6.96212,0.59341,0.0,0.0,0.0,1.0,180,255,1);
INSERT IGNORE INTO game_event_gameobject VALUES (90829,26);
INSERT IGNORE INTO gameobject VALUES (90830,195259,571,1,1,789.058,-2887.32,6.06147,-2.00713,0.0,0.0,0.0,1.0,180,255,1);
INSERT IGNORE INTO game_event_gameobject VALUES (90830,26);
INSERT IGNORE INTO gameobject VALUES (90831,195259,571,1,1,737.042,-2925.07,7.03845,-0.314158,0.0,0.0,0.0,1.0,180,255,1);
INSERT IGNORE INTO game_event_gameobject VALUES (90831,26);
INSERT IGNORE INTO gameobject VALUES (90832,195264,571,1,1,701.673,-2935.09,-3.06849,1.62316,0.0,0.0,0.0,1.0,180,255,1);
INSERT IGNORE INTO game_event_gameobject VALUES (90832,26);
INSERT IGNORE INTO gameobject VALUES (90833,195264,571,1,1,701.362,-2933.38,-3.06849,0.523598,0.0,0.0,0.0,1.0,180,255,1);
INSERT IGNORE INTO game_event_gameobject VALUES (90833,26);
INSERT IGNORE INTO gameobject VALUES (90834,195266,1,1,1,-4586.46,-3186.03,40.7139,1.65806,0.0,0.0,0.0,1.0,180,255,1);
INSERT IGNORE INTO game_event_gameobject VALUES (90834,26);
INSERT IGNORE INTO gameobject VALUES (90835,195266,1,1,1,-4601.81,-3172.89,46.2638,-0.017452,0.0,0.0,0.0,1.0,180,255,1);
INSERT IGNORE INTO game_event_gameobject VALUES (90835,26);
INSERT IGNORE INTO gameobject VALUES (90836,195266,571,1,1,713.499,-2931.4,2.87618,0.139624,0.0,0.0,0.0,1.0,180,255,1);
INSERT IGNORE INTO game_event_gameobject VALUES (90836,26);

INSERT IGNORE INTO gameobject VALUES (90837,195253,571,1,1,5465.98,-2609.94,310.727,3.12412,0.0,0.0,0.0,1.0,180,255,1);
INSERT IGNORE INTO game_event_gameobject VALUES (90837,26);
INSERT IGNORE INTO gameobject VALUES (90838,195253,571,1,1,5472.98,-2649.11,310.314,1.62316,0.0,0.0,0.0,1.0,180,255,1);
INSERT IGNORE INTO game_event_gameobject VALUES (90838,26);
INSERT IGNORE INTO gameobject VALUES (90839,195253,571,1,1,5474.36,-2602.7,310.691,1.55334,0.0,0.0,0.0,1.0,180,255,1);
INSERT IGNORE INTO game_event_gameobject VALUES (90839,26);
INSERT IGNORE INTO gameobject VALUES (90840,195253,571,1,1,5779.61,-3647.16,397.079,-1.46608,0.0,0.0,0.0,1.0,180,255,1);
INSERT IGNORE INTO game_event_gameobject VALUES (90840,26);
INSERT IGNORE INTO gameobject VALUES (90841,195253,571,1,1,5481.42,-2655.85,310.491,0.0,0.0,0.0,0.0,1.0,180,255,1);
INSERT IGNORE INTO game_event_gameobject VALUES (90841,26);
INSERT IGNORE INTO gameobject VALUES (90842,195253,571,1,1,5418.22,-2654.89,310.675,3.12412,0.0,0.0,0.0,1.0,180,255,1);
INSERT IGNORE INTO game_event_gameobject VALUES (90842,26);
INSERT IGNORE INTO gameobject VALUES (90843,195253,571,1,1,5482.35,-2610.53,310.679,-0.017452,0.0,0.0,0.0,1.0,180,255,1);
INSERT IGNORE INTO game_event_gameobject VALUES (90843,26);
INSERT IGNORE INTO gameobject VALUES (90844,195253,571,1,1,5473.12,-2618.06,310.784,-1.58825,0.0,0.0,0.0,1.0,180,255,1);
INSERT IGNORE INTO game_event_gameobject VALUES (90844,26);
INSERT IGNORE INTO gameobject VALUES (90845,195253,571,1,1,5426.54,-2647.55,310.759,1.55334,0.0,0.0,0.0,1.0,180,255,1);
INSERT IGNORE INTO game_event_gameobject VALUES (90845,26);
INSERT IGNORE INTO gameobject VALUES (90846,195254,571,1,1,5391.96,-2692.57,310.286,-2.40855,0.0,0.0,0.0,1.0,180,255,1);
INSERT IGNORE INTO game_event_gameobject VALUES (90846,26);
INSERT IGNORE INTO gameobject VALUES (90847,195255,571,1,1,3465.23,228.174,59.3189,-3.01941,0.0,0.0,0.0,1.0,180,255,1);
INSERT IGNORE INTO game_event_gameobject VALUES (90847,26);
INSERT IGNORE INTO gameobject VALUES (90848,195255,571,1,1,5490.35,-2575.42,313.053,-1.55334,0.0,0.0,0.0,1.0,180,255,1);
INSERT IGNORE INTO game_event_gameobject VALUES (90848,26);
INSERT IGNORE INTO gameobject VALUES (90849,195255,571,1,1,3457.3,300.75,59.3189,3.07177,0.0,0.0,0.0,1.0,180,255,1);
INSERT IGNORE INTO game_event_gameobject VALUES (90849,26);
INSERT IGNORE INTO gameobject VALUES (90850,195256,571,1,1,2754.22,894.706,5.90691,-1.51844,0.0,0.0,0.0,1.0,180,255,1);
INSERT IGNORE INTO game_event_gameobject VALUES (90850,26);
INSERT IGNORE INTO gameobject VALUES (90851,195256,571,1,1,2802.76,890.158,12.8858,-1.309,0.0,0.0,0.0,1.0,180,255,1);
INSERT IGNORE INTO game_event_gameobject VALUES (90851,26);
INSERT IGNORE INTO gameobject VALUES (90852,195256,571,1,1,2787.12,905.958,22.1563,1.309,0.0,0.0,0.0,1.0,180,255,1);
INSERT IGNORE INTO game_event_gameobject VALUES (90852,26);
INSERT IGNORE INTO gameobject VALUES (90853,195256,571,1,1,2772.13,928.728,22.7898,0.733038,0.0,0.0,0.0,1.0,180,255,1);
INSERT IGNORE INTO game_event_gameobject VALUES (90853,26);
INSERT IGNORE INTO gameobject VALUES (90854,195256,571,1,1,2663.84,880.255,4.28179,1.85005,0.0,0.0,0.0,1.0,180,255,1);
INSERT IGNORE INTO game_event_gameobject VALUES (90854,26);
INSERT IGNORE INTO gameobject VALUES (90855,195256,571,1,1,5591.75,5812.31,-69.8521,1.5708,0.0,0.0,0.0,1.0,180,255,1);
INSERT IGNORE INTO game_event_gameobject VALUES (90855,26);
INSERT IGNORE INTO gameobject VALUES (90856,195256,571,1,1,5584.73,5752.11,-72.0627,-2.67035,0.0,0.0,0.0,1.0,180,255,1);
INSERT IGNORE INTO game_event_gameobject VALUES (90856,26);
INSERT IGNORE INTO gameobject VALUES (90857,195256,571,1,1,5590.33,5779.95,-71.8887,-0.610864,0.0,0.0,0.0,1.0,180,255,1);
INSERT IGNORE INTO game_event_gameobject VALUES (90857,26);
INSERT IGNORE INTO gameobject VALUES (90858,195256,571,1,1,5581.77,5765.79,-74.6486,-1.22173,0.0,0.0,0.0,1.0,180,255,1);
INSERT IGNORE INTO game_event_gameobject VALUES (90858,26);
INSERT IGNORE INTO gameobject VALUES (90859,195256,571,1,1,5594.93,5715.65,-72.7739,-2.19912,0.0,0.0,0.0,1.0,180,255,1);
INSERT IGNORE INTO game_event_gameobject VALUES (90859,26);
INSERT IGNORE INTO gameobject VALUES (90860,195256,571,1,1,5547.86,5726.39,-76.0391,-1.78023,0.0,0.0,0.0,1.0,180,255,1);
INSERT IGNORE INTO game_event_gameobject VALUES (90860,26);
INSERT IGNORE INTO gameobject VALUES (90861,195256,571,1,1,5190.79,-2215.08,239.398,2.49582,0.0,0.0,0.0,1.0,180,255,1);
INSERT IGNORE INTO game_event_gameobject VALUES (90861,26);
INSERT IGNORE INTO gameobject VALUES (90862,195256,571,1,1,5174.28,-2190.9,236.54,-3.12412,0.0,0.0,0.0,1.0,180,255,1);
INSERT IGNORE INTO game_event_gameobject VALUES (90862,26);
INSERT IGNORE INTO gameobject VALUES (90863,195256,571,1,1,5789.34,-3595.79,388.824,2.96704,0.0,0.0,0.0,1.0,180,255,1);
INSERT IGNORE INTO game_event_gameobject VALUES (90863,26);
INSERT IGNORE INTO gameobject VALUES (90864,195256,571,1,1,5783.69,-3600.81,387.716,2.35619,0.0,0.0,0.0,1.0,180,255,1);
INSERT IGNORE INTO game_event_gameobject VALUES (90864,26);
INSERT IGNORE INTO gameobject VALUES (90865,195256,571,1,1,5774.17,-3614.33,387.69,-2.96704,0.0,0.0,0.0,1.0,180,255,1);
INSERT IGNORE INTO game_event_gameobject VALUES (90865,26);
INSERT IGNORE INTO gameobject VALUES (90866,195256,571,1,1,5464.56,-2619.05,306.551,-2.56563,0.0,0.0,0.0,1.0,180,255,1);
INSERT IGNORE INTO game_event_gameobject VALUES (90866,26);
INSERT IGNORE INTO gameobject VALUES (90867,195256,571,1,1,5526.23,-2674.84,303.954,2.51327,0.0,0.0,0.0,1.0,180,255,1);
INSERT IGNORE INTO game_event_gameobject VALUES (90867,26);
INSERT IGNORE INTO gameobject VALUES (90868,195256,530,1,1,-4025.33,-11590.4,-138.328,1.76278,0.0,0.0,0.0,1.0,180,255,1);
INSERT IGNORE INTO game_event_gameobject VALUES (90868,26);
INSERT IGNORE INTO gameobject VALUES (90869,195256,571,1,1,3483.59,254.125,52.2686,1.5708,0.0,0.0,0.0,1.0,180,255,1);
INSERT IGNORE INTO game_event_gameobject VALUES (90869,26);
INSERT IGNORE INTO gameobject VALUES (90870,195256,571,1,1,3535.78,241.747,117.121,1.25664,0.0,0.0,0.0,1.0,180,255,1);
INSERT IGNORE INTO game_event_gameobject VALUES (90870,26);
INSERT IGNORE INTO gameobject VALUES (90871,195256,571,1,1,3549.41,317.391,116.79,-3.00195,0.0,0.0,0.0,1.0,180,255,1);
INSERT IGNORE INTO game_event_gameobject VALUES (90871,26);
INSERT IGNORE INTO gameobject VALUES (90872,195256,571,1,1,3538.46,244.537,47.3174,1.29154,0.0,0.0,0.0,1.0,180,255,1);
INSERT IGNORE INTO game_event_gameobject VALUES (90872,26);
INSERT IGNORE INTO gameobject VALUES (90873,195256,571,1,1,2998.71,4070.6,26.9152,1.0472,0.0,0.0,0.0,1.0,180,255,1);
INSERT IGNORE INTO game_event_gameobject VALUES (90873,26);
INSERT IGNORE INTO gameobject VALUES (90874,195256,571,1,1,2899.83,4067.16,1.7923,-0.191985,0.0,0.0,0.0,1.0,180,255,1);
INSERT IGNORE INTO game_event_gameobject VALUES (90874,26);
INSERT IGNORE INTO gameobject VALUES (90875,195256,571,1,1,2959.03,3995.02,1.87954,2.33874,0.0,0.0,0.0,1.0,180,255,1);
INSERT IGNORE INTO game_event_gameobject VALUES (90875,26);
INSERT IGNORE INTO gameobject VALUES (90876,195256,571,1,1,2922.88,4037.39,1.76846,1.48353,0.0,0.0,0.0,1.0,180,255,1);
INSERT IGNORE INTO game_event_gameobject VALUES (90876,26);
INSERT IGNORE INTO gameobject VALUES (90877,195256,571,1,1,2997.86,4049.58,26.6182,-0.069812,0.0,0.0,0.0,1.0,180,255,1);
INSERT IGNORE INTO game_event_gameobject VALUES (90877,26);
INSERT IGNORE INTO gameobject VALUES (90878,195256,571,1,1,2904.64,4073.7,1.96423,-1.37881,0.0,0.0,0.0,1.0,180,255,1);
INSERT IGNORE INTO game_event_gameobject VALUES (90878,26);
INSERT IGNORE INTO gameobject VALUES (90879,195256,571,1,1,2910.19,4046.26,1.67083,0.122173,0.0,0.0,0.0,1.0,180,255,1);
INSERT IGNORE INTO game_event_gameobject VALUES (90879,26);
INSERT IGNORE INTO gameobject VALUES (90880,195256,571,1,1,3017.19,4065.65,26.7753,1.71042,0.0,0.0,0.0,1.0,180,255,1);
INSERT IGNORE INTO game_event_gameobject VALUES (90880,26);
INSERT IGNORE INTO gameobject VALUES (90881,195256,571,1,1,2793.77,931.657,22.357,-0.541051,0.0,0.0,0.0,1.0,180,255,1);
INSERT IGNORE INTO game_event_gameobject VALUES (90881,26);
INSERT IGNORE INTO gameobject VALUES (90882,195256,571,1,1,2645.36,884.648,4.74845,0.506145,0.0,0.0,0.0,1.0,180,255,1);
INSERT IGNORE INTO game_event_gameobject VALUES (90882,26);
INSERT IGNORE INTO gameobject VALUES (90883,195256,571,1,1,2720.49,904.632,5.697,-0.349065,0.0,0.0,0.0,1.0,180,255,1);
INSERT IGNORE INTO game_event_gameobject VALUES (90883,26);
INSERT IGNORE INTO gameobject VALUES (90884,195256,571,1,1,2815.47,918.799,20.8878,-2.426,0.0,0.0,0.0,1.0,180,255,1);
INSERT IGNORE INTO game_event_gameobject VALUES (90884,26);
INSERT IGNORE INTO gameobject VALUES (90885,195256,571,1,1,2771.33,914.004,22.364,-0.663223,0.0,0.0,0.0,1.0,180,255,1);
INSERT IGNORE INTO game_event_gameobject VALUES (90885,26);
INSERT IGNORE INTO gameobject VALUES (90886,195256,571,1,1,2781.2,933.698,22.7825,-2.74016,0.0,0.0,0.0,1.0,180,255,1);
INSERT IGNORE INTO game_event_gameobject VALUES (90886,26);
INSERT IGNORE INTO gameobject VALUES (90887,195256,571,1,1,5538.61,5734.04,-76.7061,-2.96704,0.0,0.0,0.0,1.0,180,255,1);
INSERT IGNORE INTO game_event_gameobject VALUES (90887,26);
INSERT IGNORE INTO gameobject VALUES (90888,195256,571,1,1,5533.62,5764.57,-78.6415,0.802851,0.0,0.0,0.0,1.0,180,255,1);
INSERT IGNORE INTO game_event_gameobject VALUES (90888,26);
INSERT IGNORE INTO gameobject VALUES (90889,195256,571,1,1,5575.63,5710.97,-76.6946,-0.925024,0.0,0.0,0.0,1.0,180,255,1);
INSERT IGNORE INTO game_event_gameobject VALUES (90889,26);
INSERT IGNORE INTO gameobject VALUES (90890,195256,571,1,1,5609.33,5807.86,-70.499,0.645772,0.0,0.0,0.0,1.0,180,255,1);
INSERT IGNORE INTO game_event_gameobject VALUES (90890,26);
INSERT IGNORE INTO gameobject VALUES (90891,195256,571,1,1,5623.02,5797.69,-71.1531,1.6057,0.0,0.0,0.0,1.0,180,255,1);
INSERT IGNORE INTO game_event_gameobject VALUES (90891,26);
INSERT IGNORE INTO gameobject VALUES (90892,195256,571,1,1,5135.76,-2204.34,236.544,0.383971,0.0,0.0,0.0,1.0,180,255,1);
INSERT IGNORE INTO game_event_gameobject VALUES (90892,26);
INSERT IGNORE INTO gameobject VALUES (90893,195256,571,1,1,5135.95,-2183.24,236.837,-0.593412,0.0,0.0,0.0,1.0,180,255,1);
INSERT IGNORE INTO game_event_gameobject VALUES (90893,26);
INSERT IGNORE INTO gameobject VALUES (90894,195256,571,1,1,5170.66,-2175.09,236.524,-2.30383,0.0,0.0,0.0,1.0,180,255,1);
INSERT IGNORE INTO game_event_gameobject VALUES (90894,26);
INSERT IGNORE INTO gameobject VALUES (90895,195256,571,1,1,5196.8,-2208.14,239.399,2.93214,0.0,0.0,0.0,1.0,180,255,1);
INSERT IGNORE INTO game_event_gameobject VALUES (90895,26);
INSERT IGNORE INTO gameobject VALUES (90896,195256,571,1,1,5790.55,-3548.06,387.111,-2.54818,0.0,0.0,0.0,1.0,180,255,1);
INSERT IGNORE INTO game_event_gameobject VALUES (90896,26);
INSERT IGNORE INTO gameobject VALUES (90897,195256,571,1,1,5764.8,-3532.16,388.356,-1.83259,0.0,0.0,0.0,1.0,180,255,1);
INSERT IGNORE INTO game_event_gameobject VALUES (90897,26);
INSERT IGNORE INTO gameobject VALUES (90898,195256,571,1,1,5758.55,-3620.2,385.835,0.663223,0.0,0.0,0.0,1.0,180,255,1);
INSERT IGNORE INTO game_event_gameobject VALUES (90898,26);
INSERT IGNORE INTO gameobject VALUES (90899,195256,571,1,1,5500.09,-2657.2,303.954,-0.157079,0.0,0.0,0.0,1.0,180,255,1);
INSERT IGNORE INTO game_event_gameobject VALUES (90899,26);
INSERT IGNORE INTO gameobject VALUES (90900,195256,571,1,1,5527.77,-2637.86,303.954,3.10665,0.0,0.0,0.0,1.0,180,255,1);
INSERT IGNORE INTO game_event_gameobject VALUES (90900,26);
INSERT IGNORE INTO gameobject VALUES (90901,195256,571,1,1,3517.43,257.019,117.131,0.506145,0.0,0.0,0.0,1.0,180,255,1);
INSERT IGNORE INTO game_event_gameobject VALUES (90901,26);
INSERT IGNORE INTO gameobject VALUES (90902,195256,571,1,1,3008.43,4048.36,26.3682,2.72271,0.0,0.0,0.0,1.0,180,255,1);
INSERT IGNORE INTO game_event_gameobject VALUES (90902,26);
INSERT IGNORE INTO gameobject VALUES (90903,195256,571,1,1,2875.33,4035.01,5.44103,0.890117,0.0,0.0,0.0,1.0,180,255,1);
INSERT IGNORE INTO game_event_gameobject VALUES (90903,26);
INSERT IGNORE INTO gameobject VALUES (90904,195256,571,1,1,2207.05,5222.54,14.1,2.70526,0.0,0.0,0.0,1.0,180,255,1);
INSERT IGNORE INTO game_event_gameobject VALUES (90904,26);
INSERT IGNORE INTO gameobject VALUES (90905,195256,571,1,1,2366.83,5211.4,7.63204,2.70526,0.0,0.0,0.0,1.0,180,255,1);
INSERT IGNORE INTO game_event_gameobject VALUES (90905,26);
INSERT IGNORE INTO gameobject VALUES (90906,195256,571,1,1,2722.36,888.522,5.18185,0.401425,0.0,0.0,0.0,1.0,180,255,1);
INSERT IGNORE INTO game_event_gameobject VALUES (90906,26);
INSERT IGNORE INTO gameobject VALUES (90907,195256,571,1,1,2763.37,862.899,6.27784,-0.506145,0.0,0.0,0.0,1.0,180,255,1);
INSERT IGNORE INTO game_event_gameobject VALUES (90907,26);
INSERT IGNORE INTO gameobject VALUES (90908,195256,571,1,1,2801.71,908.509,22.2906,1.74533,0.0,0.0,0.0,1.0,180,255,1);
INSERT IGNORE INTO game_event_gameobject VALUES (90908,26);
INSERT IGNORE INTO gameobject VALUES (90909,195256,571,1,1,5565.49,5758.58,-75.2259,-0.488691,0.0,0.0,0.0,1.0,180,255,1);
INSERT IGNORE INTO game_event_gameobject VALUES (90909,26);
INSERT IGNORE INTO gameobject VALUES (90910,195256,571,1,1,5153.61,-2216.57,236.805,1.91986,0.0,0.0,0.0,1.0,180,255,1);
INSERT IGNORE INTO game_event_gameobject VALUES (90910,26);
INSERT IGNORE INTO gameobject VALUES (90911,195256,571,1,1,5750.8,-3535.45,389.027,-0.750491,0.0,0.0,0.0,1.0,180,255,1);
INSERT IGNORE INTO game_event_gameobject VALUES (90911,26);
INSERT IGNORE INTO gameobject VALUES (90912,195256,571,1,1,5794.01,-3586.31,388.654,2.49582,0.0,0.0,0.0,1.0,180,255,1);
INSERT IGNORE INTO game_event_gameobject VALUES (90912,26);
INSERT IGNORE INTO gameobject VALUES (90913,195256,571,1,1,5528.21,-2651.13,303.954,2.77507,0.0,0.0,0.0,1.0,180,255,1);
INSERT IGNORE INTO game_event_gameobject VALUES (90913,26);
INSERT IGNORE INTO gameobject VALUES (90914,195256,571,1,1,5436.39,-2618.38,306.551,-0.715585,0.0,0.0,0.0,1.0,180,255,1);
INSERT IGNORE INTO game_event_gameobject VALUES (90914,26);
INSERT IGNORE INTO gameobject VALUES (90915,195256,571,1,1,3514.21,282.376,117.13,-0.279252,0.0,0.0,0.0,1.0,180,255,1);
INSERT IGNORE INTO game_event_gameobject VALUES (90915,26);
INSERT IGNORE INTO gameobject VALUES (90916,195256,571,1,1,3477.06,249.064,-120.142,0.436332,0.0,0.0,0.0,1.0,180,255,1);
INSERT IGNORE INTO game_event_gameobject VALUES (90916,26);
INSERT IGNORE INTO gameobject VALUES (90917,195256,571,1,1,3532.95,299.915,47.3173,-1.09956,0.0,0.0,0.0,1.0,180,255,1);
INSERT IGNORE INTO game_event_gameobject VALUES (90917,26);
INSERT IGNORE INTO gameobject VALUES (90918,195256,571,1,1,3573.32,287.205,47.3175,-2.65289,0.0,0.0,0.0,1.0,180,255,1);
INSERT IGNORE INTO game_event_gameobject VALUES (90918,26);
INSERT IGNORE INTO gameobject VALUES (90919,195256,571,1,1,3528.0,301.947,117.126,-0.994837,0.0,0.0,0.0,1.0,180,255,1);
INSERT IGNORE INTO game_event_gameobject VALUES (90919,26);
INSERT IGNORE INTO gameobject VALUES (90920,195256,571,1,1,3548.81,191.496,52.2936,0.104719,0.0,0.0,0.0,1.0,180,255,1);
INSERT IGNORE INTO game_event_gameobject VALUES (90920,26);
INSERT IGNORE INTO gameobject VALUES (90921,195256,571,1,1,2157.48,5301.41,24.6649,2.80997,0.0,0.0,0.0,1.0,180,255,1);
INSERT IGNORE INTO game_event_gameobject VALUES (90921,26);
INSERT IGNORE INTO gameobject VALUES (90922,195256,571,1,1,2837.89,884.148,15.9367,2.16421,0.0,0.0,0.0,1.0,180,255,1);
INSERT IGNORE INTO game_event_gameobject VALUES (90922,26);
INSERT IGNORE INTO gameobject VALUES (90923,195256,571,1,1,2743.73,851.451,6.69117,-1.98967,0.0,0.0,0.0,1.0,180,255,1);
INSERT IGNORE INTO game_event_gameobject VALUES (90923,26);
INSERT IGNORE INTO gameobject VALUES (90924,195256,571,1,1,2659.2,906.399,4.29365,-1.43117,0.0,0.0,0.0,1.0,180,255,1);
INSERT IGNORE INTO game_event_gameobject VALUES (90924,26);
INSERT IGNORE INTO gameobject VALUES (90925,195256,571,1,1,2731.76,930.222,0.360353,-2.94959,0.0,0.0,0.0,1.0,180,255,1);
INSERT IGNORE INTO game_event_gameobject VALUES (90925,26);
INSERT IGNORE INTO gameobject VALUES (90926,195256,571,1,1,2643.08,897.58,4.50105,-0.261798,0.0,0.0,0.0,1.0,180,255,1);
INSERT IGNORE INTO game_event_gameobject VALUES (90926,26);
INSERT IGNORE INTO gameobject VALUES (90927,195256,571,1,1,5408.36,-2679.76,303.954,1.01229,0.0,0.0,0.0,1.0,180,255,1);
INSERT IGNORE INTO game_event_gameobject VALUES (90927,26);
INSERT IGNORE INTO gameobject VALUES (90928,195256,571,1,1,3559.0,305.342,117.126,-1.95477,0.0,0.0,0.0,1.0,180,255,1);
INSERT IGNORE INTO game_event_gameobject VALUES (90928,26);
INSERT IGNORE INTO gameobject VALUES (90929,195256,571,1,1,3551.7,340.128,52.2564,-2.87979,0.0,0.0,0.0,1.0,180,255,1);
INSERT IGNORE INTO game_event_gameobject VALUES (90929,26);
INSERT IGNORE INTO gameobject VALUES (90930,195256,571,1,1,3553.87,335.977,116.796,1.71042,0.0,0.0,0.0,1.0,180,255,1);
INSERT IGNORE INTO game_event_gameobject VALUES (90930,26);
INSERT IGNORE INTO gameobject VALUES (90931,195256,571,1,1,3535.76,316.014,116.79,0.034906,0.0,0.0,0.0,1.0,180,255,1);
INSERT IGNORE INTO game_event_gameobject VALUES (90931,26);
INSERT IGNORE INTO gameobject VALUES (90932,195256,571,1,1,3518.37,281.826,47.3175,-0.296705,0.0,0.0,0.0,1.0,180,255,1);
INSERT IGNORE INTO game_event_gameobject VALUES (90932,26);
INSERT IGNORE INTO gameobject VALUES (90933,195256,571,1,1,3561.06,247.068,47.3175,2.07694,0.0,0.0,0.0,1.0,180,255,1);
INSERT IGNORE INTO game_event_gameobject VALUES (90933,26);
INSERT IGNORE INTO gameobject VALUES (90934,195256,571,1,1,3546.34,351.5,52.2773,-2.91469,0.0,0.0,0.0,1.0,180,255,1);
INSERT IGNORE INTO game_event_gameobject VALUES (90934,26);
INSERT IGNORE INTO gameobject VALUES (90935,195256,571,1,1,3463.68,274.774,52.2933,-1.39626,0.0,0.0,0.0,1.0,180,255,1);
INSERT IGNORE INTO game_event_gameobject VALUES (90935,26);
INSERT IGNORE INTO gameobject VALUES (90936,195256,571,1,1,3515.11,342.437,-120.145,-0.90757,0.0,0.0,0.0,1.0,180,255,1);
INSERT IGNORE INTO game_event_gameobject VALUES (90936,26);
INSERT IGNORE INTO gameobject VALUES (90937,195256,571,1,1,3592.66,332.869,-120.145,-1.97222,0.0,0.0,0.0,1.0,180,255,1);
INSERT IGNORE INTO game_event_gameobject VALUES (90937,26);
INSERT IGNORE INTO gameobject VALUES (90938,195256,571,1,1,3531.99,349.905,52.2766,0.017452,0.0,0.0,0.0,1.0,180,255,1);
INSERT IGNORE INTO game_event_gameobject VALUES (90938,26);
INSERT IGNORE INTO gameobject VALUES (90939,195256,571,1,1,3542.33,206.033,52.2564,0.261798,0.0,0.0,0.0,1.0,180,255,1);
INSERT IGNORE INTO game_event_gameobject VALUES (90939,26);
INSERT IGNORE INTO gameobject VALUES (90940,195256,571,1,1,3527.49,332.789,116.8,1.67551,0.0,0.0,0.0,1.0,180,255,1);
INSERT IGNORE INTO game_event_gameobject VALUES (90940,26);
INSERT IGNORE INTO gameobject VALUES (90941,195256,571,1,1,3492.13,322.442,-120.145,-1.01229,0.0,0.0,0.0,1.0,180,255,1);
INSERT IGNORE INTO game_event_gameobject VALUES (90941,26);
INSERT IGNORE INTO gameobject VALUES (90942,195256,571,1,1,2192.26,5270.98,24.4594,2.72271,0.0,0.0,0.0,1.0,180,255,1);
INSERT IGNORE INTO game_event_gameobject VALUES (90942,26);
INSERT IGNORE INTO gameobject VALUES (90943,195256,571,1,1,3480.77,279.447,52.27,-1.3439,0.0,0.0,0.0,1.0,180,255,1);
INSERT IGNORE INTO game_event_gameobject VALUES (90943,26);
INSERT IGNORE INTO gameobject VALUES (90944,195256,571,1,1,3562.23,345.938,-120.145,-2.26892,0.0,0.0,0.0,1.0,180,255,1);
INSERT IGNORE INTO game_event_gameobject VALUES (90944,26);
INSERT IGNORE INTO gameobject VALUES (90945,195256,571,1,1,3532.22,198.499,-120.145,1.50098,0.0,0.0,0.0,1.0,180,255,1);
INSERT IGNORE INTO game_event_gameobject VALUES (90945,26);
INSERT IGNORE INTO gameobject VALUES (90946,195256,571,1,1,3555.46,301.824,47.3174,-1.8675,0.0,0.0,0.0,1.0,180,255,1);
INSERT IGNORE INTO game_event_gameobject VALUES (90946,26);
INSERT IGNORE INTO gameobject VALUES (90947,195256,571,1,1,3539.34,210.289,116.841,-1.44862,0.0,0.0,0.0,1.0,180,255,1);
INSERT IGNORE INTO game_event_gameobject VALUES (90947,26);
INSERT IGNORE INTO gameobject VALUES (90948,195256,571,1,1,2208.51,5319.64,23.3751,2.89724,0.0,0.0,0.0,1.0,180,255,1);
INSERT IGNORE INTO game_event_gameobject VALUES (90948,26);
INSERT IGNORE INTO gameobject VALUES (90949,195256,571,1,1,3530.84,337.956,52.2564,-0.087266,0.0,0.0,0.0,1.0,180,255,1);
INSERT IGNORE INTO game_event_gameobject VALUES (90949,26);
INSERT IGNORE INTO gameobject VALUES (90950,195256,571,1,1,3471.14,281.183,-120.145,-0.401425,0.0,0.0,0.0,1.0,180,255,1);
INSERT IGNORE INTO game_event_gameobject VALUES (90950,26);
INSERT IGNORE INTO gameobject VALUES (90951,195256,571,1,1,3466.39,254.616,52.2946,1.67551,0.0,0.0,0.0,1.0,180,255,1);
INSERT IGNORE INTO game_event_gameobject VALUES (90951,26);
INSERT IGNORE INTO gameobject VALUES (90952,195256,571,1,1,3576.93,290.008,117.128,-2.63544,0.0,0.0,0.0,1.0,180,255,1);
INSERT IGNORE INTO game_event_gameobject VALUES (90952,26);
INSERT IGNORE INTO gameobject VALUES (90953,195256,571,1,1,3543.6,229.015,116.79,0.157079,0.0,0.0,0.0,1.0,180,255,1);
INSERT IGNORE INTO game_event_gameobject VALUES (90953,26);
INSERT IGNORE INTO gameobject VALUES (90954,195256,571,1,1,3520.52,258.978,47.3175,0.488691,0.0,0.0,0.0,1.0,180,255,1);
INSERT IGNORE INTO game_event_gameobject VALUES (90954,26);
INSERT IGNORE INTO gameobject VALUES (90955,195256,571,1,1,3501.75,212.193,-120.145,0.558504,0.0,0.0,0.0,1.0,180,255,1);
INSERT IGNORE INTO game_event_gameobject VALUES (90955,26);
INSERT IGNORE INTO gameobject VALUES (90956,195257,571,1,1,2770.71,934.493,25.7006,-0.610864,0.0,0.0,0.0,1.0,180,255,1);
INSERT IGNORE INTO game_event_gameobject VALUES (90956,26);
INSERT IGNORE INTO gameobject VALUES (90957,195257,571,1,1,5796.58,-3553.89,388.331,-3.12412,0.0,0.0,0.0,1.0,180,255,1);
INSERT IGNORE INTO game_event_gameobject VALUES (90957,26);
INSERT IGNORE INTO gameobject VALUES (90958,195257,571,1,1,2777.52,938.155,25.5871,-1.93732,0.0,0.0,0.0,1.0,180,255,1);
INSERT IGNORE INTO game_event_gameobject VALUES (90958,26);
INSERT IGNORE INTO gameobject VALUES (90959,195259,571,1,1,2756.82,926.763,23.2116,2.9845,0.0,0.0,0.0,1.0,180,255,1);
INSERT IGNORE INTO game_event_gameobject VALUES (90959,26);
INSERT IGNORE INTO gameobject VALUES (90960,195259,571,1,1,2798.09,941.068,24.6721,0.314158,0.0,0.0,0.0,1.0,180,255,1);
INSERT IGNORE INTO game_event_gameobject VALUES (90960,26);
INSERT IGNORE INTO gameobject VALUES (90961,195259,571,1,1,5196.9,-2215.82,243.94,2.11185,0.0,0.0,0.0,1.0,180,255,1);
INSERT IGNORE INTO game_event_gameobject VALUES (90961,26);
INSERT IGNORE INTO gameobject VALUES (90962,195259,571,1,1,5111.68,-2201.84,243.779,1.0821,0.0,0.0,0.0,1.0,180,255,1);
INSERT IGNORE INTO game_event_gameobject VALUES (90962,26);
INSERT IGNORE INTO gameobject VALUES (90963,195259,571,1,1,5193.84,-2203.54,239.836,-2.72271,0.0,0.0,0.0,1.0,180,255,1);
INSERT IGNORE INTO game_event_gameobject VALUES (90963,26);
INSERT IGNORE INTO gameobject VALUES (90964,195259,571,1,1,5141.98,-2154.61,244.309,0.052359,0.0,0.0,0.0,1.0,180,255,1);
INSERT IGNORE INTO game_event_gameobject VALUES (90964,26);
INSERT IGNORE INTO gameobject VALUES (90965,195259,571,1,1,5746.47,-3556.43,390.09,-0.226892,0.0,0.0,0.0,1.0,180,255,1);
INSERT IGNORE INTO game_event_gameobject VALUES (90965,26);
INSERT IGNORE INTO gameobject VALUES (90966,195259,571,1,1,2980.38,4053.99,28.3809,3.08918,0.0,0.0,0.0,1.0,180,255,1);
INSERT IGNORE INTO game_event_gameobject VALUES (90966,26);
INSERT IGNORE INTO gameobject VALUES (90967,195259,571,1,1,3026.24,4045.88,28.5089,-0.453785,0.0,0.0,0.0,1.0,180,255,1);
INSERT IGNORE INTO game_event_gameobject VALUES (90967,26);
INSERT IGNORE INTO gameobject VALUES (90968,195259,571,1,1,2791.1,904.562,23.0451,1.25664,0.0,0.0,0.0,1.0,180,255,1);
INSERT IGNORE INTO game_event_gameobject VALUES (90968,26);
INSERT IGNORE INTO gameobject VALUES (90969,195259,571,1,1,2792.32,944.922,23.2657,1.15192,0.0,0.0,0.0,1.0,180,255,1);
INSERT IGNORE INTO game_event_gameobject VALUES (90969,26);
INSERT IGNORE INTO gameobject VALUES (90970,195259,571,1,1,2787.11,910.866,32.0194,-1.01229,0.0,0.0,0.0,1.0,180,255,1);
INSERT IGNORE INTO game_event_gameobject VALUES (90970,26);
INSERT IGNORE INTO gameobject VALUES (90971,195259,571,1,1,5179.93,-2192.02,239.827,2.89724,0.0,0.0,0.0,1.0,180,255,1);
INSERT IGNORE INTO game_event_gameobject VALUES (90971,26);
INSERT IGNORE INTO gameobject VALUES (90972,195259,571,1,1,5778.52,-3600.46,387.337,1.58825,0.0,0.0,0.0,1.0,180,255,1);
INSERT IGNORE INTO game_event_gameobject VALUES (90972,26);
INSERT IGNORE INTO gameobject VALUES (90973,195259,571,1,1,5762.96,-3526.67,391.176,-2.30383,0.0,0.0,0.0,1.0,180,255,1);
INSERT IGNORE INTO game_event_gameobject VALUES (90973,26);
INSERT IGNORE INTO gameobject VALUES (90974,195259,571,1,1,3007.16,4071.76,35.8949,1.55334,0.0,0.0,0.0,1.0,180,255,1);
INSERT IGNORE INTO game_event_gameobject VALUES (90974,26);
INSERT IGNORE INTO gameobject VALUES (90975,195259,571,1,1,2742.9,887.795,6.35837,2.42601,0.0,0.0,0.0,1.0,180,255,1);
INSERT IGNORE INTO game_event_gameobject VALUES (90975,26);
INSERT IGNORE INTO gameobject VALUES (90976,195259,571,1,1,2713.99,894.163,16.3146,2.05949,0.0,0.0,0.0,1.0,180,255,1);
INSERT IGNORE INTO game_event_gameobject VALUES (90976,26);
INSERT IGNORE INTO gameobject VALUES (90977,195259,571,1,1,2732.1,881.144,6.37968,1.18682,0.0,0.0,0.0,1.0,180,255,1);
INSERT IGNORE INTO game_event_gameobject VALUES (90977,26);
INSERT IGNORE INTO gameobject VALUES (90978,195259,571,1,1,5768.53,-3620.06,389.516,-2.86233,0.0,0.0,0.0,1.0,180,255,1);
INSERT IGNORE INTO game_event_gameobject VALUES (90978,26);
INSERT IGNORE INTO gameobject VALUES (90979,195259,571,1,1,5526.03,-2669.76,304.289,3.12412,0.0,0.0,0.0,1.0,180,255,1);
INSERT IGNORE INTO game_event_gameobject VALUES (90979,26);
INSERT IGNORE INTO gameobject VALUES (90980,195259,571,1,1,2756.89,920.031,24.4083,-2.94959,0.0,0.0,0.0,1.0,180,255,1);
INSERT IGNORE INTO game_event_gameobject VALUES (90980,26);
INSERT IGNORE INTO gameobject VALUES (90981,195260,571,1,1,2751.04,907.939,6.67607,-1.98967,0.0,0.0,0.0,1.0,180,255,1);
INSERT IGNORE INTO game_event_gameobject VALUES (90981,26);
INSERT IGNORE INTO gameobject VALUES (90982,195260,571,1,1,2796.75,906.89,22.3641,2.16421,0.0,0.0,0.0,1.0,180,255,1);
INSERT IGNORE INTO game_event_gameobject VALUES (90982,26);
INSERT IGNORE INTO gameobject VALUES (90983,195260,571,1,1,5143.45,-2210.88,237.824,0.157079,0.0,0.0,0.0,1.0,180,255,1);
INSERT IGNORE INTO game_event_gameobject VALUES (90983,26);
INSERT IGNORE INTO gameobject VALUES (90984,195260,571,1,1,5134.63,-2201.14,238.816,0.401425,0.0,0.0,0.0,1.0,180,255,1);
INSERT IGNORE INTO game_event_gameobject VALUES (90984,26);
INSERT IGNORE INTO gameobject VALUES (90985,195260,571,1,1,5794.42,-3557.55,388.896,-3.10665,0.0,0.0,0.0,1.0,180,255,1);
INSERT IGNORE INTO game_event_gameobject VALUES (90985,26);
INSERT IGNORE INTO gameobject VALUES (90986,195260,571,1,1,5768.99,-3564.65,388.132,1.67551,0.0,0.0,0.0,1.0,180,255,1);
INSERT IGNORE INTO game_event_gameobject VALUES (90986,26);
INSERT IGNORE INTO gameobject VALUES (90987,195260,571,1,1,5771.67,-3602.2,388.421,2.49582,0.0,0.0,0.0,1.0,180,255,1);
INSERT IGNORE INTO game_event_gameobject VALUES (90987,26);
INSERT IGNORE INTO gameobject VALUES (90988,195260,571,1,1,5800.08,-3557.56,389.77,0.331611,0.0,0.0,0.0,1.0,180,255,1);
INSERT IGNORE INTO game_event_gameobject VALUES (90988,26);
INSERT IGNORE INTO gameobject VALUES (90989,195260,571,1,1,5767.89,-3581.12,388.562,-1.53589,0.0,0.0,0.0,1.0,180,255,1);
INSERT IGNORE INTO game_event_gameobject VALUES (90989,26);
INSERT IGNORE INTO gameobject VALUES (90990,195260,571,1,1,5492.64,-2649.16,305.27,3.08918,0.0,0.0,0.0,1.0,180,255,1);
INSERT IGNORE INTO game_event_gameobject VALUES (90990,26);
INSERT IGNORE INTO gameobject VALUES (90991,195260,571,1,1,3522.95,260.235,45.7145,0.506145,0.0,0.0,0.0,1.0,180,255,1);
INSERT IGNORE INTO game_event_gameobject VALUES (90991,26);
INSERT IGNORE INTO gameobject VALUES (90992,195260,571,1,1,5555.89,5763.05,-76.6835,-2.37364,0.0,0.0,0.0,1.0,180,255,1);
INSERT IGNORE INTO game_event_gameobject VALUES (90992,26);
INSERT IGNORE INTO gameobject VALUES (90993,195260,571,1,1,5190.74,-2212.2,239.398,2.51327,0.0,0.0,0.0,1.0,180,255,1);
INSERT IGNORE INTO game_event_gameobject VALUES (90993,26);
INSERT IGNORE INTO gameobject VALUES (90994,195260,571,1,1,5148.0,-2198.41,237.614,-0.575957,0.0,0.0,0.0,1.0,180,255,1);
INSERT IGNORE INTO game_event_gameobject VALUES (90994,26);
INSERT IGNORE INTO gameobject VALUES (90995,195260,571,1,1,5759.47,-3565.4,388.251,1.58825,0.0,0.0,0.0,1.0,180,255,1);
INSERT IGNORE INTO game_event_gameobject VALUES (90995,26);
INSERT IGNORE INTO gameobject VALUES (90996,195260,571,1,1,5796.29,-3573.16,388.147,-3.07177,0.0,0.0,0.0,1.0,180,255,1);
INSERT IGNORE INTO game_event_gameobject VALUES (90996,26);
INSERT IGNORE INTO gameobject VALUES (90997,195260,571,1,1,5410.43,-2652.66,306.231,2.63544,0.0,0.0,0.0,1.0,180,255,1);
INSERT IGNORE INTO game_event_gameobject VALUES (90997,26);
INSERT IGNORE INTO gameobject VALUES (90998,195260,571,1,1,5500.45,-2662.01,304.966,-0.122173,0.0,0.0,0.0,1.0,180,255,1);
INSERT IGNORE INTO game_event_gameobject VALUES (90998,26);
INSERT IGNORE INTO gameobject VALUES (90999,195260,571,1,1,5407.52,-2646.74,305.29,3.14159,0.0,0.0,0.0,1.0,180,255,1);
INSERT IGNORE INTO game_event_gameobject VALUES (90999,26);
INSERT IGNORE INTO gameobject VALUES (91000,195260,571,1,1,3549.8,245.621,45.7058,-1.64061,0.0,0.0,0.0,1.0,180,255,1);
INSERT IGNORE INTO game_event_gameobject VALUES (91000,26);
INSERT IGNORE INTO gameobject VALUES (91001,195260,571,1,1,3564.3,294.137,45.7059,-2.28638,0.0,0.0,0.0,1.0,180,255,1);
INSERT IGNORE INTO game_event_gameobject VALUES (91001,26);
INSERT IGNORE INTO gameobject VALUES (91002,195260,571,1,1,3526.27,290.728,45.7452,-0.785397,0.0,0.0,0.0,1.0,180,255,1);
INSERT IGNORE INTO game_event_gameobject VALUES (91002,26);
INSERT IGNORE INTO gameobject VALUES (91003,195260,571,1,1,5564.96,5765.21,-74.1218,-0.017452,0.0,0.0,0.0,1.0,180,255,1);
INSERT IGNORE INTO game_event_gameobject VALUES (91003,26);
INSERT IGNORE INTO gameobject VALUES (91004,195260,571,1,1,5591.07,5747.47,-70.536,2.05949,0.0,0.0,0.0,1.0,180,255,1);
INSERT IGNORE INTO game_event_gameobject VALUES (91004,26);
INSERT IGNORE INTO gameobject VALUES (91005,195260,571,1,1,5547.07,5741.96,-75.4053,0.820303,0.0,0.0,0.0,1.0,180,255,1);
INSERT IGNORE INTO game_event_gameobject VALUES (91005,26);
INSERT IGNORE INTO gameobject VALUES (91006,195260,571,1,1,5173.95,-2179.03,236.538,-0.139624,0.0,0.0,0.0,1.0,180,255,1);
INSERT IGNORE INTO game_event_gameobject VALUES (91006,26);
INSERT IGNORE INTO gameobject VALUES (91007,195260,571,1,1,5760.94,-3580.52,388.681,-1.62316,0.0,0.0,0.0,1.0,180,255,1);
INSERT IGNORE INTO game_event_gameobject VALUES (91007,26);
INSERT IGNORE INTO gameobject VALUES (91008,195260,571,1,1,5801.05,-3573.0,389.089,3.01941,0.0,0.0,0.0,1.0,180,255,1);
INSERT IGNORE INTO game_event_gameobject VALUES (91008,26);
INSERT IGNORE INTO gameobject VALUES (91009,195260,571,1,1,5524.16,-2679.05,305.17,1.29154,0.0,0.0,0.0,1.0,180,255,1);
INSERT IGNORE INTO game_event_gameobject VALUES (91009,26);
INSERT IGNORE INTO gameobject VALUES (91010,195260,571,1,1,5492.88,-2617.63,305.299,0.034906,0.0,0.0,0.0,1.0,180,255,1);
INSERT IGNORE INTO game_event_gameobject VALUES (91010,26);
INSERT IGNORE INTO gameobject VALUES (91011,195264,571,1,1,5177.15,-2180.08,236.542,-1.72787,0.0,0.0,0.0,1.0,180,255,1);
INSERT IGNORE INTO game_event_gameobject VALUES (91011,26);
INSERT IGNORE INTO gameobject VALUES (91012,195264,571,1,1,5157.71,-2215.26,238.442,1.55334,0.0,0.0,0.0,1.0,180,255,1);
INSERT IGNORE INTO game_event_gameobject VALUES (91012,26);
INSERT IGNORE INTO gameobject VALUES (91013,195264,571,1,1,3560.06,249.096,45.7055,0.977383,0.0,0.0,0.0,1.0,180,255,1);
INSERT IGNORE INTO game_event_gameobject VALUES (91013,26);
INSERT IGNORE INTO gameobject VALUES (91014,195264,571,1,1,5565.4,5770.03,-74.087,-0.593412,0.0,0.0,0.0,1.0,180,255,1);
INSERT IGNORE INTO game_event_gameobject VALUES (91014,26);
INSERT IGNORE INTO gameobject VALUES (91015,195264,571,1,1,5558.14,5760.76,-76.668,2.28638,0.0,0.0,0.0,1.0,180,255,1);
INSERT IGNORE INTO game_event_gameobject VALUES (91015,26);
INSERT IGNORE INTO gameobject VALUES (91016,195264,571,1,1,5564.95,5763.74,-74.105,-1.98967,0.0,0.0,0.0,1.0,180,255,1);
INSERT IGNORE INTO game_event_gameobject VALUES (91016,26);
INSERT IGNORE INTO gameobject VALUES (91017,195264,571,1,1,5137.1,-2201.55,237.802,-1.79769,0.0,0.0,0.0,1.0,180,255,1);
INSERT IGNORE INTO game_event_gameobject VALUES (91017,26);
INSERT IGNORE INTO gameobject VALUES (91018,195264,571,1,1,5192.43,-2209.91,239.398,-2.47837,0.0,0.0,0.0,1.0,180,255,1);
INSERT IGNORE INTO game_event_gameobject VALUES (91018,26);
INSERT IGNORE INTO gameobject VALUES (91019,195264,571,1,1,5157.26,-2201.74,237.531,-0.209439,0.0,0.0,0.0,1.0,180,255,1);
INSERT IGNORE INTO game_event_gameobject VALUES (91019,26);
INSERT IGNORE INTO gameobject VALUES (91020,195264,571,1,1,5546.44,5741.97,-75.4053,-2.72271,0.0,0.0,0.0,1.0,180,255,1);
INSERT IGNORE INTO game_event_gameobject VALUES (91020,26);
INSERT IGNORE INTO gameobject VALUES (91021,195264,571,1,1,5592.46,5748.16,-70.1986,0.453785,0.0,0.0,0.0,1.0,180,255,1);
INSERT IGNORE INTO game_event_gameobject VALUES (91021,26);
INSERT IGNORE INTO gameobject VALUES (91022,195264,571,1,1,5543.53,5732.82,-75.0061,-1.83259,0.0,0.0,0.0,1.0,180,255,1);
INSERT IGNORE INTO game_event_gameobject VALUES (91022,26);
INSERT IGNORE INTO gameobject VALUES (91023,195264,571,1,1,5141.54,-2211.6,238.159,0.296705,0.0,0.0,0.0,1.0,180,255,1);
INSERT IGNORE INTO game_event_gameobject VALUES (91023,26);
INSERT IGNORE INTO gameobject VALUES (91024,195264,571,1,1,3573.75,275.678,45.7075,-1.22173,0.0,0.0,0.0,1.0,180,255,1);
INSERT IGNORE INTO game_event_gameobject VALUES (91024,26);
INSERT IGNORE INTO gameobject VALUES (91025,195264,571,1,1,3521.05,280.96,45.7049,0.558504,0.0,0.0,0.0,1.0,180,255,1);
INSERT IGNORE INTO game_event_gameobject VALUES (91025,26);
INSERT IGNORE INTO gameobject VALUES (91026,195264,571,1,1,3555.04,299.093,45.7047,3.14159,0.0,0.0,0.0,1.0,180,255,1);
INSERT IGNORE INTO game_event_gameobject VALUES (91026,26);
INSERT IGNORE INTO gameobject VALUES (91027,195264,571,1,1,3529.89,252.354,45.7051,-2.96704,0.0,0.0,0.0,1.0,180,255,1);
INSERT IGNORE INTO game_event_gameobject VALUES (91027,26);
INSERT IGNORE INTO gameobject VALUES (91028,195266,571,1,1,5549.52,5738.06,-72.9351,0.994837,0.0,0.0,0.0,1.0,180,255,1);
INSERT IGNORE INTO game_event_gameobject VALUES (91028,26);
INSERT IGNORE INTO gameobject VALUES (91029,195266,571,1,1,5585.15,5748.86,-67.787,-3.00195,0.0,0.0,0.0,1.0,180,255,1);
INSERT IGNORE INTO game_event_gameobject VALUES (91029,26);
INSERT IGNORE INTO gameobject VALUES (91030,195266,571,1,1,5543.42,5736.72,-72.8888,2.58308,0.0,0.0,0.0,1.0,180,255,1);
INSERT IGNORE INTO game_event_gameobject VALUES (91030,26);
INSERT IGNORE INTO gameobject VALUES (91031,195266,571,1,1,5562.84,5767.77,-69.3107,3.03684,0.0,0.0,0.0,1.0,180,255,1);
INSERT IGNORE INTO game_event_gameobject VALUES (91031,26);
INSERT IGNORE INTO gameobject VALUES (91032,195266,571,1,1,5550.92,5732.03,-72.8947,-0.541051,0.0,0.0,0.0,1.0,180,255,1);
INSERT IGNORE INTO game_event_gameobject VALUES (91032,26);
INSERT IGNORE INTO gameobject VALUES (91033,195266,571,1,1,2270.88,5210.54,28.9481,2.75761,0.0,0.0,0.0,1.0,180,255,1);
INSERT IGNORE INTO game_event_gameobject VALUES (91033,26);
INSERT IGNORE INTO gameobject VALUES (91034,195266,571,1,1,5544.89,5730.65,-72.8956,-2.1293,0.0,0.0,0.0,1.0,180,255,1);
INSERT IGNORE INTO game_event_gameobject VALUES (91034,26);
INSERT IGNORE INTO gameobject VALUES (91035,195266,571,1,1,5569.92,5759.86,-69.3229,-1.6057,0.0,0.0,0.0,1.0,180,255,1);
INSERT IGNORE INTO game_event_gameobject VALUES (91035,26);
INSERT IGNORE INTO gameobject VALUES (91036,195266,571,1,1,5570.9,5774.64,-69.3968,1.44862,0.0,0.0,0.0,1.0,180,255,1);
INSERT IGNORE INTO game_event_gameobject VALUES (91036,26);
INSERT IGNORE INTO gameobject VALUES (91037,195266,571,1,1,3570.42,301.911,53.4555,-2.25147,0.0,0.0,0.0,1.0,180,255,1);
INSERT IGNORE INTO game_event_gameobject VALUES (91037,26);
INSERT IGNORE INTO gameobject VALUES (91038,195266,571,1,1,5577.76,5766.71,-69.3401,-0.052359,0.0,0.0,0.0,1.0,180,255,1);
INSERT IGNORE INTO game_event_gameobject VALUES (91038,26);
INSERT IGNORE INTO gameobject VALUES (91039,195266,571,1,1,3521.09,240.676,53.6006,0.890117,0.0,0.0,0.0,1.0,180,255,1);
INSERT IGNORE INTO game_event_gameobject VALUES (91039,26);
INSERT IGNORE INTO gameobject VALUES (91040,195266,571,1,1,3515.24,299.432,53.5312,-0.698132,0.0,0.0,0.0,1.0,180,255,1);
INSERT IGNORE INTO game_event_gameobject VALUES (91040,26);
INSERT IGNORE INTO gameobject VALUES (91041,195273,571,1,1,5745.58,-3534.72,396.685,-1.25664,0.0,0.0,0.0,1.0,180,255,1);
INSERT IGNORE INTO game_event_gameobject VALUES (91041,26);
INSERT IGNORE INTO gameobject VALUES (91042,195273,571,1,1,2714.57,895.913,10.3497,-2.86233,0.0,0.0,0.0,1.0,180,255,1);
INSERT IGNORE INTO game_event_gameobject VALUES (91042,26);
INSERT IGNORE INTO gameobject VALUES (91043,195273,571,1,1,5769.66,-3530.54,396.83,-1.37881,0.0,0.0,0.0,1.0,180,255,1);
INSERT IGNORE INTO game_event_gameobject VALUES (91043,26);
INSERT IGNORE INTO gameobject VALUES (91044,195273,571,1,1,3001.96,4042.35,29.0537,1.48353,0.0,0.0,0.0,1.0,180,255,1);
INSERT IGNORE INTO game_event_gameobject VALUES (91044,26);
INSERT IGNORE INTO gameobject VALUES (91045,195273,571,1,1,2715.44,895.964,10.3651,0.209439,0.0,0.0,0.0,1.0,180,255,1);
INSERT IGNORE INTO game_event_gameobject VALUES (91045,26);

INSERT IGNORE INTO gameobject VALUES (91046,180045,1,1,1,-1480.7,194.74,-7.7928,-0.994837,0.0,0.0,0.0,1.0,180,255,1);
INSERT IGNORE INTO game_event_gameobject VALUES (91046,64);
INSERT IGNORE INTO gameobject VALUES (91047,180045,1,1,1,-1475.0,206.091,-7.7928,3.07177,0.0,0.0,0.0,1.0,180,255,1);
INSERT IGNORE INTO game_event_gameobject VALUES (91047,64);
INSERT IGNORE INTO gameobject VALUES (91048,195253,571,1,1,4520.1,5699.37,86.9876,-0.90757,0.0,0.0,0.0,1.0,180,255,1);
INSERT IGNORE INTO game_event_gameobject VALUES (91048,26);
INSERT IGNORE INTO gameobject VALUES (91049,195253,571,1,1,4522.39,5716.76,86.9537,0.663223,0.0,0.0,0.0,1.0,180,255,1);
INSERT IGNORE INTO game_event_gameobject VALUES (91049,26);
INSERT IGNORE INTO gameobject VALUES (91050,195253,0,1,1,-949.366,-3525.52,69.6821,0.017452,0.0,0.0,0.0,1.0,180,255,1);
INSERT IGNORE INTO game_event_gameobject VALUES (91050,26);
INSERT IGNORE INTO gameobject VALUES (91051,195253,0,1,1,2300.95,-5345.13,97.9984,-0.977383,0.0,0.0,0.0,1.0,180,255,1);
INSERT IGNORE INTO game_event_gameobject VALUES (91051,26);
INSERT IGNORE INTO gameobject VALUES (91052,195253,0,1,1,-8.19569,-948.24,59.941,-2.04204,0.0,0.0,0.0,1.0,180,255,1);
INSERT IGNORE INTO game_event_gameobject VALUES (91052,26);
INSERT IGNORE INTO gameobject VALUES (91053,195253,0,1,1,-5.20785,-920.463,59.9466,1.09956,0.0,0.0,0.0,1.0,180,255,1);
INSERT IGNORE INTO game_event_gameobject VALUES (91053,26);
INSERT IGNORE INTO gameobject VALUES (91054,195253,0,1,1,-9031.66,3.11561,98.2441,-2.60053,0.0,0.0,0.0,1.0,180,255,1);
INSERT IGNORE INTO game_event_gameobject VALUES (91054,26);
INSERT IGNORE INTO gameobject VALUES (91055,195253,0,1,1,-9045.75,-95.7647,98.1028,-0.820303,0.0,0.0,0.0,1.0,180,255,1);
INSERT IGNORE INTO game_event_gameobject VALUES (91055,26);
INSERT IGNORE INTO gameobject VALUES (91056,195253,0,1,1,-612.96,-4598.89,15.0267,-2.46091,0.0,0.0,0.0,1.0,180,255,1);
INSERT IGNORE INTO game_event_gameobject VALUES (91056,26);
INSERT IGNORE INTO gameobject VALUES (91057,195253,0,1,1,-925.38,-3533.3,79.0026,0.0,0.0,0.0,0.0,1.0,180,255,1);
INSERT IGNORE INTO game_event_gameobject VALUES (91057,26);
INSERT IGNORE INTO gameobject VALUES (91058,195253,0,1,1,-925.596,-3521.91,79.0482,0.017452,0.0,0.0,0.0,1.0,180,255,1);
INSERT IGNORE INTO game_event_gameobject VALUES (91058,26);
INSERT IGNORE INTO gameobject VALUES (91059,195253,0,1,1,2297.33,-5338.97,97.9691,-0.977383,0.0,0.0,0.0,1.0,180,255,1);
INSERT IGNORE INTO game_event_gameobject VALUES (91059,26);
INSERT IGNORE INTO gameobject VALUES (91060,195253,0,1,1,-18.6373,-943.004,59.95,-2.02458,0.0,0.0,0.0,1.0,180,255,1);
INSERT IGNORE INTO game_event_gameobject VALUES (91060,26);
INSERT IGNORE INTO gameobject VALUES (91061,195253,0,1,1,-21.0875,-934.167,60.5195,2.68781,0.0,0.0,0.0,1.0,180,255,1);
INSERT IGNORE INTO game_event_gameobject VALUES (91061,26);
INSERT IGNORE INTO gameobject VALUES (91062,195253,0,1,1,-8912.5,-139.917,92.3913,1.97222,0.0,0.0,0.0,1.0,180,255,1);
INSERT IGNORE INTO game_event_gameobject VALUES (91062,26);
INSERT IGNORE INTO gameobject VALUES (91063,195253,571,1,1,4505.33,5718.38,87.0478,2.23402,0.0,0.0,0.0,1.0,180,255,1);
INSERT IGNORE INTO game_event_gameobject VALUES (91063,26);
INSERT IGNORE INTO gameobject VALUES (91064,195253,571,1,1,4502.59,5701.01,86.9327,-2.47837,0.0,0.0,0.0,1.0,180,255,1);
INSERT IGNORE INTO game_event_gameobject VALUES (91064,26);
INSERT IGNORE INTO gameobject VALUES (91065,195253,0,1,1,-605.532,-4590.8,15.3616,0.942477,0.0,0.0,0.0,1.0,180,255,1);
INSERT IGNORE INTO game_event_gameobject VALUES (91065,26);
INSERT IGNORE INTO gameobject VALUES (91066,195253,0,1,1,-925.949,-3497.94,69.2867,3.08918,0.0,0.0,0.0,1.0,180,255,1);
INSERT IGNORE INTO game_event_gameobject VALUES (91066,26);
INSERT IGNORE INTO gameobject VALUES (91067,195253,0,1,1,-925.259,-3486.37,69.2509,3.08918,0.0,0.0,0.0,1.0,180,255,1);
INSERT IGNORE INTO game_event_gameobject VALUES (91067,26);
INSERT IGNORE INTO gameobject VALUES (91068,195253,0,1,1,-948.427,-3541.12,69.6123,3.14159,0.0,0.0,0.0,1.0,180,255,1);
INSERT IGNORE INTO game_event_gameobject VALUES (91068,26);
INSERT IGNORE INTO gameobject VALUES (91069,195253,0,1,1,-9056.0,-43.8863,100.422,0.0,0.0,0.0,0.0,1.0,180,255,1);
INSERT IGNORE INTO game_event_gameobject VALUES (91069,26);
INSERT IGNORE INTO gameobject VALUES (91070,195253,0,1,1,-14.1044,-922.226,60.5534,2.67035,0.0,0.0,0.0,1.0,180,255,1);
INSERT IGNORE INTO game_event_gameobject VALUES (91070,26);
INSERT IGNORE INTO gameobject VALUES (91071,195253,0,1,1,-925.246,-3540.75,79.0073,3.14159,0.0,0.0,0.0,1.0,180,255,1);
INSERT IGNORE INTO game_event_gameobject VALUES (91071,26);
INSERT IGNORE INTO gameobject VALUES (91072,195255,0,1,1,-8843.86,-178.266,83.0676,1.20428,0.0,0.0,0.0,1.0,180,255,1);
INSERT IGNORE INTO game_event_gameobject VALUES (91072,26);
INSERT IGNORE INTO gameobject VALUES (91073,195255,0,1,1,-38.6813,-946.218,64.4312,1.20428,0.0,0.0,0.0,1.0,180,255,1);
INSERT IGNORE INTO game_event_gameobject VALUES (91073,26);
INSERT IGNORE INTO gameobject VALUES (91074,195255,0,1,1,-8903.72,-226.434,82.4774,-0.366518,0.0,0.0,0.0,1.0,180,255,1);
INSERT IGNORE INTO game_event_gameobject VALUES (91074,26);
INSERT IGNORE INTO gameobject VALUES (91075,195256,571,1,1,5235.55,-1320.32,242.147,-0.209439,0.0,0.0,0.0,1.0,180,255,1);
INSERT IGNORE INTO game_event_gameobject VALUES (91075,26);
INSERT IGNORE INTO gameobject VALUES (91076,195256,571,1,1,5233.94,-1309.33,242.725,0.261798,0.0,0.0,0.0,1.0,180,255,1);
INSERT IGNORE INTO game_event_gameobject VALUES (91076,26);
INSERT IGNORE INTO gameobject VALUES (91077,195256,571,1,1,3503.75,2013.13,64.8623,-2.87979,0.0,0.0,0.0,1.0,180,255,1);
INSERT IGNORE INTO game_event_gameobject VALUES (91077,26);
INSERT IGNORE INTO gameobject VALUES (91078,195256,530,1,1,-4153.74,-12484.6,44.5134,-2.37364,0.0,0.0,0.0,1.0,180,255,1);
INSERT IGNORE INTO game_event_gameobject VALUES (91078,26);
INSERT IGNORE INTO gameobject VALUES (91079,195256,530,1,1,-4176.96,-12494.0,44.361,1.36136,0.0,0.0,0.0,1.0,180,255,1);
INSERT IGNORE INTO game_event_gameobject VALUES (91079,26);
INSERT IGNORE INTO gameobject VALUES (91080,195256,530,1,1,-4048.41,-11568.9,-138.499,-0.209439,0.0,0.0,0.0,1.0,180,255,1);
INSERT IGNORE INTO game_event_gameobject VALUES (91080,26);
INSERT IGNORE INTO gameobject VALUES (91081,195256,571,1,1,4518.93,5710.14,81.4796,2.77507,0.0,0.0,0.0,1.0,180,255,1);
INSERT IGNORE INTO game_event_gameobject VALUES (91081,26);
INSERT IGNORE INTO gameobject VALUES (91082,195256,571,1,1,4504.06,5681.63,81.4866,-2.74016,0.0,0.0,0.0,1.0,180,255,1);
INSERT IGNORE INTO game_event_gameobject VALUES (91082,26);
INSERT IGNORE INTO gameobject VALUES (91083,195256,571,1,1,4474.95,5701.3,81.2683,0.296705,0.0,0.0,0.0,1.0,180,255,1);
INSERT IGNORE INTO game_event_gameobject VALUES (91083,26);
INSERT IGNORE INTO gameobject VALUES (91084,195256,571,1,1,4503.09,5725.71,81.2832,2.46091,0.0,0.0,0.0,1.0,180,255,1);
INSERT IGNORE INTO game_event_gameobject VALUES (91084,26);
INSERT IGNORE INTO gameobject VALUES (91085,195256,530,1,1,-4688.87,-12375.9,11.5106,0.575957,0.0,0.0,0.0,1.0,180,255,1);
INSERT IGNORE INTO game_event_gameobject VALUES (91085,26);
INSERT IGNORE INTO gameobject VALUES (91086,195256,530,1,1,-4681.73,-12381.6,11.5648,1.15192,0.0,0.0,0.0,1.0,180,255,1);
INSERT IGNORE INTO game_event_gameobject VALUES (91086,26);
INSERT IGNORE INTO gameobject VALUES (91087,195256,0,1,1,-1003.92,-3541.7,57.1203,3.01941,0.0,0.0,0.0,1.0,180,255,1);
INSERT IGNORE INTO game_event_gameobject VALUES (91087,26);
INSERT IGNORE INTO gameobject VALUES (91088,195256,0,1,1,2277.63,-5342.27,88.287,2.18166,0.0,0.0,0.0,1.0,180,255,1);
INSERT IGNORE INTO game_event_gameobject VALUES (91088,26);
INSERT IGNORE INTO gameobject VALUES (91089,195256,0,1,1,2273.56,-5319.77,88.0198,0.855211,0.0,0.0,0.0,1.0,180,255,1);
INSERT IGNORE INTO game_event_gameobject VALUES (91089,26);
INSERT IGNORE INTO gameobject VALUES (91090,195256,0,1,1,-37.6348,-900.646,56.287,-0.296705,0.0,0.0,0.0,1.0,180,255,1);
INSERT IGNORE INTO game_event_gameobject VALUES (91090,26);
INSERT IGNORE INTO gameobject VALUES (91091,195256,0,1,1,-8859.59,-225.359,81.2613,-2.16421,0.0,0.0,0.0,1.0,180,255,1);
INSERT IGNORE INTO game_event_gameobject VALUES (91091,26);
INSERT IGNORE INTO gameobject VALUES (91092,195256,571,1,1,3487.09,1996.39,64.8628,-3.05433,0.0,0.0,0.0,1.0,180,255,1);
INSERT IGNORE INTO game_event_gameobject VALUES (91092,26);
INSERT IGNORE INTO gameobject VALUES (91093,195256,571,1,1,3515.83,1981.84,64.8624,2.54818,0.0,0.0,0.0,1.0,180,255,1);
INSERT IGNORE INTO game_event_gameobject VALUES (91093,26);
INSERT IGNORE INTO gameobject VALUES (91094,195256,0,1,1,-597.768,-4591.46,9.82312,-0.122173,0.0,0.0,0.0,1.0,180,255,1);
INSERT IGNORE INTO game_event_gameobject VALUES (91094,26);
INSERT IGNORE INTO gameobject VALUES (91095,195256,0,1,1,-600.376,-4568.05,9.57636,-0.122173,0.0,0.0,0.0,1.0,180,255,1);
INSERT IGNORE INTO game_event_gameobject VALUES (91095,26);
INSERT IGNORE INTO gameobject VALUES (91096,195256,0,1,1,-524.296,-4531.64,11.2075,-0.226892,0.0,0.0,0.0,1.0,180,255,1);
INSERT IGNORE INTO game_event_gameobject VALUES (91096,26);
INSERT IGNORE INTO gameobject VALUES (91097,195256,0,1,1,-637.256,-4522.71,11.3868,2.56563,0.0,0.0,0.0,1.0,180,255,1);
INSERT IGNORE INTO game_event_gameobject VALUES (91097,26);
INSERT IGNORE INTO gameobject VALUES (91098,195256,530,1,1,-4212.53,-12510.3,45.4441,0.226892,0.0,0.0,0.0,1.0,180,255,1);
INSERT IGNORE INTO game_event_gameobject VALUES (91098,26);
INSERT IGNORE INTO gameobject VALUES (91099,195256,530,1,1,-4158.64,-12533.3,45.452,2.1293,0.0,0.0,0.0,1.0,180,255,1);
INSERT IGNORE INTO game_event_gameobject VALUES (91099,26);
INSERT IGNORE INTO gameobject VALUES (91100,195256,530,1,1,-4209.38,-12517.7,45.8172,0.331611,0.0,0.0,0.0,1.0,180,255,1);
INSERT IGNORE INTO game_event_gameobject VALUES (91100,26);
INSERT IGNORE INTO gameobject VALUES (91101,195256,530,1,1,-4048.5,-13778.9,75.0158,0.296705,0.0,0.0,0.0,1.0,180,255,1);
INSERT IGNORE INTO game_event_gameobject VALUES (91101,26);
INSERT IGNORE INTO gameobject VALUES (91102,195256,0,1,1,2298.28,-5331.19,90.8799,-1.44862,0.0,0.0,0.0,1.0,180,255,1);
INSERT IGNORE INTO game_event_gameobject VALUES (91102,26);
INSERT IGNORE INTO gameobject VALUES (91103,195256,0,1,1,-19.1172,-898.582,56.2259,-2.67035,0.0,0.0,0.0,1.0,180,255,1);
INSERT IGNORE INTO game_event_gameobject VALUES (91103,26);
INSERT IGNORE INTO gameobject VALUES (91104,195256,0,1,1,-37.0247,-906.391,56.0919,0.191985,0.0,0.0,0.0,1.0,180,255,1);
INSERT IGNORE INTO game_event_gameobject VALUES (91104,26);
INSERT IGNORE INTO gameobject VALUES (91105,195256,0,1,1,-8916.98,-99.1635,82.3654,-1.93732,0.0,0.0,0.0,1.0,180,255,1);
INSERT IGNORE INTO game_event_gameobject VALUES (91105,26);
INSERT IGNORE INTO gameobject VALUES (91106,195256,0,1,1,-9002.48,-95.6822,85.8642,1.51844,0.0,0.0,0.0,1.0,180,255,1);
INSERT IGNORE INTO game_event_gameobject VALUES (91106,26);
INSERT IGNORE INTO gameobject VALUES (91107,195256,0,1,1,-8874.51,-219.103,81.5273,-1.50098,0.0,0.0,0.0,1.0,180,255,1);
INSERT IGNORE INTO game_event_gameobject VALUES (91107,26);
INSERT IGNORE INTO gameobject VALUES (91108,195256,0,1,1,-8908.72,-131.99,80.6519,2.21656,0.0,0.0,0.0,1.0,180,255,1);
INSERT IGNORE INTO game_event_gameobject VALUES (91108,26);
INSERT IGNORE INTO gameobject VALUES (91109,195256,0,1,1,-8919.62,-136.998,80.5323,1.83259,0.0,0.0,0.0,1.0,180,255,1);
INSERT IGNORE INTO game_event_gameobject VALUES (91109,26);
INSERT IGNORE INTO gameobject VALUES (91110,195256,571,1,1,4496.21,5716.17,81.434,1.22173,0.0,0.0,0.0,1.0,180,255,1);
INSERT IGNORE INTO game_event_gameobject VALUES (91110,26);
INSERT IGNORE INTO gameobject VALUES (91111,195256,571,1,1,4464.8,5710.15,81.1954,0.488691,0.0,0.0,0.0,1.0,180,255,1);
INSERT IGNORE INTO game_event_gameobject VALUES (91111,26);
INSERT IGNORE INTO gameobject VALUES (91112,195256,0,1,1,-643.153,-4701.28,4.82018,-0.575957,0.0,0.0,0.0,1.0,180,255,1);
INSERT IGNORE INTO game_event_gameobject VALUES (91112,26);
INSERT IGNORE INTO gameobject VALUES (91113,195256,0,1,1,-584.169,-4546.21,9.90844,-1.48353,0.0,0.0,0.0,1.0,180,255,1);
INSERT IGNORE INTO game_event_gameobject VALUES (91113,26);
INSERT IGNORE INTO gameobject VALUES (91114,195256,0,1,1,-647.69,-4717.64,5.03787,0.977383,0.0,0.0,0.0,1.0,180,255,1);
INSERT IGNORE INTO game_event_gameobject VALUES (91114,26);
INSERT IGNORE INTO gameobject VALUES (91115,195256,571,1,1,3533.27,2028.21,67.8371,0.296705,0.0,0.0,0.0,1.0,180,255,1);
INSERT IGNORE INTO game_event_gameobject VALUES (91115,26);
INSERT IGNORE INTO gameobject VALUES (91116,195256,530,1,1,-4214.63,-12476.0,45.0741,-0.785397,0.0,0.0,0.0,1.0,180,255,1);
INSERT IGNORE INTO game_event_gameobject VALUES (91116,26);
INSERT IGNORE INTO gameobject VALUES (91117,195256,0,1,1,-912.667,-3482.32,70.479,-2.49582,0.0,0.0,0.0,1.0,180,255,1);
INSERT IGNORE INTO game_event_gameobject VALUES (91117,26);
INSERT IGNORE INTO gameobject VALUES (91118,195256,0,1,1,-913.485,-3495.36,70.433,2.33874,0.0,0.0,0.0,1.0,180,255,1);
INSERT IGNORE INTO game_event_gameobject VALUES (91118,26);
INSERT IGNORE INTO gameobject VALUES (91119,195256,0,1,1,2313.58,-5299.31,81.9963,2.44346,0.0,0.0,0.0,1.0,180,255,1);
INSERT IGNORE INTO game_event_gameobject VALUES (91119,26);
INSERT IGNORE INTO gameobject VALUES (91120,195256,0,1,1,2294.08,-5290.58,81.9963,1.91986,0.0,0.0,0.0,1.0,180,255,1);
INSERT IGNORE INTO game_event_gameobject VALUES (91120,26);
INSERT IGNORE INTO gameobject VALUES (91121,195256,0,1,1,2265.43,-5297.72,82.1673,1.39626,0.0,0.0,0.0,1.0,180,255,1);
INSERT IGNORE INTO game_event_gameobject VALUES (91121,26);
INSERT IGNORE INTO gameobject VALUES (91122,195256,0,1,1,-8839.12,-179.12,80.4417,0.296705,0.0,0.0,0.0,1.0,180,255,1);
INSERT IGNORE INTO game_event_gameobject VALUES (91122,26);
INSERT IGNORE INTO gameobject VALUES (91123,195256,0,1,1,-8897.53,-167.881,81.5777,-1.97222,0.0,0.0,0.0,1.0,180,255,1);
INSERT IGNORE INTO game_event_gameobject VALUES (91123,26);
INSERT IGNORE INTO gameobject VALUES (91124,195256,0,1,1,-9.25792,-950.505,56.3528,-2.19912,0.0,0.0,0.0,1.0,180,255,1);
INSERT IGNORE INTO game_event_gameobject VALUES (91124,26);
INSERT IGNORE INTO gameobject VALUES (91125,195256,0,1,1,6.48693,-875.653,57.6147,2.33874,0.0,0.0,0.0,1.0,180,255,1);
INSERT IGNORE INTO game_event_gameobject VALUES (91125,26);
INSERT IGNORE INTO gameobject VALUES (91126,195256,0,1,1,11.1673,-862.847,57.8544,3.00195,0.0,0.0,0.0,1.0,180,255,1);
INSERT IGNORE INTO game_event_gameobject VALUES (91126,26);
INSERT IGNORE INTO gameobject VALUES (91127,195256,0,1,1,-523.75,-4543.87,11.0213,0.383971,0.0,0.0,0.0,1.0,180,255,1);
INSERT IGNORE INTO game_event_gameobject VALUES (91127,26);
INSERT IGNORE INTO gameobject VALUES (91128,195256,0,1,1,-584.917,-4609.13,9.89951,-1.81514,0.0,0.0,0.0,1.0,180,255,1);
INSERT IGNORE INTO game_event_gameobject VALUES (91128,26);
INSERT IGNORE INTO gameobject VALUES (91129,195256,0,1,1,-555.274,-4568.21,10.0461,-2.84488,0.0,0.0,0.0,1.0,180,255,1);
INSERT IGNORE INTO game_event_gameobject VALUES (91129,26);
INSERT IGNORE INTO gameobject VALUES (91130,195256,0,1,1,-594.688,-4617.7,9.52885,0.418879,0.0,0.0,0.0,1.0,180,255,1);
INSERT IGNORE INTO game_event_gameobject VALUES (91130,26);
INSERT IGNORE INTO gameobject VALUES (91131,195256,0,1,1,-8850.47,-214.861,81.2252,-0.331611,0.0,0.0,0.0,1.0,180,255,1);
INSERT IGNORE INTO game_event_gameobject VALUES (91131,26);
INSERT IGNORE INTO gameobject VALUES (91132,195256,0,1,1,-9039.75,-45.9767,89.8213,3.01941,0.0,0.0,0.0,1.0,180,255,1);
INSERT IGNORE INTO game_event_gameobject VALUES (91132,26);
INSERT IGNORE INTO gameobject VALUES (91133,195256,0,1,1,-8864.06,-164.224,80.1326,1.0472,0.0,0.0,0.0,1.0,180,255,1);
INSERT IGNORE INTO game_event_gameobject VALUES (91133,26);
INSERT IGNORE INTO gameobject VALUES (91134,195256,0,1,1,-926.063,-3535.44,71.0585,2.32129,0.0,0.0,0.0,1.0,180,255,1);
INSERT IGNORE INTO game_event_gameobject VALUES (91134,26);
INSERT IGNORE INTO gameobject VALUES (91135,195256,0,1,1,-921.525,-3550.71,72.9657,0.90757,0.0,0.0,0.0,1.0,180,255,1);
INSERT IGNORE INTO game_event_gameobject VALUES (91135,26);
INSERT IGNORE INTO gameobject VALUES (91136,195256,0,1,1,-950.796,-3469.76,53.46,-1.69297,0.0,0.0,0.0,1.0,180,255,1);
INSERT IGNORE INTO game_event_gameobject VALUES (91136,26);
INSERT IGNORE INTO gameobject VALUES (91137,195256,0,1,1,-165.945,-912.16,55.5071,0.244346,0.0,0.0,0.0,1.0,180,255,1);
INSERT IGNORE INTO game_event_gameobject VALUES (91137,26);
INSERT IGNORE INTO gameobject VALUES (91138,195256,0,1,1,-11.0178,-961.052,55.8387,2.25147,0.0,0.0,0.0,1.0,180,255,1);
INSERT IGNORE INTO game_event_gameobject VALUES (91138,26);
INSERT IGNORE INTO gameobject VALUES (91139,195256,0,1,1,-18.1917,-923.664,55.6915,2.67035,0.0,0.0,0.0,1.0,180,255,1);
INSERT IGNORE INTO game_event_gameobject VALUES (91139,26);
INSERT IGNORE INTO gameobject VALUES (91140,195256,530,1,1,-4158.14,-12463.1,45.0814,-2.56563,0.0,0.0,0.0,1.0,180,255,1);
INSERT IGNORE INTO game_event_gameobject VALUES (91140,26);
INSERT IGNORE INTO gameobject VALUES (91141,195256,530,1,1,-4171.62,-12506.6,44.3613,-0.733038,0.0,0.0,0.0,1.0,180,255,1);
INSERT IGNORE INTO game_event_gameobject VALUES (91141,26);
INSERT IGNORE INTO gameobject VALUES (91142,195256,530,1,1,-4185.71,-12504.8,44.3613,-2.72271,0.0,0.0,0.0,1.0,180,255,1);
INSERT IGNORE INTO game_event_gameobject VALUES (91142,26);
INSERT IGNORE INTO gameobject VALUES (91143,195257,571,1,1,3476.04,2008.53,68.9528,-0.767944,0.0,0.0,0.0,1.0,180,255,1);
INSERT IGNORE INTO game_event_gameobject VALUES (91143,26);
INSERT IGNORE INTO gameobject VALUES (91144,195257,571,1,1,3480.17,1977.29,70.6158,1.5708,0.0,0.0,0.0,1.0,180,255,1);
INSERT IGNORE INTO game_event_gameobject VALUES (91144,26);
INSERT IGNORE INTO gameobject VALUES (91145,195257,530,1,1,-4160.9,-12457.1,47.6282,-2.1293,0.0,0.0,0.0,1.0,180,255,1);
INSERT IGNORE INTO game_event_gameobject VALUES (91145,26);
INSERT IGNORE INTO gameobject VALUES (91146,195257,530,1,1,-4152.8,-12480.7,45.9677,2.84488,0.0,0.0,0.0,1.0,180,255,1);
INSERT IGNORE INTO game_event_gameobject VALUES (91146,26);
INSERT IGNORE INTO gameobject VALUES (91147,195257,530,1,1,-4164.37,-12536.8,48.2722,1.58825,0.0,0.0,0.0,1.0,180,255,1);
INSERT IGNORE INTO game_event_gameobject VALUES (91147,26);
INSERT IGNORE INTO gameobject VALUES (91148,195257,530,1,1,-4047.49,-13771.3,76.1393,-0.087266,0.0,0.0,0.0,1.0,180,255,1);
INSERT IGNORE INTO game_event_gameobject VALUES (91148,26);
INSERT IGNORE INTO gameobject VALUES (91149,195257,530,1,1,-4050.14,-13778.3,76.3518,-0.610864,0.0,0.0,0.0,1.0,180,255,1);
INSERT IGNORE INTO game_event_gameobject VALUES (91149,26);
INSERT IGNORE INTO gameobject VALUES (91150,195257,0,1,1,-8911.46,-214.304,87.0984,1.06465,0.0,0.0,0.0,1.0,180,255,1);
INSERT IGNORE INTO game_event_gameobject VALUES (91150,26);
INSERT IGNORE INTO gameobject VALUES (91151,195257,530,1,1,-4167.78,-12537.1,48.9546,1.67551,0.0,0.0,0.0,1.0,180,255,1);
INSERT IGNORE INTO game_event_gameobject VALUES (91151,26);
INSERT IGNORE INTO gameobject VALUES (91152,195257,530,1,1,-4149.24,-12485.8,50.9009,-2.426,0.0,0.0,0.0,1.0,180,255,1);
INSERT IGNORE INTO game_event_gameobject VALUES (91152,26);
INSERT IGNORE INTO gameobject VALUES (91153,195257,530,1,1,-4163.36,-12455.5,47.1492,-2.21656,0.0,0.0,0.0,1.0,180,255,1);
INSERT IGNORE INTO game_event_gameobject VALUES (91153,26);
INSERT IGNORE INTO gameobject VALUES (91154,195257,530,1,1,-4153.81,-12532.3,49.3778,2.60053,0.0,0.0,0.0,1.0,180,255,1);
INSERT IGNORE INTO game_event_gameobject VALUES (91154,26);
INSERT IGNORE INTO gameobject VALUES (91155,195257,530,1,1,-4192.91,-12467.7,46.6215,-0.488691,0.0,0.0,0.0,1.0,180,255,1);
INSERT IGNORE INTO game_event_gameobject VALUES (91155,26);
INSERT IGNORE INTO gameobject VALUES (91156,195257,530,1,1,-4173.69,-13729.0,76.777,2.80997,0.0,0.0,0.0,1.0,180,255,1);
INSERT IGNORE INTO game_event_gameobject VALUES (91156,26);
INSERT IGNORE INTO gameobject VALUES (91157,195257,0,1,1,-19.6624,-936.959,58.5367,-0.331611,0.0,0.0,0.0,1.0,180,255,1);
INSERT IGNORE INTO game_event_gameobject VALUES (91157,26);
INSERT IGNORE INTO gameobject VALUES (91158,195257,571,1,1,3484.33,2013.51,68.8895,-1.23918,0.0,0.0,0.0,1.0,180,255,1);
INSERT IGNORE INTO game_event_gameobject VALUES (91158,26);
INSERT IGNORE INTO gameobject VALUES (91159,195257,571,1,1,3472.21,1983.86,69.0007,0.506145,0.0,0.0,0.0,1.0,180,255,1);
INSERT IGNORE INTO game_event_gameobject VALUES (91159,26);
INSERT IGNORE INTO gameobject VALUES (91160,195257,530,1,1,-4144.6,-12490.3,45.7271,-1.67551,0.0,0.0,0.0,1.0,180,255,1);
INSERT IGNORE INTO game_event_gameobject VALUES (91160,26);
INSERT IGNORE INTO gameobject VALUES (91161,195257,530,1,1,-4207.09,-12473.6,46.5845,-1.58825,0.0,0.0,0.0,1.0,180,255,1);
INSERT IGNORE INTO game_event_gameobject VALUES (91161,26);
INSERT IGNORE INTO gameobject VALUES (91162,195257,530,1,1,-4212.78,-12506.3,46.8801,-0.279252,0.0,0.0,0.0,1.0,180,255,1);
INSERT IGNORE INTO game_event_gameobject VALUES (91162,26);
INSERT IGNORE INTO gameobject VALUES (91163,195257,0,1,1,-8913.96,-213.294,87.1152,1.11701,0.0,0.0,0.0,1.0,180,255,1);
INSERT IGNORE INTO game_event_gameobject VALUES (91163,26);
INSERT IGNORE INTO gameobject VALUES (91164,195257,0,1,1,-16.6816,-930.98,58.5816,-0.558504,0.0,0.0,0.0,1.0,180,255,1);
INSERT IGNORE INTO game_event_gameobject VALUES (91164,26);
INSERT IGNORE INTO gameobject VALUES (91165,195257,0,1,1,-8916.61,-212.273,87.0607,1.16937,0.0,0.0,0.0,1.0,180,255,1);
INSERT IGNORE INTO game_event_gameobject VALUES (91165,26);
INSERT IGNORE INTO gameobject VALUES (91166,195257,530,1,1,-4150.61,-12526.0,49.3929,2.72271,0.0,0.0,0.0,1.0,180,255,1);
INSERT IGNORE INTO game_event_gameobject VALUES (91166,26);
INSERT IGNORE INTO gameobject VALUES (91167,195257,530,1,1,-4216.92,-12483.9,48.3932,-0.052359,0.0,0.0,0.0,1.0,180,255,1);
INSERT IGNORE INTO game_event_gameobject VALUES (91167,26);
INSERT IGNORE INTO gameobject VALUES (91168,195257,530,1,1,-4208.4,-12519.6,47.6231,-0.715585,0.0,0.0,0.0,1.0,180,255,1);
INSERT IGNORE INTO game_event_gameobject VALUES (91168,26);
INSERT IGNORE INTO gameobject VALUES (91169,195257,530,1,1,-4216.5,-12480.6,48.9863,-0.069812,0.0,0.0,0.0,1.0,180,255,1);
INSERT IGNORE INTO game_event_gameobject VALUES (91169,26);
INSERT IGNORE INTO gameobject VALUES (91170,195257,530,1,1,-4212.28,-12515.1,50.4455,0.314158,0.0,0.0,0.0,1.0,180,255,1);
INSERT IGNORE INTO game_event_gameobject VALUES (91170,26);
INSERT IGNORE INTO gameobject VALUES (91171,195259,530,1,1,-4231.72,-12498.1,47.2467,2.63544,0.0,0.0,0.0,1.0,180,255,1);
INSERT IGNORE INTO game_event_gameobject VALUES (91171,26);
INSERT IGNORE INTO gameobject VALUES (91172,195259,530,1,1,-4105.23,-12501.2,47.7956,0.575957,0.0,0.0,0.0,1.0,180,255,1);
INSERT IGNORE INTO game_event_gameobject VALUES (91172,26);
INSERT IGNORE INTO gameobject VALUES (91173,195259,571,1,1,4475.27,5707.76,82.3621,1.46608,0.0,0.0,0.0,1.0,180,255,1);
INSERT IGNORE INTO game_event_gameobject VALUES (91173,26);
INSERT IGNORE INTO gameobject VALUES (91174,195259,530,1,1,-4689.98,-12416.8,14.1576,2.26892,0.0,0.0,0.0,1.0,180,255,1);
INSERT IGNORE INTO game_event_gameobject VALUES (91174,26);
INSERT IGNORE INTO gameobject VALUES (91175,195259,530,1,1,-4720.9,-12380.0,13.4858,-1.53589,0.0,0.0,0.0,1.0,180,255,1);
INSERT IGNORE INTO game_event_gameobject VALUES (91175,26);
INSERT IGNORE INTO gameobject VALUES (91176,195259,571,1,129,5027.66,3690.94,364.056,-0.715585,0.0,0.0,0.0,1.0,180,255,1);
INSERT IGNORE INTO game_event_gameobject VALUES (91176,26);
INSERT IGNORE INTO gameobject VALUES (91177,195259,571,1,129,5018.6,3683.82,363.977,-0.314158,0.0,0.0,0.0,1.0,180,255,1);
INSERT IGNORE INTO game_event_gameobject VALUES (91177,26);
INSERT IGNORE INTO gameobject VALUES (91178,195259,0,1,1,-921.471,-3517.7,76.2393,-1.6057,0.0,0.0,0.0,1.0,180,255,1);
INSERT IGNORE INTO game_event_gameobject VALUES (91178,26);
INSERT IGNORE INTO gameobject VALUES (91179,195259,0,1,1,-907.369,-3535.83,76.9519,-3.12412,0.0,0.0,0.0,1.0,180,255,1);
INSERT IGNORE INTO game_event_gameobject VALUES (91179,26);
INSERT IGNORE INTO gameobject VALUES (91180,195259,0,1,1,2308.39,-5340.95,93.1183,-2.56563,0.0,0.0,0.0,1.0,180,255,1);
INSERT IGNORE INTO game_event_gameobject VALUES (91180,26);
INSERT IGNORE INTO gameobject VALUES (91181,195259,0,1,1,2290.65,-5344.6,92.9907,0.59341,0.0,0.0,0.0,1.0,180,255,1);
INSERT IGNORE INTO game_event_gameobject VALUES (91181,26);
INSERT IGNORE INTO gameobject VALUES (91182,195259,0,1,1,-10.3219,-931.982,58.6903,-2.04204,0.0,0.0,0.0,1.0,180,255,1);
INSERT IGNORE INTO game_event_gameobject VALUES (91182,26);
INSERT IGNORE INTO gameobject VALUES (91183,195259,0,1,1,-36.0071,-947.25,57.4091,1.27409,0.0,0.0,0.0,1.0,180,255,1);
INSERT IGNORE INTO game_event_gameobject VALUES (91183,26);
INSERT IGNORE INTO gameobject VALUES (91184,195259,0,1,1,-8909.3,-138.9,84.0177,2.89724,0.0,0.0,0.0,1.0,180,255,1);
INSERT IGNORE INTO game_event_gameobject VALUES (91184,26);
INSERT IGNORE INTO gameobject VALUES (91185,195259,530,1,1,-4702.74,-12422.9,14.5556,1.25664,0.0,0.0,0.0,1.0,180,255,1);
INSERT IGNORE INTO game_event_gameobject VALUES (91185,26);
INSERT IGNORE INTO gameobject VALUES (91186,195259,0,1,1,-906.867,-3523.45,76.6668,3.07177,0.0,0.0,0.0,1.0,180,255,1);
INSERT IGNORE INTO game_event_gameobject VALUES (91186,26);
INSERT IGNORE INTO gameobject VALUES (91187,195259,0,1,1,-924.512,-3536.54,77.1116,-0.087266,0.0,0.0,0.0,1.0,180,255,1);
INSERT IGNORE INTO game_event_gameobject VALUES (91187,26);
INSERT IGNORE INTO gameobject VALUES (91188,195259,0,1,1,2294.46,-5350.28,93.0342,0.59341,0.0,0.0,0.0,1.0,180,255,1);
INSERT IGNORE INTO game_event_gameobject VALUES (91188,26);
INSERT IGNORE INTO gameobject VALUES (91189,195259,0,1,1,-123.047,-852.387,57.6284,-0.575957,0.0,0.0,0.0,1.0,180,255,1);
INSERT IGNORE INTO game_event_gameobject VALUES (91189,26);
INSERT IGNORE INTO gameobject VALUES (91190,195259,0,1,1,-632.737,-4718.25,5.79148,-2.63544,0.0,0.0,0.0,1.0,180,255,1);
INSERT IGNORE INTO game_event_gameobject VALUES (91190,26);
INSERT IGNORE INTO gameobject VALUES (91191,195259,530,1,1,-4122.46,-12463.1,48.0975,-2.44346,0.0,0.0,0.0,1.0,180,255,1);
INSERT IGNORE INTO game_event_gameobject VALUES (91191,26);
INSERT IGNORE INTO gameobject VALUES (91192,195259,530,1,1,-4183.17,-12564.1,45.2083,-1.78023,0.0,0.0,0.0,1.0,180,255,1);
INSERT IGNORE INTO game_event_gameobject VALUES (91192,26);
INSERT IGNORE INTO gameobject VALUES (91193,195259,0,1,1,-896.141,-3505.67,72.1901,-1.71042,0.0,0.0,0.0,1.0,180,255,1);
INSERT IGNORE INTO game_event_gameobject VALUES (91193,26);
INSERT IGNORE INTO gameobject VALUES (91194,195259,0,1,1,2304.59,-5335.3,93.0093,-2.54818,0.0,0.0,0.0,1.0,180,255,1);
INSERT IGNORE INTO game_event_gameobject VALUES (91194,26);
INSERT IGNORE INTO gameobject VALUES (91195,195259,0,1,1,-8914.85,-141.214,83.949,0.925024,0.0,0.0,0.0,1.0,180,255,1);
INSERT IGNORE INTO game_event_gameobject VALUES (91195,26);
INSERT IGNORE INTO gameobject VALUES (91196,195259,0,1,1,-8864.38,-185.886,84.6213,-0.366518,0.0,0.0,0.0,1.0,180,255,1);
INSERT IGNORE INTO game_event_gameobject VALUES (91196,26);
INSERT IGNORE INTO gameobject VALUES (91197,195259,0,1,1,-17.1319,-930.48,57.5215,2.63544,0.0,0.0,0.0,1.0,180,255,1);
INSERT IGNORE INTO game_event_gameobject VALUES (91197,26);
INSERT IGNORE INTO gameobject VALUES (91198,195259,0,1,1,-8862.06,-179.638,84.4541,-0.366518,0.0,0.0,0.0,1.0,180,255,1);
INSERT IGNORE INTO game_event_gameobject VALUES (91198,26);
INSERT IGNORE INTO gameobject VALUES (91199,195259,0,1,1,-1006.65,-3575.4,58.2609,3.00195,0.0,0.0,0.0,1.0,180,255,1);
INSERT IGNORE INTO game_event_gameobject VALUES (91199,26);
INSERT IGNORE INTO gameobject VALUES (91200,195259,0,1,1,-51.7141,-974.486,60.3425,1.25664,0.0,0.0,0.0,1.0,180,255,1);
INSERT IGNORE INTO game_event_gameobject VALUES (91200,26);
INSERT IGNORE INTO gameobject VALUES (91201,195259,0,1,1,-41.4883,-945.367,57.4987,1.22173,0.0,0.0,0.0,1.0,180,255,1);
INSERT IGNORE INTO game_event_gameobject VALUES (91201,26);
INSERT IGNORE INTO gameobject VALUES (91202,195259,0,1,1,-45.7437,-976.328,60.4604,1.23918,0.0,0.0,0.0,1.0,180,255,1);
INSERT IGNORE INTO game_event_gameobject VALUES (91202,26);
INSERT IGNORE INTO gameobject VALUES (91203,195259,530,1,1,-4227.08,-12484.0,47.7163,3.12412,0.0,0.0,0.0,1.0,180,255,1);
INSERT IGNORE INTO game_event_gameobject VALUES (91203,26);
INSERT IGNORE INTO gameobject VALUES (91204,195259,530,1,1,-4107.67,-12483.0,47.4257,-0.069812,0.0,0.0,0.0,1.0,180,255,1);
INSERT IGNORE INTO game_event_gameobject VALUES (91204,26);
INSERT IGNORE INTO gameobject VALUES (91205,195259,0,1,1,-19.8998,-709.855,70.674,-1.3439,0.0,0.0,0.0,1.0,180,255,1);
INSERT IGNORE INTO game_event_gameobject VALUES (91205,26);
INSERT IGNORE INTO gameobject VALUES (91206,195259,530,1,1,-4208.0,-12557.6,46.3115,-1.39626,0.0,0.0,0.0,1.0,180,255,1);
INSERT IGNORE INTO game_event_gameobject VALUES (91206,26);
INSERT IGNORE INTO gameobject VALUES (91207,195260,571,1,1,3499.61,1984.68,66.1547,-3.03684,0.0,0.0,0.0,1.0,180,255,1);
INSERT IGNORE INTO game_event_gameobject VALUES (91207,26);
INSERT IGNORE INTO gameobject VALUES (91208,195260,571,1,1,3490.95,2015.38,65.6033,-0.820303,0.0,0.0,0.0,1.0,180,255,1);
INSERT IGNORE INTO game_event_gameobject VALUES (91208,26);
INSERT IGNORE INTO gameobject VALUES (91209,195260,530,1,1,-4206.79,-12467.3,47.0145,-0.855211,0.0,0.0,0.0,1.0,180,255,1);
INSERT IGNORE INTO game_event_gameobject VALUES (91209,26);
INSERT IGNORE INTO gameobject VALUES (91210,195260,530,1,1,-4182.41,-12436.8,44.646,-1.02974,0.0,0.0,0.0,1.0,180,255,1);
INSERT IGNORE INTO game_event_gameobject VALUES (91210,26);
INSERT IGNORE INTO gameobject VALUES (91211,195260,530,1,1,-4043.15,-11563.0,-136.852,-0.925024,0.0,0.0,0.0,1.0,180,255,1);
INSERT IGNORE INTO game_event_gameobject VALUES (91211,26);
INSERT IGNORE INTO gameobject VALUES (91212,195260,530,1,1,-4044.27,-13771.4,75.8816,-1.20428,0.0,0.0,0.0,1.0,180,255,1);
INSERT IGNORE INTO game_event_gameobject VALUES (91212,26);
INSERT IGNORE INTO gameobject VALUES (91213,195260,0,1,1,-923.134,-3534.99,73.4871,0.087266,0.0,0.0,0.0,1.0,180,255,1);
INSERT IGNORE INTO game_event_gameobject VALUES (91213,26);
INSERT IGNORE INTO gameobject VALUES (91214,195260,0,1,1,2250.43,-5353.07,87.9284,2.86233,0.0,0.0,0.0,1.0,180,255,1);
INSERT IGNORE INTO game_event_gameobject VALUES (91214,26);
INSERT IGNORE INTO gameobject VALUES (91215,195260,0,1,1,9.09614,-871.15,58.7987,-2.26892,0.0,0.0,0.0,1.0,180,255,1);
INSERT IGNORE INTO game_event_gameobject VALUES (91215,26);
INSERT IGNORE INTO gameobject VALUES (91216,195260,0,1,1,-1.76807,-939.937,58.3919,2.68781,0.0,0.0,0.0,1.0,180,255,1);
INSERT IGNORE INTO game_event_gameobject VALUES (91216,26);
INSERT IGNORE INTO gameobject VALUES (91217,195260,0,1,1,-8872.2,-181.867,85.6898,0.855211,0.0,0.0,0.0,1.0,180,255,1);
INSERT IGNORE INTO game_event_gameobject VALUES (91217,26);
INSERT IGNORE INTO gameobject VALUES (91218,195260,571,1,1,3490.33,1972.8,66.7719,1.06465,0.0,0.0,0.0,1.0,180,255,1);
INSERT IGNORE INTO game_event_gameobject VALUES (91218,26);
INSERT IGNORE INTO gameobject VALUES (91219,195260,571,1,1,3467.42,1988.05,66.5456,1.15192,0.0,0.0,0.0,1.0,180,255,1);
INSERT IGNORE INTO game_event_gameobject VALUES (91219,26);
INSERT IGNORE INTO gameobject VALUES (91220,195260,571,1,1,3474.91,1975.44,65.5343,-1.95477,0.0,0.0,0.0,1.0,180,255,1);
INSERT IGNORE INTO game_event_gameobject VALUES (91220,26);
INSERT IGNORE INTO gameobject VALUES (91221,195260,530,1,1,-4163.94,-12541.5,45.8775,1.71042,0.0,0.0,0.0,1.0,180,255,1);
INSERT IGNORE INTO game_event_gameobject VALUES (91221,26);
INSERT IGNORE INTO gameobject VALUES (91222,195260,530,1,1,-4704.57,-12395.0,12.4202,0.715585,0.0,0.0,0.0,1.0,180,255,1);
INSERT IGNORE INTO game_event_gameobject VALUES (91222,26);
INSERT IGNORE INTO gameobject VALUES (91223,195260,0,1,1,-915.03,-3538.84,73.5656,3.01941,0.0,0.0,0.0,1.0,180,255,1);
INSERT IGNORE INTO game_event_gameobject VALUES (91223,26);
INSERT IGNORE INTO gameobject VALUES (91224,195260,0,1,1,2310.91,-5305.96,83.0084,2.87979,0.0,0.0,0.0,1.0,180,255,1);
INSERT IGNORE INTO game_event_gameobject VALUES (91224,26);
INSERT IGNORE INTO gameobject VALUES (91225,195260,0,1,1,2265.55,-5313.85,84.3355,2.87979,0.0,0.0,0.0,1.0,180,255,1);
INSERT IGNORE INTO game_event_gameobject VALUES (91225,26);
INSERT IGNORE INTO gameobject VALUES (91226,195260,0,1,1,-3.39426,-943.227,58.3944,2.9845,0.0,0.0,0.0,1.0,180,255,1);
INSERT IGNORE INTO game_event_gameobject VALUES (91226,26);
INSERT IGNORE INTO gameobject VALUES (91227,195260,0,1,1,-8912.63,-209.91,82.9932,1.11701,0.0,0.0,0.0,1.0,180,255,1);
INSERT IGNORE INTO game_event_gameobject VALUES (91227,26);
INSERT IGNORE INTO gameobject VALUES (91228,195260,571,1,1,3494.9,1995.77,65.5364,-2.21656,0.0,0.0,0.0,1.0,180,255,1);
INSERT IGNORE INTO game_event_gameobject VALUES (91228,26);
INSERT IGNORE INTO gameobject VALUES (91229,195260,530,1,1,-4134.74,-12494.9,46.3561,-2.44346,0.0,0.0,0.0,1.0,180,255,1);
INSERT IGNORE INTO game_event_gameobject VALUES (91229,26);
INSERT IGNORE INTO gameobject VALUES (91230,195260,530,1,1,-4222.02,-12521.1,47.0011,1.36136,0.0,0.0,0.0,1.0,180,255,1);
INSERT IGNORE INTO game_event_gameobject VALUES (91230,26);
INSERT IGNORE INTO gameobject VALUES (91231,195260,0,1,1,-904.229,-3538.13,76.4263,0.052359,0.0,0.0,0.0,1.0,180,255,1);
INSERT IGNORE INTO game_event_gameobject VALUES (91231,26);
INSERT IGNORE INTO gameobject VALUES (91232,195260,0,1,1,-914.884,-3533.63,73.5769,3.12412,0.0,0.0,0.0,1.0,180,255,1);
INSERT IGNORE INTO game_event_gameobject VALUES (91232,26);
INSERT IGNORE INTO gameobject VALUES (91233,195260,0,1,1,-9026.3,-75.1647,90.159,-0.349065,0.0,0.0,0.0,1.0,180,255,1);
INSERT IGNORE INTO game_event_gameobject VALUES (91233,26);
INSERT IGNORE INTO gameobject VALUES (91234,195260,0,1,1,-8856.23,-187.934,83.1194,-0.104719,0.0,0.0,0.0,1.0,180,255,1);
INSERT IGNORE INTO game_event_gameobject VALUES (91234,26);
INSERT IGNORE INTO gameobject VALUES (91235,195260,0,1,1,-910.41,-3519.18,74.474,-2.30383,0.0,0.0,0.0,1.0,180,255,1);
INSERT IGNORE INTO game_event_gameobject VALUES (91235,26);
INSERT IGNORE INTO gameobject VALUES (91236,195260,0,1,1,-910.914,-3534.05,84.5815,-1.09956,0.0,0.0,0.0,1.0,180,255,1);
INSERT IGNORE INTO game_event_gameobject VALUES (91236,26);
INSERT IGNORE INTO gameobject VALUES (91237,195260,0,1,1,-923.291,-3544.61,73.7576,0.157079,0.0,0.0,0.0,1.0,180,255,1);
INSERT IGNORE INTO game_event_gameobject VALUES (91237,26);
INSERT IGNORE INTO gameobject VALUES (91238,195260,0,1,1,-13.7565,-941.06,58.3806,-2.60053,0.0,0.0,0.0,1.0,180,255,1);
INSERT IGNORE INTO game_event_gameobject VALUES (91238,26);
INSERT IGNORE INTO gameobject VALUES (91239,195260,530,1,1,-4198.41,-12462.2,47.0286,1.06465,0.0,0.0,0.0,1.0,180,255,1);
INSERT IGNORE INTO game_event_gameobject VALUES (91239,26);
INSERT IGNORE INTO gameobject VALUES (91240,195260,0,1,1,-922.149,-3520.38,73.7394,-1.81514,0.0,0.0,0.0,1.0,180,255,1);
INSERT IGNORE INTO game_event_gameobject VALUES (91240,26);
INSERT IGNORE INTO gameobject VALUES (91241,195263,0,1,1,-8805.12,868.183,109.955,2.18166,0.0,0.0,0.0,1.0,180,255,1);
INSERT IGNORE INTO game_event_gameobject VALUES (91241,26);
INSERT IGNORE INTO gameobject VALUES (91242,195263,0,1,1,-992.819,-3562.01,63.1755,-3.08918,0.0,0.0,0.0,1.0,180,255,1);
INSERT IGNORE INTO game_event_gameobject VALUES (91242,26);
INSERT IGNORE INTO gameobject VALUES (91243,195263,0,1,1,2289.11,-5327.51,99.5715,2.11185,0.0,0.0,0.0,1.0,180,255,1);
INSERT IGNORE INTO game_event_gameobject VALUES (91243,26);
INSERT IGNORE INTO gameobject VALUES (91244,195263,0,1,1,2294.69,-5329.12,106.062,0.628317,0.0,0.0,0.0,1.0,180,255,1);
INSERT IGNORE INTO game_event_gameobject VALUES (91244,26);
INSERT IGNORE INTO gameobject VALUES (91245,195263,0,1,1,-915.311,-3517.03,77.4884,1.55334,0.0,0.0,0.0,1.0,180,255,1);
INSERT IGNORE INTO game_event_gameobject VALUES (91245,26);
INSERT IGNORE INTO gameobject VALUES (91246,195263,0,1,1,-1024.36,-3511.44,66.9733,-2.00713,0.0,0.0,0.0,1.0,180,255,1);
INSERT IGNORE INTO game_event_gameobject VALUES (91246,26);
INSERT IGNORE INTO gameobject VALUES (91247,195263,0,1,1,2303.66,-5354.37,95.2214,2.18166,0.0,0.0,0.0,1.0,180,255,1);
INSERT IGNORE INTO game_event_gameobject VALUES (91247,26);
INSERT IGNORE INTO gameobject VALUES (91248,195263,0,1,1,2308.86,-5350.87,95.3697,2.14675,0.0,0.0,0.0,1.0,180,255,1);
INSERT IGNORE INTO game_event_gameobject VALUES (91248,26);
INSERT IGNORE INTO gameobject VALUES (91249,195263,0,1,1,2288.59,-5333.11,106.25,-2.53072,0.0,0.0,0.0,1.0,180,255,1);
INSERT IGNORE INTO game_event_gameobject VALUES (91249,26);
INSERT IGNORE INTO gameobject VALUES (91250,195263,0,1,1,-165.549,-903.134,69.6598,-0.034906,0.0,0.0,0.0,1.0,180,255,1);
INSERT IGNORE INTO game_event_gameobject VALUES (91250,26);
INSERT IGNORE INTO gameobject VALUES (91251,195263,0,1,1,-862.367,-3506.7,74.4211,-0.733038,0.0,0.0,0.0,1.0,180,255,1);
INSERT IGNORE INTO game_event_gameobject VALUES (91251,26);
INSERT IGNORE INTO gameobject VALUES (91252,195263,0,1,1,-24.6954,-931.247,65.3647,2.70526,0.0,0.0,0.0,1.0,180,255,1);
INSERT IGNORE INTO game_event_gameobject VALUES (91252,26);
INSERT IGNORE INTO gameobject VALUES (91253,195263,0,1,1,-47.1617,-893.575,61.6409,1.69297,0.0,0.0,0.0,1.0,180,255,1);
INSERT IGNORE INTO game_event_gameobject VALUES (91253,26);
INSERT IGNORE INTO gameobject VALUES (91254,195263,0,1,1,-862.495,-3516.83,74.7292,-0.052359,0.0,0.0,0.0,1.0,180,255,1);
INSERT IGNORE INTO game_event_gameobject VALUES (91254,26);
INSERT IGNORE INTO gameobject VALUES (91255,195264,571,1,1,3489.52,1973.31,66.7126,-2.11185,0.0,0.0,0.0,1.0,180,255,1);
INSERT IGNORE INTO game_event_gameobject VALUES (91255,26);
INSERT IGNORE INTO gameobject VALUES (91256,195264,571,1,1,3515.05,1995.76,66.5799,-0.767944,0.0,0.0,0.0,1.0,180,255,1);
INSERT IGNORE INTO game_event_gameobject VALUES (91256,26);
INSERT IGNORE INTO gameobject VALUES (91257,195264,530,1,1,-4168.26,-12538.9,46.0363,0.087266,0.0,0.0,0.0,1.0,180,255,1);
INSERT IGNORE INTO game_event_gameobject VALUES (91257,26);
INSERT IGNORE INTO gameobject VALUES (91258,195264,530,1,1,-4089.86,-13747.8,76.3908,-0.575957,0.0,0.0,0.0,1.0,180,255,1);
INSERT IGNORE INTO game_event_gameobject VALUES (91258,26);
INSERT IGNORE INTO gameobject VALUES (91259,195264,530,1,1,-4129.11,-13723.5,77.2487,-2.37364,0.0,0.0,0.0,1.0,180,255,1);
INSERT IGNORE INTO game_event_gameobject VALUES (91259,26);
INSERT IGNORE INTO gameobject VALUES (91260,195264,530,1,1,-4087.65,-13776.3,78.0209,-2.09439,0.0,0.0,0.0,1.0,180,255,1);
INSERT IGNORE INTO game_event_gameobject VALUES (91260,26);
INSERT IGNORE INTO gameobject VALUES (91261,195264,530,1,1,-4070.5,-13748.2,77.0448,-1.93732,0.0,0.0,0.0,1.0,180,255,1);
INSERT IGNORE INTO game_event_gameobject VALUES (91261,26);
INSERT IGNORE INTO gameobject VALUES (91262,195264,0,1,1,-920.357,-3521.26,73.6843,2.94959,0.0,0.0,0.0,1.0,180,255,1);
INSERT IGNORE INTO game_event_gameobject VALUES (91262,26);
INSERT IGNORE INTO gameobject VALUES (91263,195264,0,1,1,-949.308,-3534.78,71.867,-1.95477,0.0,0.0,0.0,1.0,180,255,1);
INSERT IGNORE INTO game_event_gameobject VALUES (91263,26);
INSERT IGNORE INTO gameobject VALUES (91264,195264,0,1,1,2289.23,-5322.93,91.1979,1.5708,0.0,0.0,0.0,1.0,180,255,1);
INSERT IGNORE INTO game_event_gameobject VALUES (91264,26);
INSERT IGNORE INTO gameobject VALUES (91265,195264,0,1,1,-8913.9,-209.556,82.9932,0.401425,0.0,0.0,0.0,1.0,180,255,1);
INSERT IGNORE INTO game_event_gameobject VALUES (91265,26);
INSERT IGNORE INTO gameobject VALUES (91266,195264,571,1,1,3472.78,1978.69,66.4665,1.27409,0.0,0.0,0.0,1.0,180,255,1);
INSERT IGNORE INTO game_event_gameobject VALUES (91266,26);
INSERT IGNORE INTO gameobject VALUES (91267,195264,571,1,1,3498.05,1985.92,66.4942,1.46608,0.0,0.0,0.0,1.0,180,255,1);
INSERT IGNORE INTO game_event_gameobject VALUES (91267,26);
INSERT IGNORE INTO gameobject VALUES (91268,195264,571,1,1,3497.95,1962.59,67.0049,-1.13446,0.0,0.0,0.0,1.0,180,255,1);
INSERT IGNORE INTO game_event_gameobject VALUES (91268,26);
INSERT IGNORE INTO gameobject VALUES (91269,195264,0,1,1,-611.439,-4588.19,11.6871,-2.14675,0.0,0.0,0.0,1.0,180,255,1);
INSERT IGNORE INTO game_event_gameobject VALUES (91269,26);
INSERT IGNORE INTO gameobject VALUES (91270,195264,530,1,1,-4068.37,-13749.0,77.0378,2.05949,0.0,0.0,0.0,1.0,180,255,1);
INSERT IGNORE INTO game_event_gameobject VALUES (91270,26);
INSERT IGNORE INTO gameobject VALUES (91271,195264,530,1,1,-4126.58,-13723.6,77.2606,2.19912,0.0,0.0,0.0,1.0,180,255,1);
INSERT IGNORE INTO game_event_gameobject VALUES (91271,26);
INSERT IGNORE INTO gameobject VALUES (91272,195264,530,1,1,-4706.19,-12397.5,14.251,-2.1293,0.0,0.0,0.0,1.0,180,255,1);
INSERT IGNORE INTO game_event_gameobject VALUES (91272,26);
INSERT IGNORE INTO gameobject VALUES (91273,195264,0,1,1,-928.086,-3525.72,72.941,-1.71042,0.0,0.0,0.0,1.0,180,255,1);
INSERT IGNORE INTO game_event_gameobject VALUES (91273,26);
INSERT IGNORE INTO gameobject VALUES (91274,195264,0,1,1,-908.414,-3497.37,71.9048,-0.645772,0.0,0.0,0.0,1.0,180,255,1);
INSERT IGNORE INTO game_event_gameobject VALUES (91274,26);
INSERT IGNORE INTO gameobject VALUES (91275,195264,0,1,1,2284.94,-5325.81,91.198,-0.575957,0.0,0.0,0.0,1.0,180,255,1);
INSERT IGNORE INTO game_event_gameobject VALUES (91275,26);
INSERT IGNORE INTO gameobject VALUES (91276,195264,0,1,1,-8910.69,-210.203,82.9932,-3.07177,0.0,0.0,0.0,1.0,180,255,1);
INSERT IGNORE INTO game_event_gameobject VALUES (91276,26);
INSERT IGNORE INTO gameobject VALUES (91277,195264,530,1,1,-4206.35,-12450.0,47.5016,-1.36136,0.0,0.0,0.0,1.0,180,255,1);
INSERT IGNORE INTO game_event_gameobject VALUES (91277,26);
INSERT IGNORE INTO gameobject VALUES (91278,195264,530,1,1,-4225.53,-12524.8,45.9421,1.22173,0.0,0.0,0.0,1.0,180,255,1);
INSERT IGNORE INTO game_event_gameobject VALUES (91278,26);
INSERT IGNORE INTO gameobject VALUES (91279,195264,0,1,1,-8854.98,-186.098,83.1194,1.20428,0.0,0.0,0.0,1.0,180,255,1);
INSERT IGNORE INTO game_event_gameobject VALUES (91279,26);
INSERT IGNORE INTO gameobject VALUES (91280,195264,0,1,1,-20.4999,-929.375,57.5263,0.174532,0.0,0.0,0.0,1.0,180,255,1);
INSERT IGNORE INTO game_event_gameobject VALUES (91280,26);
INSERT IGNORE INTO gameobject VALUES (91281,195264,0,1,1,9.4687,-870.325,58.7902,0.174532,0.0,0.0,0.0,1.0,180,255,1);
INSERT IGNORE INTO game_event_gameobject VALUES (91281,26);
INSERT IGNORE INTO gameobject VALUES (91282,195264,0,1,1,-616.252,-4593.14,11.6871,-0.680679,0.0,0.0,0.0,1.0,180,255,1);
INSERT IGNORE INTO game_event_gameobject VALUES (91282,26);
INSERT IGNORE INTO gameobject VALUES (91283,195264,0,1,1,-910.9,-3521.17,74.0492,2.75761,0.0,0.0,0.0,1.0,180,255,1);
INSERT IGNORE INTO game_event_gameobject VALUES (91283,26);
INSERT IGNORE INTO gameobject VALUES (91284,195264,0,1,1,-11.5985,-940.376,58.6723,-2.77507,0.0,0.0,0.0,1.0,180,255,1);
INSERT IGNORE INTO game_event_gameobject VALUES (91284,26);
INSERT IGNORE INTO gameobject VALUES (91285,195264,530,1,1,-4155.96,-12472.6,45.6333,2.18166,0.0,0.0,0.0,1.0,180,255,1);
INSERT IGNORE INTO game_event_gameobject VALUES (91285,26);
INSERT IGNORE INTO gameobject VALUES (91286,195266,530,1,1,-4054.65,-13772.3,84.3948,-0.401425,0.0,0.0,0.0,1.0,180,255,1);
INSERT IGNORE INTO game_event_gameobject VALUES (91286,26);
INSERT IGNORE INTO gameobject VALUES (91287,195266,530,1,1,-4681.78,-12396.7,37.7488,2.11185,0.0,0.0,0.0,1.0,180,255,1);
INSERT IGNORE INTO game_event_gameobject VALUES (91287,26);
INSERT IGNORE INTO gameobject VALUES (91288,195266,530,1,1,-4700.57,-12380.6,37.2404,-0.506145,0.0,0.0,0.0,1.0,180,255,1);
INSERT IGNORE INTO game_event_gameobject VALUES (91288,26);
INSERT IGNORE INTO gameobject VALUES (91289,195266,530,1,1,-4677.72,-12403.4,37.8024,-1.02974,0.0,0.0,0.0,1.0,180,255,1);
INSERT IGNORE INTO game_event_gameobject VALUES (91289,26);
INSERT IGNORE INTO gameobject VALUES (91290,195266,530,1,1,-4683.02,-12402.0,37.7377,-2.63544,0.0,0.0,0.0,1.0,180,255,1);
INSERT IGNORE INTO game_event_gameobject VALUES (91290,26);
INSERT IGNORE INTO gameobject VALUES (91291,195266,530,1,1,-4705.87,-12382.2,37.2847,-2.11185,0.0,0.0,0.0,1.0,180,255,1);
INSERT IGNORE INTO game_event_gameobject VALUES (91291,26);
INSERT IGNORE INTO gameobject VALUES (91292,195266,530,1,1,-4676.33,-12398.0,37.7639,0.523598,0.0,0.0,0.0,1.0,180,255,1);
INSERT IGNORE INTO game_event_gameobject VALUES (91292,26);
INSERT IGNORE INTO gameobject VALUES (91293,195266,0,1,1,-948.646,-3533.39,69.6157,0.034906,0.0,0.0,0.0,1.0,180,255,1);
INSERT IGNORE INTO game_event_gameobject VALUES (91293,26);
INSERT IGNORE INTO gameobject VALUES (91294,195266,0,1,1,2292.85,-5333.14,97.9789,2.11185,0.0,0.0,0.0,1.0,180,255,1);
INSERT IGNORE INTO game_event_gameobject VALUES (91294,26);
INSERT IGNORE INTO gameobject VALUES (91295,195266,0,1,1,-38.5943,-946.292,60.8617,1.27409,0.0,0.0,0.0,1.0,180,255,1);
INSERT IGNORE INTO game_event_gameobject VALUES (91295,26);
INSERT IGNORE INTO gameobject VALUES (91296,195266,0,1,1,-171.224,-905.573,59.6152,0.069812,0.0,0.0,0.0,1.0,180,255,1);
INSERT IGNORE INTO game_event_gameobject VALUES (91296,26);
INSERT IGNORE INTO gameobject VALUES (91297,195266,0,1,1,-627.478,-4589.49,24.1062,0.733038,0.0,0.0,0.0,1.0,180,255,1);
INSERT IGNORE INTO game_event_gameobject VALUES (91297,26);
INSERT IGNORE INTO gameobject VALUES (91298,195266,0,1,1,-622.192,-4594.98,15.1447,-1.51844,0.0,0.0,0.0,1.0,180,255,1);
INSERT IGNORE INTO game_event_gameobject VALUES (91298,26);
INSERT IGNORE INTO gameobject VALUES (91299,195266,0,1,1,-624.136,-4570.4,18.7716,2.40855,0.0,0.0,0.0,1.0,180,255,1);
INSERT IGNORE INTO game_event_gameobject VALUES (91299,26);
INSERT IGNORE INTO gameobject VALUES (91300,195266,530,1,1,-4205.99,-12527.1,50.1277,0.715585,0.0,0.0,0.0,1.0,180,255,1);
INSERT IGNORE INTO game_event_gameobject VALUES (91300,26);
INSERT IGNORE INTO gameobject VALUES (91301,195266,530,1,1,-4171.05,-13734.4,82.0874,2.77507,0.0,0.0,0.0,1.0,180,255,1);
INSERT IGNORE INTO game_event_gameobject VALUES (91301,26);
INSERT IGNORE INTO gameobject VALUES (91302,195266,530,1,1,-4702.0,-12375.4,37.2543,1.0472,0.0,0.0,0.0,1.0,180,255,1);
INSERT IGNORE INTO game_event_gameobject VALUES (91302,26);
INSERT IGNORE INTO gameobject VALUES (91303,195266,530,1,1,-4707.37,-12376.8,37.2118,2.60053,0.0,0.0,0.0,1.0,180,255,1);
INSERT IGNORE INTO game_event_gameobject VALUES (91303,26);
INSERT IGNORE INTO gameobject VALUES (91304,195266,0,1,1,2287.89,-5325.79,95.4735,2.14675,0.0,0.0,0.0,1.0,180,255,1);
INSERT IGNORE INTO game_event_gameobject VALUES (91304,26);
INSERT IGNORE INTO gameobject VALUES (91305,195266,0,1,1,-15.5267,-901.43,61.3727,-3.03684,0.0,0.0,0.0,1.0,180,255,1);
INSERT IGNORE INTO game_event_gameobject VALUES (91305,26);
INSERT IGNORE INTO gameobject VALUES (91306,195266,0,1,1,-8904.38,-157.491,89.5654,1.95477,0.0,0.0,0.0,1.0,180,255,1);
INSERT IGNORE INTO game_event_gameobject VALUES (91306,26);
INSERT IGNORE INTO gameobject VALUES (91307,195266,0,1,1,-605.819,-4566.96,16.5068,0.733038,0.0,0.0,0.0,1.0,180,255,1);
INSERT IGNORE INTO game_event_gameobject VALUES (91307,26);
INSERT IGNORE INTO gameobject VALUES (91308,195266,0,1,1,-635.401,-4566.94,16.0823,1.78023,0.0,0.0,0.0,1.0,180,255,1);
INSERT IGNORE INTO game_event_gameobject VALUES (91308,26);
INSERT IGNORE INTO gameobject VALUES (91309,195266,0,1,1,-638.408,-4570.88,16.1013,-3.10665,0.0,0.0,0.0,1.0,180,255,1);
INSERT IGNORE INTO game_event_gameobject VALUES (91309,26);
INSERT IGNORE INTO gameobject VALUES (91310,195266,0,1,1,-615.45,-4576.88,24.271,-2.33874,0.0,0.0,0.0,1.0,180,255,1);
INSERT IGNORE INTO game_event_gameobject VALUES (91310,26);
INSERT IGNORE INTO gameobject VALUES (91311,195266,0,1,1,-924.554,-3522.94,76.8558,3.14159,0.0,0.0,0.0,1.0,180,255,1);
INSERT IGNORE INTO game_event_gameobject VALUES (91311,26);
INSERT IGNORE INTO gameobject VALUES (91312,195266,0,1,1,-8855.21,-215.909,86.6502,-0.418879,0.0,0.0,0.0,1.0,180,255,1);
INSERT IGNORE INTO game_event_gameobject VALUES (91312,26);
INSERT IGNORE INTO gameobject VALUES (91313,195266,0,1,1,-39.0231,-903.801,61.0358,0.052359,0.0,0.0,0.0,1.0,180,255,1);
INSERT IGNORE INTO game_event_gameobject VALUES (91313,26);
INSERT IGNORE INTO gameobject VALUES (91314,195266,0,1,1,-604.096,-4599.68,16.9652,-0.698132,0.0,0.0,0.0,1.0,180,255,1);
INSERT IGNORE INTO game_event_gameobject VALUES (91314,26);
INSERT IGNORE INTO gameobject VALUES (91315,195266,0,1,1,-8868.62,-226.169,85.4592,-1.8675,0.0,0.0,0.0,1.0,180,255,1);
INSERT IGNORE INTO game_event_gameobject VALUES (91315,26);
INSERT IGNORE INTO gameobject VALUES (91316,195266,0,1,1,-1013.18,-3509.49,66.9384,2.72271,0.0,0.0,0.0,1.0,180,255,1);
INSERT IGNORE INTO game_event_gameobject VALUES (91316,26);
INSERT IGNORE INTO gameobject VALUES (91317,195266,0,1,1,-961.246,-3552.72,62.913,1.55334,0.0,0.0,0.0,1.0,180,255,1);
INSERT IGNORE INTO game_event_gameobject VALUES (91317,26);
INSERT IGNORE INTO gameobject VALUES (91318,195266,0,1,1,-615.334,-4589.27,24.2244,-0.767944,0.0,0.0,0.0,1.0,180,255,1);
INSERT IGNORE INTO game_event_gameobject VALUES (91318,26);
INSERT IGNORE INTO gameobject VALUES (91319,195266,0,1,1,-636.119,-4599.01,16.3318,-2.28638,0.0,0.0,0.0,1.0,180,255,1);
INSERT IGNORE INTO game_event_gameobject VALUES (91319,26);
INSERT IGNORE INTO gameobject VALUES (91320,195266,0,1,1,-609.756,-4582.46,15.3684,-0.017452,0.0,0.0,0.0,1.0,180,255,1);
INSERT IGNORE INTO game_event_gameobject VALUES (91320,26);
INSERT IGNORE INTO gameobject VALUES (91321,195266,530,1,1,-4152.03,-12529.4,49.5232,2.67035,0.0,0.0,0.0,1.0,180,255,1);
INSERT IGNORE INTO game_event_gameobject VALUES (91321,26);
INSERT IGNORE INTO gameobject VALUES (91322,195273,571,1,1,3492.44,1968.1,68.1734,1.43117,0.0,0.0,0.0,1.0,180,255,1);
INSERT IGNORE INTO game_event_gameobject VALUES (91322,26);
INSERT IGNORE INTO gameobject VALUES (91323,195273,571,1,1,3505.42,2014.63,68.22,-2.32129,0.0,0.0,0.0,1.0,180,255,1);
INSERT IGNORE INTO game_event_gameobject VALUES (91323,26);
INSERT IGNORE INTO gameobject VALUES (91324,195273,571,1,1,3518.78,1993.76,67.3444,-2.60053,0.0,0.0,0.0,1.0,180,255,1);
INSERT IGNORE INTO game_event_gameobject VALUES (91324,26);
INSERT IGNORE INTO gameobject VALUES (91325,195273,571,1,1,3109.57,1232.78,161.783,1.62316,0.0,0.0,0.0,1.0,180,255,1);
INSERT IGNORE INTO game_event_gameobject VALUES (91325,26);
INSERT IGNORE INTO gameobject VALUES (91326,195273,530,1,1,-4084.94,-13760.4,75.9857,-0.733038,0.0,0.0,0.0,1.0,180,255,1);
INSERT IGNORE INTO game_event_gameobject VALUES (91326,26);
INSERT IGNORE INTO gameobject VALUES (91327,195273,530,1,1,-4087.58,-13767.7,75.9781,0.069812,0.0,0.0,0.0,1.0,180,255,1);
INSERT IGNORE INTO game_event_gameobject VALUES (91327,26);
INSERT IGNORE INTO gameobject VALUES (91328,195273,571,1,1,3519.55,2023.39,67.9362,0.122173,0.0,0.0,0.0,1.0,180,255,1);
INSERT IGNORE INTO game_event_gameobject VALUES (91328,26);
INSERT IGNORE INTO gameobject VALUES (91329,195273,571,1,1,3109.58,1232.02,161.777,-1.62316,0.0,0.0,0.0,1.0,180,255,1);
INSERT IGNORE INTO game_event_gameobject VALUES (91329,26);
INSERT IGNORE INTO gameobject VALUES (91330,195273,0,1,1,-605.514,-4598.37,18.0096,2.46091,0.0,0.0,0.0,1.0,180,255,1);
INSERT IGNORE INTO game_event_gameobject VALUES (91330,26);
INSERT IGNORE INTO gameobject VALUES (91331,195273,530,1,1,-4678.97,-12382.8,15.7223,0.837757,0.0,0.0,0.0,1.0,180,255,1);
INSERT IGNORE INTO game_event_gameobject VALUES (91331,26);
INSERT IGNORE INTO gameobject VALUES (91332,195273,0,1,1,-578.332,-4589.98,11.8291,1.29154,0.0,0.0,0.0,1.0,180,255,1);
INSERT IGNORE INTO game_event_gameobject VALUES (91332,26);
INSERT IGNORE INTO gameobject VALUES (91333,195273,571,1,1,3500.46,1971.03,67.7458,2.51327,0.0,0.0,0.0,1.0,180,255,1);
INSERT IGNORE INTO game_event_gameobject VALUES (91333,26);
INSERT IGNORE INTO gameobject VALUES (91334,195273,0,1,1,-523.749,-4511.91,11.9685,0.069812,0.0,0.0,0.0,1.0,180,255,1);
INSERT IGNORE INTO game_event_gameobject VALUES (91334,26);

-- some chests
INSERT IGNORE INTO gameobject VALUES (91359,2844,530,1,1,-4826.93,-11486.4,-37.0934,2.32129,0.0,0.0,0.0,1.0,7200,255,1);
INSERT IGNORE INTO gameobject VALUES (91360,2844,530,1,1,-3371.13,-12716.5,19.5785,-0.226892,0.0,0.0,0.0,1.0,7200,255,1);
INSERT IGNORE INTO gameobject VALUES (91361,2846,530,1,1,-2395.8,-12166.8,32.9882,-1.01229,0.0,0.0,0.0,1.0,7200,255,1);
INSERT IGNORE INTO gameobject VALUES (91362,2850,0,1,1,-3212.39,-1022.89,9.32691,1.20428,0.0,0.0,0.0,1.0,7200,255,1);
INSERT IGNORE INTO gameobject VALUES (91363,153451,0,1,1,322.28,-4134.71,120.035,0.523598,0.0,0.0,0.0,1.0,7200,255,1);
INSERT IGNORE INTO gameobject VALUES (91364,153454,0,1,1,2560.83,-4806.04,114.984,0.261798,0.0,0.0,0.0,1.0,7200,255,1);
INSERT IGNORE INTO gameobject VALUES (91365,181800,530,1,1,-3162.39,4974.78,-9.27432,-0.645772,0.0,0.0,0.0,1.0,7200,255,1);
INSERT IGNORE INTO gameobject VALUES (91366,181800,530,1,1,-2505.8,4979.5,35.2472,0.733038,0.0,0.0,0.0,1.0,7200,255,1);

INSERT IGNORE INTO npc_text (ID, text0_0, text0_1, lang0, prob0, em0_0, em0_1, em0_2, em0_3, em0_4, em0_5, text1_0, text1_1, lang1, prob1, em1_0, em1_1, em1_2, em1_3, em1_4, em1_5, text2_0, text2_1, lang2, prob2, em2_0, em2_1, em2_2, em2_3, em2_4, em2_5, text3_0, text3_1, lang3, prob3, em3_0, em3_1, em3_2, em3_3, em3_4, em3_5, text4_0, text4_1, lang4, prob4, em4_0, em4_1, em4_2, em4_3, em4_4, em4_5, text5_0, text5_1, lang5, prob5, em5_0, em5_1, em5_2, em5_3, em5_4, em5_5, text6_0, text6_1, lang6, prob6, em6_0, em6_1, em6_2, em6_3, em6_4, em6_5, text7_0, text7_1, lang7, prob7, em7_0, em7_1, em7_2, em7_3, em7_4, em7_5) values('8663','Thank you for delivering that list!  My leg is almost recovered enough that I\'ll be able to walk back to the crash site.','','0','1','0','0','0','0','0','0','','','0','0','0','0','0','0','0','0','','','0','0','0','0','0','0','0','0','','','0','0','0','0','0','0','0','0','','','0','0','0','0','0','0','0','0','','','0','0','0','0','0','0','0','0','','','0','0','0','0','0','0','0','0','','','0','0','0','0','0','0','0','0');
-- some missing pirates on westguard ship
INSERT IGNORE INTO creature VALUES (138714,23755,571,1,1,0,0,1689.38,-2562.12,18.5538,4.45709,180,0.0,0,1,0,0,0);
INSERT IGNORE INTO creature VALUES (138715,23755,571,1,1,0,0,1695.45,-2554.03,17.8619,4.66636,180,0.0,0,1,0,0,0);
INSERT IGNORE INTO creature VALUES (138716,23771,571,1,1,0,0,1715.69,-2541,13.0394,5.44543,180,0.0,0,1,0,0,0);
INSERT IGNORE INTO creature VALUES (138717,23771,571,1,1,0,0,1706.4,-2549.08,12.8921,5.44543,180,0.0,0,1,0,0,0);

-- more BG weekend
UPDATE game_event_gameobject SET event=25 WHERE guid=82895;
INSERT IGNORE INTO gameobject VALUES (91367,192686,0,1,1,-5035.03,-1263.47,505.3,0.698132,0.0,0.0,0.0,1.0,180,255,1);
INSERT IGNORE INTO game_event_gameobject VALUES (91367,25);
INSERT IGNORE INTO gameobject VALUES (91368,192686,0,1,1,-8386.73,288.405,120.886,-2.47837,0.0,0.0,0.0,1.0,180,255,1);
INSERT IGNORE INTO game_event_gameobject VALUES (91368,25);
INSERT IGNORE INTO gameobject VALUES (91369,192686,0,1,1,-8404.05,577.197,91.9778,-0.994837,0.0,0.0,0.0,1.0,180,255,1);
INSERT IGNORE INTO game_event_gameobject VALUES (91369,25);
INSERT IGNORE INTO gameobject VALUES (91370,195532,0,1,1,-8386.73,288.405,120.886,-2.47837,0.0,0.0,0.0,1.0,180,255,1);
INSERT IGNORE INTO game_event_gameobject VALUES (91370,38);
INSERT IGNORE INTO gameobject VALUES (91371,195532,0,1,1,-8404.05,577.197,91.9778,-0.994837,0.0,0.0,0.0,1.0,180,255,1);
INSERT IGNORE INTO game_event_gameobject VALUES (91371,38);
INSERT IGNORE INTO gameobject VALUES (91372,195532,1,1,1,9985.21,2342.41,1330.79,0.0,0.0,0.0,0.0,1.0,180,255,1);
INSERT IGNORE INTO game_event_gameobject VALUES (91372,38);
INSERT IGNORE INTO gameobject VALUES (91373,195532,1,1,1,9720.18,2545.46,1335.68,-0.977383,0.0,0.0,0.0,1.0,180,255,1);
INSERT IGNORE INTO game_event_gameobject VALUES (91373,38);
INSERT IGNORE INTO gameobject VALUES (91374,195532,1,1,1,9965.64,2179.93,1328.07,-2.54818,0.0,0.0,0.0,1.0,180,255,1);
INSERT IGNORE INTO game_event_gameobject VALUES (91374,38);
INSERT IGNORE INTO gameobject VALUES (91375,195532,1,1,1,9963.93,2490.04,1316.05,0.0,0.0,0.0,0.0,1.0,180,255,1);
INSERT IGNORE INTO game_event_gameobject VALUES (91375,38);
INSERT IGNORE INTO gameobject VALUES (91376,195532,530,1,1,-4161.39,-11451.6,-131.007,0.506145,0.0,0.0,0.0,1.0,180,255,1);
INSERT IGNORE INTO game_event_gameobject VALUES (91376,38);
INSERT IGNORE INTO gameobject VALUES (91377,195532,530,1,1,-3909.89,-11632.4,-138.081,1.62316,0.0,0.0,0.0,1.0,180,255,1);
INSERT IGNORE INTO game_event_gameobject VALUES (91377,38);
INSERT IGNORE INTO gameobject VALUES (91378,195532,530,1,1,-3948.02,-11696.9,-138.765,-2.75761,0.0,0.0,0.0,1.0,180,255,1);
INSERT IGNORE INTO game_event_gameobject VALUES (91378,38);
INSERT IGNORE INTO gameobject VALUES (91379,180397,0,1,1,-4833.71,-1172.75,502.193,-0.349065,0.0,0.0,0.0,1.0,180,255,1);
INSERT IGNORE INTO game_event_gameobject VALUES (91379,18);
INSERT IGNORE INTO gameobject VALUES (91380,180397,0,1,1,-4675.45,-985.328,501.659,1.3439,0.0,0.0,0.0,1.0,180,255,1);
INSERT IGNORE INTO game_event_gameobject VALUES (91380,18);
INSERT IGNORE INTO gameobject VALUES (91381,180397,0,1,1,-8386.61,288.546,120.886,-2.47837,0.0,0.0,0.0,1.0,180,255,1);
INSERT IGNORE INTO game_event_gameobject VALUES (91381,18);
INSERT IGNORE INTO gameobject VALUES (91382,180397,1,1,1,9723.25,2541.69,1335.68,-1.97222,0.0,0.0,0.0,1.0,180,255,1);
INSERT IGNORE INTO game_event_gameobject VALUES (91382,18);
INSERT IGNORE INTO gameobject VALUES (91383,180399,0,1,1,-4833.56,-1172.25,502.923,1.20428,0.0,0.0,0.0,1.0,180,255,1);
INSERT IGNORE INTO game_event_gameobject VALUES (91383,18);
INSERT IGNORE INTO gameobject VALUES (91384,180399,0,1,1,-4675.35,-984.821,502.297,-1.79769,0.0,0.0,0.0,1.0,180,255,1);
INSERT IGNORE INTO game_event_gameobject VALUES (91384,18);
INSERT IGNORE INTO gameobject VALUES (91385,180399,0,1,1,-8387.06,288.189,121.413,-2.47837,0.0,0.0,0.0,1.0,180,255,1);
INSERT IGNORE INTO game_event_gameobject VALUES (91385,18);
INSERT IGNORE INTO gameobject VALUES (91386,180399,1,1,1,9723.84,2541.49,1336.3,-0.401425,0.0,0.0,0.0,1.0,180,255,1);
INSERT IGNORE INTO game_event_gameobject VALUES (91386,18);
INSERT IGNORE INTO gameobject VALUES (91387,180394,530,1,1,-1869.24,5145.45,-43.7773,0.279252,0.0,0.0,0.0,1.0,180,255,1);
INSERT IGNORE INTO game_event_gameobject VALUES (91387,19);
INSERT IGNORE INTO gameobject VALUES (91388,180397,530,1,1,-1836.7,5146.44,-43.446,2.75761,0.0,0.0,0.0,1.0,180,255,1);
INSERT IGNORE INTO game_event_gameobject VALUES (91388,19);
INSERT IGNORE INTO gameobject VALUES (91389,180400,530,1,1,-1837.35,5146.71,-42.6728,2.77507,0.0,0.0,0.0,1.0,180,255,1);
INSERT IGNORE INTO game_event_gameobject VALUES (91389,19);
INSERT IGNORE INTO gameobject VALUES (91390,180397,530,1,1,-3842.18,-11419.3,-132.054,-2.46091,0.0,0.0,0.0,1.0,180,255,1);
INSERT IGNORE INTO game_event_gameobject VALUES (91390,18);
INSERT IGNORE INTO gameobject VALUES (91391,180397,530,1,1,-3909.89,-11632.4,-138.081,1.62316,0.0,0.0,0.0,1.0,180,255,1);
INSERT IGNORE INTO game_event_gameobject VALUES (91391,18);
INSERT IGNORE INTO gameobject VALUES (91392,180397,530,1,1,-3948.02,-11696.9,-138.765,-2.75761,0.0,0.0,0.0,1.0,180,255,1);
INSERT IGNORE INTO game_event_gameobject VALUES (91392,18);
INSERT IGNORE INTO gameobject VALUES (91393,180397,530,1,1,-3828.2,-11728.0,-106.773,2.18166,0.0,0.0,0.0,1.0,180,255,1);
INSERT IGNORE INTO game_event_gameobject VALUES (91393,18);
INSERT IGNORE INTO gameobject VALUES (91394,180399,530,1,1,-3842.62,-11419.7,-131.534,-2.47837,0.0,0.0,0.0,1.0,180,255,1);
INSERT IGNORE INTO game_event_gameobject VALUES (91394,18);
INSERT IGNORE INTO gameobject VALUES (91395,180399,530,1,1,-3909.9,-11631.9,-137.589,1.62316,0.0,0.0,0.0,1.0,180,255,1);
INSERT IGNORE INTO game_event_gameobject VALUES (91395,18);
INSERT IGNORE INTO gameobject VALUES (91396,180399,530,1,1,-3948.55,-11697.0,-138.223,-2.74016,0.0,0.0,0.0,1.0,180,255,1);
INSERT IGNORE INTO game_event_gameobject VALUES (91396,18);
INSERT IGNORE INTO gameobject VALUES (91397,180399,530,1,1,-3828.55,-11727.6,-106.282,2.18166,0.0,0.0,0.0,1.0,180,255,1);
INSERT IGNORE INTO game_event_gameobject VALUES (91397,18);
INSERT IGNORE INTO gameobject VALUES (91398,180398,0,1,1,-4675.3,-985.274,501.659,1.37881,0.0,0.0,0.0,1.0,180,255,1);
INSERT IGNORE INTO game_event_gameobject VALUES (91398,20);
INSERT IGNORE INTO gameobject VALUES (91399,180398,0,1,1,-5038.93,-1258.81,505.3,0.715585,0.0,0.0,0.0,1.0,180,255,1);
INSERT IGNORE INTO game_event_gameobject VALUES (91399,20);

INSERT IGNORE INTO creature VALUES (138718,34948,1,1,1,0,0,9983.62,2350.23,1330.87,4.92183,180,0.0,0,1,0,0,0);
INSERT IGNORE INTO game_event_creature VALUES (138718,38);
INSERT IGNORE INTO creature VALUES (138719,34948,1,1,1,0,0,9727.12,2542.52,1335.24,2.42601,180,0.0,0,1,0,0,0);
INSERT IGNORE INTO game_event_creature VALUES (138719,38);
INSERT IGNORE INTO creature VALUES (138720,34948,1,1,1,0,0,9961.1,2179.29,1327.8,5.13127,180,0.0,0,1,0,0,0);
INSERT IGNORE INTO game_event_creature VALUES (138720,38);
INSERT IGNORE INTO creature VALUES (138721,34948,1,1,1,0,0,9959.42,2484.32,1316.13,0.750492,180,0.0,0,1,0,0,0);
INSERT IGNORE INTO game_event_creature VALUES (138721,38);
INSERT IGNORE INTO creature VALUES (138722,34948,0,1,1,0,0,-8387.24,286.125,120.969,2.30383,180,0.0,0,1,0,0,0);
INSERT IGNORE INTO game_event_creature VALUES (138722,38);
INSERT IGNORE INTO creature VALUES (138723,34948,0,1,1,0,0,-8411.89,575.031,92.3179,0.855211,180,0.0,0,1,0,0,0);
INSERT IGNORE INTO game_event_creature VALUES (138723,38);
INSERT IGNORE INTO creature VALUES (138724,34948,530,1,1,0,0,-4158.93,-11451.5,-130.977,2.07694,180,0.0,0,1,0,0,0);
INSERT IGNORE INTO game_event_creature VALUES (138724,38);
INSERT IGNORE INTO creature VALUES (138725,34950,1,1,1,0,0,9984.56,2345.23,1330.87,1.74533,180,0.0,0,1,0,0,0);
INSERT IGNORE INTO game_event_creature VALUES (138725,38);
INSERT IGNORE INTO creature VALUES (138726,34950,1,1,1,0,0,9724.21,2545.0,1335.76,5.58505,180,0.0,0,1,0,0,0);
INSERT IGNORE INTO game_event_creature VALUES (138726,38);
INSERT IGNORE INTO creature VALUES (138727,34950,1,1,1,0,0,9962.88,2175.22,1327.8,1.97222,180,0.0,0,1,0,0,0);
INSERT IGNORE INTO game_event_creature VALUES (138727,38);
INSERT IGNORE INTO creature VALUES (138728,34950,1,1,1,0,0,9962.13,2487.17,1316.12,3.9968,180,0.0,0,1,0,0,0);
INSERT IGNORE INTO game_event_creature VALUES (138728,38);
INSERT IGNORE INTO creature VALUES (138729,34950,0,1,1,0,0,-8389.1,288.407,120.969,5.53269,180,0.0,0,1,0,0,0);
INSERT IGNORE INTO game_event_creature VALUES (138729,38);
INSERT IGNORE INTO creature VALUES (138730,34950,0,1,1,0,0,-8409.07,578.255,92.0611,3.9968,180,0.0,0,1,0,0,0);
INSERT IGNORE INTO game_event_creature VALUES (138730,38);
INSERT IGNORE INTO creature VALUES (138731,34950,530,1,1,0,0,-4160.54,-11448.6,-130.924,5.37561,180,0.0,0,1,0,0,0);
INSERT IGNORE INTO game_event_creature VALUES (138731,38);
INSERT IGNORE INTO creature VALUES (138732,30566,0,1,1,0,0,-5030.94,-1269.32,505.383,0.296706,180,0.0,0,1,0,0,0);
INSERT IGNORE INTO game_event_creature VALUES (138732,25);
INSERT IGNORE INTO creature VALUES (138733,30566,0,1,1,0,0,-5026.13,-1267.75,505.383,3.47321,180,0.0,0,1,0,0,0);
INSERT IGNORE INTO game_event_creature VALUES (138733,25);
INSERT IGNORE INTO creature VALUES (138734,30566,0,1,1,0,0,-8387.24,286.125,120.969,2.30383,180,0.0,0,1,0,0,0);
INSERT IGNORE INTO game_event_creature VALUES (138734,25);
INSERT IGNORE INTO creature VALUES (138735,30566,0,1,1,0,0,-8389.1,288.407,120.969,5.53269,180,0.0,0,1,0,0,0);
INSERT IGNORE INTO game_event_creature VALUES (138735,25);
INSERT IGNORE INTO creature VALUES (138736,30566,0,1,1,0,0,-8411.89,575.031,92.3179,0.855211,180,0.0,0,1,0,0,0);
INSERT IGNORE INTO game_event_creature VALUES (138736,25);
INSERT IGNORE INTO creature VALUES (138737,30566,0,1,1,0,0,-8409.07,578.255,92.0611,3.9968,180,0.0,0,1,0,0,0);
INSERT IGNORE INTO game_event_creature VALUES (138737,25);
INSERT IGNORE INTO creature VALUES (138738,30566,0,1,1,0,0,-4730.24,-917.112,501.659,5.99733,180,0.0,0,1,0,0,0);
INSERT IGNORE INTO game_event_creature VALUES (138738,25);
INSERT IGNORE INTO creature VALUES (138739,15105,571,1,1,0,0,5913.44,567.437,639.693,4.97419,180,0.0,0,1,0,0,0);
INSERT IGNORE INTO game_event_creature VALUES (138739,19);
INSERT IGNORE INTO creature VALUES (138740,15105,571,1,1,0,0,5914.75,564.229,639.691,2.1293,180,0.0,0,1,0,0,0);
INSERT IGNORE INTO game_event_creature VALUES (138740,19);
INSERT IGNORE INTO creature VALUES (138741,15105,530,1,1,0,0,-1926.31,5376.15,-12.3448,2.11185,180,0.0,0,1,0,0,0);
INSERT IGNORE INTO game_event_creature VALUES (138741,19);
INSERT IGNORE INTO creature VALUES (138742,15105,530,1,1,0,0,-1928.93,5379.56,-12.3448,5.2709,180,0.0,0,1,0,0,0);
INSERT IGNORE INTO game_event_creature VALUES (138742,19);
INSERT IGNORE INTO creature VALUES (138743,15105,530,1,1,0,0,-1809.68,5366.84,-12.3448,3.92699,180,0.0,0,1,0,0,0);
INSERT IGNORE INTO game_event_creature VALUES (138743,19);
INSERT IGNORE INTO creature VALUES (138744,15105,530,1,1,0,0,-1812.39,5364.03,-12.3448,0.698132,180,0.0,0,1,0,0,0);
INSERT IGNORE INTO game_event_creature VALUES (138744,19);
INSERT IGNORE INTO creature VALUES (138745,15105,530,1,1,0,0,-1797.06,5479.81,-12.3448,2.1293,180,0.0,0,1,0,0,0);
INSERT IGNORE INTO game_event_creature VALUES (138745,19);
INSERT IGNORE INTO creature VALUES (138746,15105,530,1,1,0,0,-1799.63,5482.91,-12.3448,5.18363,180,0.0,0,1,0,0,0);
INSERT IGNORE INTO game_event_creature VALUES (138746,19);
INSERT IGNORE INTO creature VALUES (138747,15105,530,1,1,0,0,-1908.43,5437.61,-12.3449,4.93928,180,0.0,0,1,0,0,0);
INSERT IGNORE INTO game_event_creature VALUES (138747,19);
INSERT IGNORE INTO creature VALUES (138748,15105,530,1,1,0,0,-1908.2,5433.96,-12.3449,1.74533,180,0.0,0,1,0,0,0);
INSERT IGNORE INTO game_event_creature VALUES (138748,19);
INSERT IGNORE INTO creature VALUES (138749,15105,530,1,1,0,0,-1865.91,5144.91,-42.5324,1.8675,180,0.0,0,1,0,0,0);
INSERT IGNORE INTO game_event_creature VALUES (138749,19);
INSERT IGNORE INTO creature VALUES (138750,15105,530,1,1,0,0,-1867.23,5148.14,-43.1353,4.97419,180,0.0,0,1,0,0,0);
INSERT IGNORE INTO game_event_creature VALUES (138750,19);
INSERT IGNORE INTO creature VALUES (138751,15102,530,1,1,0,0,-1764.38,5158.26,-37.1216,5.86431,180,0.0,0,1,0,0,0);
INSERT IGNORE INTO game_event_creature VALUES (138751,19);
INSERT IGNORE INTO creature VALUES (138752,15102,530,1,1,0,0,-1782.26,5249.88,-40.1258,1.0821,180,0.0,0,1,0,0,0);
INSERT IGNORE INTO game_event_creature VALUES (138752,19);
INSERT IGNORE INTO creature VALUES (138753,15102,530,1,1,0,0,-1779.92,5252.18,-40.1258,3.90954,180,0.0,0,1,0,0,0);
INSERT IGNORE INTO game_event_creature VALUES (138753,19);
INSERT IGNORE INTO creature VALUES (138754,15102,530,1,1,0,0,-1839.07,5148.27,-42.8,4.29351,180,0.0,0,1,0,0,0);
INSERT IGNORE INTO game_event_creature VALUES (138754,19);
INSERT IGNORE INTO creature VALUES (138755,15102,530,1,1,0,0,-1840.23,5146.01,-42.2827,0.959931,180,0.0,0,1,0,0,0);
INSERT IGNORE INTO game_event_creature VALUES (138755,19);
INSERT IGNORE INTO creature VALUES (138756,34948,0,1,1,0,0,-4937.05,-1171.33,501.619,4.23915,180,0.0,0,1,0,0,0);
INSERT IGNORE INTO game_event_creature VALUES (138756,38);
INSERT IGNORE INTO creature VALUES (138757,34948,530,1,1,0,0,-3950.1,-11699.9,-138.724,2.00713,180,0.0,0,1,0,0,0);
INSERT IGNORE INTO game_event_creature VALUES (138757,38);
INSERT IGNORE INTO creature VALUES (138758,34948,530,1,1,0,0,-3912.03,-11629.6,-138.045,0.087266,180,0.0,0,1,0,0,0);
INSERT IGNORE INTO game_event_creature VALUES (138758,38);
INSERT IGNORE INTO creature VALUES (138759,34950,0,1,1,0,0,-4935.36,-1172.31,501.615,4.26121,180,0.0,0,1,0,0,0);
INSERT IGNORE INTO game_event_creature VALUES (138759,38);
INSERT IGNORE INTO creature VALUES (138760,34950,530,1,1,0,0,-3951.84,-11696.5,-138.727,5.34071,180,0.0,0,1,0,0,0);
INSERT IGNORE INTO game_event_creature VALUES (138760,38);
INSERT IGNORE INTO creature VALUES (138761,34950,530,1,1,0,0,-3907.83,-11629.5,-137.97,3.15905,180,0.0,0,1,0,0,0);
INSERT IGNORE INTO game_event_creature VALUES (138761,38);
INSERT IGNORE INTO creature VALUES (138762,14991,1,1,1,0,0,9959.42,2484.32,1316.13,0.750492,180,0.0,0,1,0,0,0);
INSERT IGNORE INTO game_event_creature VALUES (138762,20);
INSERT IGNORE INTO creature VALUES (138763,14991,1,1,1,0,0,9962.13,2487.17,1316.12,3.9968,180,0.0,0,1,0,0,0);
INSERT IGNORE INTO game_event_creature VALUES (138763,20);
INSERT IGNORE INTO creature VALUES (138764,14991,530,1,1,0,0,-3912.03,-11629.6,-138.045,0.087266,180,0.0,0,1,0,0,0);
INSERT IGNORE INTO game_event_creature VALUES (138764,20);
INSERT IGNORE INTO creature VALUES (138765,14991,530,1,1,0,0,-3907.83,-11629.5,-137.97,3.15905,180,0.0,0,1,0,0,0);
INSERT IGNORE INTO game_event_creature VALUES (138765,20);
INSERT IGNORE INTO creature VALUES (138766,14991,530,1,1,0,0,-3950.1,-11699.9,-138.724,2.00713,180,0.0,0,1,0,0,0);
INSERT IGNORE INTO game_event_creature VALUES (138766,20);
INSERT IGNORE INTO creature VALUES (138767,14991,530,1,1,0,0,-3951.84,-11696.5,-138.727,5.34071,180,0.0,0,1,0,0,0);
INSERT IGNORE INTO game_event_creature VALUES (138767,20);
INSERT IGNORE INTO creature VALUES (138768,15103,1,1,1,0,0,9727.12,2542.52,1335.24,2.42601,180,0.0,0,1,0,0,0);
INSERT IGNORE INTO game_event_creature VALUES (138768,18);
INSERT IGNORE INTO creature VALUES (138769,15103,1,1,1,0,0,9724.21,2545.0,1335.76,5.58505,180,0.0,0,1,0,0,0);
INSERT IGNORE INTO game_event_creature VALUES (138769,18);
INSERT IGNORE INTO creature VALUES (138770,15103,0,1,1,0,0,-4836.85,-1171.63,502.277,2.44346,180,0.0,0,1,0,0,0);
INSERT IGNORE INTO game_event_creature VALUES (138770,18);
INSERT IGNORE INTO creature VALUES (138771,15103,0,1,1,0,0,-4839.37,-1169.09,502.279,5.37561,180,0.0,0,1,0,0,0);
INSERT IGNORE INTO game_event_creature VALUES (138771,18);
INSERT IGNORE INTO creature VALUES (138772,15103,0,1,1,0,0,-4680.56,-985.584,501.646,3.08923,180,0.0,0,1,0,0,0);
INSERT IGNORE INTO game_event_creature VALUES (138772,18);
INSERT IGNORE INTO creature VALUES (138773,15103,0,1,1,0,0,-4683.46,-985.091,501.627,6.03884,180,0.0,0,1,0,0,0);
INSERT IGNORE INTO game_event_creature VALUES (138773,18);
INSERT IGNORE INTO creature VALUES (138774,15103,0,1,1,0,0,-8387.29,286.165,120.969,2.30383,180,0.0,0,1,0,0,0);
INSERT IGNORE INTO game_event_creature VALUES (138774,18);
INSERT IGNORE INTO creature VALUES (138775,15103,0,1,1,0,0,-8389.02,288.375,120.969,5.53269,180,0.0,0,1,0,0,0);
INSERT IGNORE INTO game_event_creature VALUES (138775,18);
INSERT IGNORE INTO creature VALUES (138776,14991,530,1,1,0,0,-3844.63,-11420.5,-132.031,5.55015,180,0.0,0,1,0,0,0);
INSERT IGNORE INTO game_event_creature VALUES (138776,20);
INSERT IGNORE INTO creature VALUES (138777,14991,530,1,1,0,0,-3842.52,-11422.8,-132.023,2.63545,180,0.0,0,1,0,0,0);
INSERT IGNORE INTO game_event_creature VALUES (138777,20);
INSERT IGNORE INTO creature VALUES (138778,14991,530,1,1,0,0,-4158.93,-11451.5,-130.977,2.07694,180,0.0,0,1,0,0,0);
INSERT IGNORE INTO game_event_creature VALUES (138778,20);
INSERT IGNORE INTO creature VALUES (138779,14991,530,1,1,0,0,-3828.45,-11723.7,-106.651,3.85718,180,0.0,0,1,0,0,0);
INSERT IGNORE INTO game_event_creature VALUES (138779,20);
INSERT IGNORE INTO creature VALUES (138780,14991,530,1,1,0,0,-3832.2,-11726.6,-106.758,0.523599,180,0.0,0,1,0,0,0);
INSERT IGNORE INTO game_event_creature VALUES (138780,20);
INSERT IGNORE INTO creature VALUES (138781,14990,530,1,1,0,0,-1955.67,5251.03,-42.389,5.32325,300,0.0,0,1,0,0,0);
INSERT IGNORE INTO game_event_creature VALUES (138781,20);
INSERT IGNORE INTO creature VALUES (138782,14990,530,1,1,0,0,-1953.4,5248.49,-42.6463,2.11185,300,0.0,0,1,0,0,0);
INSERT IGNORE INTO game_event_creature VALUES (138782,20);
INSERT IGNORE INTO creature VALUES (138783,14990,530,1,1,0,0,-2039.33,5327.61,-39.8431,1.55334,300,0.0,0,1,0,0,0);
INSERT IGNORE INTO game_event_creature VALUES (138783,20);
INSERT IGNORE INTO creature VALUES (138784,14990,530,1,1,0,0,-2039.23,5331.15,-40.4661,4.81711,300,0.0,0,1,0,0,0);
INSERT IGNORE INTO game_event_creature VALUES (138784,20);
INSERT IGNORE INTO creature VALUES (138785,14990,530,1,1,0,0,-1912.37,5497.59,-12.3448,3.66519,300,0.0,0,1,0,0,0);
INSERT IGNORE INTO game_event_creature VALUES (138785,20);
INSERT IGNORE INTO creature VALUES (138786,14990,530,1,1,0,0,-1915.73,5495.29,-12.3448,0.191986,300,0.0,0,1,0,0,0);
INSERT IGNORE INTO game_event_creature VALUES (138786,20);
INSERT IGNORE INTO creature VALUES (138787,14990,530,1,1,0,0,-2054.87,5250.2,-38.944,5.06145,300,0.0,0,1,0,0,0);
INSERT IGNORE INTO game_event_creature VALUES (138787,20);
INSERT IGNORE INTO creature VALUES (138788,14990,530,1,1,0,0,-2054.11,5246.56,-39.2211,1.8326,300,0.0,0,1,0,0,0);
INSERT IGNORE INTO game_event_creature VALUES (138788,20);
INSERT IGNORE INTO creature VALUES (138789,14990,530,1,1,0,0,-1809.68,5366.84,-12.3448,3.92699,300,0.0,0,1,0,0,0);
INSERT IGNORE INTO game_event_creature VALUES (138789,20);
INSERT IGNORE INTO creature VALUES (138790,14990,530,1,1,0,0,-1812.39,5364.03,-12.3448,0.698132,300,0.0,0,1,0,0,0);
INSERT IGNORE INTO game_event_creature VALUES (138790,20);
INSERT IGNORE INTO creature VALUES (138791,14990,530,1,1,0,0,-1926.31,5376.15,-12.3448,2.11185,300,0.0,0,1,0,0,0);
INSERT IGNORE INTO game_event_creature VALUES (138791,20);
INSERT IGNORE INTO creature VALUES (138792,14990,530,1,1,0,0,-1928.93,5379.56,-12.3448,5.2709,300,0.0,0,1,0,0,0);
INSERT IGNORE INTO game_event_creature VALUES (138792,20);
INSERT IGNORE INTO creature VALUES (138793,14991,530,1,1,0,0,-2030.25,5224.99,-41.3888,3.29867,300,0.0,0,1,0,0,0);
INSERT IGNORE INTO game_event_creature VALUES (138793,20);
INSERT IGNORE INTO creature VALUES (138794,14991,530,1,1,0,0,-2033.21,5224.99,-41.0004,0.366519,300,0.0,0,1,0,0,0);
INSERT IGNORE INTO game_event_creature VALUES (138794,20);
INSERT IGNORE INTO creature VALUES (138795,14991,530,1,1,0,0,-1943.89,5408.0,-12.3448,1.50098,300,0.0,0,1,0,0,0);
INSERT IGNORE INTO game_event_creature VALUES (138795,20);
INSERT IGNORE INTO creature VALUES (138796,14991,530,1,1,0,0,-1944.16,5411.71,-12.3448,4.81711,300,0.0,0,1,0,0,0);
INSERT IGNORE INTO game_event_creature VALUES (138796,20);
INSERT IGNORE INTO creature VALUES (138797,14991,530,1,1,0,0,-1881.62,5512.39,-12.3448,3.90954,300,0.0,0,1,0,0,0);
INSERT IGNORE INTO game_event_creature VALUES (138797,20);
INSERT IGNORE INTO creature VALUES (138798,14991,530,1,1,0,0,-1885.31,5510.87,-12.3448,0.453786,300,0.0,0,1,0,0,0);
INSERT IGNORE INTO game_event_creature VALUES (138798,20);
INSERT IGNORE INTO creature VALUES (138799,14991,530,1,1,0,0,-1850.34,5346.85,-12.3448,6.14356,300,0.0,0,1,0,0,0);
INSERT IGNORE INTO game_event_creature VALUES (138799,20);
INSERT IGNORE INTO creature VALUES (138800,14991,530,1,1,0,0,-1846.33,5347.47,-12.3448,3.83972,300,0.0,0,1,0,0,0);
INSERT IGNORE INTO game_event_creature VALUES (138800,20);
INSERT IGNORE INTO creature VALUES (138801,14991,530,1,1,0,0,-1784.13,5455.85,-12.3448,4.74729,300,0.0,0,1,0,0,0);
INSERT IGNORE INTO game_event_creature VALUES (138801,20);
INSERT IGNORE INTO creature VALUES (138802,14991,530,1,1,0,0,-1783.07,5451.48,-12.3448,1.76278,300,0.0,0,1,0,0,0);
INSERT IGNORE INTO game_event_creature VALUES (138802,20);
INSERT IGNORE INTO creature VALUES (138803,14991,530,1,1,0,0,-2047.45,5346.7,-40.705,2.61799,300,0.0,0,1,0,0,0);
INSERT IGNORE INTO game_event_creature VALUES (138803,20);
INSERT IGNORE INTO creature VALUES (138804,14991,530,1,1,0,0,-2049.34,5348.6,-40.9915,5.51524,300,0.0,0,1,0,0,0);
INSERT IGNORE INTO game_event_creature VALUES (138804,20);
INSERT IGNORE INTO creature VALUES (138805,15103,530,1,1,0,0,-3844.63,-11420.5,-132.031,5.55015,300,0.0,0,1,0,0,0);
INSERT IGNORE INTO game_event_creature VALUES (138805,18);
INSERT IGNORE INTO creature VALUES (138806,15103,530,1,1,0,0,-3842.52,-11422.8,-132.023,2.63545,300,0.0,0,1,0,0,0);
INSERT IGNORE INTO game_event_creature VALUES (138806,18);
INSERT IGNORE INTO creature VALUES (138807,15103,530,1,1,0,0,-3912.03,-11629.6,-138.045,0.087266,300,0.0,0,1,0,0,0);
INSERT IGNORE INTO game_event_creature VALUES (138807,18);
INSERT IGNORE INTO creature VALUES (138808,15103,530,1,1,0,0,-3907.83,-11629.5,-137.97,3.15905,300,0.0,0,1,0,0,0);
INSERT IGNORE INTO game_event_creature VALUES (138808,18);
INSERT IGNORE INTO creature VALUES (138809,15103,530,1,1,0,0,-3950.1,-11699.9,-138.724,2.00713,300,0.0,0,1,0,0,0);
INSERT IGNORE INTO game_event_creature VALUES (138809,18);
INSERT IGNORE INTO creature VALUES (138810,15103,530,1,1,0,0,-3951.84,-11696.5,-138.727,5.34071,300,0.0,0,1,0,0,0);
INSERT IGNORE INTO game_event_creature VALUES (138810,18);
INSERT IGNORE INTO creature VALUES (138811,15103,530,1,1,0,0,-3828.45,-11723.7,-106.651,3.85718,300,0.0,0,1,0,0,0);
INSERT IGNORE INTO game_event_creature VALUES (138811,18);
INSERT IGNORE INTO creature VALUES (138812,15103,530,1,1,0,0,-3832.2,-11726.6,-106.758,0.523599,300,0.0,0,1,0,0,0);
INSERT IGNORE INTO game_event_creature VALUES (138812,18);
INSERT IGNORE INTO creature VALUES (138813,14991,0,1,1,0,0,-4836.85,-1171.63,502.277,2.44346,300,0.0,0,1,0,0,0);
INSERT IGNORE INTO game_event_creature VALUES (138813,20);
INSERT IGNORE INTO creature VALUES (138814,14991,0,1,1,0,0,-4839.37,-1169.09,502.279,5.37561,300,0.0,0,1,0,0,0);
INSERT IGNORE INTO game_event_creature VALUES (138814,20);
INSERT IGNORE INTO creature VALUES (138815,14991,0,1,1,0,0,-5033.87,-1266.07,505.383,2.07694,300,0.0,0,1,0,0,0);
INSERT IGNORE INTO game_event_creature VALUES (138815,20);
INSERT IGNORE INTO creature VALUES (138816,14991,0,1,1,0,0,-5037.07,-1261.52,505.383,5.42797,300,0.0,0,1,0,0,0);
INSERT IGNORE INTO game_event_creature VALUES (138816,20);
INSERT IGNORE INTO creature VALUES (138817,14991,0,1,1,0,0,-4680.56,-985.584,501.646,3.08923,300,0.0,0,1,0,0,0);
INSERT IGNORE INTO game_event_creature VALUES (138817,20);
INSERT IGNORE INTO creature VALUES (138818,14991,0,1,1,0,0,-4683.46,-985.091,501.627,6.03884,300,0.0,0,1,0,0,0);
INSERT IGNORE INTO game_event_creature VALUES (138818,20);
INSERT IGNORE INTO creature VALUES (138819,14991,0,1,1,0,0,-4934.67,-1171.66,501.608,4.51106,300,0.0,0,1,0,0,0);
INSERT IGNORE INTO game_event_creature VALUES (138819,20);
INSERT IGNORE INTO creature VALUES (138820,14991,0,1,1,0,0,-4932.8,-1172.46,501.602,4.511,300,0.0,0,1,0,0,0);
INSERT IGNORE INTO game_event_creature VALUES (138820,20);

-- same rares below. todo: add waypoints (for some of the nodes) + tune spawn times
INSERT IGNORE INTO creature VALUES (138821,22062,530,1,1,0,0,6300.91,-6252.88,77.8134,4.92138,7200,0.0,0,1,0,0,0);
INSERT IGNORE INTO creature VALUES (138827,22062,530,1,1,0,0,6305.215820,-6475.396973,83.012100,0.443913,7200,0.0,0,1,0,0,0);
INSERT IGNORE INTO creature VALUES (138828,22062,530,1,1,0,0,7160.291992,-6620.607422,60.659161,5.590637,7200,0.0,0,1,0,0,0);
INSERT IGNORE INTO creature VALUES (138829,22062,530,1,1,0,0,7227.192383,-6406.610352,56.165577,2.771065,7200,0.0,0,1,0,0,0);
INSERT IGNORE INTO pool_creature VALUES (138821,1073,0,'Whitherlimb (22062) spawn 1');
INSERT IGNORE INTO pool_creature VALUES (138827,1073,0,'Whitherlimb (22062) spawn 2');
INSERT IGNORE INTO pool_creature VALUES (138828,1073,0,'Whitherlimb (22062) spawn 3');
INSERT IGNORE INTO pool_creature VALUES (138829,1073,0,'Whitherlimb (22062) spawn 4');
INSERT IGNORE INTO pool_template VALUES (1073,1,'Whitherlimb (22062)');

INSERT IGNORE INTO creature VALUES (138822,35189,571,1,1,0,0,7812.380371,-176.407425,880.343384,6.163349,86400,30.0,0,1,0,0,1);
INSERT IGNORE INTO creature VALUES (138823,35189,571,1,1,0,0,7108.131348,-273.737000,774.788025,3.112067,86400,30.0,0,1,0,0,1);
INSERT IGNORE INTO creature VALUES (138824,35189,571,1,1,0,0,7190.395996,-1066.486694,939.564880,0.002491,86400,30.0,0,1,0,0,1);
INSERT IGNORE INTO creature VALUES (138825,35189,571,1,1,0,0,7231.373535,-1352.377930,915.521118,6.175726,86400,30.0,0,1,0,0,1);
INSERT IGNORE INTO creature VALUES (138826,35189,571,1,1,0,0,7144.572266,-1450.352783,926.060669,0.120319,86400,30.0,0,1,0,0,1);
INSERT IGNORE INTO pool_creature VALUES (138822,1911,0,'Northrend rare - Skoll (35189) - spawn 1');
INSERT IGNORE INTO pool_creature VALUES (138823,1911,0,'Northrend rare - Skoll (35189) - spawn 2');
INSERT IGNORE INTO pool_creature VALUES (138824,1911,0,'Northrend rare - Skoll (35189) - spawn 3');
INSERT IGNORE INTO pool_creature VALUES (138825,1911,0,'Northrend rare - Skoll (35189) - spawn 4');
INSERT IGNORE INTO pool_creature VALUES (138826,1911,0,'Northrend rare - Skoll (35189) - spawn 5');
INSERT IGNORE INTO pool_template VALUES (1911,1,'Northrend rare - Skoll (35189)');

INSERT IGNORE INTO creature VALUES (138830,32495,571,1,1,0,0,8161.4,3470.43,639.406,1.8046,43200,0.0,0,1,0,0,0);
INSERT IGNORE INTO creature VALUES (138831,32495,571,1,1,0,0,8426.364258,3091.034424,588.140869,4.585729,43200,0.0,0,1,0,0,0);
INSERT IGNORE INTO creature VALUES (138832,32495,571,1,1,0,0,7851.729980,3609.058105,650.804993,3.678603,600,0.0,0,1,0,0,0);
INSERT IGNORE INTO creature VALUES (138833,32495,571,1,1,0,0,7100.200195,2104.735352,622.555298,1.433216,600,0.0,0,1,0,0,0);
INSERT IGNORE INTO pool_creature VALUES (138830,1912,0,'Northrend rare - Hildana (32495) - spawn 1');
INSERT IGNORE INTO pool_creature VALUES (138831,1912,0,'Northrend rare - Hildana (32495) - spawn 2');
INSERT IGNORE INTO pool_creature VALUES (138832,1912,0,'Northrend rare - Hildana (32495) - spawn 3');
INSERT IGNORE INTO pool_creature VALUES (138833,1912,0,'Northrend rare - Hildana (32495) - spawn 4');
INSERT IGNORE INTO pool_template VALUES (1912,1,'Northrend rare - Hildana (32495)');

INSERT IGNORE INTO creature VALUES (138834,32517,571,1,1,0,0,5250.6,5966.69,-49.7509,4.68883,28900,10.0,0,1,0,0,1);
INSERT IGNORE INTO creature VALUES (138835,32517,571,1,1,0,0,4995.29,4033.78,-28.1527,3.00021,28900,10.0,0,1,0,0,1);
INSERT IGNORE INTO creature VALUES (138836,32517,571,1,1,0,0,5195.11,3817.65,-22.7813,0.31808,28900,10.0,0,1,0,0,1);
INSERT IGNORE INTO creature VALUES (138837,32517,571,1,1,0,0,5904.17,5639.43,-70.035,3.41255,28900,10.0,0,1,0,0,1);
INSERT IGNORE INTO creature VALUES (138838,32517,571,1,1,0,0,6662.57,4394.09,24.8115,3.60501,28900,10.0,0,1,0,0,1);
INSERT IGNORE INTO creature VALUES (138839,32517,571,1,1,0,0,5361.44,5572.48,-91.8951,3.39685,28900,10.0,0,1,0,0,1);
INSERT IGNORE INTO creature VALUES (138840,32517,571,1,1,0,0,6438.43,5332.94,-39.5639,3.95842,28900,10.0,0,1,0,0,1);
INSERT IGNORE INTO creature VALUES (138841,32517,571,1,1,0,0,4920.73,4710.52,-85.4683,3.42826,28900,10.0,0,1,0,0,1);
INSERT IGNORE INTO pool_creature VALUES (138834,1913,0,'Northrend rare - Loque\'nahak (32517) - spawn 1');
INSERT IGNORE INTO pool_creature VALUES (138835,1913,0,'Northrend rare - Loque\'nahak (32517) - spawn 2');
INSERT IGNORE INTO pool_creature VALUES (138836,1913,0,'Northrend rare - Loque\'nahak (32517) - spawn 3');
INSERT IGNORE INTO pool_creature VALUES (138837,1913,0,'Northrend rare - Loque\'nahak (32517) - spawn 4');
INSERT IGNORE INTO pool_creature VALUES (138838,1913,0,'Northrend rare - Loque\'nahak (32517) - spawn 5');
INSERT IGNORE INTO pool_creature VALUES (138839,1913,0,'Northrend rare - Loque\'nahak (32517) - spawn 6');
INSERT IGNORE INTO pool_creature VALUES (138840,1913,0,'Northrend rare - Loque\'nahak (32517) - spawn 7');
INSERT IGNORE INTO pool_creature VALUES (138841,1913,0,'Northrend rare - Loque\'nahak (32517) - spawn 8');
INSERT IGNORE INTO pool_template VALUES (1913,1,'Northrend rare - Loque\'nahak (32517)');

-- nf
DELETE FROM creature_loot_template WHERE item=5359;
UPDATE creature_template SET mechanic_immune_mask=mechanic_immune_mask|1 WHERE entry=16506;
UPDATE creature_template SET dynamicflags=0 WHERE entry IN (21859,21846);
UPDATE creature_template_addon SET auras='31261 0 31261 1' WHERE entry IN (21859,21846);

UPDATE creature SET spawndist=0, MovementType=0 WHERE id IN (31358,29928,29459,29416,29192,29038,28839,28643,28627,28008,22317,25953,23448,21203,21157,
  19727,29599,29424,28655,28055,27529,27454,27403,27223,27222,26675,26264,26041,25466,24862,24336,24158,23821,29807,27529,15801,27689,28789,33576,33377,
  31077,30995,29682,32193,31353,30655,30651,30649,30646,30640,27437,26373,35608,24102,24100,24098,23837,23810,29475,27326,26937,26804,26789,26700,26559,
  26498,25670,24290,24288,24194,24193,24110,28273,28137,28015,27910,27837,27572,27589,27569,27450,27418,27413,28462,28460,28459,28458,28457,28456,28455,
  28454,28352,28333,28330,28307,28300,28299,30091,29812,29805,29558,29397,29100,28932,28617,28463,30990,30889,30589,30588,30442,30384,30316,30103,35009,
  35608,34319,33779,32347,32318,32298,32265,32264,32245,32244,32242,32202,31915,31845,31794,31643,31630,24705,24771,18814,31517,31245,28947,28492,28130,
  26804,26373,26175,25594,30091,27966,27572,24817,23805,33233,32879,32224,31888,31353,31138,31117,30655,30384,30181,36155,31075,25669,25672,32647,25671,
  31012,35131,35133);

-- random phase fixes
UPDATE creature SET phaseMask=phaseMask|2 WHERE id IN (30894,30920,31012,31075,31137,31139,31140,31152,31155,31177,31205,31273,31304);
UPDATE gameobject SET phaseMask=phaseMask|2 WHERE id IN (192033,193384,193471,194013,188551,193196,193197,193198,194213);

UPDATE quest_template SET ReqSpellCast1=0, ReqSpellCast2=0 WHERE entry=10913;

UPDATE quest_template SET RequiredRaces=1101 WHERE entry IN (24804,24655,24656,24848,24849,24657);
UPDATE quest_template SET RequiredRaces=690 WHERE entry IN (24805,24536,24541,24850,24851,24576);
UPDATE quest_template SET RequiredRaces=1101 WHERE entry=8149;
UPDATE quest_template SET RequiredRaces=690 WHERE entry=8150;

UPDATE quest_template SET PrevQuestId=24655 WHERE entry=24656;
UPDATE quest_template SET PrevQuestId=24656 WHERE entry=24848;
UPDATE quest_template SET PrevQuestId=24848 WHERE entry=24849;
UPDATE quest_template SET PrevQuestId=24849 WHERE entry=24657;

UPDATE quest_template SET PrevQuestId=24536 WHERE entry=24541;
UPDATE quest_template SET PrevQuestId=24541 WHERE entry=24850;
UPDATE quest_template SET PrevQuestId=24850 WHERE entry=24851;
UPDATE quest_template SET PrevQuestId=24851 WHERE entry=24576;

-- Inside the Frozen Citadel
UPDATE quest_template SET RequiredRaces=1101 WHERE entry IN (24711,24710,24498,24683,24499,24510);
UPDATE quest_template SET RequiredRaces=690 WHERE entry IN (24713,24712,24507,24682,24511,24506);

UPDATE quest_template SET PrevQuestId=24511 WHERE entry=24682;
UPDATE quest_template SET PrevQuestId=24682 WHERE entry=24507;
UPDATE quest_template SET PrevQuestId=24507 WHERE entry=24712;
UPDATE quest_template SET PrevQuestId=24712 WHERE entry=24713;

UPDATE quest_template SET PrevQuestId=24536 WHERE entry=24541;
UPDATE quest_template SET PrevQuestId=24536 WHERE entry=24541;
UPDATE quest_template SET PrevQuestId=24536 WHERE entry=24541;
UPDATE quest_template SET PrevQuestId=24536 WHERE entry=24541;


UPDATE quest_template SET SrcSpell=71450 WHERE entry IN (24656,24541);
UPDATE gossip_menu_option SET action_menu_id=-1, cond_1=9, cond_1_val_1=24656 WHERE menu_id=10976 AND id=0;
UPDATE gossip_menu_option SET action_menu_id=-1 WHERE menu_id=10948 AND id=0;

UPDATE gossip_menu_option SET action_menu_id=-1 WHERE menu_id IN (342,1291,1293,1296,1297,1581,2890,9733,9868) AND id=0;
UPDATE gossip_menu_option SET action_menu_id=-1 WHERE menu_id=9245 AND id=2;

-- bjarngrim
UPDATE creature SET MovementType=2 WHERE id=28586;
DELETE FROM creature_movement_template WHERE entry=28586;
INSERT INTO creature_movement_template (entry,point,position_x,position_y,position_z,orientation,wpguid,waittime,spell) VALUES (28586,1, 1262.230713,98.094856,33.505684,1.526664, 0,8000,52098);
INSERT INTO creature_movement_template (entry,point,position_x,position_y,position_z,orientation,wpguid,waittime) VALUES (28586,2, 1280.820068,99.730980,33.505684,6.282249, 0,0);
INSERT INTO creature_movement_template (entry,point,position_x,position_y,position_z,orientation,wpguid,waittime) VALUES (28586,3, 1309.364258,99.845383,39.588772,0.022625, 0,0);
INSERT INTO creature_movement_template (entry,point,position_x,position_y,position_z,orientation,wpguid,waittime,script_id) VALUES (28586,4, 1281.579834,99.822136,33.505520,3.144586, 0,0,28586);
INSERT INTO creature_movement_template (entry,point,position_x,position_y,position_z,orientation,wpguid,waittime,spell) VALUES (28586,5, 1262.444458,99.528358,33.505520,3.164221, 0,8000,52098);
INSERT INTO creature_movement_template (entry,point,position_x,position_y,position_z,orientation,wpguid,waittime) VALUES (28586,6, 1262.220093,73.041893,33.505520,4.699665, 0,0);
INSERT INTO creature_movement_template (entry,point,position_x,position_y,position_z,orientation,wpguid,waittime) VALUES (28586,7, 1262.304810,33.968468,33.185532,4.660392, 0,0);
INSERT INTO creature_movement_template (entry,point,position_x,position_y,position_z,orientation,wpguid,waittime,script_id) VALUES (28586,8, 1262.246582,0.347559,33.505707,4.711441, 0,0,28586);
INSERT INTO creature_movement_template (entry,point,position_x,position_y,position_z,orientation,wpguid,waittime,spell) VALUES (28586,9, 1262.323120,-26.238327,33.505707,4.715368, 0,8000,52098);
INSERT INTO creature_movement_template (entry,point,position_x,position_y,position_z,orientation,wpguid,waittime) VALUES (28586,10, 1281.517578,-27.249626,33.505707,6.239036, 0,0);
INSERT INTO creature_movement_template (entry,point,position_x,position_y,position_z,orientation,wpguid,waittime,script_id) VALUES (28586,11, 1312.383057,-27.076084,40.180496,6.278302, 0,0,28586);
INSERT INTO creature_movement_template (entry,point,position_x,position_y,position_z,orientation,wpguid,waittime,spell) VALUES (28586,12, 1332.039429,-26.966118,40.180496,0.222880, 0,8000,52098);
INSERT INTO creature_movement_template (entry,point,position_x,position_y,position_z,orientation,wpguid,waittime,script_id) VALUES (28586,13, 1352.055908,-6.919312,40.180534,0.819784, 0,0,28586);
INSERT INTO creature_movement_template (entry,point,position_x,position_y,position_z,orientation,wpguid,waittime,spell) VALUES (28586,14, 1332.351318,-26.524780,40.180534,3.933892, 0,8000,52098);
INSERT INTO creature_movement_template (entry,point,position_x,position_y,position_z,orientation,wpguid,waittime) VALUES (28586,15, 1311.846313,-26.725075,40.147072,3.156348, 0,0);
INSERT INTO creature_movement_template (entry,point,position_x,position_y,position_z,orientation,wpguid,waittime,script_id) VALUES (28586,16, 1282.147095,-26.789789,33.505653,3.152421, 0,0,28586);
INSERT INTO creature_movement_template (entry,point,position_x,position_y,position_z,orientation,wpguid,waittime,spell) VALUES (28586,17, 1262.176147,-26.792150,33.505653,2.154965, 0,8000,52098);
INSERT INTO creature_movement_template (entry,point,position_x,position_y,position_z,orientation,wpguid,waittime) VALUES (28586,18, 1262.400269,-0.200946,33.505653,1.597332, 0,0);
INSERT INTO creature_movement_template (entry,point,position_x,position_y,position_z,orientation,wpguid,waittime) VALUES (28586,19, 1262.335083,33.290714,33.185417,1.569843, 0,0);
INSERT INTO creature_movement_template (entry,point,position_x,position_y,position_z,orientation,wpguid,waittime,script_id) VALUES (28586,20, 1262.378540,72.664986,33.505577,1.569843, 0,0,28586);
DELETE FROM creature_movement_scripts WHERE id=28586;
INSERT IGNORE INTO creature_movement_scripts (id, delay, command, datalong, datalong2, datalong3, datalong4, data_flags, dataint, dataint2, x, y, z, o, comments) VALUES 
(28586, 0, 14, 52092, 0x01, 0, 0, 0, 0, 0, 0,0,0,0, 'remove aura Temporary Electrical Charge');

-- forum
INSERT IGNORE INTO item_required_target VALUES (38731,2,28465);
INSERT IGNORE INTO item_required_target VALUES (38731,2,28600);

-- Fix for quest Destroying the Altars (by Bastek)
UPDATE creature_loot_template SET ChanceOrQuestChance=-100 WHERE entry=30746 and item=43159;
UPDATE quest_template SET ReqSpellCast1 = 57853, ReqSpellCast2 = 57853, ReqSpellCast3 = 57853, ReqSpellCast4 = 57853 WHERE entry = 13119;

INSERT IGNORE INTO creature_questrelation (id, quest) VALUES
(37172,24536),
(37172,24541),
(37172,24793),
(37172,24850),
(37675,24629),
(37675,24635),
(37675,24636),
(37887,24597),
(38039,24610),
(38040,24611),
(38041,24609),
(38042,24612),
(38043,24615),
(38044,24614),
(38045,24613),
(38066,24655),
(38066,24656),
(38066,24792),
(38066,24848),
(38208,14488),
(38293,24804),
(38295,24805),
(38325,24657),
(38325,24849),
(38328,24576),
(38328,24851);
INSERT IGNORE INTO creature_involvedrelation (id, quest) VALUES
(2784,24609),
(3057,24614),
(4949,24612),
(7999,24610),
(10181,24613),
(16802,24615),
(17468,24611),
(29611,24597),
(36296,14488),
(37172,14483),
(37172,24536),
(37172,24541),
(37172,24576),
(37172,24805),
(37675,24629),
(37675,24635),
(37675,24636),
(38066,24655),
(38066,24656),
(38066,24657),
(38066,24745),
(38066,24804),
(38208,24792),
(38208,24793),
(38325,24848),
(38325,24849),
(38328,24850),
(38328,24851);

DELETE FROM creature_questrelation WHERE quest IN (24510,24506,24499,24511,24683,24682,24498,24507,24710,24711,24712,24713);
INSERT INTO creature_questrelation (id, quest) VALUES
(37776, 24510),
(37780, 24506),
(37597, 24499),
(37596, 24511),
(38160, 24683),
(38161, 24682),
(36993, 24498),
(36990, 24507),
(37591, 24710),
(37592, 24712),
(38188, 24711),
(38189, 24713);

DELETE FROM creature_involvedrelation WHERE quest IN (24510,24506,24499,24511,24683,24682,24498,24507,24710,24711,24712,24713);
INSERT INTO creature_involvedrelation (id, quest) VALUES
(37597, 24510),
(37596, 24506),
(38160, 24499),
(38161, 24511),
(36993, 24683),
(36990, 24682),
(37591, 24498),
(37592, 24507),
(38188, 24710),
(38189, 24712),
(37221, 24711),
(37223, 24713);

UPDATE creature SET MovementType=2 WHERE id=1225;
DELETE FROM creature_movement_template WHERE entry=1225;
INSERT IGNORE INTO creature_movement_template (entry,point,position_x,position_y,position_z,orientation,wpguid,waittime) VALUES (1225,'1','-5677.174805','-3165.293701','317.710968','1.577894', '0', '0');
INSERT IGNORE INTO creature_movement_template (entry,point,position_x,position_y,position_z,orientation,wpguid,waittime) VALUES (1225,'2','-5683.203613','-3147.189209','313.037476','2.300460', '0', '0');
INSERT IGNORE INTO creature_movement_template (entry,point,position_x,position_y,position_z,orientation,wpguid,waittime) VALUES (1225,'3','-5716.181152', '-3110.810791', '316.686523', '2.034247', '0', '0');
INSERT IGNORE INTO creature_movement_template (entry,point,position_x,position_y,position_z,orientation,wpguid,waittime) VALUES (1225,'4','-5716.187012', '-3093.080078', '325.600677', '1.552538', '0', '0');
INSERT IGNORE INTO creature_movement_template (entry,point,position_x,position_y,position_z,orientation,wpguid,waittime) VALUES (1225,'5','-5712.214355', '-3090.297607', '327.738647', '0.589117', '0', '0');
INSERT IGNORE INTO creature_movement_template (entry,point,position_x,position_y,position_z,orientation,wpguid,waittime) VALUES (1225,'6','-5705.484375', '-3092.523438', '329.362366', '5.923939', '0', '0');
INSERT IGNORE INTO creature_movement_template (entry,point,position_x,position_y,position_z,orientation,wpguid,waittime) VALUES (1225,'7','-5681.826660', '-3110.568848', '338.121887', '5.642941', '0', '0');
INSERT IGNORE INTO creature_movement_template (entry,point,position_x,position_y,position_z,orientation,wpguid,waittime) VALUES (1225,'8','-5659.498535', '-3122.215576', '344.336151', '5.788455', '0', '0');
INSERT IGNORE INTO creature_movement_template (entry,point,position_x,position_y,position_z,orientation,wpguid,waittime) VALUES (1225,'9','-5639.585938', '-3124.536133', '348.404938', '6.169809', '0', '0');
INSERT IGNORE INTO creature_movement_template (entry,point,position_x,position_y,position_z,orientation,wpguid,waittime) VALUES (1225,'10','-5618.112793', '-3110.905762', '360.618225', '0.664387', '0', '0');
INSERT IGNORE INTO creature_movement_template (entry,point,position_x,position_y,position_z,orientation,wpguid,waittime) VALUES (1225,'11','-5621.486816', '-3096.315918', '368.247772', '1.829391', '0', '0');
INSERT IGNORE INTO creature_movement_template (entry,point,position_x,position_y,position_z,orientation,wpguid,waittime) VALUES (1225,'12','-5632.212891', '-3078.608398', '374.990936', '2.115407', '0', '0');
INSERT IGNORE INTO creature_movement_template (entry,point,position_x,position_y,position_z,orientation,wpguid,waittime) VALUES (1225,'13','-5629.793457', '-3056.124023', '384.465576', '1.498214', '0', '0');
INSERT IGNORE INTO creature_movement_template (entry,point,position_x,position_y,position_z,orientation,wpguid,waittime) VALUES (1225,'14','-5642.278809', '-3036.872314', '385.471649', '2.150531', '0', '0');
INSERT IGNORE INTO creature_movement_template (entry,point,position_x,position_y,position_z,orientation,wpguid,waittime) VALUES (1225,'15','-5609.369141', '-3006.883301', '386.288177', '3.908119', '0', '300000');
INSERT IGNORE INTO creature_movement_template (entry,point,position_x,position_y,position_z,orientation,wpguid,waittime) VALUES (1225,'16','-5643.634277', '-3036.388672', '385.531891', '3.876664', '0', '0');
INSERT IGNORE INTO creature_movement_template (entry,point,position_x,position_y,position_z,orientation,wpguid,waittime) VALUES (1225,'17','-5630.174805', '-3057.015869', '384.385712', '5.266599', '0', '0');
INSERT IGNORE INTO creature_movement_template (entry,point,position_x,position_y,position_z,orientation,wpguid,waittime) VALUES (1225,'18','-5629.840332', '-3065.496338', '381.129578', '4.724679', '0', '0');
INSERT IGNORE INTO creature_movement_template (entry,point,position_x,position_y,position_z,orientation,wpguid,waittime) VALUES (1225,'19','-5634.866211', '-3078.448975', '374.489044', '4.418592', '0', '0');
INSERT IGNORE INTO creature_movement_template (entry,point,position_x,position_y,position_z,orientation,wpguid,waittime) VALUES (1225,'20','-5620.416504', '-3101.081543', '364.819855', '5.316781', '0', '0');
INSERT IGNORE INTO creature_movement_template (entry,point,position_x,position_y,position_z,orientation,wpguid,waittime) VALUES (1225,'21','-5624.629395', '-3117.040527', '354.493805', '4.127559', '0', '0');
INSERT IGNORE INTO creature_movement_template (entry,point,position_x,position_y,position_z,orientation,wpguid,waittime) VALUES (1225,'22','-5644.949707', '-3125.081787', '347.271362', '2.958406', '0', '0');
INSERT IGNORE INTO creature_movement_template (entry,point,position_x,position_y,position_z,orientation,wpguid,waittime) VALUES (1225,'23','-5660.741699', '-3121.580566', '343.975922', '2.903210', '0', '0');
INSERT IGNORE INTO creature_movement_template (entry,point,position_x,position_y,position_z,orientation,wpguid,waittime) VALUES (1225,'24','-5676.210938', '-3111.586914', '340.021484', '2.582069', '0', '0');
INSERT IGNORE INTO creature_movement_template (entry,point,position_x,position_y,position_z,orientation,wpguid,waittime) VALUES (1225,'25','-5691.895508', '-3102.994385', '333.646698', '2.617194', '0', '0');
INSERT IGNORE INTO creature_movement_template (entry,point,position_x,position_y,position_z,orientation,wpguid,waittime) VALUES (1225,'26','-5711.662109', '-3088.433594', '328.761566', '2.757691', '0', '0');
INSERT IGNORE INTO creature_movement_template (entry,point,position_x,position_y,position_z,orientation,wpguid,waittime) VALUES (1225,'27','-5717.663574', '-3099.033691', '321.686920', '4.147626', '0', '0');
INSERT IGNORE INTO creature_movement_template (entry,point,position_x,position_y,position_z,orientation,wpguid,waittime) VALUES (1225,'28','-5705.214844', '-3132.324219', '315.837585', '5.090972', '0', '0');
INSERT IGNORE INTO creature_movement_template (entry,point,position_x,position_y,position_z,orientation,wpguid,waittime) VALUES (1225,'29','-5683.203613','-3147.189209','313.037476','2.300460', '0', '0');
INSERT IGNORE INTO creature_movement_template (entry,point,position_x,position_y,position_z,orientation,wpguid,waittime) VALUES (1225,'30','-5677.174805','-3165.293701','317.710968','1.577894', '0', '0');
INSERT IGNORE INTO creature_movement_template (entry,point,position_x,position_y,position_z,orientation,wpguid,waittime) VALUES (1225,'31','-5679.014160', '-3185.046875', '319.508057', '5.126096', '0', '0');

-- crackm
-- template
UPDATE gameobject SET id=142698 WHERE id=300016;

DELETE FROM game_graveyard_zone WHERE ghost_zone IN (1583, 2717);
INSERT INTO game_graveyard_zone VALUES (1469, 1583, 0), (1469, 2717, 0);
DELETE FROM skill_fishing_base_level WHERE entry=3479;
INSERT INTO skill_fishing_base_level VALUES (3479, -20);
DELETE FROM fishing_loot_template WHERE entry=3479;
INSERT INTO fishing_loot_template  VALUES
(3479, 11002, 100, 1, -11002, 1, 0, 0, 0);

UPDATE quest_template SET ReqSourceCount1=7 WHERE entry=6022;
-- forum
-- by Helias
-- Unsealed Chest (51316)
DELETE FROM item_loot_template WHERE entry = 51316;
INSERT INTO item_loot_template VALUES
(51316, 51317, 100, 0, 1, 1, 0, 0, 0),
(51316, 51318, 100, 0, 1, 1, 0, 0, 0),
(51316, 51319, 100, 0, 1, 1, 0, 0, 0),
(51316, 51320, 100, 0, 1, 1, 0, 0, 0),
(51316, 51321, 100, 0, 1, 1, 0, 0, 0);

-- schmoo
-- Achievement for Utgarde Heroic, Keleseth "On the rocks"
UPDATE achievement_criteria_requirement SET type=18 WHERE criteria_id=7231 AND type=11;

-- Achievement 'The Lurker Above'(144, criteria 3622)
DELETE FROM achievement_criteria_requirement WHERE criteria_id=3622;
INSERT INTO achievement_criteria_requirement VALUES (3622, 0, 0, 0);

-- Naxxramas Special Achievements which require InstanceData-Check
UPDATE achievement_criteria_requirement SET type=18 WHERE criteria_id IN (7264, 7548, 7265, 7549, 7567, 7568, 7604, 7605, 7612, 7613, 7614, 7615, 7616, 7617) AND type=11;

DELETE FROM achievement_criteria_requirement WHERE criteria_id IN (13236, 13235, 13234, 13233, 13237, 13238, 13239, 13240) AND type=12;
INSERT INTO achievement_criteria_requirement (criteria_id, type, value1) VALUES
(13236, 12, 1), -- 'The Immortal'
(13235, 12, 1),
(13234, 12, 1),
(13233, 12, 1),
(13237, 12, 0), -- 'Undying'
(13238, 12, 0),
(13239, 12, 0),
(13240, 12, 0);

DELETE FROM achievement_criteria_requirement WHERE criteria_id IN (13233, 13237) AND type=18;
INSERT INTO achievement_criteria_requirement (criteria_id, type) VALUES
(13233, 18),
(13237, 18);

-- Onyxia Special Achievements
DELETE FROM achievement_criteria_requirement WHERE criteria_id IN (12565, 12568, 12566, 12569);
INSERT INTO achievement_criteria_requirement (criteria_id, type, value1, value2) VALUES
(12565, 12, 0, 0), -- Many Whelps
(12565, 18, 0, 0),
(12568, 12, 1, 0),
(12568, 18, 0, 0),
(12566, 12, 0, 0), -- She Deep Breaths More
(12566, 18, 0, 0),
(12569, 12, 1, 0),
(12569, 18, 0, 0);

-- Onyxia Achievements
DELETE FROM achievement_criteria_requirement WHERE criteria_id IN (12558, 12559, 12564, 12567);
INSERT INTO achievement_criteria_requirement (criteria_id, type, value1, value2) VALUES
(12558, 12, 0, 0), -- Onyxia normal kill
(12559, 12, 1, 0),
(12564, 12, 0, 0), -- Onyxia timed kill
(12567, 12, 1, 0);

-- Some Achievements
DELETE FROM achievement_criteria_requirement WHERE type IN (11, 18) AND criteria_id IN (758, 1237, 1240, 1241, 3922, 3923, 3924, 3932, 5602, 5755, 6295, 6606, 6937, 7126, 7127, 7128, 7129, 7130, 7133, 7143, 7144, 7145, 7180, 7181, 7182, 7183, 7622, 7769, 8758, 8759, 10072, 10073, 10080, 10081, 10284, 10291, 10292, 10293, 10294, 10401, 10402, 10446, 10720, 10721, 10722, 10780, 10782, 10858, 10860, 10882, 11778, 11818, 11860, 12116, 12198, 12258, 12564, 12567, 12756);

DELETE FROM achievement_criteria_requirement WHERE criteria_id IN (758, 1237, 1240, 1241); -- BG achievements, only need starting and finishing.
DELETE FROM achievement_criteria_requirement WHERE criteria_id=7182; -- Kill Malygos on normal (typo?)
DELETE FROM achievement_criteria_requirement WHERE criteria_id=7622; -- Lerroy!
DELETE FROM achievement_criteria_requirement WHERE criteria_id IN (10072, 10073); -- Flameleviathan (typo, difficulty was switched)
DELETE FROM achievement_criteria_requirement WHERE criteria_id IN (10401, 10402); -- Kill 20 XS-013 Bots
DELETE FROM achievement_criteria_requirement WHERE criteria_id IN (10446, 10882); -- Freya
DELETE FROM achievement_criteria_requirement WHERE criteria_id IN (10720, 10721); -- Lumberjacked
DELETE FROM achievement_criteria_requirement WHERE criteria_id IN (10780, 10782); -- Supermassive
DELETE FROM achievement_criteria_requirement WHERE criteria_id IN (10858, 10860); -- Dwarfageddon
DELETE FROM achievement_criteria_requirement WHERE criteria_id IN (11778, 11818, 11860, 12258); -- Val'kyr Twins
DELETE FROM achievement_criteria_requirement WHERE criteria_id IN (12116, 12198); -- The Traitor King
DELETE FROM achievement_criteria_requirement WHERE criteria_id=12756; -- Ghoul Explode

INSERT INTO achievement_criteria_requirement VALUES
-- BG achievements, only need starting and finishing.
(758, 0, 0, 0),
(1237, 0, 0, 0),
(1240, 0, 0, 0),
(1241, 0, 0, 0),
-- Kill Malygos on normal
(7182, 12, 0, 0),
-- Lerroy!
(7622, 0, 0, 0),
-- Flameleviathan
(10072, 12, 1, 0),
(10073, 12, 0, 0),
-- Kill 20 XS-013 Bots
(10401, 12, 0, 0),
(10402, 12, 0, 1),
-- Freya
(10446, 12, 0, 0),
(10882, 12, 1, 0),
-- Lumberjacked
(10720, 12, 0, 0),
(10721, 12, 1, 0),
-- Supermassive - TODO, might be possible that this _criteria_ needs to be resetted for players when engaging the boss, hence deactivated
(10780, 12, 0, 0),
(10780, 11, 0, 0),
(10782, 12, 1, 0),
(10782, 11, 0, 0),
-- Dwarfageddon
(10858, 12, 0, 0),
(10860, 12, 1, 0),
-- Val'kyr Twins
(11778, 12, 0, 0),
(11818, 12, 1, 0),
(11860, 12, 3, 0),
(12258, 12, 2, 0),
-- The Traitor King (difficulty is handled by different spells)
(12116, 0, 0, 0),
(12198, 0, 0, 0),
-- Ghoul Explode
(12756, 12, 1, 0);

-- Gnomeregan: Grubbis and Adds, movement
UPDATE creature_template SET MovementType=2 WHERE entry IN (7361,6215);
DELETE FROM creature_movement_template WHERE entry IN (7361,6215);
INSERT INTO creature_movement_template  (entry, point, position_x, position_y, position_z) VALUES
(6215, 1, -489.849, -92.7458, -147.941),
(6215, 2, -504.682, -92.7483, -151.001),
(6215, 3, -512.724, -100.751, -153.089),
(6215, 4, -519.948, -124.595, -156.128),
(7361, 1, -489.406, -87.6199, -147.779),
(7361, 2, -516.172, -98.4207, -153.697),
(7361, 3, -520.077, -124.682, -156.128);
-- Gnomeregan: Grubbis Encounter, Wave mobs
UPDATE creature_template SET MovementType=0 WHERE entry IN (6206, 6207);

UPDATE creature_template SET flags_extra = flags_extra | 512 WHERE entry IN (15589, /* AQ40 (Eye of C'Thun)*/ 11502 /* MC (ragnaros)*/);

-- Sartharion "N Drakes alive" achievements
UPDATE achievement_criteria_requirement SET type=18 WHERE criteria_id IN (7328, 7329, 7330, 7331, 7332, 7333) AND type=11;

-- BRD-Arena Event
-- Grimstone spells
DELETE FROM spell_target_position WHERE id IN (15737, 15739, 15740, 15741);
INSERT INTO spell_target_position (id, target_map, target_position_x, target_position_y, target_position_z) VALUES
(15737, 230, 611.073, -222.201, -52.6412),
(15739, 230, 600.752, -225.146, -52.6315),
(15740, 230, 630.355, -174.342, -52.6395),
(15741, 230, 633.182, -184.641, -52.6346);

-- loot must be contained in http://old.wowhead.com/object=181074#contains
DELETE FROM creature_loot_template WHERE entry BETWEEN 16049 AND 16058;
UPDATE creature_template SET lootid=0 WHERE entry BETWEEN 16049 AND 16058;

-- faction for ring-bosses (guesswork)
UPDATE creature_template SET faction_A = 14, faction_H=14 WHERE entry IN (9029, 9031);
-- faction for gladiators (54 as theldred)
UPDATE creature_template SET faction_A=54, faction_H=54 WHERE entry BETWEEN 16049 AND 16058;
-- level for theldred
UPDATE creature_template SET minlevel=60, maxlevel=60 WHERE entry=16059;

UPDATE creature SET spawntimesecs=604800 WHERE id IN (15339,10162,10184,12057,12017,12435,13020,11983,14601,11981,14020,15340,15369,15370,15341,15348,15727,15589,15543,15511,15544,15516,15510,15299,15509,15517,15263,15275,15276,20064,20063,20062,20060,38433,35013);
UPDATE creature SET spawntimesecs=86400 WHERE id IN (17797,17796,17798,28132,17770,18105,17826,17882,16807,16808,16809,17306,17308,17380,18667,18708,18731,18732,20923,20870,20885,20886,17942,17941,17976,17975,17980,17977,17978,19219,19221,19220,18472,18473,18371,18373,17381,17377,18343,18344,18341,17991,24664,24723,24744,24560);

-- xsavior
-- see http://www.wowwiki.com/Faerlina (wowwiki article)
UPDATE creature_template SET spell1=54097 WHERE entry=29274;

-- remove dupes etc
DELETE FROM creature WHERE id=29238;
DELETE FROM creature WHERE guid=137613;
DELETE FROM creature WHERE guid=106838;
DELETE FROM game_event_creature WHERE guid=106837;

-- midsummer
DELETE FROM creature WHERE id IN (17066,26401,26520);
DELETE FROM creature WHERE guid=86387;
DELETE FROM creature WHERE guid=94747;
DELETE FROM creature WHERE guid=94735;
DELETE FROM creature WHERE guid=94734;
DELETE FROM creature WHERE guid=94716;
DELETE FROM creature WHERE guid=94733;
DELETE FROM creature WHERE guid=94726;
DELETE FROM creature WHERE guid=94725;
DELETE FROM creature WHERE guid=94724;
DELETE FROM creature WHERE guid=94649;
DELETE FROM creature WHERE guid=94738;
DELETE FROM creature WHERE guid=94700;
DELETE FROM creature WHERE guid=94699;
DELETE FROM creature WHERE guid=94549;
DELETE FROM creature WHERE guid=94711;
DELETE FROM creature WHERE guid=94710;
DELETE FROM creature WHERE guid=94693;
DELETE FROM creature WHERE guid=94694;
DELETE FROM creature WHERE guid=94604;
DELETE FROM creature WHERE guid=94553;
DELETE FROM creature WHERE guid=94603;
DELETE FROM creature WHERE guid=94555;
DELETE FROM creature WHERE guid=94635;
DELETE FROM creature WHERE guid=94634;
DELETE FROM creature WHERE guid=94637;
DELETE FROM creature WHERE guid=94704;
DELETE FROM creature WHERE guid=94882;
DELETE FROM creature WHERE guid=94899;
DELETE FROM creature WHERE guid=94901;
DELETE FROM creature WHERE guid=94888;
DELETE FROM creature WHERE guid=94892;
DELETE FROM creature WHERE guid=94887;
DELETE FROM creature WHERE guid=94873;
DELETE FROM creature WHERE guid=94912;
DELETE FROM creature WHERE guid=94803;
DELETE FROM creature WHERE guid=94814;
DELETE FROM creature WHERE guid=94831;
DELETE FROM creature WHERE guid=94808;
DELETE FROM creature WHERE guid=94805;
DELETE FROM creature WHERE guid=94839;
DELETE FROM creature WHERE guid=94840;
DELETE FROM creature WHERE guid=86241;
DELETE FROM creature WHERE guid=86327;
DELETE FROM creature WHERE guid=86358;
DELETE FROM creature WHERE guid=86373;
DELETE FROM creature WHERE guid=90490;
DELETE FROM creature WHERE guid=86898;
DELETE FROM creature WHERE guid=86716;
DELETE FROM creature WHERE guid=86895;
DELETE FROM creature WHERE guid=94765;
DELETE FROM creature WHERE guid=94762;
DELETE FROM creature WHERE guid=94761;
DELETE FROM creature WHERE guid=94753;
DELETE FROM creature WHERE guid=94773;
DELETE FROM creature WHERE guid=94950;
DELETE FROM creature WHERE guid=94956;
DELETE FROM creature WHERE guid=86258;
DELETE FROM creature WHERE guid=86249;
DELETE FROM creature WHERE guid=86264;
DELETE FROM creature WHERE guid=86265;
DELETE FROM creature WHERE guid=94796;
DELETE FROM creature WHERE guid=94786;
DELETE FROM creature WHERE guid=86426;
DELETE FROM creature WHERE guid=94518;
DELETE FROM creature WHERE guid=94513;
DELETE FROM creature WHERE id = 5766;

DELETE FROM gameobject WHERE guid=34216;
DELETE FROM gameobject WHERE guid=34807;
DELETE FROM gameobject WHERE guid=35287;
DELETE FROM gameobject WHERE guid=35029;
DELETE FROM gameobject WHERE guid=34861;
DELETE FROM gameobject WHERE guid=34796;
DELETE FROM gameobject WHERE guid=34860;
-- not for midsummer
DELETE FROM gameobject WHERE guid IN (4771,5051,50674,50673,50672,50671,50670,50669,50668,50667,50666,50665,50664,50663,50662,50661,50660,50659,50658,50657,50656,50655,50654,50653,50652,50651,50650);

DELETE FROM gameobject WHERE guid=50993;
DELETE FROM gameobject WHERE guid=52544;
DELETE FROM gameobject WHERE guid=52268;
DELETE FROM gameobject WHERE guid=51014;
DELETE FROM gameobject WHERE guid=51011;
DELETE FROM gameobject WHERE guid=50995;
DELETE FROM gameobject WHERE guid=50994;
DELETE FROM gameobject WHERE guid=52272;
DELETE FROM gameobject WHERE guid=52279;
DELETE FROM gameobject WHERE guid=52273;
DELETE FROM gameobject WHERE guid=52275;
DELETE FROM gameobject WHERE guid=52284;
DELETE FROM gameobject WHERE guid=52277;
DELETE FROM gameobject WHERE guid=52274;
DELETE FROM gameobject WHERE guid=52276;
DELETE FROM gameobject WHERE guid=52344;

DELETE FROM gameobject WHERE guid=52267;
DELETE FROM gameobject WHERE guid=52334;
DELETE FROM gameobject WHERE guid=52399;
DELETE FROM gameobject WHERE guid=52333;
DELETE FROM gameobject WHERE guid=52329;
DELETE FROM gameobject WHERE guid=52331;
DELETE FROM gameobject WHERE guid=52393;
DELETE FROM gameobject WHERE guid=52325;
DELETE FROM gameobject WHERE guid=52407;
DELETE FROM gameobject WHERE guid=52335;
DELETE FROM gameobject WHERE guid=52337;
DELETE FROM gameobject WHERE guid=52336;
DELETE FROM gameobject WHERE guid=50691;
DELETE FROM gameobject WHERE guid=49313;
DELETE FROM gameobject WHERE guid=50690;
DELETE FROM gameobject WHERE guid=49312;
DELETE FROM gameobject WHERE guid=50679;
DELETE FROM gameobject WHERE guid=50683;
DELETE FROM gameobject WHERE guid=50681;
DELETE FROM gameobject WHERE guid=50552;

DELETE FROM gameobject WHERE guid=52542;
DELETE FROM gameobject WHERE guid=52541;
DELETE FROM gameobject WHERE guid=52560;
DELETE FROM gameobject WHERE guid=15773;
DELETE FROM gameobject WHERE guid=52548;
DELETE FROM gameobject WHERE guid=52527;

DELETE FROM gameobject WHERE guid=52479;
DELETE FROM gameobject WHERE guid=52480;
DELETE FROM gameobject WHERE guid=52481;
DELETE FROM gameobject WHERE guid=52478;
DELETE FROM gameobject WHERE guid=52511;
DELETE FROM gameobject WHERE guid=52470;
DELETE FROM gameobject WHERE guid=52507;
DELETE FROM gameobject WHERE guid=52463;
DELETE FROM gameobject WHERE guid=52464;
DELETE FROM gameobject WHERE guid=52467;
DELETE FROM gameobject WHERE guid=52466;
DELETE FROM gameobject WHERE guid=52494;
DELETE FROM gameobject WHERE guid=52490;

DELETE FROM gameobject WHERE guid=31654;
DELETE FROM gameobject WHERE guid=31653;
DELETE FROM gameobject WHERE guid=31649;
DELETE FROM gameobject WHERE guid=31661;
DELETE FROM gameobject WHERE guid=31659;
DELETE FROM gameobject WHERE guid=31652;
DELETE FROM gameobject WHERE guid=31655;
DELETE FROM gameobject WHERE guid=31695;
DELETE FROM gameobject WHERE guid=31648;
DELETE FROM gameobject WHERE guid=31656;
DELETE FROM gameobject WHERE guid=31657;
DELETE FROM gameobject WHERE guid=31658;
DELETE FROM gameobject WHERE guid=31674;
DELETE FROM gameobject WHERE guid=31721;
DELETE FROM gameobject WHERE guid=31762;
DELETE FROM gameobject WHERE guid=31650;
DELETE FROM gameobject WHERE guid=31640;
DELETE FROM gameobject WHERE guid=31651;
DELETE FROM gameobject WHERE guid=31646;
DELETE FROM gameobject WHERE guid=31641;
DELETE FROM gameobject WHERE guid=31642;
DELETE FROM gameobject WHERE guid=31645;
DELETE FROM gameobject WHERE guid=31643;
DELETE FROM gameobject WHERE guid=31644;
DELETE FROM gameobject WHERE guid=31647;
DELETE FROM gameobject WHERE guid=31696;
DELETE FROM gameobject WHERE guid=31682;
DELETE FROM gameobject WHERE guid=31679;
DELETE FROM gameobject WHERE guid=31681;
DELETE FROM gameobject WHERE guid=31680;
DELETE FROM gameobject WHERE guid=31683;
DELETE FROM gameobject WHERE guid=31687;
DELETE FROM gameobject WHERE guid=31701;
DELETE FROM gameobject WHERE guid=31713;
DELETE FROM gameobject WHERE guid=31685;
DELETE FROM gameobject WHERE guid=31715;
DELETE FROM gameobject WHERE guid=31690;
DELETE FROM gameobject WHERE guid=31692;
DELETE FROM gameobject WHERE guid=31691;
DELETE FROM gameobject WHERE guid=31699;
DELETE FROM gameobject WHERE guid=31672;
DELETE FROM gameobject WHERE guid=31698;
DELETE FROM gameobject WHERE guid=31671;
DELETE FROM gameobject WHERE guid=31667;
DELETE FROM gameobject WHERE guid=31693;
DELETE FROM gameobject WHERE guid=31673;
DELETE FROM gameobject WHERE guid=31694;
DELETE FROM gameobject WHERE guid=31670;
DELETE FROM gameobject WHERE guid=31668;
DELETE FROM gameobject WHERE guid=31697;
DELETE FROM gameobject WHERE guid=31677;
DELETE FROM gameobject WHERE guid=31678;
DELETE FROM game_event_gameobject WHERE guid=31660;
DELETE FROM gameobject WHERE guid=31712;
DELETE FROM gameobject WHERE guid=31686;
DELETE FROM gameobject WHERE guid=31689;
DELETE FROM gameobject WHERE guid=31666;
DELETE FROM gameobject WHERE guid=31702;
DELETE FROM gameobject WHERE guid=31662;
DELETE FROM gameobject WHERE guid=31669;
DELETE FROM game_event_gameobject WHERE guid=31619;
-- visual dupe
DELETE FROM gameobject WHERE guid=51255;
DELETE FROM gameobject WHERE guid=51259;
DELETE FROM gameobject WHERE guid=51260;
DELETE FROM gameobject WHERE guid=51270;
DELETE FROM gameobject WHERE guid=51271;
DELETE FROM gameobject WHERE guid=51272;
DELETE FROM gameobject WHERE guid=51273;
DELETE FROM gameobject WHERE guid=51307;
DELETE FROM gameobject WHERE guid=51308;
DELETE FROM gameobject WHERE guid=51314;
DELETE FROM gameobject WHERE guid=51315;
DELETE FROM gameobject WHERE guid=51316;
DELETE FROM gameobject WHERE guid=51320;
DELETE FROM gameobject WHERE guid=51335;
DELETE FROM gameobject WHERE guid=51342;
DELETE FROM gameobject WHERE guid=51343;
DELETE FROM gameobject WHERE guid=51345;
DELETE FROM gameobject WHERE guid=51349;
DELETE FROM gameobject WHERE guid=51449;
DELETE FROM gameobject WHERE guid=51485;
DELETE FROM gameobject WHERE guid=51486;
DELETE FROM gameobject WHERE guid=51487;
DELETE FROM gameobject WHERE guid=51488;
DELETE FROM gameobject WHERE guid=51490;
DELETE FROM gameobject WHERE guid=51495;
DELETE FROM gameobject WHERE guid=51508;
DELETE FROM gameobject WHERE guid=51525;
DELETE FROM gameobject WHERE guid=51526;
DELETE FROM gameobject WHERE guid=51552;
DELETE FROM gameobject WHERE guid=51554;
DELETE FROM gameobject WHERE guid=51556;
DELETE FROM gameobject WHERE guid=51573;
DELETE FROM gameobject WHERE guid=51578;
DELETE FROM gameobject WHERE guid=51579;
DELETE FROM gameobject WHERE guid=51580;
DELETE FROM gameobject WHERE guid=51596;
DELETE FROM gameobject WHERE guid=51679;
DELETE FROM gameobject WHERE guid=51680;
DELETE FROM gameobject WHERE guid=51683;
DELETE FROM gameobject WHERE guid=51684;
DELETE FROM gameobject WHERE guid=51687;
DELETE FROM gameobject WHERE guid=51750;
DELETE FROM gameobject WHERE guid=51756;
DELETE FROM gameobject WHERE guid=51757;
DELETE FROM gameobject WHERE guid=51782;
DELETE FROM gameobject WHERE guid=51791;
DELETE FROM gameobject WHERE guid=51807;
DELETE FROM gameobject WHERE guid=51810;
DELETE FROM gameobject WHERE guid=51811;
DELETE FROM gameobject WHERE guid=51814;
DELETE FROM gameobject WHERE guid=51821;
DELETE FROM gameobject WHERE guid=51851;
DELETE FROM gameobject WHERE guid=51902;
DELETE FROM gameobject WHERE guid=51903;
DELETE FROM gameobject WHERE guid=51920;
DELETE FROM gameobject WHERE guid=51938;
DELETE FROM gameobject WHERE guid=51958;
DELETE FROM gameobject WHERE guid=51960;
DELETE FROM gameobject WHERE guid=51961;
DELETE FROM gameobject WHERE guid=52006;
DELETE FROM gameobject WHERE guid=52007;
DELETE FROM gameobject WHERE guid=52011;
DELETE FROM gameobject WHERE guid=52063;
DELETE FROM gameobject WHERE guid=52065;
DELETE FROM gameobject WHERE guid=52093;
DELETE FROM gameobject WHERE guid=52095;
DELETE FROM gameobject WHERE guid=52117;
DELETE FROM gameobject WHERE guid=52118;
DELETE FROM gameobject WHERE guid=52127;
DELETE FROM gameobject WHERE guid=52132;

DELETE FROM gameobject WHERE guid=52588;
DELETE FROM gameobject WHERE guid=52597;
DELETE FROM gameobject WHERE guid=52598;
DELETE FROM gameobject WHERE guid=52599;
DELETE FROM gameobject WHERE guid=52603;
DELETE FROM gameobject WHERE guid=52635;
DELETE FROM gameobject WHERE guid=52636;
DELETE FROM gameobject WHERE guid=52637;
DELETE FROM gameobject WHERE guid=52638;
DELETE FROM gameobject WHERE guid=52639;
DELETE FROM gameobject WHERE guid=52646;
DELETE FROM gameobject WHERE guid=52665;
DELETE FROM gameobject WHERE guid=52667;
DELETE FROM gameobject WHERE guid=52686;
DELETE FROM gameobject WHERE guid=52693;
DELETE FROM gameobject WHERE guid=52704;
DELETE FROM gameobject WHERE guid=52710;
DELETE FROM gameobject WHERE guid=52712;
DELETE FROM gameobject WHERE guid=52729;
DELETE FROM gameobject WHERE guid=52730;
DELETE FROM gameobject WHERE guid=52747;
DELETE FROM gameobject WHERE guid=52756;
DELETE FROM gameobject WHERE guid=52758;
DELETE FROM gameobject WHERE guid=52769;
DELETE FROM gameobject WHERE guid=52775;
DELETE FROM gameobject WHERE guid=52788;
DELETE FROM gameobject WHERE guid=52796;
DELETE FROM gameobject WHERE guid=52797;
DELETE FROM gameobject WHERE guid=52799;
DELETE FROM gameobject WHERE guid=52803;

DELETE FROM gameobject WHERE guid=14100;
DELETE FROM gameobject WHERE guid=14101;
DELETE FROM gameobject WHERE guid=14103;
DELETE FROM gameobject WHERE guid=15114;
DELETE FROM gameobject WHERE guid=15196;
DELETE FROM gameobject WHERE guid=18521;
DELETE FROM gameobject WHERE guid=18523;
DELETE FROM gameobject WHERE guid=18874;
DELETE FROM gameobject WHERE guid=18891;
DELETE FROM gameobject WHERE guid=20978;
DELETE FROM gameobject WHERE guid=20985;
DELETE FROM gameobject WHERE guid=20993;
DELETE FROM gameobject WHERE guid=27068;
DELETE FROM gameobject WHERE guid=27072;
DELETE FROM gameobject WHERE guid=28155;
DELETE FROM gameobject WHERE guid=28191;
DELETE FROM gameobject WHERE guid=28195;
DELETE FROM gameobject WHERE guid=28197;
DELETE FROM gameobject WHERE guid=28201;
DELETE FROM gameobject WHERE guid=28202;
DELETE FROM gameobject WHERE guid=28206;
DELETE FROM gameobject WHERE guid=28240;
DELETE FROM gameobject WHERE guid=28242;
DELETE FROM gameobject WHERE guid=28249;
DELETE FROM gameobject WHERE guid=28254;

DELETE FROM gameobject WHERE guid=52912;
DELETE FROM gameobject WHERE guid=52913;
DELETE FROM gameobject WHERE guid=52916;
DELETE FROM gameobject WHERE guid=52917;
DELETE FROM gameobject WHERE guid=52919;
DELETE FROM gameobject WHERE guid=52948;
DELETE FROM gameobject WHERE guid=52954;
DELETE FROM gameobject WHERE guid=52955;
DELETE FROM gameobject WHERE guid=52994;
DELETE FROM gameobject WHERE guid=52998;
DELETE FROM gameobject WHERE guid=53038;
DELETE FROM gameobject WHERE guid=53041;

DELETE FROM gameobject WHERE guid=28140;
DELETE FROM gameobject WHERE guid=28142;
DELETE FROM gameobject WHERE guid=28143;
DELETE FROM gameobject WHERE guid=28144;
DELETE FROM gameobject WHERE guid=28150;
DELETE FROM gameobject WHERE guid=28152;
DELETE FROM gameobject WHERE guid=28156;
DELETE FROM gameobject WHERE guid=28157;
DELETE FROM gameobject WHERE guid=28160;
DELETE FROM gameobject WHERE guid=28162;
DELETE FROM gameobject WHERE guid=28163;
DELETE FROM gameobject WHERE guid=28169;
DELETE FROM gameobject WHERE guid=28171;
DELETE FROM gameobject WHERE guid=28173;
DELETE FROM gameobject WHERE guid=28176;
DELETE FROM gameobject WHERE guid=28177;
DELETE FROM gameobject WHERE guid=28178;
DELETE FROM gameobject WHERE guid=28180;
DELETE FROM gameobject WHERE guid=28188;
DELETE FROM gameobject WHERE guid=53087;
DELETE FROM gameobject WHERE guid=53088;
DELETE FROM gameobject WHERE guid=53091;
DELETE FROM gameobject WHERE guid=53092;
DELETE FROM gameobject WHERE guid=53163;
DELETE FROM gameobject WHERE guid=53164;
DELETE FROM gameobject WHERE guid=53169;
DELETE FROM gameobject WHERE guid=53221;
DELETE FROM gameobject WHERE guid=53222;
DELETE FROM gameobject WHERE guid=53255;
DELETE FROM gameobject WHERE guid=53257;
DELETE FROM gameobject WHERE guid=53258;
DELETE FROM gameobject WHERE guid=53267;
DELETE FROM gameobject WHERE guid=53288;
DELETE FROM gameobject WHERE guid=53290;
DELETE FROM gameobject WHERE guid=53303;
DELETE FROM gameobject WHERE guid=53306;
DELETE FROM gameobject WHERE guid=53380;
DELETE FROM gameobject WHERE guid=53381;
DELETE FROM gameobject WHERE guid=53414;
DELETE FROM gameobject WHERE guid=53419;
DELETE FROM gameobject WHERE guid=53420;
DELETE FROM gameobject WHERE guid=53441;
DELETE FROM gameobject WHERE guid=53446;
DELETE FROM gameobject WHERE guid=53477;
DELETE FROM gameobject WHERE guid=53480;

DELETE FROM gameobject WHERE guid=53520;
DELETE FROM gameobject WHERE guid=53521;
DELETE FROM gameobject WHERE guid=53522;
DELETE FROM gameobject WHERE guid=53527;
DELETE FROM gameobject WHERE guid=53531;
DELETE FROM gameobject WHERE guid=53558;
DELETE FROM gameobject WHERE guid=53559;
DELETE FROM gameobject WHERE guid=53560;
DELETE FROM gameobject WHERE guid=53561;
DELETE FROM gameobject WHERE guid=53562;
DELETE FROM gameobject WHERE guid=53563;
DELETE FROM gameobject WHERE guid=53564;
DELETE FROM gameobject WHERE guid=53565;
DELETE FROM gameobject WHERE guid=53567;
DELETE FROM gameobject WHERE guid=53568;
DELETE FROM gameobject WHERE guid=53570;
DELETE FROM gameobject WHERE guid=53595;
DELETE FROM gameobject WHERE guid=53614;
DELETE FROM gameobject WHERE guid=53615;
DELETE FROM gameobject WHERE guid=53616;
DELETE FROM gameobject WHERE guid=53617;
DELETE FROM gameobject WHERE guid=53618;
DELETE FROM gameobject WHERE guid=53619;
DELETE FROM gameobject WHERE guid=53623;
DELETE FROM gameobject WHERE guid=53626;
DELETE FROM gameobject WHERE guid=53636;
DELETE FROM gameobject WHERE guid=53637;
DELETE FROM gameobject WHERE guid=53646;
DELETE FROM gameobject WHERE guid=53651;
DELETE FROM gameobject WHERE guid=53652;
DELETE FROM gameobject WHERE guid=53665;
DELETE FROM gameobject WHERE guid=53666;
DELETE FROM gameobject WHERE guid=53677;
DELETE FROM gameobject WHERE guid=53678;
DELETE FROM gameobject WHERE guid=53680;
DELETE FROM gameobject WHERE guid=53681;
DELETE FROM gameobject WHERE guid=53684;
DELETE FROM gameobject WHERE guid=53704;
DELETE FROM gameobject WHERE guid=53706;
DELETE FROM gameobject WHERE guid=53710;
DELETE FROM gameobject WHERE guid=53711;
DELETE FROM gameobject WHERE guid=53712;
DELETE FROM gameobject WHERE guid=53736;
DELETE FROM gameobject WHERE guid=53744;
DELETE FROM gameobject WHERE guid=53763;
DELETE FROM gameobject WHERE guid=53764;
DELETE FROM gameobject WHERE guid=53774;
DELETE FROM gameobject WHERE guid=53775;
DELETE FROM gameobject WHERE guid=53777;
DELETE FROM gameobject WHERE guid=53778;
DELETE FROM gameobject WHERE guid=53781;
DELETE FROM gameobject WHERE guid=53786;
DELETE FROM gameobject WHERE guid=53794;
DELETE FROM gameobject WHERE guid=53797;
DELETE FROM gameobject WHERE guid=53802;
DELETE FROM gameobject WHERE guid=53804;

DELETE FROM gameobject WHERE guid=53830;
DELETE FROM gameobject WHERE guid=53842;
DELETE FROM gameobject WHERE guid=53843;
DELETE FROM gameobject WHERE guid=53844;
DELETE FROM gameobject WHERE guid=53845;
DELETE FROM gameobject WHERE guid=53849;
DELETE FROM gameobject WHERE guid=53874;
DELETE FROM gameobject WHERE guid=53875;
DELETE FROM gameobject WHERE guid=53906;
DELETE FROM gameobject WHERE guid=53907;
DELETE FROM gameobject WHERE guid=53943;
DELETE FROM gameobject WHERE guid=53949;
DELETE FROM gameobject WHERE guid=53952;
DELETE FROM gameobject WHERE guid=53972;
DELETE FROM gameobject WHERE guid=53974;
DELETE FROM gameobject WHERE guid=53992;
DELETE FROM gameobject WHERE guid=53996;
DELETE FROM gameobject WHERE guid=53997;
DELETE FROM gameobject WHERE guid=54000;
DELETE FROM gameobject WHERE guid=54001;
DELETE FROM gameobject WHERE guid=54006;

DELETE FROM gameobject WHERE guid=54050;
DELETE FROM gameobject WHERE guid=54051;
DELETE FROM gameobject WHERE guid=54070;
DELETE FROM gameobject WHERE guid=54073;
DELETE FROM gameobject WHERE guid=54103;
DELETE FROM gameobject WHERE guid=54104;
DELETE FROM gameobject WHERE guid=54108;
DELETE FROM gameobject WHERE guid=54137;
DELETE FROM gameobject WHERE guid=54154;
DELETE FROM gameobject WHERE guid=54155;
DELETE FROM gameobject WHERE guid=54183;
DELETE FROM gameobject WHERE guid=54217;
DELETE FROM gameobject WHERE guid=54237;
DELETE FROM gameobject WHERE guid=54242;
DELETE FROM gameobject WHERE guid=54254;
DELETE FROM gameobject WHERE guid=54256;
DELETE FROM gameobject WHERE guid=54263;

DELETE FROM gameobject WHERE guid=54325;
DELETE FROM gameobject WHERE guid=54326;
DELETE FROM gameobject WHERE guid=54327;
DELETE FROM gameobject WHERE guid=54328;
DELETE FROM gameobject WHERE guid=54330;
DELETE FROM gameobject WHERE guid=54333;
DELETE FROM gameobject WHERE guid=54336;
DELETE FROM gameobject WHERE guid=54337;
DELETE FROM gameobject WHERE guid=54341;
DELETE FROM gameobject WHERE guid=54342;
DELETE FROM gameobject WHERE guid=54345;
DELETE FROM gameobject WHERE guid=54351;
DELETE FROM gameobject WHERE guid=54353;
DELETE FROM gameobject WHERE guid=54356;
DELETE FROM gameobject WHERE guid=54358;
DELETE FROM gameobject WHERE guid=54365;
DELETE FROM gameobject WHERE guid=54366;
DELETE FROM gameobject WHERE guid=54382;
DELETE FROM gameobject WHERE guid=54383;
DELETE FROM gameobject WHERE guid=54384;
DELETE FROM gameobject WHERE guid=54386;
DELETE FROM gameobject WHERE guid=54398;
DELETE FROM gameobject WHERE guid=54405;
DELETE FROM gameobject WHERE guid=54432;
DELETE FROM gameobject WHERE guid=54433;
DELETE FROM gameobject WHERE guid=54440;
DELETE FROM gameobject WHERE guid=54442;

DELETE FROM gameobject WHERE guid=54479;
DELETE FROM gameobject WHERE guid=54481;
DELETE FROM gameobject WHERE guid=54487;
DELETE FROM gameobject WHERE guid=54489;
DELETE FROM gameobject WHERE guid=54490;
DELETE FROM gameobject WHERE guid=54491;
DELETE FROM gameobject WHERE guid=54492;
DELETE FROM gameobject WHERE guid=54497;
DELETE FROM gameobject WHERE guid=54498;
DELETE FROM gameobject WHERE guid=54499;
DELETE FROM gameobject WHERE guid=54503;
DELETE FROM gameobject WHERE guid=54504;
DELETE FROM gameobject WHERE guid=54507;
DELETE FROM gameobject WHERE guid=54518;
DELETE FROM gameobject WHERE guid=54519;
DELETE FROM gameobject WHERE guid=54525;
DELETE FROM gameobject WHERE guid=54526;
DELETE FROM gameobject WHERE guid=54527;
DELETE FROM gameobject WHERE guid=54533;
DELETE FROM gameobject WHERE guid=54541;
DELETE FROM gameobject WHERE guid=54545;
DELETE FROM gameobject WHERE guid=54546;
DELETE FROM gameobject WHERE guid=54550;
DELETE FROM gameobject WHERE guid=54570;
DELETE FROM gameobject WHERE guid=54584;
DELETE FROM gameobject WHERE guid=54586;

DELETE FROM gameobject WHERE guid=1;
DELETE FROM gameobject WHERE guid=3;
DELETE FROM gameobject WHERE guid=50480;
DELETE FROM gameobject WHERE guid=50481;
DELETE FROM gameobject WHERE guid=50482;
DELETE FROM gameobject WHERE guid=50491;
DELETE FROM gameobject WHERE guid=50497;
DELETE FROM gameobject WHERE guid=50499;
DELETE FROM gameobject WHERE guid=50500;
DELETE FROM gameobject WHERE guid=50504;
DELETE FROM gameobject WHERE guid=50513;
DELETE FROM gameobject WHERE guid=50514;
DELETE FROM gameobject WHERE guid=50516;
DELETE FROM gameobject WHERE guid=50538;
DELETE FROM gameobject WHERE guid=50539;
DELETE FROM gameobject WHERE guid=50540;

DELETE FROM gameobject WHERE guid=54764;
DELETE FROM gameobject WHERE guid=54765;
DELETE FROM gameobject WHERE guid=54783;
DELETE FROM gameobject WHERE guid=54784;
DELETE FROM gameobject WHERE guid=54785;
DELETE FROM gameobject WHERE guid=54794;
DELETE FROM gameobject WHERE guid=54796;
DELETE FROM gameobject WHERE guid=54823;
DELETE FROM gameobject WHERE guid=54824;
DELETE FROM gameobject WHERE guid=54825;
DELETE FROM gameobject WHERE guid=54826;
DELETE FROM gameobject WHERE guid=54850;
DELETE FROM gameobject WHERE guid=54851;
DELETE FROM gameobject WHERE guid=54857;
DELETE FROM gameobject WHERE guid=54864;
DELETE FROM gameobject WHERE guid=54868;
DELETE FROM gameobject WHERE guid=54918;
DELETE FROM gameobject WHERE guid=54919;
DELETE FROM gameobject WHERE guid=54928;
DELETE FROM gameobject WHERE guid=54934;

DELETE FROM gameobject WHERE guid=50702;
DELETE FROM gameobject WHERE guid=50704;
DELETE FROM gameobject WHERE guid=50707;
DELETE FROM gameobject WHERE guid=50708;
DELETE FROM gameobject WHERE guid=50712;
DELETE FROM gameobject WHERE guid=50713;
DELETE FROM gameobject WHERE guid=50737;
DELETE FROM gameobject WHERE guid=50738;
DELETE FROM gameobject WHERE guid=50778;
DELETE FROM gameobject WHERE guid=50781;
DELETE FROM gameobject WHERE guid=50786;
DELETE FROM gameobject WHERE guid=50787;

DELETE FROM gameobject WHERE guid=50850;
DELETE FROM gameobject WHERE guid=50853;
DELETE FROM gameobject WHERE guid=50855;
DELETE FROM gameobject WHERE guid=50868;
DELETE FROM gameobject WHERE guid=50869;
DELETE FROM gameobject WHERE guid=50888;

DELETE FROM gameobject WHERE guid=50836;
DELETE FROM gameobject WHERE guid=50931;

DELETE FROM gameobject WHERE guid=109;
DELETE FROM gameobject WHERE guid=580;
DELETE FROM gameobject WHERE guid=734;
DELETE FROM gameobject WHERE guid=842;
DELETE FROM gameobject WHERE guid=968;
DELETE FROM gameobject WHERE guid=1841;
DELETE FROM gameobject WHERE guid=2038;
DELETE FROM gameobject WHERE guid=4862;
DELETE FROM gameobject WHERE guid=5348;
DELETE FROM gameobject WHERE guid=6858;
DELETE FROM gameobject WHERE guid=6865;
DELETE FROM gameobject WHERE guid=6870;
DELETE FROM gameobject WHERE guid=6892;
DELETE FROM gameobject WHERE guid=26269;
DELETE FROM gameobject WHERE guid=26273;
DELETE FROM gameobject WHERE guid=26288;
DELETE FROM gameobject WHERE guid=26291;
DELETE FROM gameobject WHERE guid=26400;
DELETE FROM gameobject WHERE guid=26424;
DELETE FROM gameobject WHERE guid=26436;
DELETE FROM gameobject WHERE guid=26445;
DELETE FROM gameobject WHERE guid=26459;
DELETE FROM gameobject WHERE guid=26553;
DELETE FROM gameobject WHERE guid=26612;
DELETE FROM gameobject WHERE guid=26633;
DELETE FROM gameobject WHERE guid=26639;
DELETE FROM gameobject WHERE guid=26663;
DELETE FROM gameobject WHERE guid=26696;

-- sd2
UPDATE creature_template SET ScriptName='' WHERE entry=10504;
UPDATE creature_template SET ScriptName='' WHERE entry=10505;
UPDATE creature_template SET ScriptName='' WHERE entry=10508;
UPDATE creature_template SET ScriptName='' WHERE entry=10507;
UPDATE creature_template SET ScriptName='' WHERE entry=10502;
UPDATE creature_template SET ScriptName='' WHERE entry=11261;
UPDATE creature_template SET ScriptName='' WHERE entry=10901;
UPDATE creature_template SET ScriptName='npc_isla_starmane' WHERE entry=18760;
UPDATE creature_template SET ScriptName='npc_blastmaster_emi_shortfuse' WHERE entry=7998;
UPDATE creature_template SET ScriptName='spell_dummy_npc' WHERE entry IN (28465,28600);
UPDATE creature_template SET ScriptName='npc_theldren_trigger' WHERE entry=16079;

-- Cleanup
UPDATE gameobject SET state = 0 WHERE id IN (SELECT entry FROM gameobject_template WHERE type = 0 AND data0 = 1);
UPDATE creature_template SET unit_flags=unit_flags&~2048 WHERE unit_flags&2048=2048;
UPDATE creature_template SET unit_flags=unit_flags&~524288 WHERE unit_flags&524288=524288;
UPDATE creature_template SET unit_flags=unit_flags&~67108864 WHERE unit_flags&67108864=67108864;
UPDATE creature_template SET unit_flags=unit_flags&~8388608 WHERE unit_flags&8388608=8388608;
UPDATE creature, creature_template SET creature.curhealth=creature_template.minhealth,creature.curmana=creature_template.minmana WHERE creature.id=creature_template.entry and creature_template.RegenHealth = '1';
UPDATE creature_template SET dynamicflags = dynamicflags &~ 223;
UPDATE creature_template SET npcflag = npcflag&~16777216; -- UNIT_NPC_FLAG_SPELLCLICK
UPDATE creature_template c1, creature_template c2 SET c2.unit_class=c1.unit_class, c2.npcflag=c1.npcflag, c2.faction_A=c1.faction_A, c2.faction_H=c1.faction_H, c2.speed_walk=c1.speed_walk, c2.speed_run=c1.speed_run, c2.scale=c1.scale, c2.InhabitType=c1.InhabitType, c2.MovementType=c1.MovementType, c2.unit_flags=c1.unit_flags WHERE c2.entry=c1.difficulty_entry_1;
UPDATE creature_template c1, creature_template c2 SET c2.unit_class=c1.unit_class, c2.npcflag=c1.npcflag, c2.faction_A=c1.faction_A, c2.faction_H=c1.faction_H, c2.speed_walk=c1.speed_walk, c2.speed_run=c1.speed_run, c2.scale=c1.scale, c2.InhabitType=c1.InhabitType, c2.MovementType=c1.MovementType, c2.unit_flags=c1.unit_flags WHERE c2.entry=c1.difficulty_entry_2;
UPDATE creature_template c1, creature_template c2 SET c2.unit_class=c1.unit_class, c2.npcflag=c1.npcflag, c2.faction_A=c1.faction_A, c2.faction_H=c1.faction_H, c2.speed_walk=c1.speed_walk, c2.speed_run=c1.speed_run, c2.scale=c1.scale, c2.InhabitType=c1.InhabitType, c2.MovementType=c1.MovementType, c2.unit_flags=c1.unit_flags WHERE c2.entry=c1.difficulty_entry_3;
-- UPDATE gameobject_template SET flags=flags&~4 WHERE type IN (2,19,17);
UPDATE creature SET MovementType = 0 WHERE spawndist = 0 AND MovementType=1;
UPDATE creature SET spawndist=0 WHERE MovementType=0;
UPDATE quest_template SET SpecialFlags=SpecialFlags|1 WHERE QuestFlags=QuestFlags|4096;
UPDATE quest_template SET SpecialFlags=SpecialFlags|1 WHERE QuestFlags=QuestFlags|32768;
DELETE FROM go,gt USING gameobject go LEFT JOIN gameobject_template gt ON go.id=gt.entry WHERE gt.entry IS NULL;
DELETE FROM gi,gt USING gameobject_involvedrelation gi LEFT JOIN gameobject_template gt ON gi.id=gt.entry WHERE gt.entry IS NULL;
DELETE FROM gqr,gt USING gameobject_questrelation gqr LEFT JOIN gameobject_template gt ON gqr.id=gt.entry WHERE gt.entry IS NULL;
DELETE FROM ge,go USING game_event_gameobject ge LEFT JOIN gameobject go ON ge.guid=go.guid WHERE go.guid IS NULL;
DELETE FROM gameobject_scripts WHERE id NOT IN (SELECT guid FROM gameobject);
DELETE FROM gameobject_scripts WHERE command in (11, 12) and datalong NOT IN (SELECT guid FROM gameobject);
DELETE FROM gameobject_battleground WHERE guid NOT IN (SELECT guid FROM gameobject);
DELETE FROM creature_battleground WHERE guid NOT IN (SELECT guid FROM creature);
DELETE FROM creature_addon WHERE guid NOT IN (SELECT guid FROM creature);
UPDATE creature_addon SET moveflags=moveflags &~ 0x00000100; -- SPLINEFLAG_DONE
UPDATE creature_addon SET moveflags=moveflags &~ 0x00000200; -- SPLINEFLAG_FALLING
UPDATE creature_addon SET moveflags=moveflags &~ 0x00000800; -- SPLINEFLAG_TRAJECTORY (can crash client)
UPDATE creature_addon SET moveflags=moveflags &~ 0x00200000; -- SPLINEFLAG_UNKNOWN3 (can crash client)
UPDATE creature_addon SET moveflags=moveflags &~ 0x08000000;
UPDATE creature_template_addon SET moveflags=moveflags &~ 0x00000100;
UPDATE creature_template_addon SET moveflags=moveflags &~ 0x00000200;
UPDATE creature_template_addon SET moveflags=moveflags &~ 0x00000800;
UPDATE creature_template_addon SET moveflags=moveflags &~ 0x00200000;
UPDATE creature_template_addon SET moveflags=moveflags &~ 0x08000000;
DELETE FROM npc_gossip WHERE npc_guid NOT IN (SELECT guid FROM creature);
DELETE FROM creature_movement WHERE id NOT IN (SELECT guid FROM creature);
DELETE FROM game_event_creature WHERE guid NOT IN (SELECT guid FROM creature);
DELETE FROM creature_questrelation WHERE id NOT IN (SELECT entry FROM creature_template);
DELETE FROM creature_onkill_reputation WHERE creature_id NOT IN (SELECT entry FROM creature_template);
UPDATE creature_template SET npcflag=npcflag|2 WHERE entry IN (SELECT id FROM creature_questrelation UNION SELECT id FROM creature_involvedrelation);
UPDATE db_version set version = 'UDB 0.12.1 (398) for MaNGOS 11156 with SD2 SQL for rev. 1976';
UPDATE db_version set cache_id = 398;
-- END
