/* DBScriptData
DBName: The Nexus
DBScriptName: instance_nexus.sql
DB%Complete: 96%
DBComment: ReQ:
EndDBScriptData */

SET @CGUID  := 5760000; -- creatures
SET @OGUID  := 5760000; -- gameobjects
SET @SGGUID := 5760000; -- spawn_groups


-- =========
-- CREATURES
-- =========
INSERT INTO `creature` (`guid`, `id`, `map`, `spawnMask`, `phaseMask`, `position_x`, `position_y`, `position_z`, `orientation`, `spawntimesecsmin`, `spawntimesecsmax`, `spawndist`, `MovementType`) VALUES
-- World Trigger 22515
(@CGUID+1,22515,576,3,1,553.407,88.38,-16.5551,3.64774,7200,7200,0,0),
-- World Trigger (Large AOI)
(@CGUID+2,22517,576,3,1,733.436,-67.9865,-43.8489,1.37881,7200,7200,0,0),
-- Azure Warder 26716 / Azure Magus 26722 - they share spawn
(@CGUID+3,0,576,3,1,389.5366,8.843141,-16.63674,0,7200,7200,0,4), -- linear / shared spawn
(@CGUID+4,0,576,3,1,288.0138,-19.71436,-16.56602,3.979351,7200,7200,0,4), -- linear / shared spawn
(@CGUID+5,0,576,3,1,315.8476,-93.09889,-16.63675,0,7200,7200,0,4), -- linear / shared spawn
(@CGUID+6,0,576,3,1,219.568,13.6808,-16.6367,0,7200,7200,0,4), -- linear / shared spawn
(@CGUID+7,0,576,3,1,219.3391,-24.06585,-16.63663,0,7200,7200,0,4), -- linear / shared spawn
-- Keristrasza 26723
(@CGUID+8,26723,576,3,1,301.454,-5.45831,-15.4808,3.12414,86400,86400,0,0),
-- Mage Hunter Ascendant 26727
(@CGUID+9,26727,576,3,1,580.109,63.0207,-16.5551,4.41568,7200,7200,0,0),
(@CGUID+10,26727,576,3,1,603.132,114.906,-17.5945,1.15192,7200,7200,0,0),
(@CGUID+11,26727,576,3,1,520.822,84.878, -16.0413,2.80998,7200,7200,0,0),
(@CGUID+12,26727,576,3,1,553.22266,99.703636,-16.63847,0,7200,7200,0,0), -- SG_1.1
(@CGUID+13,26727,576,3,1,636.5683,56.1882,-21.722734,0,7200,7200,0,0), -- SG_2.1
(@CGUID+14,26727,576,3,1,553.296,63.7596,-16.5551,5.21853,7200,7200,0,0),
(@CGUID+15,26727,576,3,1,301.997,122.98669,-16.636736,0,7200,7200,0,0), -- SG_0.1
(@CGUID+16,26727,576,3,1,554.105,116.688,-16.5551,0.20944,7200,7200,0,0),
-- Mage Hunter Initiate 26728
(@CGUID+17,26728,576,3,1,555.022,112.21, -16.5551,0.122173,7200,7200,0,0),
(@CGUID+18,26728,576,3,1,609.173,112.159,-17.7707,1.22173,7200,7200,0,0),
(@CGUID+19,26728,576,3,1,520.866,93.131, -16.0413,3.87463,7200,7200,0,0),
(@CGUID+20,26728,576,3,1,582.524,67.7785,-16.5551,6.14356,7200,7200,0,0),
(@CGUID+21,26728,576,3,1,583.912,72.9396,-16.5551,5.95157,7200,7200,0,0),
(@CGUID+22,26728,576,3,1,548.222,60.3262,-16.7318,4.55531,7200,7200,0,0),
(@CGUID+23,26728,576,3,1,517.016,90.314, -16.0413,0.593412,7200,7200,0,0),
-- Steward 26729
(@CGUID+24,26729,576,3,1,555.136,68.4827,-16.5551,5.89921,7200,7200,0,0),
(@CGUID+25,26729,576,3,1,552.816,121.654,-16.5551,0.15708,7200,7200,0,0),
(@CGUID+26,26729,576,3,1,615.79,109.138,-17.964,1.11701,7200,7200,0,0),
(@CGUID+27,26729,576,3,1,577.019,67.3979,-16.5551,3.26377,7200,7200,0,0),
(@CGUID+28,26729,576,3,1,516.751,86.7706,-16.0413,5.81195,7200,7200,0,0),
-- Mage Slayer 26730
(@CGUID+29,26730,576,3,1,553.22266,99.703636,-16.63847,0,7200,7200,0,0), -- SG_1.2
(@CGUID+30,26730,576,3,1,636.5683,56.1882,-21.722734,0,7200,7200,0,0), -- SG_2.2
(@CGUID+31,26730,576,3,1,636.5683,56.1882,-21.722734,0,7200,7200,0,0), -- SG_2.3
(@CGUID+32,26730,576,3,1,301.997,122.98669,-16.636736,0,7200,7200,0,0), -- SG_0.2
(@CGUID+33,26730,576,3,1,301.997,122.98669,-16.636736,0,7200,7200,0,0), -- SG_0.3
(@CGUID+34,26730,576,3,1,553.22266,99.703636,-16.63847,0,7200,7200,0,0), -- SG_1.3
-- Grand Magus Telestra 26731
(@CGUID+35,26731,576,3,1,494.727,89.1288,-16.0413,6.02139,86400,86400,0,0),
-- Azure Enforcer 26734
(@CGUID+36,26734,576,3,1,726.416,-137.982,-28.8962,3.80482,7200,7200,0,0),
(@CGUID+37,26734,576,3,1,550.547,-194.031,-21.312,0.767945,7200,7200,0,0),
(@CGUID+38,26734,576,3,1,635.764,-114.042,-15.1531,4.04916,7200,7200,0,0),
(@CGUID+39,26734,576,3,1,634.526,-102.708,-15.1531,2.98451,7200,7200,0,0),
(@CGUID+40,26734,576,3,1,727.215,-143.833,-28.8962,3.80482,7200,7200,5,1),
(@CGUID+41,26734,576,3,1,546.69,-14.3129, -14.9402,5.63741,7200,7200,0,0),
(@CGUID+42,26734,576,3,1,733.048,-147.366,-28.8962,4.60767,7200,7200,0,0),
(@CGUID+43,26734,576,3,1,553.081,-206.863,-22.4756,6.12611,7200,7200,0,0),
(@CGUID+44,26734,576,3,1,544.234,-3.27478,-14.9402,1.65806,7200,7200,0,0),
(@CGUID+45,26734,576,3,1,632.874,-24.2623,-5.87999,4.01426,7200,7200,0,0),
(@CGUID+46,26734,576,3,1,640.719,-27.864, -5.87999,5.79449,7200,7200,0,0),
(@CGUID+47,26734,576,3,1,635.889,-194.87, -15.1531,1.01229,7200,7200,5,1),
(@CGUID+48,26734,576,3,1,651.001,-199.593,-15.1531,5.21853,7200,7200,5,1),
(@CGUID+49,26734,576,3,1,621.108,-185.852,-15.1531,2.18166,7200,7200,5,1),
-- Azure Scale-Binder 26735
(@CGUID+50,26735,576,3,1,645.653,-19.623, -5.87999,3.24631,7200,7200,0,0),
(@CGUID+51,26735,576,3,1,633.523,-16.1788,-5.87999,5.07891,7200,7200,0,0),
(@CGUID+52,26735,576,3,1,544.523,-201.694,-19.9482,0.29671,7200,7200,0,0),
(@CGUID+53,26735,576,3,1,645.166,-105.773,-15.1531,3.52556,7200,7200,0,0),
(@CGUID+54,26735,576,3,1,535.928,-10.0511,-14.9402,3.26377,7200,7200,0,0),
(@CGUID+55,26735,576,3,1,736.956,-139.572,-28.8962,3.63029,7200,7200,0,0),
-- Azure Skyrazor 26736
(@CGUID+56,26736,576,3,1,592.485,-58.6556,13.7837,5.34164,7200,7200,5,1),
(@CGUID+57,26736,576,3,1,690.186,-166.806,0.7982,3.64774,7200,7200,5,1),
(@CGUID+58,26736,576,3,1,721.486,-189.85,-27.5382,4.39823,7200,7200,5,1),
(@CGUID+59,26736,576,3,1,591.549,-158.816,-19.9489,2.33874,7200,7200,5,1),
(@CGUID+60,26736,576,3,1,578.682,-196.834,3.08437,4.69494,7200,7200,5,1),
(@CGUID+61,26736,576,3,1,721.425,-65.2332,-7.0575,4.29351,7200,7200,5,1),
-- Crazed Mana-Surge 26737
(@CGUID+62,26737,576,3,1,550.581,-4.36041,-14.9402,3.59538,7200,7200,5,1),
(@CGUID+63,26737,576,3,1,539.567,-16.603,-14.9402,5.84685,7200,7200,5,1),
(@CGUID+64,26737,576,3,1,639.01,-159.079,-30.2922,4.66645,7200,7200,5,1),
(@CGUID+65,26737,576,3,1,688.026,-175.799,-28.9987,3.06287,7200,7200,5,1),
(@CGUID+66,26737,576,3,1,694.115,-183.19,-29.0018,6.15899,7200,7200,5,1),
(@CGUID+67,26737,576,3,1,627.119,-117.879,-15.1531,2.23402,7200,7200,5,1),
(@CGUID+68,26737,576,3,1,637.975,-118.359,-15.1531,3.78736,7200,7200,5,1),
(@CGUID+69,26737,576,3,1,631.38,-97.7434,-15.1531,1.8326,7200,7200,5,1),
(@CGUID+70,26737,576,3,1,630.789,-27.9365,-5.87999,5.75959,7200,7200,5,1),
(@CGUID+71,26737,576,3,1,593.128,-178.951,-27.4496,1.18044,7200,7200,5,1),
(@CGUID+72,26737,576,3,1,642.618,-213.295,-15.1531,1.64181,7200,7200,0,0),
(@CGUID+73,26737,576,3,1,627.306,-202.558,-15.1531,1.40721,7200,7200,0,0),
(@CGUID+74,26737,576,3,1,639.555,-201.113,-15.1531,4.85667,7200,7200,0,0),
(@CGUID+75,26737,576,3,1,638.217,-19.6599,-5.87999,0.506145,7200,7200,5,1),
(@CGUID+76,26737,576,3,1,627.015,-26.4599,-5.87999,2.18166,7200,7200,5,1),
-- Crazed Mana-Wraith 26746
(@CGUID+77,26746,576,3,1,674.528,-171.207,-28.985,3.63982,7200,7200,7,1),
(@CGUID+78,26746,576,3,1,686.375,-168.98,-28.9811,6.0253,7200,7200,7,1),
(@CGUID+79,26746,576,3,1,559.094,-161.072,-24.8939,4.70379,7200,7200,7,1),
(@CGUID+80,26746,576,3,1,641.192,-166.133,-30.2922,4.23657,7200,7200,7,1),
(@CGUID+81,26746,576,3,1,660.736,-146.889,-28.9794,4.54592,7200,7200,7,1),
(@CGUID+83,26746,576,3,1,629.136,-167.085,-30.2922,2.11216,7200,7200,7,1),
(@CGUID+84,26746,576,3,1,627.393,-151.941,-28.9796,3.17306,7200,7200,7,1),
(@CGUID+85,26746,576,3,1,646.77,-153.253,-29.724,2.13809,7200,7200,7,1),
(@CGUID+86,26746,576,3,1,596.551,-132.962,-28.5882,6.20321,7200,7200,7,1),
(@CGUID+87,26746,576,3,1,595.397,-178.336,-27.6075,4.01015,7200,7200,7,1),
(@CGUID+88,26746,576,3,1,601.954,-183.935,-28.414,0.697214,7200,7200,7,1),
(@CGUID+89,26746,576,3,1,587.247,-171.544,-27.5525,5.26858,7200,7200,7,1),
(@CGUID+90,26746,576,3,1,588.003,-183.893,-27.3824,4.31364,7200,7200,7,1),
(@CGUID+91,26746,576,3,1,697.255,-175.627,-28.9902,2.38792,7200,7200,7,1),
(@CGUID+92,26746,576,3,1,690.537,-162.307,-28.9796,2.14748,7200,7200,7,1),
(@CGUID+93,26746,576,3,1,686.037,-185.174,-29.0155,1.45003,7200,7200,7,1),
(@CGUID+94,26746,576,3,1,560.815,-95.704,-28.9796,4.0124,7200,7200,7,1),
-- Crazed Mana-Wyrm 26761
(@CGUID+95,26761,576,3,1,647.448,-32.3824,-5.87999,0.645772,7200,7200,5,1),
(@CGUID+96,26761,576,3,1,702.459,-109.657,-3.19202,1.54748,7200,7200,5,1),
(@CGUID+97,26761,576,3,1,589.976,-249.407,-14.5806,2.48295,7200,7200,5,1),
(@CGUID+98,26761,576,3,1,582.847,-243.893,11.1783,2.48474,7200,7200,5,1),
(@CGUID+99,26761,576,3,1,657.006,-189.476,8.18023,0.396343,7200,7200,5,1),
(@CGUID+100,26761,576,3,1,663.072,-129.598,-28.8962,2.72271,7200,7200,5,1),
(@CGUID+101,26761,576,3,1,594.595,-311.187,29.2439,0.558505,7200,7200,5,1),
(@CGUID+102,26761,576,3,1,630.482,-370.674,-8.66542,1.27409,7200,7200,5,1),
(@CGUID+103,26761,576,3,1,691.668,-302.82,11.865,2.37365,7200,7200,5,1),
-- Anomalus 26763
(@CGUID+104,26763,576,3,1,637.67,-289.121,-9.13252,4.74729,86400,86400,0,0),
-- Crystalline Keeper 26782
(@CGUID+105,26782,576,3,1,413.5281,-312.3128,-14.53164,0,7200,7200,0,0), -- SG_7.1
(@CGUID+106,26782,576,3,1,413.5281,-312.3128,-14.53164,0,7200,7200,0,0), -- SG_7.2
(@CGUID+107,26782,576,1,1,448.6191,-287.9976,-14.08883,0,7200,7200,0,0), -- SG_8.1
(@CGUID+108,26782,576,3,1,448.6191,-287.9976,-14.08883,0,7200,7200,0,0), -- SG_8.2
(@CGUID+109,26782,576,3,1,246.125,-217.07913,-8.254079,0,7200,7200,0,0), -- SG_5.1
(@CGUID+110,26782,576,3,1,412.54688,-200.88448,-14.088835,0,7200,7200,0,0), -- SG_6.1
(@CGUID+111,26782,576,3,1,412.54688,-200.88448,-14.088835,0,7200,7200,0,0), -- SG_6.2
(@CGUID+112,26782,576,3,1,372.72028,-185.3861,-14.088835,0,7200,7200,0,0), -- SG_3.4
(@CGUID+113,26782,576,3,1,246.125,-217.07913,-8.254079,0,7200,7200,0,0), -- SG_5.2
(@CGUID+114,26782,576,3,1,372.72028,-185.3861,-14.088835,0,7200,7200,0,0), -- SG_3.5
(@CGUID+115,26782,576,3,1,302.42056,-150.65866,-15.728313,0,7200,7200,0,0), -- SG_4.1
-- Crystalline Protector 26792
(@CGUID+116,26792,576,3,1,296.082,-160.632,-14.3927,1.11701,7200,7200,0,0),
(@CGUID+117,26792,576,3,1,420.86,-324.502,-14.0055,2.61799,7200,7200,0,0),
(@CGUID+118,26792,576,3,1,391.083,-210.945,-14.3719,0.872665,7200,7200,7,1),
(@CGUID+119,26792,576,3,1,391.831,-249.456,-14.3719,0.191986,7200,7200,7,1),
(@CGUID+120,26792,576,3,1,327.018,-295.056,-14.4473,1.62316,7200,7200,10,1),
(@CGUID+121,26792,576,3,1,440.085,-265.05,-14.0055,4.18879,7200,7200,0,0),
-- Crystalline Frayer 26793
(@CGUID+122,26793,576,3,1,395.237,-187.859,-14.0055,4.92183,7200,7200,7,1),
(@CGUID+123,26793,576,3,1,406.488,-195.654,-14.0055,0.925025,7200,7200,7,1),
(@CGUID+124,26793,576,3,1,309.777,-270.9,-14.0055,6.21337,7200,7200,7,1),
(@CGUID+125,26793,576,3,1,340.751,-176.628,-14.153,0.20944,7200,7200,7,1),
(@CGUID+126,26793,576,3,1,351.5,-331.067,-14.0055,4.2237,7200,7200,7,1),
(@CGUID+127,26793,576,3,1,382.398,-190.469,-14.0055,3.35103,7200,7200,7,1),
(@CGUID+128,26793,576,3,1,434.39,-219.373,-14.0055,2.00713,7200,7200,7,1),
(@CGUID+129,26793,576,3,1,414.117,-287.831,-14.0055,0.10472,7200,7200,7,1),
(@CGUID+130,26793,576,3,1,383.472,-319.979,-14.0055,2.18166,7200,7200,7,1),
(@CGUID+131,26793,576,3,1,398.713,-319.051,-14.0055,4.2586,7200,7200,7,1),
(@CGUID+132,26793,576,3,1,339.581,-303.302,-14.0055,0.628319,7200,7200,7,1),
(@CGUID+133,26793,576,3,1,312.048,-251.313,-14.0055,5.65487,7200,7200,7,1),
(@CGUID+134,26793,576,3,1,403.336,-225.248,-14.0055,3.45575,7200,7200,7,1),
(@CGUID+135,26793,576,3,1,413.654,-182.965,-14.0055,5.5676,7200,7200,7,1),
(@CGUID+136,26793,576,3,1,416.696,-311.065,-14.4483,4.86947,7200,7200,7,1),
(@CGUID+137,26793,576,3,1,362.66,-205.436,-14.3719,2.1293,7200,7200,7,1),
(@CGUID+138,26793,576,3,1,351.373,-312.554,-14.3702,2.32129,7200,7200,7,1),
(@CGUID+139,26793,576,3,1,410.434,-207.644,-14.0055,5.49779,7200,7200,7,1),
(@CGUID+140,26793,576,3,1,447.137,-174.743,-14.0055,3.63029,7200,7200,7,1),
(@CGUID+141,26793,576,3,1,428.929,-273.111,-14.0055,6.16101,7200,7200,7,1),
(@CGUID+142,26793,576,3,1,323.247,-260.345,-14.0055,1.55334,7200,7200,7,1),
(@CGUID+143,26793,576,3,1,330.499,-273.351,-14.0055,5.37561,7200,7200,7,1),
(@CGUID+144,26793,576,3,1,373.899,-179.647,-14.0055,4.90438,7200,7200,7,1),
(@CGUID+145,26793,576,3,1,409.607,-235.47,-14.0055,0.261799,7200,7200,7,1),
(@CGUID+146,26793,576,3,1,325.626,-158.745,-15.0874,2.26893,7200,7200,7,1),
(@CGUID+147,26793,576,3,1,331.194,-233.146,-14.0055,1.85005,7200,7200,7,1),
(@CGUID+148,26793,576,3,1,408.223,-251.971,-14.0055,0.855211,7200,7200,7,1),
(@CGUID+149,26793,576,3,1,432.577,-176.837,-14.0055,4.15388,7200,7200,7,1),
(@CGUID+150,26793,576,3,1,322.444,-223.145,-14.0055,3.85718,7200,7200,7,1),
(@CGUID+151,26793,576,3,1,417.822,-221.25,-14.4483,2.93215,7200,7200,7,1),
(@CGUID+152,26793,576,3,1,346.759,-289.587,-14.0055,3.40339,7200,7200,7,1),
(@CGUID+153,26793,576,3,1,413.971,-266.326,-14.4483,5.68977,7200,7200,7,1),
(@CGUID+154,26793,576,3,1,317.873,-238.738,-14.0888,2.72539,7200,7200,7,1),
(@CGUID+155,26793,576,3,1,465.975,-207.779,-14.0055,3.00197,7200,7200,7,1),
(@CGUID+156,26793,576,3,1,362.85,-323.94,-14.0055,5.89921,7200,7200,7,1),
(@CGUID+157,26793,576,3,1,406.317,-312.124,-14.0055,0.174533,7200,7200,7,1),
(@CGUID+158,26793,576,3,1,348.147,-194.354,-14.0055,3.24631,7200,7200,7,1),
(@CGUID+159,26793,576,3,1,360.107,-183.319,-14.0055,2.3911,7200,7200,7,1),
(@CGUID+160,26793,576,3,1,337.052,-317.767,-14.0055,2.86234,7200,7200,7,1),
(@CGUID+161,26793,576,3,1,462.237,-180.989,-14.0055,4.81711,7200,7200,7,1),
(@CGUID+162,26793,576,3,1,325.93,-172.464,-14.2729,3.12414,7200,7200,7,1),
(@CGUID+163,26793,576,3,1,449.591,-217.548,-14.0055,4.38078,7200,7200,7,1),
(@CGUID+164,26793,576,3,1,311.368,-160.999,-14.4682,5.32325,7200,7200,7,1),
(@CGUID+165,26793,576,3,1,388.793,-231.362,-14.3719,0.855211,7200,7200,7,1),
-- Ormorok the Tree-Shaper 26794
(@CGUID+166,26794,576,3,1,264.959,-225.415,-9.01765,5.89921,86400,86400,0,0),
-- Horde Commander 27947 / Alliance Commander 27949
(@CGUID+167,0,576,1,1,424.547,185.962,-35.0198,4.48239,7200,7200,0,0), -- Normal Mode Only
-- Commander Stoutbeard 26796 / Commander Kolurg 26798
(@CGUID+168,0,576,2,1,424.547,185.962,-35.0198,4.48239,7200,7200,0,0), -- Heroic Mode Only
-- Horde Cleric 26803/ Alliance Cleric 26805
(@CGUID+169,0,576,3,1,420.703,189.507,-35.0197,4.7822,7200,7200,0,0),
(@CGUID+170,0,576,3,1,428.6,189.332,-35.0199,4.60767,7200,7200,0,0),
(@CGUID+171,0,576,3,1,443.366,183.462,-35.0202,4.31096,7200,7200,0,0),
(@CGUID+172,0,576,3,1,404.339,181.386,-34.9363,5.11381,7200,7200,0,0),
-- Horde Berserker 26799 / Alliance Berserker 26800
(@CGUID+173,0,576,3,1,460.961,147.602,-35.0204,3.45575,7200,7200,0,0),
(@CGUID+174,0,576,3,1,450.258,175.462,-35.0202,4.11898,7200,7200,0,0),
(@CGUID+175,0,576,3,1,408.059,187.066,-35.0195,5.0091,7200,7200,0,0),
(@CGUID+176,0,576,3,1,395.9,169.22,-34.9363,5.41052,7200,7200,0,0),
-- Horde Ranger 26801 / Alliance Ranger 26802
(@CGUID+177,0,576,3,1,442.812,176.398,-35.0201,4.27606,7200,7200,0,0),
(@CGUID+178,0,576,3,1,460.826,162.661,-35.0202,3.76991,7200,7200,0,0),
(@CGUID+179,0,576,3,1,410.012,179.318,-34.9363,5.02655,7200,7200,0,0),
(@CGUID+180,0,576,3,1,389.595,167.328,-34.9363,5.53269,7200,7200,0,0),
(@CGUID+181,0,576,3,1,389.534,148.687,-34.9363,5.91667,7200,7200,0,0),
-- Chaotic Rift 26918
(@CGUID+182,26918,576,3,1,625.385,-109.864,-15.1531,0.575959,7200,7200,0,0),
(@CGUID+183,26918,576,3,1,571.52, -120.983,-26.5417,4.85202,7200,7200,0,0),
(@CGUID+184,26918,576,3,1,556.735,-199.446,-23.4018,0.331613,7200,7200,0,0),
(@CGUID+185,26918,576,3,1,721.098,-148.022,-28.8962,3.03687,7200,7200,0,0),
(@CGUID+186,26918,576,3,1,634.917,-207.815,-15.1531,3.76991,7200,7200,0,0),
(@CGUID+187,26918,576,3,1,688.774,-141.804,-28.8962,4.85202,7200,7200,0,0),
-- Breath Caster 27048
(@CGUID+188,27048,576,3,1,285.099,13.0252,0.147988,5.53269,7200,7200,0,0),
(@CGUID+189,27048,576,3,1,285.42,-23.5428,0.671232,0.837758,7200,7200,0,0),
(@CGUID+190,27048,576,3,1,319.416,13.6349,0.368855,4.01426,7200,7200,0,0),
-- Nexus 70 - Buying Time Bunny 27837
(@CGUID+191,27837,576,3,1,638.213,-310.025,-9.33975,5.8294,7200,7200,0,0),
-- Crystalline Tender 28231
(@CGUID+192,28231,576,3,1,246.125,-217.07913,-8.254079,0,7200,7200,0,0), -- SG_5.3
(@CGUID+194,28231,576,3,1,372.72028,-185.3861,-14.088835,0,7200,7200,0,0), -- SG_3.1
(@CGUID+193,28231,576,3,1,412.54688,-200.88448,-14.088835,0,7200,7200,0,0), -- SG_6.3
(@CGUID+195,28231,576,3,1,372.72028,-185.3861,-14.088835,0,7200,7200,0,0), -- SG_3.3
(@CGUID+196,28231,576,3,1,302.42056,-150.65866,-15.728313,0,7200,7200,0,0), -- SG_4.2
(@CGUID+197,28231,576,3,1,246.125,-217.07913,-8.254079,0,7200,7200,0,0), -- SG_5.4
(@CGUID+198,28231,576,3,1,413.5281,-312.3128,-14.53164,0,7200,7200,0,0), -- SG_7.3
(@CGUID+199,28231,576,3,1,448.6191,-287.9976,-14.08883,0,7200,7200,0,0), -- SG_8.3
-- Elder Igasho 30536
(@CGUID+200,30536,576,3,1,323.178,-214.713,-14.0055,4.46804,7200,7200,0,0),
-- Crystal Spider 32261
(@CGUID+201,32261,576,3,1,545.958,-125.933,-24.9367,1.69297,7200,7200,10,1),
(@CGUID+202,32261,576,3,1,361.228,-215.564,-14.3719,6.05629,7200,7200,0,0),
(@CGUID+203,32261,576,3,1,666.385,-125.872,-28.8962,2.63545,7200,7200,0,0),
(@CGUID+204,32261,576,3,1,295.762,-283.46,-14.4473,0.977384,7200,7200,0,0),
(@CGUID+205,32261,576,3,1,285.458,119.511,-16.5534,3.36848,7200,7200,0,0),
(@CGUID+206,32261,576,3,1,392.264,146.59,-34.9363,0.872665,7200,7200,10,1),
(@CGUID+207,32261,576,3,1,313.805,-293.082,-14.4473,5.79449,7200,7200,0,0),
(@CGUID+208,32261,576,3,1,455.062,145.84,-34.937,6.10865,7200,7200,10,1),
(@CGUID+209,32261,576,3,1,385.297,-232.527,-14.3719,0.628319,7200,7200,0,0),
(@CGUID+210,32261,576,3,1,312.051,45.0937,-16.5534,1.39626,7200,7200,0,0),
(@CGUID+211,32261,576,3,1,248.293,-16.6988,-16.6367,3.55701,7200,7200,5,1),
(@CGUID+212,32261,576,3,1,542.717,-26.1861,-14.9402,2.51327,7200,7200,0,0);

DELETE FROM `creature_template_addon` WHERE entry IN (26796,26798,26799,26800,26801,26802,26803,26805,27947,27949); -- must be removed manualy (part of Conditional Spawns)
INSERT INTO `creature_template_addon` (`entry`, `mount`, `stand_state`, `sheath_state`, `pvp_flags`, `emote`, `moveflags`, `auras`) VALUES
(26722,0,0,1,0,0,0,18950),
(26723,0,0,1,0,0,0,NULL),
(26728,0,0,1,0,0,0,NULL),
(26729,0,0,1,0,0,0,NULL),
(26730,0,0,1,0,0,0,18950),
(26731,0,0,1,0,0,0,NULL),
(26736,0,0,0,0,0,0,NULL),
(26761,0,0,0,0,0,0,NULL),
(26763,0,0,1,0,193,0,NULL),
(26782,0,0,1,0,0,0,47699),
(26792,0,0,1,0,0,0,NULL),
(26793,0,0,1,0,0,0,NULL),
(26794,0,0,1,0,0,0,NULL),
(26796,0,0,1,0,333,0,47543),
(26798,0,0,1,0,333,0,47543),
(26799,0,0,1,0,333,0,47543),
(26800,0,0,1,0,333,0,47543),
(26801,0,0,1,0,333,0,47543),
(26802,0,0,1,0,333,0,47543),
(26803,0,0,1,0,375,0,47543),
(26805,0,0,1,0,375,0,47543),
(26918,0,0,1,0,0,0,'48019 47687 47732 63577'),
(27048,0,0,1,0,0,0,47842),
(27837,0,0,1,0,0,0,NULL),
(27947,0,0,1,0,333,0,47543),
(27949,0,0,1,0,333,0,47543),
(28231,0,0,1,0,0,0,NULL),
(30536,0,0,1,0,0,0,25824),
(32261,0,0,1,0,0,0,NULL);

INSERT INTO `creature_addon` (`guid`, `mount`, `stand_state`, `sheath_state`, `pvp_flags`, `emote`, `moveflags`, `auras`) VALUES
(@CGUID+1,0,0,1,0,0,0,NULL),
(@CGUID+2,0,0,1,0,0,0,NULL),
(@CGUID+5,0,0,1,0,0,0,18950),
(@CGUID+4,0,0,1,0,0,0,NULL),
(@CGUID+3,0,0,1,0,0,0,18950),
(@CGUID+6,0,0,1,0,0,0,NULL),
(@CGUID+9,0,0,1,0,0,0,50195),
(@CGUID+10,0,0,1,0,0,0,50195),
(@CGUID+11,0,0,1,0,0,0,NULL),
(@CGUID+12,0,0,1,0,0,0,NULL),
(@CGUID+13,0,0,1,0,0,0,NULL),
(@CGUID+14,0,0,1,0,0,0,50195),
(@CGUID+15,0,0,1,0,0,0,NULL),
(@CGUID+16,0,0,1,0,0,0,50195),
(@CGUID+45,0,0,1,0,0,0,NULL),
(@CGUID+46,0,0,1,0,0,0,NULL),
(@CGUID+47,0,0,1,0,0,0,29266),
(@CGUID+48,0,0,1,0,0,0,29266),
(@CGUID+49,0,0,1,0,0,0,29266),
(@CGUID+36,0,0,1,0,0,0,NULL),
(@CGUID+37,0,0,1,0,0,0,NULL),
(@CGUID+38,0,0,1,0,0,0,NULL),
(@CGUID+39,0,0,1,0,0,0,NULL),
(@CGUID+40,0,0,1,0,0,0,29266),
(@CGUID+41,0,0,1,0,0,0,NULL),
(@CGUID+42,0,0,1,0,0,0,NULL),
(@CGUID+43,0,0,1,0,0,0,NULL),
(@CGUID+44,0,0,1,0,0,0,NULL),
(@CGUID+50,0,0,1,0,0,0,NULL),
(@CGUID+51,0,0,1,0,0,0,NULL),
(@CGUID+52,0,0,1,0,0,0,NULL),
(@CGUID+53,0,0,1,0,0,0,NULL),
(@CGUID+54,0,0,1,0,0,0,NULL),
(@CGUID+55,0,0,1,0,0,0,NULL),
(@CGUID+58,0,0,0,0,0,0,29266),
(@CGUID+59,0,0,0,0,0,0,29266),
(@CGUID+62,0,0,1,0,0,0,29266),
(@CGUID+63,0,0,1,0,0,0,29266),
(@CGUID+64,0,0,1,0,0,0,NULL),
(@CGUID+65,0,0,1,0,0,0,NULL),
(@CGUID+66,0,0,1,0,0,0,NULL),
(@CGUID+67,0,0,1,0,0,0,29266),
(@CGUID+68,0,0,1,0,0,0,29266),
(@CGUID+69,0,0,1,0,0,0,29266),
(@CGUID+70,0,0,1,0,0,0,29266),
(@CGUID+71,0,0,1,0,0,0,NULL),
(@CGUID+72,0,0,1,0,0,0,NULL),
(@CGUID+73,0,0,1,0,0,0,NULL),
(@CGUID+74,0,0,1,0,0,0,NULL),
(@CGUID+75,0,0,1,0,0,0,29266),
(@CGUID+76,0,0,1,0,0,0,29266),
(@CGUID+77,0,0,1,0,0,0,NULL),
(@CGUID+78,0,0,1,0,0,0,NULL),
(@CGUID+79,0,0,1,0,0,0,NULL),
(@CGUID+80,0,0,1,0,0,0,NULL),
(@CGUID+81,0,0,1,0,0,0,NULL),
(@CGUID+83,0,0,1,0,0,0,NULL),
(@CGUID+84,0,0,1,0,0,0,NULL),
(@CGUID+85,0,0,1,0,0,0,NULL),
(@CGUID+86,0,0,1,0,0,0,NULL),
(@CGUID+87,0,0,1,0,0,0,NULL),
(@CGUID+88,0,0,1,0,0,0,NULL),
(@CGUID+89,0,0,1,0,0,0,NULL),
(@CGUID+90,0,0,1,0,0,0,NULL),
(@CGUID+91,0,0,1,0,0,0,NULL),
(@CGUID+92,0,0,1,0,0,0,NULL),
(@CGUID+93,0,0,1,0,0,0,NULL),
(@CGUID+94,0,0,1,0,0,0,NULL),
(@CGUID+95,0,0,0,0,0,0,29266),
(@CGUID+96,0,50331648,1,0,0,0,NULL),
(@CGUID+97,0,50331648,1,0,0,0,NULL),
(@CGUID+98,0,50331648,1,0,0,0,NULL),
(@CGUID+99,0,50331648,1,0,0,0,NULL),
(@CGUID+100,0,0,0,0,0,0,29266),
(@CGUID+101,0,50331648,1,0,0,0,NULL),
(@CGUID+102,0,50331648,1,0,0,0,NULL),
(@CGUID+103,0,50331648,1,0,0,0,NULL);


-- ===========
-- GAMEOBJECTS
-- ===========
INSERT INTO `gameobject` (`guid`, `id`, `map`, `spawnMask`, `phaseMask`, `position_x`, `position_y`, `position_z`, `orientation`, `rotation0`, `rotation1`, `rotation2`, `rotation3`, `spawntimesecsmin`, `spawntimesecsmax`) VALUES
-- Nexus Dimensional Rift 188105
(@OGUID+1,188105,576,3,1,640.319,-320.255,-9.55084,1.69601,0,0,0.749962,0.661481,25,25),
-- Telestra's Containment Sphere 188526
(@OGUID+2,188526,576,3,1,281.923,-25.4521,-16.9398,-1.6057,0,0,-0.719339,0.694659,180,180),
-- Anomalus' Containment Sphere 188527
(@OGUID+3,188527,576,3,1,322.153,14.6832,-16.8019,-1.6057,0,0,-0.719339,0.694659,180,180),
-- Ormorok's Containment Sphere 188528
(@OGUID+4,188528,576,3,1,281.783,15.2074,-16.621,3.12412,0,0,0.999962,0.00873464,180,180),
-- Frozen Herb 190174
(@OGUID+5,190174,576,3,1,316.961,-215.548,-14.3496,0.174532,0,0,0.0871553,0.996195,7200,7200),
(@OGUID+6,190174,576,3,1,387.28,-256.787,-14.4552,0.418879,0,0,0.207911,0.978148,7200,7200),
-- Seed Pod 191016
(@OGUID+7,191016,576,3,1,242.248,-226.154,-8.25408,-2.46091,0,0,-0.942641,0.333808,180,180),
(@OGUID+8,191016,576,3,1,242.636,-212.158,-8.25408,2.16421,0,0,0.882947,0.469473,180,180),
(@OGUID+9,191016,576,3,1,253.213,-207.445,-8.25408,-0.698132,0,0,-0.34202,0.939693,180,180),
(@OGUID+10,191016,576,3,1,253.895,-254.94,-8.25408,-1.37881,0,0,-0.636078,0.771625,180,180),
(@OGUID+11,191016,576,3,1,266.078,-250.072,-8.25408,-1.93732,0,0,-0.824126,0.566406,180,180),
(@OGUID+12,191016,576,3,1,281.754,-245.486,-8.25408,-1.90241,0,0,-0.814116,0.580703,180,180),
(@OGUID+13,191016,576,3,1,291.234,-224.46,-8.25408,-0.733038,0,0,-0.358368,0.93358,180,180),
(@OGUID+14,191016,576,3,1,284.519,-218.846,-8.25408,-0.279252,0,0,-0.139173,0.990268,180,180),
(@OGUID+15,191016,576,3,1,250.144,-240.091,-8.25408,2.54818,0,0,0.956305,0.292372,180,180),
(@OGUID+16,191016,576,3,1,232.249,-223.486,-8.25408,-0.191985,0,0,-0.0958452,0.995396,180,180),
(@OGUID+17,191016,576,3,1,278.096,-190.07,-6.43417,1.69297,0,0,0.748956,0.66262,180,180),
(@OGUID+18,191016,576,3,1,286.049,-190.991,-3.74882,-2.87979,0,0,-0.991445,0.130528,180,180),
(@OGUID+19,191016,576,3,1,304.896,-190.961,2.85279,-2.94959,0,0,-0.995396,0.0958512,180,180),
(@OGUID+20,191016,576,3,1,291.651,-180.501,3.55757,0.366518,0,0,0.182235,0.983255,180,180),
(@OGUID+21,191016,576,3,1,323.973,-195.021,4.42393,-2.80997,0,0,-0.986285,0.16505,180,180),
(@OGUID+22,191016,576,3,1,280.646,-199.468,-8.25408,0.174532,0,0,0.0871553,0.996195,180,180),
(@OGUID+23,191016,576,3,1,271.133,-199.666,-8.25408,0.855211,0,0,0.414693,0.909961,180,180),
(@OGUID+24,191016,576,3,1,331.016,-204.198,7.43432,-0.837757,0,0,-0.406736,0.913546,180,180),
(@OGUID+25,191016,576,3,1,293.258,-187.126,0.711857,2.23402,0,0,0.898793,0.438373,180,180),
-- Doodad_InstanceNewPortal_Purple_Skull01 192136
(@OGUID+26,192136,576,3,1,146.045,-16.0422,-15.347,1.5708,0,0,0.707107,0.707107,180,180),
-- Doodad_InstanceNewPortal_Purple01 192137
(@OGUID+27,192137,576,3,1,146.045,-16.0422,-15.347,1.5708,0,0,0.707107,0.707107,180,180),
-- Berinand's Research 192788
(@OGUID+28,192788,576,3,1,417.639,183.971,-35.0197,-1.20428,0,0,-0.566406,0.824126,180,180);

INSERT INTO `gameobject_addon` (`guid`, `animprogress`, `state`, `path_rotation0`, `path_rotation1`, `path_rotation2`, `path_rotation3`) VALUES
(@OGUID+1,0,-1,0,0,0,1),
(@OGUID+2,0,-1,0,0,0,1),
(@OGUID+3,0,-1,0,0,0,1),
(@OGUID+4,0,-1,0,0,0,1),
(@OGUID+5,0,-1,0,0,0,1),
(@OGUID+6,0,-1,0,0,0,1),
(@OGUID+7,0,-1,0,0,0,1),
(@OGUID+8,0,-1,0,0,0,1),
(@OGUID+9,0,-1,0,0,0,1),
(@OGUID+10,0,-1,0,0,0,1),
(@OGUID+11,0,-1,0,0,0,1),
(@OGUID+12,0,-1,0,0,0,1),
(@OGUID+13,0,-1,0,0,0,1),
(@OGUID+14,0,-1,0,0,0,1),
(@OGUID+15,0,-1,0,0,0,1),
(@OGUID+16,0,-1,0,0,0,1),
(@OGUID+17,0,-1,0,0,0,1),
(@OGUID+18,0,-1,0,0,0,1),
(@OGUID+19,0,-1,0,0,0,1),
(@OGUID+20,0,-1,0,0,0,1),
(@OGUID+21,0,-1,0,0,0,1),
(@OGUID+22,0,-1,0,0,0,1),
(@OGUID+23,0,-1,0,0,0,1),
(@OGUID+24,0,-1,0,0,0,1),
(@OGUID+25,0,-1,0,0,0,1),
(@OGUID+26,0,-1,0,0,0,1),
(@OGUID+27,0,-1,0,0,0,1),
(@OGUID+28,0,-1,0,0,0,1);


-- =========
-- UPDATES
-- =========

-- INSERT INTO `creature_movement_template` (`Entry`, `PathId`, `Point`, `PositionX`, `PositionY`, `PositionZ`, `Orientation`, `WaitTime`, `ScriptId`) VALUES
INSERT INTO `creature_movement` (`id`, `Point`, `PositionX`, `PositionY`, `PositionZ`, `Orientation`, `WaitTime`, `ScriptId`) VALUES
-- @CGUID+3
(@CGUID+3,1,389.5366,8.843141,-16.63674,100,500,0),
(@CGUID+3,2,361.959,36.3191,-16.63685,100,0,0),
(@CGUID+3,3,343.7447,54.6231,-16.63736,100,0,0),
(@CGUID+3,4,316.1882,82.13737,-16.63669,100,500,0),
-- @CGUID+4
(@CGUID+4,1,288.0138,-19.71436,-16.56602,3.979351,19000,0), -- do not remove orientation
(@CGUID+4,2,287.7509,9.072279,-16.56828,2.303835,19000,0), -- do not remove orientation
(@CGUID+4,3,316.4445,8.317841,-16.48212,0.7853982,19000,0), -- do not remove orientation
-- @CGUID+5
(@CGUID+5,1,315.8476,-93.09889,-16.63675,100,500,0),
(@CGUID+5,2,343.75,-65.19968,-16.6368,100,0,0),
(@CGUID+5,3,362.2201,-46.79052,-16.63723,100,0,0),
(@CGUID+5,4,389.7428,-19.10504,-16.63673,100,500,0),
-- @CGUID+6
(@CGUID+6,1,219.568,13.6808,-16.6367,100,500,0),
(@CGUID+6,2,242.1677,36.0829,-16.63688,100,0,0),
(@CGUID+6,3,260.5854,54.83759,-16.63729,100,0,0),
(@CGUID+6,4,287.7223,81.98582,-16.63672,100,500,0),
-- @CGUID+7
(@CGUID+7,1,219.3391,-24.06585,-16.63663,100,500,0),
(@CGUID+7,2,242.1546,-46.88644,-16.63677,100,0,0),
(@CGUID+7,3,260.5673,-65.31358,-16.63723,100,0,0),
(@CGUID+7,4,288.3005,-93.08431,-16.63683,100,500,0);

DELETE FROM `creature_spawn_entry` WHERE `guid` BETWEEN @CGUID+3 AND @CGUID+7; 
INSERT INTO `creature_spawn_entry` (`guid`, `entry`) VALUES
(@CGUID+3, 26716),(@CGUID+3, 26722), -- Azure Warder 26716 / Azure Magus 26722
(@CGUID+4, 26716),(@CGUID+4, 26722), -- Azure Warder 26716 / Azure Magus 26722
(@CGUID+5, 26716),(@CGUID+5, 26722), -- Azure Warder 26716 / Azure Magus 26722
(@CGUID+6, 26716),(@CGUID+6, 26722), -- Azure Warder 26716 / Azure Magus 26722
(@CGUID+7, 26716),(@CGUID+7, 26722); -- Azure Warder 26716 / Azure Magus 26722

INSERT INTO `creature_linking_template` (`entry`, `map`, `master_entry`, `flag`, `search_range`) VALUES
(26918,576,26763,4096,40),
(26928,576,26731,4096,40),
(26929,576,26731,4096,40),
(26930,576,26731,4096,40),
(27079,576,26794,16+4096,40),
(27099,576,26794,16+4096,40),
(27101,576,26794,16+4096,40),
(32665,576,26794,4096,40);


-- ============
-- SPAWN GROUPS
-- ============

INSERT INTO `spawn_group` (`Id`, `Name`, `Type`, `MaxCount`, `WorldState`, `Flags`) VALUES
-- creatures
(@SGGUID+0,'Nexus - Mage Hunter Ascendant 26727 & 2x Mage Slayer 26730 - Patrol 1', 0, 0, 0, 0x02),
(@SGGUID+1,'Nexus - Mage Hunter Ascendant 26727 & 2x Mage Slayer 26730 - Patrol 2', 0, 0, 0, 0x02),
(@SGGUID+2,'Nexus - Mage Hunter Ascendant 26727 & 2x Mage Slayer 26730 - Patrol 3', 0, 0, 0, 0x02),
(@SGGUID+3,'Nexus - 2x Crystalline Tender 28231 & 2x Crystalline Keeper 26782 - Patrol 1', 0, 0, 0, 0x02),
(@SGGUID+4,'Nexus - Crystalline Tender 28231 & Crystalline Keeper 26782 - Patrol 2', 0, 0, 0, 0x02),
(@SGGUID+5,'Nexus - 2x Crystalline Tender 28231 & 2x Crystalline Keeper 26782 - Patrol 3', 0, 0, 0, 0x02),
(@SGGUID+6,'Nexus - Crystalline Tender 28231 & 2x Crystalline Keeper 26782 - Patrol 4', 0, 0, 0, 0x02),
(@SGGUID+7,'Nexus - Crystalline Tender 28231 & 2x Crystalline Keeper 26782 - Patrol 5', 0, 0, 0, 0x02),
(@SGGUID+8,'Nexus - Crystalline Tender 28231 & 2x Crystalline Keeper 26782 - Patrol 6', 0, 0, 0, 0x02);
-- objects

INSERT INTO `spawn_group_spawn` (`Id`, `Guid`, `SlotId`) VALUES
-- SG_0
(@SGGUID+0, @CGUID+15, 0),
(@SGGUID+0, @CGUID+32, 1),
(@SGGUID+0, @CGUID+33, 2),
-- SG_1
(@SGGUID+1, @CGUID+12, 0),
(@SGGUID+1, @CGUID+29, 1),
(@SGGUID+1, @CGUID+34, 2),
-- SG_2
(@SGGUID+2, @CGUID+13, 0),
(@SGGUID+2, @CGUID+30, 1),
(@SGGUID+2, @CGUID+31, 2),
-- SG_3
(@SGGUID+3, @CGUID+112, 0),
(@SGGUID+3, @CGUID+114, 1),
(@SGGUID+3, @CGUID+194, 2),
(@SGGUID+3, @CGUID+195, 3),
-- SG_4
(@SGGUID+4, @CGUID+115, 0),
(@SGGUID+4, @CGUID+196, 1),
-- SG_5
(@SGGUID+5, @CGUID+109, 0),
(@SGGUID+5, @CGUID+113, 1),
(@SGGUID+5, @CGUID+192, 2),
(@SGGUID+5, @CGUID+197, 3),
-- SG_6
(@SGGUID+6, @CGUID+110, 0),
(@SGGUID+6, @CGUID+193, 1),
(@SGGUID+6, @CGUID+111, 2),
-- SG_7
(@SGGUID+7, @CGUID+105, 0),
(@SGGUID+7, @CGUID+198, 1),
(@SGGUID+7, @CGUID+106, 2),
-- SG_8
(@SGGUID+8, @CGUID+107, 0),
(@SGGUID+8, @CGUID+199, 1),
(@SGGUID+8, @CGUID+108, 2);

INSERT INTO `spawn_group_formation` (`Id`, `FormationType`, `FormationSpread`, `FormationOptions`, `PathId`, `MovementType`, `Comment`) VALUES
(@SGGUID+0, 3, 3, 0, @SGGUID+0, 4, 'Nexus - Mage Hunter Ascendant 26727 & 2x Mage Slayer 26730 - Patrol 1'),
(@SGGUID+1, 3, 3, 0, @SGGUID+1, 4, 'Nexus - Mage Hunter Ascendant 26727 & 2x Mage Slayer 26730 - Patrol 2'),
(@SGGUID+2, 3, 3, 0, @SGGUID+2, 4, 'Nexus - Mage Hunter Ascendant 26727 & 2x Mage Slayer 26730 - Patrol 3'),
(@SGGUID+3, 4, 3, 0, @SGGUID+3, 4, 'Nexus - 2x Crystalline Tender 28231 & 2x Crystalline Keeper 26782 - Patrol 1'),
(@SGGUID+4, 4, 3, 0, @SGGUID+4, 4, 'Nexus - Crystalline Tender 28231 & Crystalline Keeper 26782 - Patrol 2'),
(@SGGUID+5, 4, 3, 0, @SGGUID+5, 2, 'Nexus - 2x Crystalline Tender 28231 & 2x Crystalline Keeper 26782 - Patrol 3'),
(@SGGUID+6, 4, 3, 0, @SGGUID+6, 4, 'Nexus - Crystalline Tender 28231 & 2x Crystalline Keeper 26782 - Patrol 4'),
(@SGGUID+7, 4, 3, 0, @SGGUID+7, 4, 'Nexus - Crystalline Tender 28231 & 2x Crystalline Keeper 26782 - Patrol 5'),
(@SGGUID+8, 4, 3, 0, @SGGUID+8, 4, 'Nexus - Crystalline Tender 28231 & 2x Crystalline Keeper 26782 - Patrol 6');

INSERT INTO `waypoint_path` (`PathId`, `Point`, `PositionX`, `PositionY`, `PositionZ`, `Orientation`, `WaitTime`, `ScriptId`) VALUES
-- SG_0
(@SGGUID+0, 1,301.997,122.98669,-16.636736, 100, 500, 0),
(@SGGUID+0, 2,302.62915,139.8034,-17.868431, 100, 0, 0),
(@SGGUID+0, 3,308.45688,151.2347,-20.022354, 100, 0, 0),
(@SGGUID+0, 4,322.46512,159.56464,-23.570433, 100, 0, 0),
(@SGGUID+0, 5,344.97437,158.04263,-29.361134, 100, 0, 0),
(@SGGUID+0, 6,363.28513,150.93776,-34.651028, 100, 0, 0),
(@SGGUID+0, 7,381.76514,154.3249,-35.0196, 100, 500, 0),
-- SG_1
(@SGGUID+1, 1,553.22266,99.703636,-16.63847, 100, 500, 0),
(@SGGUID+1, 2,541.6496,146.51416,-18.63437, 100, 0, 0),
(@SGGUID+1, 3,529.4781,157.54814,-23.579369, 100, 0, 0),
(@SGGUID+1, 4,508.89047,159.1266,-28.907375, 100, 0, 0),
(@SGGUID+1, 5,501.5414,158.4047,-29.391731, 100, 0, 0),
(@SGGUID+1, 6,483.91635,151.55042,-34.409264, 100, 0, 0),
(@SGGUID+1, 7,464.22873,154.81392,-35.02038, 100, 500, 0),
-- SG_2
(@SGGUID+2, 1,636.5683,56.1882,-21.722734, 100, 500, 0),
(@SGGUID+2, 2,630.1554,77.88638,-20.289827, 100, 0, 0),
(@SGGUID+2, 3,614.3763,96.3665,-17.357313, 100, 0, 0),
(@SGGUID+2, 4,605.905,106.61317,-17.991352, 100, 0, 0),
(@SGGUID+2, 5,597.7245,108.76417,-17.810835, 100, 0, 0),
(@SGGUID+2, 6,587.88855,105.44151,-16.296646, 100, 0, 0),
(@SGGUID+2, 7,581.0519,94.668945,-16.638475, 100, 0, 0),
(@SGGUID+2, 8,573.26886,88.81836,-16.638481, 100, 500, 0),
-- SG_3
(@SGGUID+3, 1,372.72028,-185.3861,-14.088835, 100, 500, 0),
(@SGGUID+3, 2,383.3477,-184.96977,-14.088835, 100, 0, 0),
(@SGGUID+3, 3,391.88815,-186.93121,-14.088835, 100, 0, 0),
(@SGGUID+3, 4,401.084,-195.1207,-14.088835, 100, 500, 0),
-- SG_4
(@SGGUID+4, 1,302.42056,-150.65866,-15.728313, 100, 500, 0),
(@SGGUID+4, 2,314.3927,-154.24193,-14.922186, 100, 0, 0),
(@SGGUID+4, 3,319.7852,-165.23442,-14.50944, 100, 0, 0),
(@SGGUID+4, 4,328.37277,-165.37917,-14.745917, 100, 0, 0),
(@SGGUID+4, 5,333.96576,-173.9631,-14.35628, 100, 0, 0),
(@SGGUID+4, 6,344.49188,-180.29681,-14.385882, 100, 0, 0),
(@SGGUID+4, 7,356.07666,-179.17198,-14.302952, 100, 0, 0),
(@SGGUID+4, 8,363.45288,-173.4178,-14.088835, 100, 500, 0),
-- SG_5
(@SGGUID+5, 1,246.125,-217.07913,-8.254079, 100, 0, 0),
(@SGGUID+5, 2,259.7323,-207.03362,-8.35045, 100, 0, 0),
(@SGGUID+5, 3,279.95798,-211.4305,-8.254078, 100, 0, 0),
(@SGGUID+5, 4,285.01263,-232.76915,-8.254078, 100, 0, 0),
(@SGGUID+5, 5,304.30127,-242.44821,-14.088834, 100, 0, 0),
(@SGGUID+5, 6,311.17078,-252.67595,-14.088834, 100, 0, 0),
(@SGGUID+5, 7,322.902,-253.50998,-14.088834, 100, 0, 0),
(@SGGUID+5, 8,333.06042,-232.12915,-14.088834, 100, 0, 0),
(@SGGUID+5, 9,322.50677,-222.86783,-14.088834, 100, 0, 0),
(@SGGUID+5, 10,313.47614,-233.62483,-14.088834, 100, 0, 0),
(@SGGUID+5, 11,307.06052,-241.8231,-14.088834, 100, 0, 0),
(@SGGUID+5, 12,284.22647,-233.45695,-8.254078, 100, 0, 0),
(@SGGUID+5, 13,273.73087,-244.52797,-8.254078, 100, 0, 0),
(@SGGUID+5, 14,258.87552,-246.3647,-8.254078, 100, 0, 0),
(@SGGUID+5, 15,247.91905,-235.08638,-8.489183, 100, 0, 0),
-- SG_6
(@SGGUID+6, 1,412.54688,-200.88448,-14.088835, 100, 500, 0),
(@SGGUID+6, 2,409.8401,-187.5564,-14.088835, 100, 0, 0),
(@SGGUID+6, 3,422.25247,-177.17247,-14.088835, 100, 0, 0),
(@SGGUID+6, 4,434.8816,-179.67606,-14.088834, 100, 0, 0),
(@SGGUID+6, 5,448.40234,-172.13274,-14.088834, 100, 0, 0),
(@SGGUID+6, 6,458.05615,-177.29202,-14.088835, 100, 0, 0),
-- SG_7
(@SGGUID+7, 1,413.5281,-312.3128,-14.53164, 100, 500, 0),
(@SGGUID+7, 2,405.335,-312.0953,-14.08883, 100, 0, 0),
(@SGGUID+7, 3,392.6396,-321.0193,-14.08883, 100, 0, 0),
(@SGGUID+7, 4,375.486,-317.4905,-14.08883, 100, 0, 0),
(@SGGUID+7, 5,362.1842,-324.771,-14.08883, 100, 0, 0),
(@SGGUID+7, 6,352.4669,-316.6265,-14.45353, 100, 0, 0),
(@SGGUID+7, 7,344.6179,-315.2993,-14.45353, 100, 0, 0),
(@SGGUID+7, 8,347.1072,-300.2887,-14.08883, 100, 0, 0),
(@SGGUID+7, 9,338.9462,-282.0726,-14.14321, 100, 0, 0),
(@SGGUID+7, 10,328.1306,-273.8248,-14.08883, 100, 0, 0),
(@SGGUID+7, 11,316.5227,-271.8857,-14.08883, 100, 0, 0),
(@SGGUID+7, 12,304.989,-260.1721,-14.08883, 100, 500, 0),
-- SG_8
(@SGGUID+8, 1 ,448.6191,-287.9976,-14.08883, 100, 500, 0),
(@SGGUID+8, 2 ,444.1881,-280.7699,-14.08883, 100, 0, 0),
(@SGGUID+8, 3 ,431.5313,-273.5017,-14.08883, 100, 0, 0),
(@SGGUID+8, 4 ,419.7061,-267.1584,-14.53164, 100, 0, 0),
(@SGGUID+8, 5 ,415.9763,-256.095,-14.08883, 100, 0, 0),
(@SGGUID+8, 6 ,408.8433,-246.2419,-14.08883, 100, 0, 0),
(@SGGUID+8, 7 ,412.7229,-231.6214,-14.08883, 100, 0, 0),
(@SGGUID+8, 8 ,412.9723,-223.138,-14.53164, 100, 0, 0),
(@SGGUID+8, 9 ,424.0943,-221.124,-14.08883, 100, 0, 0),
(@SGGUID+8, 10,437.0468,-215.4004,-14.08883, 100, 0, 0),
(@SGGUID+8, 11,446.957,-219.568,-14.08883, 100, 0, 0),
(@SGGUID+8, 12,458.7305,-215.5825,-14.08883, 100, 500, 0);

INSERT INTO `waypoint_path_name` (`PathId`, `Name`) VALUES
(@SGGUID+0,'Nexus - Mage Hunter Ascendant 26727 & 2x Mage Slayer 26730 - Patrol 1'),
(@SGGUID+1,'Nexus - Mage Hunter Ascendant 26727 & 2x Mage Slayer 26730 - Patrol 2'),
(@SGGUID+2,'Nexus - Mage Hunter Ascendant 26727 & 2x Mage Slayer 26730 - Patrol 3'),
(@SGGUID+3,'Nexus - 2x Crystalline Tender 28231 & 2x Crystalline Keeper 26782 - Patrol 1'),
(@SGGUID+4,'Nexus - Crystalline Tender 28231 & Crystalline Keeper 26782 - Patrol 2'),
(@SGGUID+5,'Nexus - 2x Crystalline Tender 28231 & 2x Crystalline Keeper 26782 - Patrol 3'),
(@SGGUID+6,'Nexus - Crystalline Tender 28231 & 2x Crystalline Keeper 26782 - Patrol 4'),
(@SGGUID+7,'Nexus - Crystalline Tender 28231 & 2x Crystalline Keeper 26782 - Patrol 5'),
(@SGGUID+8,'Nexus - Crystalline Tender 28231 & 2x Crystalline Keeper 26782 - Patrol 6');

-- INSERT INTO `spawn_group_entry` (`Id`, `Entry`, `MinCount`, `MaxCount`, `Chance`) VALUES


-- ============
-- Groups of Alliance/Horde depending spawns
-- ============
-- Note: horde group will spawn for alliance players / alliance group will spawn for horde players
DELETE FROM creature_conditional_spawn WHERE guid IN (@CGUID+178,@CGUID+177,@CGUID+175,@CGUID+174,@CGUID+173,@CGUID+171,@CGUID+170,@CGUID+169,@CGUID+167,@CGUID+168,@CGUID+179,@CGUID+181,@CGUID+180,@CGUID+176,@CGUID+172);
INSERT INTO creature_conditional_spawn (guid, EntryAlliance, EntryHorde, Comments) VALUES
-- rangers
(@CGUID+179,26801,26802,'The Nexus - Horde Ranger / Alliance Ranger'),
(@CGUID+181,26801,26802,'The Nexus - Horde Ranger / Alliance Ranger'),
(@CGUID+180,26801,26802,'The Nexus - Horde Ranger / Alliance Ranger'),
(@CGUID+178,26801,26802,'The Nexus - Horde Ranger / Alliance Ranger'),
(@CGUID+177,26801,26802,'The Nexus - Horde Ranger / Alliance Ranger'),
-- bresekers
(@CGUID+175,26799,26800,'The Nexus - Horde Berserker / Alliance Berserker'),
(@CGUID+174,26799,26800,'The Nexus - Horde Berserker / Alliance Berserker'),
(@CGUID+173,26799,26800,'The Nexus - Horde Berserker / Alliance Berserker'),
(@CGUID+176,26799,26800,'The Nexus - Horde Berserker / Alliance Berserker'),
-- Clerics  
(@CGUID+171,26803,26805,'The Nexus - Horde Cleric / Alliance Cleric'),
(@CGUID+170,26803,26805,'The Nexus - Horde Cleric / Alliance Cleric'),
(@CGUID+169,26803,26805,'The Nexus - Horde Cleric / Alliance Cleric'),
(@CGUID+172,26803,26805,'The Nexus - Horde Cleric / Alliance Cleric'),
-- Commanders - Normal mode only
(@CGUID+167,27947,27949,'The Nexus - Horde Commander / Alliance Commander'),
-- Kolurg / Stoutbeard  - Heroic mode only
(@CGUID+168,26798,26796,'The Nexus - Commander Kolurg / Commander Stoutbeard');


-- ======
-- EVENTS
-- ======

INSERT INTO `game_event_creature` (`guid`, `event`) VALUES
-- Elder Igasho 30536
(@CGUID+200,7); -- Lunar Festival

-- INSERT INTO `game_event_creature_data` (`guid`, `entry_id`, `modelid`, `equipment_id`, `spell_start`, `spell_end`, `event`) VALUES
-- INSERT INTO `game_event_gameobject` (`guid`, `event`) VALUES


-- =========
-- DBSCRIPTS
-- =========

-- INSERT INTO `dbscripts_on_creature_movement` (`id`, `delay`, `command`, `datalong`, `datalong2`, `datalong3`, `buddy_entry`, `search_radius`, `data_flags`, `dataint`, `dataint2`, `dataint3`, `dataint4`, `x`, `y`, `z`, `o`, `comments`) VALUES
-- INSERT INTO `dbscripts_on_creature_death` (`id`, `delay`, `command`, `datalong`, `datalong2`, `datalong3`, `buddy_entry`, `search_radius`, `data_flags`, `dataint`, `dataint2`, `dataint3`, `dataint4`, `x`, `y`, `z`, `o`, `comments`) VALUES
-- INSERT INTO `dbscripts_on_go_use` (`id`, `delay`, `command`, `datalong`, `datalong2`, `datalong3`, `buddy_entry`, `search_radius`, `data_flags`, `dataint`, `dataint2`, `dataint3`, `dataint4`, `x`, `y`, `z`, `o`, `comments`) VALUES
-- INSERT INTO `dbscripts_on_go_template_use` (`id`, `delay`, `command`, `datalong`, `datalong2`, `datalong3`, `buddy_entry`, `search_radius`, `data_flags`, `dataint`, `dataint2`, `dataint3`, `dataint4`, `x`, `y`, `z`, `o`, `comments`) VALUES
-- INSERT INTO `dbscripts_on_relay` (`id`, `delay`, `command`, `datalong`, `datalong2`, `datalong3`, `buddy_entry`, `search_radius`, `data_flags`, `dataint`, `dataint2`, `dataint3`, `dataint4`, `x`, `y`, `z`, `o`, `comments`) VALUES
-- INSERT INTO `dbscripts_on_event` (`id`, `delay`, `command`, `datalong`, `datalong2`, `datalong3`, `buddy_entry`, `search_radius`, `data_flags`, `dataint`, `dataint2`, `dataint3`, `dataint4`, `x`, `y`, `z`, `o`, `comments`) VALUES
-- INSERT INTO `dbscripts_on_spell` (`id`, `delay`, `command`, `datalong`, `datalong2`, `datalong3`, `buddy_entry`, `search_radius`, `data_flags`, `dataint`, `dataint2`, `dataint3`, `dataint4`, `x`, `y`, `z`, `o`, `comments`) VALUES
-- INSERT INTO `dbscripts_on_gossip` (`id`, `delay`, `command`, `datalong`, `datalong2`, `datalong3`, `buddy_entry`, `search_radius`, `data_flags`, `dataint`, `dataint2`, `dataint3`, `dataint4`, `x`, `y`, `z`, `o`, `comments`) VALUES
-- INSERT INTO `dbscripts_on_quest_start` (`id`, `delay`, `command`, `datalong`, `datalong2`, `datalong3`, `buddy_entry`, `search_radius`, `data_flags`, `dataint`, `dataint2`, `dataint3`, `dataint4`, `x`, `y`, `z`, `o`, `comments`) VALUES
-- INSERT INTO `dbscripts_on_quest_end` (`id`, `delay`, `command`, `datalong`, `datalong2`, `datalong3`, `buddy_entry`, `search_radius`, `data_flags`, `dataint`, `dataint2`, `dataint3`, `dataint4`, `x`, `y`, `z`, `o`, `comments`) VALUES
-- INSERT INTO `dbscript_random_templates` (`id`, `type`, `target_id`, `chance`, `comments`) VALUES
