-- Aged Clefthoof and Living Cyclones are pooled together.
-- Each spawnpoint has two spawns up at once. About 90% chance for Aged Clefthoof, 10% chance for Living Cyclone
-- They all have a very large spawndist
DELETE FROM creature_movement WHERE id IN (SELECT guid FROM creature WHERE id = 17160); -- Delete old paths
DELETE FROM creature_addon WHERE guid IN (SELECT guid FROM creature WHERE id IN(17133,17160)); -- Delete old addons
DELETE FROM creature WHERE id IN (17133,17160);

-- Missing spawns
DELETE FROM creature_addon WHERE guid IN (60033,60034,60035,60036,60037,60038,60039,60040,60041,60042,60043,60044,60045,60046,60047,60642,60643,60644,60645,60646,60647,60648,60649,60650,60651,60652,
60653,60654,60655,60656,60657,60658,130837,130842,130846,130852,130853,130855,130856,132553,132554,132555,132556,132557,132558,132559,132560,132561,132562,132563,132564,132565,132566,132567,132567,
132568,132650,132651,132750,132756,132777,132778,132849,132850,132851,132852,132853,132854,132855,132856,132857,132936,132940,132941,132942,133044,133045,133046,133047,133048,133049,133050,133904,
133905,133906,133967,133968,133969,133971,133972,133974,133976,133977,133978,133980,133981,133982,133983,133985,133986,133987,133988,133990,133992,133993,133994,133988);
DELETE FROM creature_movement WHERE id IN (60033,60034,60035,60036,60037,60038,60039,60040,60041,60042,60043,60044,60045,60046,60047,60642,60643,60644,60645,60646,60647,60648,60649,60650,60651,60652,
60653,60654,60655,60656,60657,60658,130837,130842,130846,130852,130853,130855,130856,132553,132554,132555,132556,132557,132558,132559,132560,132561,132562,132563,132564,132565,132566,132567,132567,
132568,132650,132651,132750,132756,132777,132778,132849,132850,132851,132852,132853,132854,132855,132856,132857,132936,132940,132941,132942,133044,133045,133046,133047,133048,133049,133050,133904,
133905,133906,133967,133968,133969,133971,133972,133974,133976,133977,133978,133980,133981,133982,133983,133985,133986,133987,133988,133990,133992,133993,133994,133988);
DELETE FROM game_event_creature WHERE guid IN (60033,60034,60035,60036,60037,60038,60039,60040,60041,60042,60043,60044,60045,60046,60047,60642,60643,60644,60645,60646,60647,60648,60649,60650,60651,60652,
60653,60654,60655,60656,60657,60658,130837,130842,130846,130852,130853,130855,130856,132553,132554,132555,132556,132557,132558,132559,132560,132561,132562,132563,132564,132565,132566,132567,132567,
132568,132650,132651,132750,132756,132777,132778,132849,132850,132851,132852,132853,132854,132855,132856,132857,132936,132940,132941,132942,133044,133045,133046,133047,133048,133049,133050,133904,
133905,133906,133967,133968,133969,133971,133972,133974,133976,133977,133978,133980,133981,133982,133983,133985,133986,133987,133988,133990,133992,133993,133994,133988);
DELETE FROM game_event_creature_data WHERE guid IN (60033,60034,60035,60036,60037,60038,60039,60040,60041,60042,60043,60044,60045,60046,60047,60642,60643,60644,60645,60646,60647,60648,60649,60650,60651,60652,
60653,60654,60655,60656,60657,60658,130837,130842,130846,130852,130853,130855,130856,132553,132554,132555,132556,132557,132558,132559,132560,132561,132562,132563,132564,132565,132566,132567,132567,
132568,132650,132651,132750,132756,132777,132778,132849,132850,132851,132852,132853,132854,132855,132856,132857,132936,132940,132941,132942,133044,133045,133046,133047,133048,133049,133050,133904,
133905,133906,133967,133968,133969,133971,133972,133974,133976,133977,133978,133980,133981,133982,133983,133985,133986,133987,133988,133990,133992,133993,133994,133988);
DELETE FROM creature_battleground WHERE guid IN (60033,60034,60035,60036,60037,60038,60039,60040,60041,60042,60043,60044,60045,60046,60047,60642,60643,60644,60645,60646,60647,60648,60649,60650,60651,60652,
60653,60654,60655,60656,60657,60658,130837,130842,130846,130852,130853,130855,130856,132553,132554,132555,132556,132557,132558,132559,132560,132561,132562,132563,132564,132565,132566,132567,132567,
132568,132650,132651,132750,132756,132777,132778,132849,132850,132851,132852,132853,132854,132855,132856,132857,132936,132940,132941,132942,133044,133045,133046,133047,133048,133049,133050,133904,
133905,133906,133967,133968,133969,133971,133972,133974,133976,133977,133978,133980,133981,133982,133983,133985,133986,133987,133988,133990,133992,133993,133994,133988);
DELETE FROM creature_linking WHERE guid IN (60033,60034,60035,60036,60037,60038,60039,60040,60041,60042,60043,60044,60045,60046,60047,60642,60643,60644,60645,60646,60647,60648,60649,60650,60651,60652,
60653,60654,60655,60656,60657,60658,130837,130842,130846,130852,130853,130855,130856,132553,132554,132555,132556,132557,132558,132559,132560,132561,132562,132563,132564,132565,132566,132567,132567,
132568,132650,132651,132750,132756,132777,132778,132849,132850,132851,132852,132853,132854,132855,132856,132857,132936,132940,132941,132942,133044,133045,133046,133047,133048,133049,133050,133904,
133905,133906,133967,133968,133969,133971,133972,133974,133976,133977,133978,133980,133981,133982,133983,133985,133986,133987,133988,133990,133992,133993,133994,133988)
 OR master_guid IN (60033,60034,60035,60036,60037,60038,60039,60040,60041,60042,60043,60044,60045,60046,60047,60642,60643,60644,60645,60646,60647,60648,60649,60650,60651,60652,
60653,60654,60655,60656,60657,60658,130837,130842,130846,130852,130853,130855,130856,132553,132554,132555,132556,132557,132558,132559,132560,132561,132562,132563,132564,132565,132566,132567,132567,
132568,132650,132651,132750,132756,132777,132778,132849,132850,132851,132852,132853,132854,132855,132856,132857,132936,132940,132941,132942,133044,133045,133046,133047,133048,133049,133050,133904,
133905,133906,133967,133968,133969,133971,133972,133974,133976,133977,133978,133980,133981,133982,133983,133985,133986,133987,133988,133990,133992,133993,133994,133988);
DELETE FROM creature WHERE guid IN (60033,60034,60035,60036,60037,60038,60039,60040,60041,60042,60043,60044,60045,60046,60047,60642,60643,60644,60645,60646,60647,60648,60649,60650,60651,60652,
60653,60654,60655,60656,60657,60658,130837,130842,130846,130852,130853,130855,130856,132553,132554,132555,132556,132557,132558,132559,132560,132561,132562,132563,132564,132565,132566,132567,132567,
132568,132650,132651,132750,132756,132777,132778,132849,132850,132851,132852,132853,132854,132855,132856,132857,132936,132940,132941,132942,133044,133045,133046,133047,133048,133049,133050,133904,
133905,133906,133967,133968,133969,133971,133972,133974,133976,133977,133978,133980,133981,133982,133983,133985,133986,133987,133988,133990,133992,133993,133994,133988);
INSERT INTO creature (guid, id, map, spawnMask, modelid, equipment_id, position_x, position_y, position_z, orientation, spawntimesecsmin, spawntimesecsmax, spawndist, currentwaypoint, curhealth, curmana, DeathState, MovementType) VALUES 
-- Spawn 1
-- [0] Position: X: -2884.521 Y: 8050.239 Z: -26.72775
-- [0] Orientation: 6.194169
(60033,17133,530,1,0,0,-2884.521,8050.239,-26.72775,6.194169,300,300,50,0,6116,0,0,1),
(60034,17133,530,1,0,0,-2884.521,8050.239,-26.72775,6.194169,300,300,50,0,6116,0,0,1),
(60035,17160,530,1,0,0,-2884.521,8050.239,-26.72775,6.194169,300,300,50,0,4892,2846,0,1),
(60036,17160,530,1,0,0,-2884.521,8050.239,-26.72775,6.194169,300,300,50,0,4892,2846,0,1),

-- Spawn 2
-- [0] Position: X: -2916.556 Y: 8017.768 Z: -19.94766
-- [0] Orientation: 3.134812
(60037,17133,530,1,0,0,-2916.556,8017.768,-19.94766,3.134812,300,300,50,0,6116,0,0,1),
(60038,17133,530,1,0,0,-2916.556,8017.768,-19.94766,3.134812,300,300,50,0,6116,0,0,1),
(60039,17160,530,1,0,0,-2916.556,8017.768,-19.94766,3.134812,300,300,50,0,4892,2846,0,1),
(60040,17160,530,1,0,0,-2916.556,8017.768,-19.94766,3.134812,300,300,50,0,4892,2846,0,1),

-- Spawn 3
-- [0] Position: X: -2949.599 Y: 8182.417 Z: -32.29801
-- [0] Orientation: 3.145229
(60041,17133,530,1,0,0,-2949.599,8182.417,-32.29801,3.145229,300,300,50,0,6116,0,0,1),
(60042,17133,530,1,0,0,-2949.599,8182.417,-32.29801,3.145229,300,300,50,0,6116,0,0,1),
(60043,17160,530,1,0,0,-2949.599,8182.417,-32.29801,3.145229,300,300,50,0,4892,2846,0,1),
(60044,17160,530,1,0,0,-2949.599,8182.417,-32.29801,3.145229,300,300,50,0,4892,2846,0,1),

-- Spawn 4
-- [0] Position: X: -2880.691 Y: 8382.249 Z: -30.39787
-- [0] Orientation: 3.562205
(60045,17133,530,1,0,0,-2880.691,8382.249,-30.39787,3.562205,300,300,50,0,6116,0,0,1),
(60046,17133,530,1,0,0,-2880.691,8382.249,-30.39787,3.562205,300,300,50,0,6116,0,0,1),
(60047,17160,530,1,0,0,-2880.691,8382.249,-30.39787,3.562205,300,300,50,0,4892,2846,0,1),
(60642,17160,530,1,0,0,-2880.691,8382.249,-30.39787,3.562205,300,300,50,0,4892,2846,0,1),

-- Spawn 5
-- [0] Position: X: -2817.457 Y: 8516.122 Z: -29.25148
-- [0] Orientation: 2.803239
(60643,17133,530,1,0,0,-2817.457,8516.122,-29.25148,2.803239,300,300,50,0,6116,0,0,1),
(60644,17133,530,1,0,0,-2817.457,8516.122,-29.25148,2.803239,300,300,50,0,6116,0,0,1),
(60645,17160,530,1,0,0,-2817.457,8516.122,-29.25148,2.803239,300,300,50,0,4892,2846,0,1),
(60646,17160,530,1,0,0,-2817.457,8516.122,-29.25148,2.803239,300,300,50,0,4892,2846,0,1),

-- Spawn 6
-- [0] Position: X: -2685.583 Y: 8534.07 Z: -36.15295
-- [0] Orientation: 0.4130186
(60647,17133,530,1,0,0,-2685.583,8534.07,-36.15295,0.4130186,300,300,50,0,6116,0,0,1),
(60648,17133,530,1,0,0,-2685.583,8534.07,-36.15295,0.4130186,300,300,50,0,6116,0,0,1),
(60649,17160,530,1,0,0,-2685.583,8534.07,-36.15295,0.4130186,300,300,50,0,4892,2846,0,1),
(60650,17160,530,1,0,0,-2685.583,8534.07,-36.15295,0.4130186,300,300,50,0,4892,2846,0,1),

-- Spawn 7
-- [0] Position: X: -2650.547 Y: 8681.099 Z: -20.0402
-- [0] Orientation: 1.598133
(60651,17133,530,1,0,0,-2650.547,8681.099,-20.0402,1.598133,300,300,50,0,6116,0,0,1),
(60652,17133,530,1,0,0,-2650.547,8681.099,-20.0402,1.598133,300,300,50,0,6116,0,0,1),
(60653,17160,530,1,0,0,-2650.547,8681.099,-20.0402,1.598133,300,300,50,0,4892,2846,0,1),
(60654,17160,530,1,0,0,-2650.547,8681.099,-20.0402,1.598133,300,300,50,0,4892,2846,0,1),

-- Spawn 8
-- [0] Position: X: -2581.408 Y: 8617.461 Z: -29.19045
-- [0] Orientation: 2.441875
(60655,17133,530,1,0,0,-2581.408,8617.461,-29.19045,2.441875,300,300,50,0,6116,0,0,1),
(60656,17133,530,1,0,0,-2581.408,8617.461,-29.19045,2.441875,300,300,50,0,6116,0,0,1),
(60657,17160,530,1,0,0,-2581.408,8617.461,-29.19045,2.441875,300,300,50,0,4892,2846,0,1),
(60658,17160,530,1,0,0,-2581.408,8617.461,-29.19045,2.441875,300,300,50,0,4892,2846,0,1),

-- Spawn 9
-- [0] Position: X: -2513.542 Y: 8581.518 Z: -29.85743
-- [0] Orientation: 4.549738
(130837,17133,530,1,0,0,-2513.542,8581.518,-29.85743,4.549738,300,300,50,0,6116,0,0,1),
(130842,17133,530,1,0,0,-2513.542,8581.518,-29.85743,4.549738,300,300,50,0,6116,0,0,1),
(130846,17160,530,1,0,0,-2513.542,8581.518,-29.85743,4.549738,300,300,50,0,4892,2846,0,1),
(130852,17160,530,1,0,0,-2513.542,8581.518,-29.85743,4.549738,300,300,50,0,4892,2846,0,1),

-- Spawn 10
-- [0] Position: X: -2321.101 Y: 8614.269 Z: -16.6217
-- [0] Orientation: 0.2307968
(130853,17133,530,1,0,0,-2321.101,8614.269,-16.6217,0.2307968,300,300,50,0,6116,0,0,1),
(130855,17133,530,1,0,0,-2321.101,8614.269,-16.6217,0.2307968,300,300,50,0,6116,0,0,1),
(130856,17160,530,1,0,0,-2321.101,8614.269,-16.6217,0.2307968,300,300,50,0,4892,2846,0,1),
(132553,17160,530,1,0,0,-2321.101,8614.269,-16.6217,0.2307968,300,300,50,0,4892,2846,0,1),

-- Spawn 11
-- [0] Position: X: -2418.464 Y: 8615.036 Z: -25.42138
-- [0] Orientation: 2.637973
(132554,17133,530,1,0,0,-2418.464,8615.036,-25.42138,2.637973,300,300,50,0,6116,0,0,1),
(132555,17133,530,1,0,0,-2418.464,8615.036,-25.42138,2.637973,300,300,50,0,6116,0,0,1),
(132556,17160,530,1,0,0,-2418.464,8615.036,-25.42138,2.637973,300,300,50,0,4892,2846,0,1),
(132557,17160,530,1,0,0,-2418.464,8615.036,-25.42138,2.637973,300,300,50,0,4892,2846,0,1),

-- Spawn 12
-- [0] Position: X: -2282.978 Y: 8519.411 Z: -23.73864
-- [0] Orientation: 4.509048
(132558,17133,530,1,0,0,-2282.978,8519.411,-23.73864,4.509048,300,300,50,0,6116,0,0,1),
(132559,17133,530,1,0,0,-2282.978,8519.411,-23.73864,4.509048,300,300,50,0,6116,0,0,1),
(132560,17160,530,1,0,0,-2282.978,8519.411,-23.73864,4.509048,300,300,50,0,4892,2846,0,1),
(132561,17160,530,1,0,0,-2282.978,8519.411,-23.73864,4.509048,300,300,50,0,4892,2846,0,1),

-- Spawn 13
-- [0] Position: X: -2222.361 Y: 8352.135 Z: -25.78647
-- [0] Orientation: 5.238021
(132562,17133,530,1,0,0,-2222.361,8352.135,-25.78647,5.238021,300,300,50,0,6116,0,0,1),
(132563,17133,530,1,0,0,-2222.361,8352.135,-25.78647,5.238021,300,300,50,0,6116,0,0,1),
(132564,17160,530,1,0,0,-2222.361,8352.135,-25.78647,5.238021,300,300,50,0,4892,2846,0,1),
(132565,17160,530,1,0,0,-2222.361,8352.135,-25.78647,5.238021,300,300,50,0,4892,2846,0,1),

-- Spawn 14
-- [0] Position: X: -2281.222 Y: 8279.745 Z: -32.78448
-- [0] Orientation: 3.061386
(132566,17133,530,1,0,0,-2281.222,8279.745,-32.78448,3.061386,300,300,50,0,6116,0,0,1),
(132567,17133,530,1,0,0,-2281.222,8279.745,-32.78448,3.061386,300,300,50,0,6116,0,0,1),
(132568,17160,530,1,0,0,-2281.222,8279.745,-32.78448,3.061386,300,300,50,0,4892,2846,0,1),
(132650,17160,530,1,0,0,-2281.222,8279.745,-32.78448,3.061386,300,300,50,0,4892,2846,0,1),

-- Spawn 15
-- [0] Position: X: -2180.458 Y: 8186.833 Z: -26.41938
-- [0] Orientation: 0.02642449

(132651,17133,530,1,0,0,-2180.458,8186.833,-26.41938,0.02642449,300,300,50,0,6116,0,0,1),
(132750,17133,530,1,0,0,-2180.458,8186.833,-26.41938,0.02642449,300,300,50,0,6116,0,0,1),
(132756,17160,530,1,0,0,-2180.458,8186.833,-26.41938,0.02642449,300,300,50,0,4892,2846,0,1),
(132777,17160,530,1,0,0,-2180.458,8186.833,-26.41938,0.02642449,300,300,50,0,4892,2846,0,1),

-- Spawn 16
-- [0] Position: X: -2155.476 Y: 8681.944 Z: 6.165608
-- [0] Orientation: 2.777918
(132778,17133,530,1,0,0,-2155.476,8681.944,6.165608,2.777918,300,300,50,0,6116,0,0,1),
(132849,17133,530,1,0,0,-2155.476,8681.944,6.165608,2.777918,300,300,50,0,6116,0,0,1),
(132850,17160,530,1,0,0,-2155.476,8681.944,6.165608,2.777918,300,300,50,0,4892,2846,0,1),
(132851,17160,530,1,0,0,-2155.476,8681.944,6.165608,2.777918,300,300,50,0,4892,2846,0,1),

-- Spawn 17
-- [0] Position: X: -2252.594 Y: 8684.678 Z: -6.02232
-- [0] Orientation: 1.791372
(132852,17133,530,1,0,0,-2252.594,8684.678,-6.02232,1.791372,300,300,50,0,6116,0,0,1),
(132853,17133,530,1,0,0,-2252.594,8684.678,-6.02232,1.791372,300,300,50,0,6116,0,0,1),
(132854,17160,530,1,0,0,-2252.594,8684.678,-6.02232,1.791372,300,300,50,0,4892,2846,0,1),
(132855,17160,530,1,0,0,-2252.594,8684.678,-6.02232,1.791372,300,300,50,0,4892,2846,0,1),

-- Spawn 18
-- [0] Position: X: -2040.519 Y: 8887.81 Z: 30.23351
-- [0] Orientation: 2.482882
(132856,17133,530,1,0,0,-2040.519,8887.81,30.23351,2.482882,300,300,50,0,6116,0,0,1),
(132857,17133,530,1,0,0,-2040.519,8887.81,30.23351,2.482882,300,300,50,0,6116,0,0,1),
(132936,17160,530,1,0,0,-2040.519,8887.81,30.23351,2.482882,300,300,50,0,4892,2846,0,1),
(132940,17160,530,1,0,0,-2040.519,8887.81,30.23351,2.482882,300,300,50,0,4892,2846,0,1),

-- Spawn 19
-- [0] Position: X: -1836.49 Y: 8865.413 Z: 32.05206
-- [0] Orientation: 5.637609
(132941,17133,530,1,0,0,-1836.49,8865.413,32.05206,5.637609,300,300,50,0,6116,0,0,1),
(132942,17133,530,1,0,0,-1836.49,8865.413,32.05206,5.637609,300,300,50,0,6116,0,0,1),
(133044,17160,530,1,0,0,-1836.49,8865.413,32.05206,5.637609,300,300,50,0,4892,2846,0,1),
(133045,17160,530,1,0,0,-1836.49,8865.413,32.05206,5.637609,300,300,50,0,4892,2846,0,1),

-- Spawn 20
-- [0] Position: X: -1719.302 Y: 8953.271 Z: 46.47075
-- [0] Orientation: 5.123989
(133046,17133,530,1,0,0,-1719.302,8953.271,46.47075,5.123989,300,300,50,0,6116,0,0,1),
(133047,17133,530,1,0,0,-1719.302,8953.271,46.47075,5.123989,300,300,50,0,6116,0,0,1),
(133048,17160,530,1,0,0,-1719.302,8953.271,46.47075,5.123989,300,300,50,0,4892,2846,0,1),
(133049,17160,530,1,0,0,-1719.302,8953.271,46.47075,5.123989,300,300,50,0,4892,2846,0,1),

-- Spawn 21
-- [0] Position: X: -1486.278 Y: 8756.669 Z: 28.31696
-- [0] Orientation: 3.317351
(133050,17133,530,1,0,0,-1486.278,8756.669,28.31696,3.317351,300,300,50,0,6116,0,0,1),
(133904,17133,530,1,0,0,-1486.278,8756.669,28.31696,3.317351,300,300,50,0,6116,0,0,1),
(133905,17160,530,1,0,0,-1486.278,8756.669,28.31696,3.317351,300,300,50,0,4892,2846,0,1),
(133906,17160,530,1,0,0,-1486.278,8756.669,28.31696,3.317351,300,300,50,0,4892,2846,0,1),

-- Spawn 22
-- [0] Position: X: -1217.355 Y: 8715.509 Z: 37.67414
-- [0] Orientation: 1.696134
(133967,17133,530,1,0,0,-1217.355,8715.509,37.67414,1.696134,300,300,50,0,6116,0,0,1),
(133968,17133,530,1,0,0,-1217.355,8715.509,37.67414,1.696134,300,300,50,0,6116,0,0,1),
(133969,17160,530,1,0,0,-1217.355,8715.509,37.67414,1.696134,300,300,50,0,4892,2846,0,1),
(133971,17160,530,1,0,0,-1217.355,8715.509,37.67414,1.696134,300,300,50,0,4892,2846,0,1),

-- Spawn 23
-- [0] Position: X: -1146.364 Y: 8517.289 Z: 31.81916
-- [0] Orientation: 1.850822
(133972,17133,530,1,0,0,-1146.364,8517.289,31.81916,1.850822,300,300,50,0,6116,0,0,1),
(133974,17133,530,1,0,0,-1146.364,8517.289,31.81916,1.850822,300,300,50,0,6116,0,0,1),
(133976,17160,530,1,0,0,-1146.364,8517.289,31.81916,1.850822,300,300,50,0,4892,2846,0,1),
(133977,17160,530,1,0,0,-1146.364,8517.289,31.81916,1.850822,300,300,50,0,4892,2846,0,1),

-- Spawn 24
-- [0] Position: X: -1215.4 Y: 8316.42 Z: 10.19497
-- [0] Orientation: 1.635489
(133978,17133,530,1,0,0,-1215.4,8316.42,10.19497,1.635489,300,300,40,0,6116,0,0,1),
(133980,17133,530,1,0,0,-1215.4,8316.42,10.19497,1.635489,300,300,40,0,6116,0,0,1),
(133981,17160,530,1,0,0,-1215.4,8316.42,10.19497,1.635489,300,300,40,0,4892,2846,0,1),
(133982,17160,530,1,0,0,-1215.4,8316.42,10.19497,1.635489,300,300,40,0,4892,2846,0,1),

-- Spawn 25
-- [0] Position: X: -1150.285 Y: 8316.681 Z: 22.53206
-- [0] Orientation: 5.034542
(133983,17133,530,1,0,0,-1150.285,8316.681,22.53206,5.034542,300,300,40,0,6116,0,0,1),
(133985,17133,530,1,0,0,-1150.285,8316.681,22.53206,5.034542,300,300,40,0,6116,0,0,1),
(133986,17160,530,1,0,0,-1150.285,8316.681,22.53206,5.034542,300,300,40,0,4892,2846,0,1),
(133987,17160,530,1,0,0,-1150.285,8316.681,22.53206,5.034542,300,300,40,0,4892,2846,0,1),

-- Dead Aged Clefthoof 1
-- [5] Position: X: -1016.175 Y: 8313.701 Z: 16.71024
-- [5] Orientation: 5.009095
(133990,17133,530,1,0,0,-1016.175,8313.701,16.71024,5.009095,300,300,0,0,6116,0,1,0),

-- Dead Aged Clefthoof 2
-- [2] Position: X: -781.6083 Y: 8482.63 Z: 40.52846
-- [2] Orientation: 5.8294
(133992,17133,530,1,0,0,-781.6083,8482.63,40.52846,5.8294,300,300,0,0,6116,0,1,0),

-- Dead Aged Clefthoof 3
-- [4] Position: X: -918.2128 Y: 8454.008 Z: 36.32331
-- [4] Orientation: 3.351032
(133993,17133,530,1,0,0,-918.2128,8454.008,36.32331,3.351032,300,300,0,0,6116,0,1,0),

-- Dead Aged Clefthoof 4
-- [6] Position: X: -1179.027 Y: 8585.521 Z: 35.36817
-- [6] Orientation: 2.75762
(133994,17133,530,1,0,0,-1179.027,8585.521,35.36817,2.75762,300,300,0,0,6116,0,1,0),

-- Dead Aged Clefthoof 5  
-- [7] Position: X: -649.6729 Y: 8326.309 Z: 51.29285  
-- [7] Orientation: 0.541052  
(133988,17133,530,1,0,0,-649.6729,8326.309,51.29285,0.541052,300,300,0,0,6116,0,1,0);  


-- Addons for the dead Clefthooves
INSERT INTO creature_addon (guid, mount, bytes1, b2_0_sheath, b2_1_pvp_state, emote, moveflags, auras) VALUES 
(133990, 0, 0, 1, 16, 0, 0, '29266'),
(133992, 0, 0, 1, 16, 0, 0, '29266'),
(133993, 0, 0, 1, 16, 0, 0, '29266'),
(133994, 0, 0, 1, 16, 0, 0, '29266'),
(133988, 0, 0, 1, 16, 0, 0, '29266');

-- Pools
DELETE FROM pool_template WHERE entry BETWEEN 25725 AND 25774;
INSERT INTO pool_template (entry, max_limit, description) VALUES
(25725,1,'Aged Clefthoof/Living Cyclone 0'),
(25726,1,'Aged Clefthoof/Living Cyclone 1'),
(25727,1,'Aged Clefthoof/Living Cyclone 2'),
(25728,1,'Aged Clefthoof/Living Cyclone 3'),
(25729,1,'Aged Clefthoof/Living Cyclone 4'),
(25730,1,'Aged Clefthoof/Living Cyclone 5'),
(25731,1,'Aged Clefthoof/Living Cyclone 6'),
(25732,1,'Aged Clefthoof/Living Cyclone 7'),
(25733,1,'Aged Clefthoof/Living Cyclone 8'),
(25734,1,'Aged Clefthoof/Living Cyclone 9'),
(25735,1,'Aged Clefthoof/Living Cyclone 10'),
(25736,1,'Aged Clefthoof/Living Cyclone 11'),
(25737,1,'Aged Clefthoof/Living Cyclone 12'),
(25738,1,'Aged Clefthoof/Living Cyclone 13'),
(25739,1,'Aged Clefthoof/Living Cyclone 14'),
(25740,1,'Aged Clefthoof/Living Cyclone 15'),
(25741,1,'Aged Clefthoof/Living Cyclone 16'),
(25742,1,'Aged Clefthoof/Living Cyclone 17'),
(25743,1,'Aged Clefthoof/Living Cyclone 18'),
(25744,1,'Aged Clefthoof/Living Cyclone 19'),
(25745,1,'Aged Clefthoof/Living Cyclone 20'),
(25746,1,'Aged Clefthoof/Living Cyclone 21'),
(25747,1,'Aged Clefthoof/Living Cyclone 22'),
(25748,1,'Aged Clefthoof/Living Cyclone 23'),
(25749,1,'Aged Clefthoof/Living Cyclone 24'),
(25750,1,'Aged Clefthoof/Living Cyclone 25'),
(25751,1,'Aged Clefthoof/Living Cyclone 26'),
(25752,1,'Aged Clefthoof/Living Cyclone 27'),
(25753,1,'Aged Clefthoof/Living Cyclone 28'),
(25754,1,'Aged Clefthoof/Living Cyclone 29'),
(25755,1,'Aged Clefthoof/Living Cyclone 30'),
(25756,1,'Aged Clefthoof/Living Cyclone 31'),
(25757,1,'Aged Clefthoof/Living Cyclone 32'),
(25758,1,'Aged Clefthoof/Living Cyclone 33'),
(25759,1,'Aged Clefthoof/Living Cyclone 34'),
(25760,1,'Aged Clefthoof/Living Cyclone 35'),
(25761,1,'Aged Clefthoof/Living Cyclone 36'),
(25762,1,'Aged Clefthoof/Living Cyclone 37'),
(25763,1,'Aged Clefthoof/Living Cyclone 38'),
(25764,1,'Aged Clefthoof/Living Cyclone 39'),
(25765,1,'Aged Clefthoof/Living Cyclone 40'),
(25766,1,'Aged Clefthoof/Living Cyclone 41'),
(25767,1,'Aged Clefthoof/Living Cyclone 42'),
(25768,1,'Aged Clefthoof/Living Cyclone 43'),
(25769,1,'Aged Clefthoof/Living Cyclone 44'),
(25770,1,'Aged Clefthoof/Living Cyclone 45'),
(25771,1,'Aged Clefthoof/Living Cyclone 46'),
(25772,1,'Aged Clefthoof/Living Cyclone 47'),
(25773,1,'Aged Clefthoof/Living Cyclone 48'),
(25774,1,'Aged Clefthoof/Living Cyclone 49');


DELETE FROM pool_creature WHERE pool_entry BETWEEN 25725 AND 25774;
INSERT INTO pool_creature (guid, pool_entry, chance, description) VALUES
(60033,25725,90,'Aged Clefthoof 0'),
(60035,25725,10,'Living Cyclone 0'),

(60034,25726,90,'Aged Clefthoof 1'),
(60036,25726,10,'Living Cyclone 1'),

(60037,25727,90,'Aged Clefthoof 2'),
(60039,25727,10,'Living Cyclone 2'),

(60038,25728,90,'Aged Clefthoof 3'),
(60040,25728,10,'Living Cyclone 3'),

(60041,25729,90,'Aged Clefthoof 4'),
(60043,25729,10,'Living Cyclone 4'),

(60042,25730,90,'Aged Clefthoof 5'),
(60044,25730,10,'Living Cyclone 5'),

(60045,25731,90,'Aged Clefthoof 6'),
(60047,25731,10,'Living Cyclone 6'),

(60046,25732,90,'Aged Clefthoof 7'),
(60642,25732,10,'Living Cyclone 7'),

(60643,25733,90,'Aged Clefthoof 8'),
(60645,25733,10,'Living Cyclone 8'),

(60644,25734,90,'Aged Clefthoof 9'),
(60646,25734,10,'Living Cyclone 9'),

(60647,25735,90,'Aged Clefthoof 10'),
(60649,25735,10,'Living Cyclone 10'),

(60648,25736,90,'Aged Clefthoof 11'),
(60650,25736,10,'Living Cyclone 11'),

(60651,25737,90,'Aged Clefthoof 12'),
(60653,25737,10,'Living Cyclone 12'),

(60652,25738,90,'Aged Clefthoof 13'),
(60654,25738,10,'Living Cyclone 13'),

(60655,25739,90,'Aged Clefthoof 14'),
(60657,25739,10,'Living Cyclone 14'),

(60656,25740,90,'Aged Clefthoof 15'),
(60658,25740,10,'Living Cyclone 15'),

(130837,25741,90,'Aged Clefthoof 16'),
(130846,25741,10,'Living Cyclone 16'),

(130842,25742,90,'Aged Clefthoof 17'),
(130852,25742,10,'Living Cyclone 17'),

(130853,25743,90,'Aged Clefthoof 18'),
(130856,25743,10,'Living Cyclone 18'),

(130855,25744,90,'Aged Clefthoof 19'),
(132553,25744,10,'Living Cyclone 19'),

(132554,25745,90,'Aged Clefthoof 20'),
(132556,25745,10,'Living Cyclone 20'),

(132555,25746,90,'Aged Clefthoof 21'),
(132557,25746,10,'Living Cyclone 21'),

(132558,25747,90,'Aged Clefthoof 22'),
(132560,25747,10,'Living Cyclone 22'),

(132559,25748,90,'Aged Clefthoof 23'),
(132561,25748,10,'Living Cyclone 23'),

(132562,25749,90,'Aged Clefthoof 24'),
(132564,25749,10,'Living Cyclone 24'),

(132563,25750,90,'Aged Clefthoof 25'),
(132565,25750,10,'Living Cyclone 25'),

(132566,25751,90,'Aged Clefthoof 26'),
(132568,25751,10,'Living Cyclone 26'),

(132567,25752,90,'Aged Clefthoof 27'),
(132650,25752,10,'Living Cyclone 27'),

(132651,25753,90,'Aged Clefthoof 28'),
(132756,25753,10,'Living Cyclone 28'),

(132750,25754,90,'Aged Clefthoof 29'),
(132777,25754,10,'Living Cyclone 29'),

(132778,25755,90,'Aged Clefthoof 30'),
(132850,25755,10,'Living Cyclone 30'),

(132849,25756,90,'Aged Clefthoof 31'),
(132851,25756,10,'Living Cyclone 31'),

(132852,25757,90,'Aged Clefthoof 32'),
(132854,25757,10,'Living Cyclone 32'),

(132853,25758,90,'Aged Clefthoof 33'),
(132855,25758,10,'Living Cyclone 33'),

(132856,25759,90,'Aged Clefthoof 34'),
(132936,25759,10,'Living Cyclone 34'),

(132857,25760,90,'Aged Clefthoof 35'),
(132940,25760,10,'Living Cyclone 35'),

(132941,25761,90,'Aged Clefthoof 36'),
(133044,25761,10,'Living Cyclone 36'),

(132942,25762,90,'Aged Clefthoof 37'),
(133045,25762,10,'Living Cyclone 37'),

(133046,25763,90,'Aged Clefthoof 38'),
(133048,25763,10,'Living Cyclone 38'),

(133047,25764,90,'Aged Clefthoof 39'),
(133049,25764,10,'Living Cyclone 39'),

(133050,25765,90,'Aged Clefthoof 40'),
(133905,25765,10,'Living Cyclone 40'),

(133904,25766,90,'Aged Clefthoof 41'),
(133906,25766,10,'Living Cyclone 41'),

(133967,25767,90,'Aged Clefthoof 42'),
(133969,25767,10,'Living Cyclone 42'),

(133968,25768,90,'Aged Clefthoof 43'),
(133971,25768,10,'Living Cyclone 43'),

(133972,25769,90,'Aged Clefthoof 44'),
(133976,25769,10,'Living Cyclone 44'),

(133974,25770,90,'Aged Clefthoof 45'),
(133977,25770,10,'Living Cyclone 45'),

(133978,25771,90,'Aged Clefthoof 46'),
(133981,25771,10,'Living Cyclone 46'),

(133980,25772,90,'Aged Clefthoof 47'),
(133982,25772,10,'Living Cyclone 47'),

(133983,25773,90,'Aged Clefthoof 48'),
(133986,25773,10,'Living Cyclone 48'),

(133985,25774,90,'Aged Clefthoof 49'),
(133987,25774,10,'Living Cyclone 49');

-- 6/52=0,11538461538461538461538461538462 ca 10%

-- --------------------------------
-- Living cyclone patrols spawns and paths
-- Each spawn has two cyclones
-- Add some spawntime variance to mitigate them walking inside of each other
-- --------------------------------
-- Patrol 1 (2 spawns)
DELETE FROM creature_addon WHERE guid IN (133996,133997);
DELETE FROM creature_movement WHERE id IN (133996,133997);
DELETE FROM game_event_creature WHERE guid IN (133996,133997);
DELETE FROM game_event_creature_data WHERE guid IN (133996,133997);
DELETE FROM creature_battleground WHERE guid IN (133996,133997);
DELETE FROM creature_linking WHERE guid IN (133996,133997)
 OR master_guid IN (133996,133997);
DELETE FROM creature WHERE guid IN (133996,133997);
INSERT INTO creature (guid, id, map, spawnMask, modelid, equipment_id, position_x, position_y, position_z, orientation, spawntimesecsmin, spawntimesecsmax, spawndist, currentwaypoint, curhealth, curmana, DeathState, MovementType) VALUES 
(133996,17160,530,1,0,0,-2896.969,8035.114,-24.38417,1.997815,250,350,0,0,4892,2846,0,2),
(133997,17160,530,1,0,0,-2896.969,8035.114,-24.38417,1.997815,250,350,0,0,4892,2846,0,2);

DELETE FROM creature_movement WHERE id IN (133996,133997);
INSERT INTO creature_movement (id,point,position_x,position_y,position_z,waittime,script_id,orientation) VALUES
-- 133996
(133996,1,-2903.318,8049.034,-27.0892,0,0,100),
(133996,2,-2919.942,8073.774,-25.26093,0,0,100),
(133996,3,-2939.384,8101.231,-25.18138,0,0,100),
(133996,4,-2945.052,8140.905,-28.58905,0,0,100),
(133996,5,-2944.582,8181.592,-31.76427,0,0,100),
(133996,6,-2947.582,8209.604,-31.81929,0,0,100),
(133996,7,-2946.064,8243.527,-34.10613,0,0,100),
(133996,8,-2917.244,8281.002,-34.66471,0,0,100),
(133996,9,-2892.438,8316.073,-30.96409,0,0,100),
(133996,10,-2877.259,8347.396,-30.63196,0,0,100),
(133996,11,-2853.601,8385.958,-29.88808,0,0,100),
(133996,12,-2859.038,8428.78,-28.08234,0,0,100),
(133996,13,-2856.677,8452.514,-30.94338,0,0,100),
(133996,14,-2858.267,8495.241,-26.74526,0,0,100),
(133996,15,-2856.678,8517.177,-28.28844,0,0,100),
(133996,16,-2853.188,8559.837,-29.93813,0,0,100),
(133996,17,-2855.376,8582.365,-27.4674,0,0,100),
(133996,18,-2849.53,8612.431,-26.71777,0,0,100),
(133996,19,-2817.545,8641.117,-26.68429,0,0,100),
(133996,20,-2849.53,8612.431,-26.71777,0,0,100),
(133996,21,-2855.376,8582.365,-27.4674,0,0,100),
(133996,22,-2853.188,8559.837,-29.93813,0,0,100),
(133996,23,-2856.657,8517.269,-28.31164,0,0,100),
(133996,24,-2858.267,8495.241,-26.74526,0,0,100),
(133996,25,-2856.677,8452.514,-30.94338,0,0,100),
(133996,26,-2859.038,8428.78,-28.08234,0,0,100),
(133996,27,-2853.601,8385.958,-29.88808,0,0,100),
(133996,28,-2877.259,8347.396,-30.63196,0,0,100),
(133996,29,-2892.438,8316.073,-30.96409,0,0,100),
(133996,30,-2917.244,8281.002,-34.66471,0,0,100),
(133996,31,-2946.064,8243.527,-34.10613,0,0,100),
(133996,32,-2947.582,8209.604,-31.81929,0,0,100),
(133996,33,-2944.582,8181.592,-31.76427,0,0,100),
(133996,34,-2945.052,8140.905,-28.58905,0,0,100),
(133996,35,-2939.384,8101.231,-25.18138,0,0,100),
(133996,36,-2919.942,8073.774,-25.26093,0,0,100),
(133996,37,-2903.318,8049.034,-27.0892,0,0,100),
(133996,38,-2889.366,8028.957,-23.23175,0,0,100),
-- 133997
(133997,1,-2903.318,8049.034,-27.0892,0,0,100),
(133997,2,-2919.942,8073.774,-25.26093,0,0,100),
(133997,3,-2939.384,8101.231,-25.18138,0,0,100),
(133997,4,-2945.052,8140.905,-28.58905,0,0,100),
(133997,5,-2944.582,8181.592,-31.76427,0,0,100),
(133997,6,-2947.582,8209.604,-31.81929,0,0,100),
(133997,7,-2946.064,8243.527,-34.10613,0,0,100),
(133997,8,-2917.244,8281.002,-34.66471,0,0,100),
(133997,9,-2892.438,8316.073,-30.96409,0,0,100),
(133997,10,-2877.259,8347.396,-30.63196,0,0,100),
(133997,11,-2853.601,8385.958,-29.88808,0,0,100),
(133997,12,-2859.038,8428.78,-28.08234,0,0,100),
(133997,13,-2856.677,8452.514,-30.94338,0,0,100),
(133997,14,-2858.267,8495.241,-26.74526,0,0,100),
(133997,15,-2856.678,8517.177,-28.28844,0,0,100),
(133997,16,-2853.188,8559.837,-29.93813,0,0,100),
(133997,17,-2855.376,8582.365,-27.4674,0,0,100),
(133997,18,-2849.53,8612.431,-26.71777,0,0,100),
(133997,19,-2817.545,8641.117,-26.68429,0,0,100),
(133997,20,-2849.53,8612.431,-26.71777,0,0,100),
(133997,21,-2855.376,8582.365,-27.4674,0,0,100),
(133997,22,-2853.188,8559.837,-29.93813,0,0,100),
(133997,23,-2856.657,8517.269,-28.31164,0,0,100),
(133997,24,-2858.267,8495.241,-26.74526,0,0,100),
(133997,25,-2856.677,8452.514,-30.94338,0,0,100),
(133997,26,-2859.038,8428.78,-28.08234,0,0,100),
(133997,27,-2853.601,8385.958,-29.88808,0,0,100),
(133997,28,-2877.259,8347.396,-30.63196,0,0,100),
(133997,29,-2892.438,8316.073,-30.96409,0,0,100),
(133997,30,-2917.244,8281.002,-34.66471,0,0,100),
(133997,31,-2946.064,8243.527,-34.10613,0,0,100),
(133997,32,-2947.582,8209.604,-31.81929,0,0,100),
(133997,33,-2944.582,8181.592,-31.76427,0,0,100),
(133997,34,-2945.052,8140.905,-28.58905,0,0,100),
(133997,35,-2939.384,8101.231,-25.18138,0,0,100),
(133997,36,-2919.942,8073.774,-25.26093,0,0,100),
(133997,37,-2903.318,8049.034,-27.0892,0,0,100),
(133997,38,-2889.366,8028.957,-23.23175,0,0,100);

-- Patrol 2 (2 spawns)
DELETE FROM creature_addon WHERE guid IN (133998,133999);
DELETE FROM creature_movement WHERE id IN (133998,133999);
DELETE FROM game_event_creature WHERE guid IN (133998,133999);
DELETE FROM game_event_creature_data WHERE guid IN (133998,133999);
DELETE FROM creature_battleground WHERE guid IN (133998,133999);
DELETE FROM creature_linking WHERE guid IN (133998,133999)
 OR master_guid IN (133998,133999);
DELETE FROM creature WHERE guid IN (133998,133999);
INSERT INTO creature (guid, id, map, spawnMask, modelid, equipment_id, position_x, position_y, position_z, orientation, spawntimesecsmin, spawntimesecsmax, spawndist, currentwaypoint, curhealth, curmana, DeathState, MovementType) VALUES 
(133998,17160,530,1,0,0,-2219.469,8492.304,-17.38332,3.395092,250,350,0,0,4892,2846,0,2),
(133999,17160,530,1,0,0,-2219.469,8492.304,-17.38332,3.395092,250,350,0,0,4892,2846,0,2);
DELETE FROM creature_movement WHERE id IN (133998,133999);
INSERT INTO creature_movement (id,point,position_x,position_y,position_z,waittime,script_id,orientation) VALUES
-- 133998
(133998,1,-2238.474,8487.379,-21.03293,0,0,100),
(133998,2,-2277.136,8483.414,-26.4971,0,0,100),
(133998,3,-2308.262,8476.008,-29.17769,0,0,100),
(133998,4,-2345.504,8477.997,-30.90099,0,0,100),
(133998,5,-2364.434,8497.359,-31.07763,0,0,100),
(133998,6,-2367.283,8535.326,-28.59096,0,0,100),
(133998,7,-2351.888,8556.479,-28.04724,0,0,100),
(133998,8,-2336.347,8590.104,-22.48362,0,0,100),
(133998,9,-2331.542,8630.749,-18.74926,0,0,100),
(133998,10,-2323.383,8653.95,-13.83212,0,0,100),
(133998,11,-2285.37,8678.987,-9.866146,0,0,100),
(133998,12,-2249.575,8682.16,-6.651469,0,0,100),
(133998,13,-2217.703,8677.276,-4.277638,0,0,100),
(133998,14,-2186.941,8648.729,-2.0964,0,0,100),
(133998,15,-2206.948,8621.006,-4.644395,0,0,100),
(133998,16,-2232.338,8593.479,-10.63535,0,0,100),
(133998,17,-2239.154,8544.604,-14.44909,0,0,100),
(133998,18,-2211.254,8527.095,-15.15365,0,0,100),
(133998,19,-2213.736,8489.435,-16.74042,0,0,100),
-- 133999
(133999,1,-2238.474,8487.379,-21.03293,0,0,100),
(133999,2,-2277.136,8483.414,-26.4971,0,0,100),
(133999,3,-2308.262,8476.008,-29.17769,0,0,100),
(133999,4,-2345.504,8477.997,-30.90099,0,0,100),
(133999,5,-2364.434,8497.359,-31.07763,0,0,100),
(133999,6,-2367.283,8535.326,-28.59096,0,0,100),
(133999,7,-2351.888,8556.479,-28.04724,0,0,100),
(133999,8,-2336.347,8590.104,-22.48362,0,0,100),
(133999,9,-2331.542,8630.749,-18.74926,0,0,100),
(133999,10,-2323.383,8653.95,-13.83212,0,0,100),
(133999,11,-2285.37,8678.987,-9.866146,0,0,100),
(133999,12,-2249.575,8682.16,-6.651469,0,0,100),
(133999,13,-2217.703,8677.276,-4.277638,0,0,100),
(133999,14,-2186.941,8648.729,-2.0964,0,0,100),
(133999,15,-2206.948,8621.006,-4.644395,0,0,100),
(133999,16,-2232.338,8593.479,-10.63535,0,0,100),
(133999,17,-2239.154,8544.604,-14.44909,0,0,100),
(133999,18,-2211.254,8527.095,-15.15365,0,0,100),
(133999,19,-2213.736,8489.435,-16.74042,0,0,100);

-- Patrol 3 (2 spawns)
DELETE FROM creature_addon WHERE guid IN (134210,134211);
DELETE FROM creature_movement WHERE id IN (134210,134211);
DELETE FROM game_event_creature WHERE guid IN (134210,134211);
DELETE FROM game_event_creature_data WHERE guid IN (134210,134211);
DELETE FROM creature_battleground WHERE guid IN (134210,134211);
DELETE FROM creature_linking WHERE guid IN (134210,134211)
 OR master_guid IN (134210,134211);
DELETE FROM creature WHERE guid IN (134210,134211);
INSERT INTO creature (guid, id, map, spawnMask, modelid, equipment_id, position_x, position_y, position_z, orientation, spawntimesecsmin, spawntimesecsmax, spawndist, currentwaypoint, curhealth, curmana, DeathState, MovementType) VALUES 
(134210,17160,530,1,0,0,-1171.266,8158.208,2.04964,1.607923,250,350,0,0,4892,2846,0,2),
(134211,17160,530,1,0,0,-1171.266,8158.208,2.04964,1.607923,250,350,0,0,4892,2846,0,2);
DELETE FROM creature_movement WHERE id IN (134210,134211);
INSERT INTO creature_movement (id,point,position_x,position_y,position_z,waittime,script_id,orientation) VALUES
-- 134210
(134210,1,-1172.017,8178.213,0.5372419,0,0,100),
(134210,2,-1160.698,8207.382,4.640443,0,0,100),
(134210,3,-1161.428,8247.243,9.697338,0,0,100),
(134210,4,-1190.167,8266.042,11.52642,0,0,100),
(134210,5,-1210.557,8285.155,8.721731,0,0,100),
(134210,6,-1246.384,8283.997,3.52848,0,0,100),
(134210,7,-1282.349,8249.317,-1.806477,0,0,100),
(134210,8,-1281.811,8283.981,2.62603,0,0,100),
(134210,9,-1244.432,8295.132,5.114662,0,0,100),
(134210,10,-1217.713,8322.147,11.32874,0,0,100),
(134210,11,-1199.994,8343.831,19.89116,0,0,100),
(134210,12,-1174.593,8345.78,21.71001,0,0,100),
(134210,13,-1148.339,8336.47,21.45424,0,0,100),
(134210,14,-1115.02,8317.928,21.47141,0,0,100),
(134210,15,-1087.637,8321.727,20.94235,0,0,100),
(134210,16,-1042.851,8321.754,21.15097,0,0,100),
(134210,17,-1012.275,8301.104,14.73433,0,0,100),
(134210,18,-1042.851,8321.754,21.15097,0,0,100),
(134210,19,-1087.637,8321.727,20.94235,0,0,100),
(134210,20,-1115.02,8317.928,21.47141,0,0,100),
(134210,21,-1148.339,8336.47,21.45424,0,0,100),
(134210,22,-1174.593,8345.78,21.71001,0,0,100),
(134210,23,-1200.001,8343.857,19.75283,0,0,100),
(134210,24,-1217.576,8322.243,11.37049,0,0,100),
(134210,25,-1244.295,8295.228,5.261268,0,0,100),
(134210,26,-1281.619,8284.03,2.600396,0,0,100),
(134210,27,-1282.349,8249.317,-1.806477,0,0,100),
(134210,28,-1246.384,8283.997,3.52848,0,0,100),
(134210,29,-1210.557,8285.155,8.721731,0,0,100),
(134210,30,-1190.167,8266.042,11.52642,0,0,100),
(134210,31,-1161.428,8247.243,9.697338,0,0,100),
(134210,32,-1160.698,8207.382,4.640443,0,0,100),
(134210,33,-1171.898,8178.471,0.3945417,0,0,100),
(134210,34,-1174.598,8153.744,1.489087,0,0,100),
-- 134211
(134211,1,-1172.017,8178.213,0.5372419,0,0,100),
(134211,2,-1160.698,8207.382,4.640443,0,0,100),
(134211,3,-1161.428,8247.243,9.697338,0,0,100),
(134211,4,-1190.167,8266.042,11.52642,0,0,100),
(134211,5,-1210.557,8285.155,8.721731,0,0,100),
(134211,6,-1246.384,8283.997,3.52848,0,0,100),
(134211,7,-1282.349,8249.317,-1.806477,0,0,100),
(134211,8,-1281.811,8283.981,2.62603,0,0,100),
(134211,9,-1244.432,8295.132,5.114662,0,0,100),
(134211,10,-1217.713,8322.147,11.32874,0,0,100),
(134211,11,-1199.994,8343.831,19.89116,0,0,100),
(134211,12,-1174.593,8345.78,21.71001,0,0,100),
(134211,13,-1148.339,8336.47,21.45424,0,0,100),
(134211,14,-1115.02,8317.928,21.47141,0,0,100),
(134211,15,-1087.637,8321.727,20.94235,0,0,100),
(134211,16,-1042.851,8321.754,21.15097,0,0,100),
(134211,17,-1012.275,8301.104,14.73433,0,0,100),
(134211,18,-1042.851,8321.754,21.15097,0,0,100),
(134211,19,-1087.637,8321.727,20.94235,0,0,100),
(134211,20,-1115.02,8317.928,21.47141,0,0,100),
(134211,21,-1148.339,8336.47,21.45424,0,0,100),
(134211,22,-1174.593,8345.78,21.71001,0,0,100),
(134211,23,-1200.001,8343.857,19.75283,0,0,100),
(134211,24,-1217.576,8322.243,11.37049,0,0,100),
(134211,25,-1244.295,8295.228,5.261268,0,0,100),
(134211,26,-1281.619,8284.03,2.600396,0,0,100),
(134211,27,-1282.349,8249.317,-1.806477,0,0,100),
(134211,28,-1246.384,8283.997,3.52848,0,0,100),
(134211,29,-1210.557,8285.155,8.721731,0,0,100),
(134211,30,-1190.167,8266.042,11.52642,0,0,100),
(134211,31,-1161.428,8247.243,9.697338,0,0,100),
(134211,32,-1160.698,8207.382,4.640443,0,0,100),
(134211,33,-1171.898,8178.471,0.3945417,0,0,100),
(134211,34,-1174.598,8153.744,1.489087,0,0,100);

-- Patrol 4 (2 spawns)
DELETE FROM creature_addon WHERE guid IN (134212,134213);
DELETE FROM creature_movement WHERE id IN (134212,134213);
DELETE FROM game_event_creature WHERE guid IN (134212,134213);
DELETE FROM game_event_creature_data WHERE guid IN (134212,134213);
DELETE FROM creature_battleground WHERE guid IN (134212,134213);
DELETE FROM creature_linking WHERE guid IN (134212,134213)
 OR master_guid IN (134212,134213);
DELETE FROM creature WHERE guid IN (134212,134213);
INSERT INTO creature (guid, id, map, spawnMask, modelid, equipment_id, position_x, position_y, position_z, orientation, spawntimesecsmin, spawntimesecsmax, spawndist, currentwaypoint, curhealth, curmana, DeathState, MovementType) VALUES 
(134212,17160,530,1,0,0,-1414.406,8209.404,-12.09297,1.582515,250,350,0,0,4892,2846,0,2),
(134213,17160,530,1,0,0,-1414.406,8209.404,-12.09297,1.582515,250,350,0,0,4892,2846,0,2);
DELETE FROM creature_movement WHERE id IN (134212,134213);
INSERT INTO creature_movement (id,point,position_x,position_y,position_z,waittime,script_id,orientation) VALUES
-- 134212
(134212,1,-1414.909,8250.661,-10.30559,0,0,100),
(134212,2,-1418.606,8283.694,-6.169669,0,0,100),
(134212,3,-1417.956,8318.574,-7.958537,0,0,100),
(134212,4,-1395.485,8345.972,-7.455865,0,0,100),
(134212,5,-1365.838,8367.249,-4.733907,0,0,100),
(134212,6,-1324.995,8371.494,-2.414967,0,0,100),
(134212,7,-1288.804,8380.227,9.185803,0,0,100),
(134212,8,-1259.35,8363.758,9.90521,0,0,100),
(134212,9,-1240.421,8328.398,13.64442,0,0,100),
(134212,10,-1221.319,8307.526,7.923836,0,0,100),
(134212,11,-1205.005,8279.311,9.724905,0,0,100),
(134212,12,-1207.887,8238.391,4.67718,0,0,100),
(134212,13,-1203.182,8214.808,1.516531,0,0,100),
(134212,14,-1179.796,8188.68,-0.5854387,0,0,100),
(134212,15,-1140.971,8187.139,3.48842,0,0,100),
(134212,16,-1116.588,8182.441,3.153251,0,0,100),
(134212,17,-1082.334,8184.633,7.848004,0,0,100),
(134212,18,-1050.828,8195.555,8.201075,0,0,100),
(134212,19,-1017.649,8215.821,11.37515,0,0,100),
(134212,20,-1050.828,8195.555,8.201075,0,0,100),
(134212,21,-1082.334,8184.633,7.848004,0,0,100),
(134212,22,-1116.588,8182.441,3.153251,0,0,100),
(134212,23,-1140.971,8187.139,3.48842,0,0,100),
(134212,24,-1179.796,8188.68,-0.5854387,0,0,100),
(134212,25,-1203.182,8214.808,1.516531,0,0,100),
(134212,26,-1207.857,8238.366,4.629817,0,0,100),
(134212,27,-1205.005,8279.311,9.724905,0,0,100),
(134212,28,-1221.319,8307.526,7.923836,0,0,100),
(134212,29,-1240.421,8328.398,13.64442,0,0,100),
(134212,30,-1259.35,8363.758,9.90521,0,0,100),
(134212,31,-1288.804,8380.227,9.185803,0,0,100),
(134212,32,-1324.995,8371.494,-2.414967,0,0,100),
(134212,33,-1365.838,8367.249,-4.733907,0,0,100),
(134212,34,-1395.485,8345.972,-7.455865,0,0,100),
(134212,35,-1417.956,8318.574,-7.958537,0,0,100),
(134212,36,-1418.606,8283.694,-6.169669,0,0,100),
(134212,37,-1414.909,8250.661,-10.30559,0,0,100),
(134212,38,-1416.883,8208.572,-12.19331,0,0,100),
-- 134213
(134213,1,-1414.909,8250.661,-10.30559,0,0,100),
(134213,2,-1418.606,8283.694,-6.169669,0,0,100),
(134213,3,-1417.956,8318.574,-7.958537,0,0,100),
(134213,4,-1395.485,8345.972,-7.455865,0,0,100),
(134213,5,-1365.838,8367.249,-4.733907,0,0,100),
(134213,6,-1324.995,8371.494,-2.414967,0,0,100),
(134213,7,-1288.804,8380.227,9.185803,0,0,100),
(134213,8,-1259.35,8363.758,9.90521,0,0,100),
(134213,9,-1240.421,8328.398,13.64442,0,0,100),
(134213,10,-1221.319,8307.526,7.923836,0,0,100),
(134213,11,-1205.005,8279.311,9.724905,0,0,100),
(134213,12,-1207.887,8238.391,4.67718,0,0,100),
(134213,13,-1203.182,8214.808,1.516531,0,0,100),
(134213,14,-1179.796,8188.68,-0.5854387,0,0,100),
(134213,15,-1140.971,8187.139,3.48842,0,0,100),
(134213,16,-1116.588,8182.441,3.153251,0,0,100),
(134213,17,-1082.334,8184.633,7.848004,0,0,100),
(134213,18,-1050.828,8195.555,8.201075,0,0,100),
(134213,19,-1017.649,8215.821,11.37515,0,0,100),
(134213,20,-1050.828,8195.555,8.201075,0,0,100),
(134213,21,-1082.334,8184.633,7.848004,0,0,100),
(134213,22,-1116.588,8182.441,3.153251,0,0,100),
(134213,23,-1140.971,8187.139,3.48842,0,0,100),
(134213,24,-1179.796,8188.68,-0.5854387,0,0,100),
(134213,25,-1203.182,8214.808,1.516531,0,0,100),
(134213,26,-1207.857,8238.366,4.629817,0,0,100),
(134213,27,-1205.005,8279.311,9.724905,0,0,100),
(134213,28,-1221.319,8307.526,7.923836,0,0,100),
(134213,29,-1240.421,8328.398,13.64442,0,0,100),
(134213,30,-1259.35,8363.758,9.90521,0,0,100),
(134213,31,-1288.804,8380.227,9.185803,0,0,100),
(134213,32,-1324.995,8371.494,-2.414967,0,0,100),
(134213,33,-1365.838,8367.249,-4.733907,0,0,100),
(134213,34,-1395.485,8345.972,-7.455865,0,0,100),
(134213,35,-1417.956,8318.574,-7.958537,0,0,100),
(134213,36,-1418.606,8283.694,-6.169669,0,0,100),
(134213,37,-1414.909,8250.661,-10.30559,0,0,100),
(134213,38,-1416.883,8208.572,-12.19331,0,0,100);

-- Patrol 5 (2 spawns)
DELETE FROM creature_addon WHERE guid IN (134214,134215);
DELETE FROM creature_movement WHERE id IN (134214,134215);
DELETE FROM game_event_creature WHERE guid IN (134214,134215);
DELETE FROM game_event_creature_data WHERE guid IN (134214,134215);
DELETE FROM creature_battleground WHERE guid IN (134214,134215);
DELETE FROM creature_linking WHERE guid IN (134214,134215)
 OR master_guid IN (134214,134215);
DELETE FROM creature WHERE guid IN (134214,134215);
INSERT INTO creature (guid, id, map, spawnMask, modelid, equipment_id, position_x, position_y, position_z, orientation, spawntimesecsmin, spawntimesecsmax, spawndist, currentwaypoint, curhealth, curmana, DeathState, MovementType) VALUES 
(134214,17160,530,1,0,0,-993.2563,8507.847,45.41163,4.559584,250,350,0,0,4892,2846,0,2),
(134215,17160,530,1,0,0,-993.2563,8507.847,45.41163,4.559584,250,350,0,0,4892,2846,0,2);
DELETE FROM creature_movement WHERE id IN (134214,134215);
INSERT INTO creature_movement (id,point,position_x,position_y,position_z,waittime,script_id,orientation) VALUES
-- 134214
(134214,1,-996.2846,8488.228,40.47235,0,0,100),
(134214,2,-1004.432,8459.952,37.51105,0,0,100),
(134214,3,-987.2249,8443.335,39.57324,0,0,100),
(134214,4,-973.2867,8420.192,34.03647,0,0,100),
(134214,5,-947.3079,8407.58,36.53781,0,0,100),
(134214,6,-912.5471,8401.159,29.29072,0,0,100),
(134214,7,-885.2461,8411.015,34.20648,0,0,100),
(134214,8,-878.8407,8445.862,34.61027,0,0,100),
(134214,9,-841.7397,8462.116,33.87535,0,0,100),
(134214,10,-814.834,8469.8,36.48824,0,0,100),
(134214,11,-784.3047,8483.198,40.13872,0,0,100),
(134214,12,-764.8979,8509.585,41.69028,0,0,100),
(134214,13,-759.9866,8536.833,46.90839,0,0,100),
(134214,14,-748.8098,8559.441,47.44495,0,0,100),
(134214,15,-716.6027,8546.078,49.76283,0,0,100),
(134214,16,-716.8503,8552.135,49.48463,0,0,100),
(134214,17,-701.6,8518.474,46.52542,0,0,100),
(134214,18,-694.2049,8495.844,43.64202,0,0,100),
(134214,19,-722.3024,8466.672,36.89064,0,0,100),
(134214,20,-753.3369,8476.757,40.67923,0,0,100),
(134214,21,-782.2423,8507.567,41.23888,0,0,100),
(134214,22,-811.5039,8522.811,46.81767,0,0,100),
(134214,23,-849.2325,8505.189,46.29662,0,0,100),
(134214,24,-886.6031,8491.669,46.87354,0,0,100),
(134214,25,-917.4891,8504.447,45.20967,0,0,100),
(134214,26,-951.8387,8516.548,47.25972,0,0,100),
(134214,27,-984.6141,8512.034,44.5666,0,0,100),
-- 134215
(134215,1,-996.2846,8488.228,40.47235,0,0,100),
(134215,2,-1004.432,8459.952,37.51105,0,0,100),
(134215,3,-987.2249,8443.335,39.57324,0,0,100),
(134215,4,-973.2867,8420.192,34.03647,0,0,100),
(134215,5,-947.3079,8407.58,36.53781,0,0,100),
(134215,6,-912.5471,8401.159,29.29072,0,0,100),
(134215,7,-885.2461,8411.015,34.20648,0,0,100),
(134215,8,-878.8407,8445.862,34.61027,0,0,100),
(134215,9,-841.7397,8462.116,33.87535,0,0,100),
(134215,10,-814.834,8469.8,36.48824,0,0,100),
(134215,11,-784.3047,8483.198,40.13872,0,0,100),
(134215,12,-764.8979,8509.585,41.69028,0,0,100),
(134215,13,-759.9866,8536.833,46.90839,0,0,100),
(134215,14,-748.8098,8559.441,47.44495,0,0,100),
(134215,15,-716.6027,8546.078,49.76283,0,0,100),
(134215,16,-716.8503,8552.135,49.48463,0,0,100),
(134215,17,-701.6,8518.474,46.52542,0,0,100),
(134215,18,-694.2049,8495.844,43.64202,0,0,100),
(134215,19,-722.3024,8466.672,36.89064,0,0,100),
(134215,20,-753.3369,8476.757,40.67923,0,0,100),
(134215,21,-782.2423,8507.567,41.23888,0,0,100),
(134215,22,-811.5039,8522.811,46.81767,0,0,100),
(134215,23,-849.2325,8505.189,46.29662,0,0,100),
(134215,24,-886.6031,8491.669,46.87354,0,0,100),
(134215,25,-917.4891,8504.447,45.20967,0,0,100),
(134215,26,-951.8387,8516.548,47.25972,0,0,100),
(134215,27,-984.6141,8512.034,44.5666,0,0,100);

-- Patrol 6 (2 spawns)
DELETE FROM creature_addon WHERE guid IN (134216,134217);
DELETE FROM creature_movement WHERE id IN (134216,134217);
DELETE FROM game_event_creature WHERE guid IN (134216,134217);
DELETE FROM game_event_creature_data WHERE guid IN (134216,134217);
DELETE FROM creature_battleground WHERE guid IN (134216,134217);
DELETE FROM creature_linking WHERE guid IN (134216,134217)
 OR master_guid IN (134216,134217);
DELETE FROM creature WHERE guid IN (134216,134217);
INSERT INTO creature (guid, id, map, spawnMask, modelid, equipment_id, position_x, position_y, position_z, orientation, spawntimesecsmin, spawntimesecsmax, spawndist, currentwaypoint, curhealth, curmana, DeathState, MovementType) VALUES 
(134216,17160,530,1,0,0,-1302.443,8809.847,40.77694,4.439162,250,350,0,0,4892,2846,0,2),
(134217,17160,530,1,0,0,-1302.443,8809.847,40.77694,4.439162,250,350,0,0,4892,2846,0,2);
DELETE FROM creature_movement WHERE id IN (134216,134217);
INSERT INTO creature_movement (id,point,position_x,position_y,position_z,waittime,script_id,orientation) VALUES
-- 134216
(134216,1,-1307.374,8792.206,33.698208,0,0,100),
(134216,2,-1310.681,8751.317,35.49674,0,0,100),
(134216,3,-1314.012,8721.112,28.55593,0,0,100),
(134216,4,-1326.56,8691.868,29.95507,0,0,100),
(134216,5,-1330.098,8651.96,23.56042,0,0,100),
(134216,6,-1325.821,8612.232,24.26864,0,0,100),
(134216,7,-1295.893,8580.027,19.72224,0,0,100),
(134216,8,-1259.329,8562.737,23.98466,0,0,100),
(134216,9,-1222.119,8552.384,29.72926,0,0,100),
(134216,10,-1184.475,8523.736,30.63375,0,0,100),
(134216,11,-1144.148,8509.619,30.77948,0,0,100),
(134216,12,-1115.52,8508.893,32.89751,0,0,100),
(134216,13,-1073.789,8489.465,36.56794,0,0,100),
(134216,14,-1115.52,8508.893,32.89751,0,0,100),
(134216,15,-1144.148,8509.619,30.77948,0,0,100),
(134216,16,-1184.475,8523.736,30.63375,0,0,100),
(134216,17,-1222.119,8552.384,29.72926,0,0,100),
(134216,18,-1259.329,8562.737,23.98466,0,0,100),
(134216,19,-1295.893,8580.027,19.72224,0,0,100),
(134216,20,-1325.821,8612.232,24.26864,0,0,100),
(134216,21,-1330.098,8651.96,23.56042,0,0,100),
(134216,22,-1326.56,8691.868,29.95507,0,0,100),
(134216,23,-1314.012,8721.112,28.55593,0,0,100),
(134216,24,-1310.681,8751.317,35.49674,0,0,100),
(134216,25,-1307.374,8792.206,33.80357,0,0,100),
(134216,26,-1304.622,8821.599,44.720394,0,0,100),
-- 134217
(134217,1,-1307.374,8792.206,33.698208,0,0,100),
(134217,2,-1310.681,8751.317,35.49674,0,0,100),
(134217,3,-1314.012,8721.112,28.55593,0,0,100),
(134217,4,-1326.56,8691.868,29.95507,0,0,100),
(134217,5,-1330.098,8651.96,23.56042,0,0,100),
(134217,6,-1325.821,8612.232,24.26864,0,0,100),
(134217,7,-1295.893,8580.027,19.72224,0,0,100),
(134217,8,-1259.329,8562.737,23.98466,0,0,100),
(134217,9,-1222.119,8552.384,29.72926,0,0,100),
(134217,10,-1184.475,8523.736,30.63375,0,0,100),
(134217,11,-1144.148,8509.619,30.77948,0,0,100),
(134217,12,-1115.52,8508.893,32.89751,0,0,100),
(134217,13,-1073.789,8489.465,36.56794,0,0,100),
(134217,14,-1115.52,8508.893,32.89751,0,0,100),
(134217,15,-1144.148,8509.619,30.77948,0,0,100),
(134217,16,-1184.475,8523.736,30.63375,0,0,100),
(134217,17,-1222.119,8552.384,29.72926,0,0,100),
(134217,18,-1259.329,8562.737,23.98466,0,0,100),
(134217,19,-1295.893,8580.027,19.72224,0,0,100),
(134217,20,-1325.821,8612.232,24.26864,0,0,100),
(134217,21,-1330.098,8651.96,23.56042,0,0,100),
(134217,22,-1326.56,8691.868,29.95507,0,0,100),
(134217,23,-1314.012,8721.112,28.55593,0,0,100),
(134217,24,-1310.681,8751.317,35.49674,0,0,100),
(134217,25,-1307.374,8792.206,33.80357,0,0,100),
(134217,26,-1304.622,8821.599,44.720394,0,0,100);

-- Patrol 7 (2 spawns)
DELETE FROM creature_addon WHERE guid IN (134218,134219);
DELETE FROM creature_movement WHERE id IN (134218,134219);
DELETE FROM game_event_creature WHERE guid IN (134218,134219);
DELETE FROM game_event_creature_data WHERE guid IN (134218,134219);
DELETE FROM creature_battleground WHERE guid IN (134218,134219);
DELETE FROM creature_linking WHERE guid IN (134218,134219)
 OR master_guid IN (134218,134219);
DELETE FROM creature WHERE guid IN (134218,134219);
INSERT INTO creature (guid, id, map, spawnMask, modelid, equipment_id, position_x, position_y, position_z, orientation, spawntimesecsmin, spawntimesecsmax, spawndist, currentwaypoint, curhealth, curmana, DeathState, MovementType) VALUES 
(134218,17160,530,1,0,0,-1484.134,8906.708,43.62703,4.644265,250,350,0,0,4892,2846,0,2),
(134219,17160,530,1,0,0,-1484.134,8906.708,43.62703,4.644265,250,350,0,0,4892,2846,0,2);
DELETE FROM creature_movement WHERE id IN (134218,134219);
INSERT INTO creature_movement (id,point,position_x,position_y,position_z,waittime,script_id,orientation) VALUES
-- 134218
(134218,1,-1485.782,8882.88,38.06403,0,0,100),
(134218,2,-1483.716,8850.174,37.64758,0,0,100),
(134218,3,-1476.924,8823.433,33.79283,0,0,100),
(134218,4,-1458.326,8809.182,28.12415,0,0,100),
(134218,5,-1440.807,8788.102,28.85206,0,0,100),
(134218,6,-1417.928,8779.955,29.27583,0,0,100),
(134218,7,-1390.26,8773.882,31.86887,0,0,100),
(134218,8,-1378.901,8754.347,29.45609,0,0,100),
(134218,9,-1358.365,8734.586,28.13735,0,0,100),
(134218,10,-1332.406,8729.442,29.19393,0,0,100),
(134218,11,-1302.121,8728.216,30.5491,0,0,100),
(134218,12,-1277.536,8741.427,34.91309,0,0,100),
(134218,13,-1252.095,8750.939,35.26324,0,0,100),
(134218,14,-1222.277,8735.464,37.26529,0,0,100),
(134218,15,-1205.423,8725.415,39.55539,0,0,100),
(134218,16,-1173.78,8704.84,40.73092,0,0,100),
(134218,17,-1150.69,8722.107,43.23405,0,0,100),
(134218,18,-1173.78,8704.84,40.73092,0,0,100),
(134218,19,-1205.423,8725.415,39.55539,0,0,100),
(134218,20,-1222.277,8735.464,37.26529,0,0,100),
(134218,21,-1252.095,8750.939,35.26324,0,0,100),
(134218,22,-1277.536,8741.427,34.91309,0,0,100),
(134218,23,-1302.121,8728.216,30.5491,0,0,100),
(134218,24,-1332.406,8729.442,29.19393,0,0,100),
(134218,25,-1358.365,8734.586,28.13735,0,0,100),
(134218,26,-1378.901,8754.347,29.45609,0,0,100),
(134218,27,-1390.26,8773.882,31.86887,0,0,100),
(134218,28,-1417.928,8779.955,29.27583,0,0,100),
(134218,29,-1440.807,8788.102,28.85206,0,0,100),
(134218,30,-1458.326,8809.182,28.12415,0,0,100),
(134218,31,-1476.924,8823.433,33.79283,0,0,100),
(134218,32,-1483.716,8850.174,37.64758,0,0,100),
(134218,33,-1485.782,8882.88,38.06403,0,0,100),
(134218,34,-1487.405,8910.275,43.90042,0,0,100),
-- 134219
(134219,1,-1485.782,8882.88,38.06403,0,0,100),
(134219,2,-1483.716,8850.174,37.64758,0,0,100),
(134219,3,-1476.924,8823.433,33.79283,0,0,100),
(134219,4,-1458.326,8809.182,28.12415,0,0,100),
(134219,5,-1440.807,8788.102,28.85206,0,0,100),
(134219,6,-1417.928,8779.955,29.27583,0,0,100),
(134219,7,-1390.26,8773.882,31.86887,0,0,100),
(134219,8,-1378.901,8754.347,29.45609,0,0,100),
(134219,9,-1358.365,8734.586,28.13735,0,0,100),
(134219,10,-1332.406,8729.442,29.19393,0,0,100),
(134219,11,-1302.121,8728.216,30.5491,0,0,100),
(134219,12,-1277.536,8741.427,34.91309,0,0,100),
(134219,13,-1252.095,8750.939,35.26324,0,0,100),
(134219,14,-1222.277,8735.464,37.26529,0,0,100),
(134219,15,-1205.423,8725.415,39.55539,0,0,100),
(134219,16,-1173.78,8704.84,40.73092,0,0,100),
(134219,17,-1150.69,8722.107,43.23405,0,0,100),
(134219,18,-1173.78,8704.84,40.73092,0,0,100),
(134219,19,-1205.423,8725.415,39.55539,0,0,100),
(134219,20,-1222.277,8735.464,37.26529,0,0,100),
(134219,21,-1252.095,8750.939,35.26324,0,0,100),
(134219,22,-1277.536,8741.427,34.91309,0,0,100),
(134219,23,-1302.121,8728.216,30.5491,0,0,100),
(134219,24,-1332.406,8729.442,29.19393,0,0,100),
(134219,25,-1358.365,8734.586,28.13735,0,0,100),
(134219,26,-1378.901,8754.347,29.45609,0,0,100),
(134219,27,-1390.26,8773.882,31.86887,0,0,100),
(134219,28,-1417.928,8779.955,29.27583,0,0,100),
(134219,29,-1440.807,8788.102,28.85206,0,0,100),
(134219,30,-1458.326,8809.182,28.12415,0,0,100),
(134219,31,-1476.924,8823.433,33.79283,0,0,100),
(134219,32,-1483.716,8850.174,37.64758,0,0,100),
(134219,33,-1485.782,8882.88,38.06403,0,0,100),
(134219,34,-1487.405,8910.275,43.90042,0,0,100);

-- Patrol 8 (2 spawns)
DELETE FROM creature_addon WHERE guid IN (134649,134650);
DELETE FROM creature_movement WHERE id IN (134649,134650);
DELETE FROM game_event_creature WHERE guid IN (134649,134650);
DELETE FROM game_event_creature_data WHERE guid IN (134649,134650);
DELETE FROM creature_battleground WHERE guid IN (134649,134650);
DELETE FROM creature_linking WHERE guid IN (134649,134650)
 OR master_guid IN (134649,134650);
DELETE FROM creature WHERE guid IN (134649,134650);
INSERT INTO creature (guid, id, map, spawnMask, modelid, equipment_id, position_x, position_y, position_z, orientation, spawntimesecsmin, spawntimesecsmax, spawndist, currentwaypoint, curhealth, curmana, DeathState, MovementType) VALUES 
(134649,17160,530,1,0,0,-1977.523,8858.064,24.81131,1.592562,250,350,0,0,4892,2846,0,2),
(134650,17160,530,1,0,0,-1977.523,8858.064,24.81131,1.592562,250,350,0,0,4892,2846,0,2);
DELETE FROM creature_movement WHERE id IN (134649,134650);
INSERT INTO creature_movement (id,point,position_x,position_y,position_z,waittime,script_id,orientation) VALUES
-- 134649
(134649,1,-1978.105,8884.524,32.84022,0,0,100),
(134649,2,-1971.511,8910.174,39.81952,0,0,100),
(134649,3,-1954.881,8914.625,40.04894,0,0,100),
(134649,4,-1921.306,8917.802,36.69202,0,0,100),
(134649,5,-1897.579,8932.255,36.92422,0,0,100),
(134649,6,-1863.333,8945.285,42.0569,0,0,100),
(134649,7,-1841.021,8948.083,40.70759,0,0,100),
(134649,8,-1819.728,8933.294,38.88752,0,0,100),
(134649,9,-1804.153,8916.076,38.23695,0,0,100),
(134649,10,-1786.044,8899.261,35.08134,0,0,100),
(134649,11,-1753.67,8877.552,31.06865,0,0,100),
(134649,12,-1739.555,8858.625,35.14577,0,0,100),
(134649,13,-1716.99,8845.762,34.04393,0,0,100),
(134649,14,-1688.715,8833.107,35.37246,0,0,100),
(134649,15,-1663.036,8810.43,38.81459,0,0,100),
(134649,16,-1695.971,8800.584,32.97189,0,0,100),
(134649,17,-1716.43,8790.825,28.85881,0,0,100),
(134649,18,-1753.749,8804.49,32.52661,0,0,100),
(134649,19,-1778.436,8813.425,28.68546,0,0,100),
(134649,20,-1815.219,8810.087,30.21824,0,0,100),
(134649,21,-1848.222,8828.624,27.45804,0,0,100),
(134649,22,-1881.595,8841.732,29.92701,0,0,100),
(134649,23,-1909.118,8824.645,28.73258,0,0,100),
(134649,24,-1944.275,8822.591,29.20881,0,0,100),
(134649,25,-1964.352,8835.756,25.29908,0,0,100),
(134649,26,-1978.011,8850.528,23.14643,0,0,100),
-- 134650
(134650,1,-1978.105,8884.524,32.84022,0,0,100),
(134650,2,-1971.511,8910.174,39.81952,0,0,100),
(134650,3,-1954.881,8914.625,40.04894,0,0,100),
(134650,4,-1921.306,8917.802,36.69202,0,0,100),
(134650,5,-1897.579,8932.255,36.92422,0,0,100),
(134650,6,-1863.333,8945.285,42.0569,0,0,100),
(134650,7,-1841.021,8948.083,40.70759,0,0,100),
(134650,8,-1819.728,8933.294,38.88752,0,0,100),
(134650,9,-1804.153,8916.076,38.23695,0,0,100),
(134650,10,-1786.044,8899.261,35.08134,0,0,100),
(134650,11,-1753.67,8877.552,31.06865,0,0,100),
(134650,12,-1739.555,8858.625,35.14577,0,0,100),
(134650,13,-1716.99,8845.762,34.04393,0,0,100),
(134650,14,-1688.715,8833.107,35.37246,0,0,100),
(134650,15,-1663.036,8810.43,38.81459,0,0,100),
(134650,16,-1695.971,8800.584,32.97189,0,0,100),
(134650,17,-1716.43,8790.825,28.85881,0,0,100),
(134650,18,-1753.749,8804.49,32.52661,0,0,100),
(134650,19,-1778.436,8813.425,28.68546,0,0,100),
(134650,20,-1815.219,8810.087,30.21824,0,0,100),
(134650,21,-1848.222,8828.624,27.45804,0,0,100),
(134650,22,-1881.595,8841.732,29.92701,0,0,100),
(134650,23,-1909.118,8824.645,28.73258,0,0,100),
(134650,24,-1944.275,8822.591,29.20881,0,0,100),
(134650,25,-1964.352,8835.756,25.29908,0,0,100),
(134650,26,-1978.011,8850.528,23.14643,0,0,100);
