-- Kil'sorrow Fortress Rework

-- ----------------------------------
-- Spawns
-- ----------------------------------
DELETE FROM creature_movement WHERE id IN(SELECT guid FROM creature WHERE id IN (17148,17147,17146,18033));
DELETE FROM creature_linking WHERE guid IN(SELECT guid FROM creature WHERE id IN (17148,17147,17146,18033));
DELETE FROM creature_addon WHERE guid IN(SELECT guid FROM creature WHERE id IN (17148,17147,17146,18033));
DELETE FROM creature WHERE id IN (17148,17147,17146,18033);
-- New Spawns - WoTLKDB free guids reused
DELETE FROM creature_addon WHERE guid BETWEEN 60198 AND 60255;
DELETE FROM creature_movement WHERE id BETWEEN 60198 AND 60255;
DELETE FROM game_event_creature WHERE guid BETWEEN 60198 AND 60255;
DELETE FROM game_event_creature_data WHERE guid BETWEEN 60198 AND 60255;
DELETE FROM creature_battleground WHERE guid BETWEEN 60198 AND 60255;
DELETE FROM creature_linking WHERE guid BETWEEN 60198 AND 60255
 OR master_guid BETWEEN 60198 AND 60255;
DELETE FROM creature WHERE guid BETWEEN 60198 AND 60255;

DELETE FROM creature_addon WHERE guid IN (28647,28649,28650,28651,28652,28653,28654,28655,28656,28657,63732,63733,63734,63735,63736,63737,63738,63739,63740,63741,63742,63743,65624,86598,
86599,86752,134651,134652,134653,134654,134655,134656,134659,134661,134662,134663,134665,134666,134667,134668,134673,134675,134677);
DELETE FROM creature_movement WHERE id IN (28647,28649,28650,28651,28652,28653,28654,28655,28656,28657,63732,63733,63734,63735,63736,63737,63738,63739,63740,63741,63742,63743,65624,86598,
86599,86752,134651,134652,134653,134654,134655,134656,134659,134661,134662,134663,134665,134666,134667,134668,134673,134675,134677);
DELETE FROM game_event_creature WHERE guid IN (28647,28649,28650,28651,28652,28653,28654,28655,28656,28657,63732,63733,63734,63735,63736,63737,63738,63739,63740,63741,63742,63743,65624,86598,
86599,86752,134651,134652,134653,134654,134655,134656,134659,134661,134662,134663,134665,134666,134667,134668,134673,134675,134677);
DELETE FROM game_event_creature_data WHERE guid IN (28647,28649,28650,28651,28652,28653,28654,28655,28656,28657,63732,63733,63734,63735,63736,63737,63738,63739,63740,63741,63742,63743,65624,86598,
86599,86752,134651,134652,134653,134654,134655,134656,134659,134661,134662,134663,134665,134666,134667,134668,134673,134675,134677);
DELETE FROM creature_battleground WHERE guid IN (28647,28649,28650,28651,28652,28653,28654,28655,28656,28657,63732,63733,63734,63735,63736,63737,63738,63739,63740,63741,63742,63743,65624,86598,
86599,86752,134651,134652,134653,134654,134655,134656,134659,134661,134662,134663,134665,134666,134667,134668,134673,134675,134677);
DELETE FROM creature_linking WHERE guid IN (28647,28649,28650,28651,28652,28653,28654,28655,28656,28657,63732,63733,63734,63735,63736,63737,63738,63739,63740,63741,63742,63743,65624,86598,
86599,86752,134651,134652,134653,134654,134655,134656,134659,134661,134662,134663,134665,134666,134667,134668,134673,134675,134677)
OR master_guid IN (28647,28649,28650,28651,28652,28653,28654,28655,28656,28657,63732,63733,63734,63735,63736,63737,63738,63739,63740,63741,63742,63743,65624,86598,
86599,86752,134651,134652,134653,134654,134655,134656,134659,134661,134662,134663,134665,134666,134667,134668,134673,134675,134677);
DELETE FROM creature WHERE guid IN (28647,28649,28650,28651,28652,28653,28654,28655,28656,28657,63732,63733,63734,63735,63736,63737,63738,63739,63740,63741,63742,63743,65624,86598,
86599,86752,134651,134652,134653,134654,134655,134656,134659,134661,134662,134663,134665,134666,134667,134668,134673,134675,134677);
INSERT INTO creature (guid, id, map, spawnMask, modelid, equipment_id, position_x, position_y, position_z, orientation, spawntimesecsmin, spawntimesecsmax, spawndist, currentwaypoint, curhealth, curmana, DeathState, MovementType) VALUES
-- Kil'sorrow Spellbinder
(28647,17146,530,1,0,0,-2988.963,6544.788,97.80074,5.479566,300,300,0,0,4892,2846,0,2), -- Pat 1
(28649,17146,530,1,0,0,-2790.542,6463.538,113.2004,2.024582,300,300,0,0,4892,2846,0,0), -- Pool 1
(28650,17146,530,1,0,0,-2851.465,6442.333,82.76097,0.1919862,300,300,0,0,4892,2846,0,2), -- Pool 2
(28651,17146,530,1,0,0,-2940.157,6331.498,88.37616,2.583087,300,300,0,0,4892,2846,0,2), -- Pool 3
(28652,17146,530,1,0,0,-2784.064,6464.784,64.80181,0.5585054,300,300,0,0,4892,2846,0,2), -- Pool 4
(28653,17146,530,1,0,0,-2856.643,6553.497,40.62695,2.566524,300,300,0,0,4892,2846,0,2), -- Pat 2
(28654,17146,530,1,0,0,-3014.77,6524.487,99.27354,2.932153,300,300,0,0,4892,2846,0,2), -- Pool 5
(28655,17146,530,1,0,0,-3018.984,6515.626,113.0427,3.246312,300,300,0,0,4892,2846,0,0),
(28656,17146,530,1,0,0,-2895.743,6476.679,87.25183,0.6108652,300,300,0,0,4892,2846,0,2),
(28657,17146,530,1,0,0,-2902.252,6456.314,82.74509,3.822271,300,300,0,0,4892,2846,0,0),
(60198,17146,530,1,0,0,-2894.214,6461.795,101.6347,1.448623,300,300,0,0,4892,2846,0,0), -- Pool 6
(60199,17146,530,1,0,0,-2976.344,6310.463,87.79397,4.415683,300,300,0,0,4892,2846,0,2), -- Pool 7
(60200,17146,530,1,0,0,-2891.762,6394.602,82.13757,2.268928,300,300,0,0,4892,2846,0,0), -- Channeler 1
(60201,17146,530,1,0,0,-2891.599,6406.182,82.13757,4.258604,300,300,0,0,4892,2846,0,0), -- Channeler 2
(60202,17146,530,1,0,0,-2902.995,6394.525,82.13757,0.5061455,300,300,0,0,4892,2846,0,0), -- Channeler 3
(60203,17146,530,1,0,0,-2903.005,6406.204,82.13757,5.550147,300,300,0,0,4892,2846,0,0), -- Channeler 4
(60204,17146,530,1,0,0,-2932.095,6329.07,88.55088,0.289823,300,300,0,0,4892,2846,0,2), -- Pat 3
(60205,17146,530,1,0,0,-2936.754,6354.426,88.35891,0.1396263,300,300,0,0,4892,2846,0,0),
(60206,17146,530,1,0,0,-2876.743,6318.747,81.37247,5.299649,300,300,0,0,4892,2846,0,2), -- Pat 4
(60207,17146,530,1,0,0,-2787.949,6434.54,61.93983,3.179073,300,300,0,0,4892,2846,0,2), -- Pat 5
(60208,17146,530,1,0,0,-2787.105,6414.782,62.24106,3.246312,300,300,0,0,4892,2846,0,0), -- Pool 8
(60209,17146,530,1,0,0,-2784.442,6397.672,62.22513,2.426008,300,300,0,0,4892,2846,0,0),
(60210,17146,530,1,0,0,-2783.241,6468.619,78.55157,0.4886922,300,300,0,0,4892,2846,0,0),
-- Kil'sorrow Cultist
(60211,17147,530,1,0,0,-2894.214,6461.795,101.6347,1.448623,300,300,0,0,4731,2790,0,0), -- Pool 6
(60212,17147,530,1,0,0,-3014.77,6524.487,99.27354,2.932153,300,300,0,0,4731,2790,0,2), -- Pool 5
(60213,17147,530,1,0,0,-2991.852,6542.166,97.76133,5.479566,300,300,0,0,4731,2790,0,0), -- Pat 1
(60214,17147,530,1,0,0,-2976.344,6310.463,87.79397,4.415683,300,300,0,0,4731,2790,0,2), -- Pool 7
(60215,17147,530,1,0,0,-2787.105,6414.782,62.24106,3.246312,300,300,0,0,4731,2790,0,0), -- Pool 8
(60216,17147,530,1,0,0,-2807.707,6546.409,37.51176,2.513274,300,300,0,0,4731,2790,0,0),
(60217,17147,530,1,0,0,-2820.765,6553.808,37.36116,1.012291,300,300,0,0,4731,2790,0,0),
(60218,17147,530,1,0,0,-2805.874,6532.633,37.1154,4.991642,300,300,0,0,4731,2790,0,0),
(60219,17147,530,1,0,0,-2842.269,6545.651,37.60523,4.18879,300,300,0,0,4731,2790,0,0),
(60220,17147,530,1,0,0,-2854.097,6556.861,40.69091,2.566524,300,300,0,0,4731,2790,0,0), -- Pat 2
(60221,17147,530,1,0,0,-3015.753,6525.96,147.7604,2.181662,300,300,0,0,4731,2790,0,0),
(60222,17147,530,1,0,0,-3005.46,6511.977,99.27354,4.869469,300,300,0,0,4731,2790,0,0),
(60223,17147,530,1,0,0,-2890.321,6479.694,87.25183,3.508112,300,300,0,0,4731,2790,0,2),
(60224,17147,530,1,0,0,-2851.465,6442.333,82.76097,0.1919862,300,300,0,0,4731,2790,0,2), -- Pool 2
(60225,17147,530,1,0,0,-2885.076,6455.331,82.74509,4.764749,300,300,0,0,4731,2790,0,0),
(60226,17147,530,1,0,0,-2933.334,6332.127,88.41886,0.289823,300,300,0,0,4731,2790,0,0), -- Pat 3
(60227,17147,530,1,0,0,-2940.157,6331.498,88.37616,2.583087,300,300,0,0,4731,2790,0,2), -- Pool 3
(60228,17147,530,1,0,0,-2934.687,6346.611,88.36388,2.844887,300,300,0,0,4731,2790,0,2),
(60229,17147,530,1,0,0,-2874.124,6321.271,81.32599,5.299649,300,300,0,0,4731,2790,0,0), -- Pat 4
(60230,17147,530,1,0,0,-2788.271,6432.196,61.91058,3.179073,300,300,0,0,4731,2790,0,0), -- Pat 5
(60231,17147,530,1,0,0,-2790.542,6463.538,113.2004,2.024582,300,300,0,0,4731,2790,0,0), -- Pool 1
(60232,17147,530,1,0,0,-2784.064,6464.784,64.80181,0.5585054,300,300,0,0,4731,2790,0,2), -- Pool 4
(60233,17147,530,1,0,0,-2798.8,6470.604,64.80181,2.024582,300,300,0,0,4731,2790,0,0),
-- Kil'sorrow Deathsworn
(60234,17148,530,1,0,0,-2856.583,6504.629,60.67842,2.146755,300,300,0,0,5914,0,0,0),
(60235,17148,530,1,0,0,-2928.831,6498.774,82.56452,1.605703,300,300,0,0,5914,0,0,0),
(60236,17148,530,1,0,0,-2812.186,6495.231,61.6686,1.064651,300,300,0,0,5914,0,0,0),
(60237,17148,530,1,0,0,-2798.379,6487.408,61.11187,1.239184,300,300,0,0,5914,0,0,0),
(60238,17148,530,1,0,0,-2882.799,6589.051,71.62231,0.08726646,300,300,0,0,5914,0,0,0),
(60239,17148,530,1,0,0,-3005.358,6537.166,97.62743,2.286381,300,300,0,0,5914,0,0,0),
(60240,17148,530,1,0,0,-2992.263,6523.733,97.69567,5.340707,300,300,0,0,5914,0,0,0),
(60241,17148,530,1,0,0,-2913.37,6468.708,82.73711,2.443461,300,300,0,0,5914,0,0,0),
(60242,17148,530,1,0,0,-2892.389,6438.345,82.53609,4.764749,300,300,0,0,5914,0,0,0),
(60243,17148,530,1,0,0,-2876.286,6471.958,82.71751,0.3490658,300,300,0,0,5914,0,0,0),
(60244,17148,530,1,0,0,-3008.354,6333.463,96.15496,0.9075712,300,300,0,0,5914,0,0,0),
(60245,17148,530,1,0,0,-2961.997,6347.458,96.22903,2.80998,300,300,0,0,5914,0,0,0),
(60246,17148,530,1,0,0,-2926.415,6376.465,88.33572,0.3839724,300,300,0,0,5914,0,0,0),
(60247,17148,530,1,0,0,-3022.95,6381.061,96.23733,5.864306,300,300,0,0,5914,0,0,0),
(60248,17148,530,1,0,0,-2931.189,6390.049,87.48715,0.2792527,300,300,0,0,5914,0,0,0),
(60249,17148,530,1,0,0,-2978.76,6368.46,96.41105,3.420845,300,300,0,0,5914,0,0,0),
(60250,17148,530,1,0,0,-2976.685,6394.951,96.2292,4.153883,300,300,0,0,5914,0,0,0),
(60251,17148,530,1,0,0,-3006.67,6359.978,96.41213,0.296706,300,300,0,0,5914,0,0,0),
(60252,17148,530,1,0,0,-2966.771,6446.897,84.94991,0.122173,300,300,0,0,5914,0,0,0),
(60253,17148,530,1,0,0,-2965.665,6455.078,85.35271,6.265732,300,300,0,0,5914,0,0,0),
(60254,17148,530,1,0,0,-2879.417,6297.637,83.01257,1.012291,300,300,0,0,5914,0,0,0),
(60255,17148,530,1,0,0,-2872.189,6331.886,83.54768,5.235988,300,300,0,0,5914,0,0,0),
(63732,17148,530,1,0,0,-2801.319,6285.324,80.01627,5.602507,300,300,0,0,5914,0,0,0),
(63733,17148,530,1,0,0,-2878.573,6301.913,106.6982,0.1570796,300,300,0,0,5914,0,0,0),
(63734,17148,530,1,0,0,-2880.966,6326.733,83.57169,5.288348,300,300,0,0,5914,0,0,0),
(63735,17148,530,1,0,0,-2825.231,6296.938,63.57265,1.500983,300,300,0,0,5914,0,0,0),
(63736,17148,530,1,0,0,-2889.647,6286.453,100.1778,4.468043,300,300,0,0,5914,0,0,0),
(63737,17148,530,1,0,0,-2809.611,6282.521,86.51013,5.340707,300,300,0,0,5914,0,0,0),
(63738,17148,530,1,0,0,-2867.147,6411.196,80.82471,6.178465,300,300,0,0,5914,0,0,0),
(63739,17148,530,1,0,0,-2792.22,6340.887,64.34957,2.460914,300,300,0,0,5914,0,0,0),
(63740,17148,530,1,0,0,-2808.341,6459.118,63.5396,2.565634,300,300,0,0,5914,0,0,0),
(63741,17148,530,1,0,0,-2793.033,6447.556,63.58101,5.707227,300,300,0,0,5914,0,0,0),
(63742,17148,530,1,0,0,-2863.783,6383.393,80.91174,0,300,300,0,0,5914,0,0,0),
(63743,17148,530,1,0,0,-2773.028,6423.945,59.51208,6.143559,300,300,0,0,5914,0,0,0),
(65624,17148,530,1,0,0,-2771.933,6436.231,59.03028,6.091199,300,300,0,0,5914,0,0,0),
-- Dark Worg
(86598,18033,530,1,0,0,-2826.488,6532.077,37.35713,1.134464,300,300,0,0,5715,0,0,0),
(86599,18033,530,1,0,0,-2831.952,6534.338,37.35278,1.117011,300,300,0,0,5715,0,0,0),
(86752,18033,530,1,0,0,-2820.928,6530.772,37.36835,1.134464,300,300,0,0,5715,0,0,0),
(134651,18033,530,1,0,0,-2980.176,6457.415,85.40536,2.129302,300,300,0,0,5715,0,0,0),
(134652,18033,530,1,0,0,-2972.681,6442.888,85.37833,5.253441,300,300,0,0,5715,0,0,0),
(134653,18033,530,1,0,0,-2978.174,6442.417,85.35538,2.513274,300,300,0,0,5715,0,0,0),
(134654,18033,530,1,0,0,-2805.346,6550.335,37.51204,0.2395059,300,300,2,0,5715,0,0,1),
(134655,18033,530,1,0,0,-2841.842,6551.489,37.87073,2.910677,300,300,2,0,5715,0,0,1),
(134656,18033,530,1,0,0,-2836.967,6535.952,37.32853,1.117011,300,300,0,0,5715,0,0,0),
(134659,18033,530,1,0,0,-2823.062,6559.021,37.39921,5.480334,300,300,2,0,5715,0,0,1),
(134661,18033,530,1,0,0,-2807.774,6527.055,37.86325,6.256686,300,300,2,0,5715,0,0,1),
(134662,18033,530,1,0,0,-2974.004,6458.518,85.37632,3.909538,300,300,0,0,5715,0,0,0),
(134663,18033,530,1,0,0,-2982.863,6466.938,86.50768,0.6398769,300,300,2,0,5715,0,0,1),
(134665,18033,530,1,0,0,-3007.882,6450.285,86.27869,0.7400471,300,300,2,0,5715,0,0,1),
(134666,18033,530,1,0,0,-2985.119,6456.887,85.44939,5.707227,300,300,0,0,5715,0,0,0),
(134667,18033,530,1,0,0,-3005.894,6428.44,86.22183,5.909983,300,300,2,0,5715,0,0,1),
(134668,18033,530,1,0,0,-2981.59,6429.545,87.49316,5.742297,300,300,2,0,5715,0,0,1),
(134673,18033,530,1,0,0,-2984.245,6441.967,85.35538,4.590216,300,300,0,0,5715,0,0,0),
(134675,18033,530,1,0,0,-2989.795,6440.897,85.35538,1.727876,300,300,0,0,5715,0,0,0),
(134677,18033,530,1,0,0,-2990.699,6455.542,85.35754,3.071779,300,300,0,0,5715,0,0,0);

-- ----------------------------------
-- Addons
-- ----------------------------------
INSERT INTO creature_addon (guid, mount, bytes1, b2_0_sheath, b2_1_pvp_state, emote, moveflags, auras) VALUES 
(60200, 0, 0, 1, 16, 0, 0, '31902'),
(60201, 0, 0, 1, 16, 0, 0, '31902'),
(60202, 0, 0, 1, 16, 0, 0, '31902'),
(60203, 0, 0, 1, 16, 0, 0, '31902'),
(60222, 0, 0, 1, 16, 69, 0, '16592'),
(60233, 0, 0, 1, 16, 69, 0, '16592');

UPDATE creature_template_addon SET auras = '16592' WHERE entry = 18391;

-- ----------------------------------
-- Pools
-- ----------------------------------
DELETE FROM pool_template WHERE entry BETWEEN 25775 AND 25784;
INSERT INTO pool_template (entry, max_limit, description) VALUES
(25775,1,'Kil\'Sorrow Spellbinder/Cultist 1'),
(25776,1,'Kil\'Sorrow Spellbinder/Cultist 2'),
(25777,1,'Kil\'Sorrow Spellbinder/Cultist 3'),
(25778,1,'Kil\'Sorrow Spellbinder/Cultist 4'),
(25779,1,'Kil\'Sorrow Spellbinder/Cultist 5'),
(25780,1,'Kil\'Sorrow Spellbinder/Cultist 6'),
(25781,1,'Kil\'Sorrow Spellbinder/Cultist 7'),
(25782,1,'Kil\'Sorrow Spellbinder/Cultist 8'),
(25783,3,'Kil\'Sorrow Fortress Dark Worg Stable 1'),
(25784,1,'Kil\'Sorrow Fortress Dark Worg Stable 2');

DELETE FROM pool_creature WHERE pool_entry BETWEEN 25775 AND 25784;
INSERT INTO pool_creature (guid, pool_entry, chance, description) VALUES
(28649,25775,50,'Kil\'Sorrow Spellbinder 1'),
(60231,25775,50,'Kil\'Sorrow Cultist 1'),

(28650,25776,50,'Kil\'Sorrow Spellbinder 2'),
(60224,25776,50,'Kil\'Sorrow Cultist 2'),

(28651,25777,50,'Kil\'Sorrow Spellbinder 3'),
(60227,25777,50,'Kil\'Sorrow Cultist 3'),

(28652,25778,50,'Kil\'Sorrow Spellbinder 4'),
(60232,25778,50,'Kil\'Sorrow Cultist 4'),

(28654,25779,50,'Kil\'Sorrow Spellbinder 5'),
(60212,25779,50,'Kil\'Sorrow Cultist 5'),

(60198,25780,50,'Kil\'Sorrow Spellbinder 6'),
(60211,25780,50,'Kil\'Sorrow Cultist 6'),

(60199,25781,50,'Kil\'Sorrow Spellbinder 7'),
(60214,25781,50,'Kil\'Sorrow Cultist 7'),

(60208,25782,50,'Kil\'Sorrow Spellbinder 8'),
(60215,25782,50,'Kil\'Sorrow Cultist 8'),

(134652,25783,0,'Dark Worg Stable 1 Spawn 1'),
(134653,25783,0,'Dark Worg Stable 1 Spawn 2'),
(134673,25783,0,'Dark Worg Stable 1 Spawn 3'),
(134675,25783,0,'Dark Worg Stable 1 Spawn 4'),
(134677,25783,0,'Dark Worg Stable 1 Spawn 5'),
(134666,25783,0,'Dark Worg Stable 1 Spawn 6'),
(134651,25783,0,'Dark Worg Stable 1 Spawn 7'),
(134662,25783,0,'Dark Worg Stable 1 Spawn 8'),

(86752,25784,0,'Dark Worg Stable 2 Spawn 1'),
(86598,25784,0,'Dark Worg Stable 2 Spawn 2'),
(86599,25784,0,'Dark Worg Stable 2 Spawn 3'),
(134656,25784,0,'Dark Worg Stable 2 Spawn 4');

-- ----------------------------------
-- Linking
-- ----------------------------------

INSERT INTO creature_linking (guid, master_guid, flag) VALUES
(60213,28647,512),
(60220,28653,512),
(60226,60204,512),
(60229,60206,512),
(60230,60207,512);

-- ----------------------------------
-- Waypoints
-- ----------------------------------
INSERT INTO creature_movement (id,point,position_x,position_y,position_z,waittime,script_id,orientation) VALUES
(28647,1,-2981.053,6533.41,97.79256,0,0,100),
(28647,2,-2982.886,6518.872,96.93003,0,0,100),
(28647,3,-2972.279,6499.877,91.33967,0,0,100),
(28647,4,-2947.446,6466.739,84.1551,0,0,100),
(28647,5,-2943.927,6460.137,83.43241,0,0,100),
(28647,6,-2929.056,6459.67,82.58634,0,0,100),
(28647,7,-2923.442,6433.533,82.46134,0,0,100),
(28647,8,-2913.055,6413.213,82.4074,0,0,100),
(28647,9,-2899.292,6416.391,82.04545,0,0,100),
(28647,10,-2879.884,6432.936,82.39103,0,0,100),
(28647,11,-2866.552,6441.649,82.75547,0,0,100),
(28647,12,-2857.816,6444.058,82.75547,0,0,100),
(28647,13,-2858.218,6466.858,82.75233,0,0,100),
(28647,14,-2857.816,6444.058,82.75547,0,0,100),
(28647,15,-2866.552,6441.649,82.75547,0,0,100),
(28647,16,-2879.884,6432.936,82.39103,0,0,100),
(28647,17,-2899.292,6416.391,82.04545,0,0,100),
(28647,18,-2913.055,6413.213,82.4074,0,0,100),
(28647,19,-2923.442,6433.533,82.46134,0,0,100),
(28647,20,-2929.056,6459.67,82.58634,0,0,100),
(28647,21,-2943.927,6460.137,83.43241,0,0,100),
(28647,22,-2947.446,6466.739,84.1551,0,0,100),
(28647,23,-2972.279,6499.877,91.33967,0,0,100),
(28647,24,-2982.886,6518.872,96.93003,0,0,100),
(28647,25,-2981.053,6533.41,97.79256,0,0,100),
(28647,26,-2989.642,6543.227,97.79256,0,0,100),
(28647,27,-2999.918,6546.718,97.91756,0,0,100),
(28647,28,-2989.642,6543.227,97.79256,0,0,100),

(28653,1,-2878.803,6570.991,49.01436,0,0,100),
(28653,2,-2899.833,6556.306,55.69653,0,0,100),
(28653,3,-2924.472,6533.658,69.22276,0,0,100),
(28653,4,-2932.699,6517.645,76.73616,0,0,100),
(28653,5,-2933.261,6499.875,81.98237,0,0,100),
(28653,6,-2928.819,6466.733,82.45881,0,0,100),
(28653,7,-2933.374,6459.891,82.71134,0,0,100),
(28653,8,-2947.001,6458.422,83.78898,0,0,100),
(28653,9,-2951.366,6451.252,84.06266,0,0,100),
(28653,10,-2966.403,6450.863,84.96134,0,0,100),
(28653,11,-2951.366,6451.252,84.06266,0,0,100),
(28653,12,-2947.001,6458.422,83.78898,0,0,100),
(28653,13,-2933.374,6459.891,82.71134,0,0,100),
(28653,14,-2928.819,6466.733,82.45881,0,0,100),
(28653,15,-2933.261,6499.875,81.98237,0,0,100),
(28653,16,-2932.741,6517.529,76.60457,0,0,100),
(28653,17,-2924.472,6533.658,69.22276,0,0,100),
(28653,18,-2899.833,6556.306,55.69653,0,0,100),
(28653,19,-2878.803,6570.991,49.01436,0,0,100),
(28653,20,-2855.749,6555.862,40.85206,0,0,100),

(60207,1,-2800.375,6432.741,62.70899,0,0,100),
(60207,2,-2813.894,6437.624,63.46805,0,0,100),
(60207,3,-2822.089,6466.063,63.05643,0,0,100),
(60207,4,-2833.535,6486.23,62.87733,0,0,100),
(60207,5,-2845.4,6500.211,62.02013,0,0,100),
(60207,6,-2866.895,6523.676,56.61101,0,0,100),
(60207,7,-2875.24,6533.176,54.37968,0,0,100),
(60207,8,-2889.303,6558.567,52.30542,0,0,100),
(60207,9,-2886.375,6580.407,49.82686,0,0,100),
(60207,10,-2889.297,6558.6,52.20752,0,0,100),
(60207,11,-2875.24,6533.176,54.37968,0,0,100),
(60207,12,-2866.895,6523.676,56.61101,0,0,100),
(60207,13,-2845.4,6500.211,62.02013,0,0,100),
(60207,14,-2833.535,6486.23,62.87733,0,0,100),
(60207,15,-2822.089,6466.063,63.05643,0,0,100),
(60207,16,-2813.894,6437.624,63.46805,0,0,100),
(60207,17,-2800.375,6432.741,62.70899,0,0,100),
(60207,18,-2782.428,6431.978,61.04139,0,0,100),

(60206,1,-2867.439,6307.764,77.54279,0,0,100),
(60206,2,-2833.449,6304.563,65.49826,0,0,100),
(60206,3,-2820.251,6313.478,63.65468,0,0,100),
(60206,4,-2811.064,6333.319,63.71547,0,0,100),
(60206,5,-2800.327,6352.1,63.54148,0,0,100),
(60206,6,-2792.213,6366.481,63.53901,0,0,100),
(60206,7,-2799.676,6388.983,63.19019,0,0,100),
(60206,8,-2800.321,6399.666,62.34266,0,0,100),
(60206,9,-2796.054,6424.335,62.25868,0,0,100),
(60206,10,-2800.321,6399.666,62.34266,0,0,100),
(60206,11,-2799.676,6388.983,63.19019,0,0,100),
(60206,12,-2792.213,6366.481,63.53901,0,0,100),
(60206,13,-2800.327,6352.1,63.54148,0,0,100),
(60206,14,-2811.064,6333.319,63.71547,0,0,100),
(60206,15,-2820.251,6313.478,63.65468,0,0,100),
(60206,16,-2833.449,6304.563,65.49826,0,0,100),
(60206,17,-2867.439,6307.764,77.54279,0,0,100),
(60206,18,-2878.416,6326.375,83.02692,0,0,100),

(60204,1,-2923.53,6348.927,88.30698,0,0,100),
(60204,2,-2911.74,6366.638,86.12277,0,0,100),
(60204,3,-2911.893,6383.025,84.73821,0,0,100),
(60204,4,-2900.083,6384.457,82.65923,0,0,100),
(60204,5,-2866.759,6392.461,80.9828,0,0,100),
(60204,6,-2853.948,6386.78,79.65498,0,0,100),
(60204,7,-2842.023,6385.775,79.38105,0,0,100),
(60204,8,-2857.746,6387.74,80.24799,0,0,100),
(60204,9,-2857.456,6398.598,79.31879,0,0,100),
(60204,10,-2834.581,6418.426,71.13242,0,0,100),
(60204,11,-2819.072,6434.312,64.01407,0,0,100),
(60204,12,-2834.581,6418.426,71.13242,0,0,100),
(60204,13,-2857.456,6398.598,79.31879,0,0,100),
(60204,14,-2857.746,6387.74,80.24799,0,0,100),
(60204,15,-2842.023,6385.775,79.38105,0,0,100),
(60204,16,-2853.948,6386.78,79.65498,0,0,100),
(60204,17,-2866.759,6392.461,80.9828,0,0,100),
(60204,18,-2900.083,6384.457,82.65923,0,0,100),
(60204,19,-2911.893,6383.025,84.73821,0,0,100),
(60204,20,-2911.74,6366.638,86.12277,0,0,100),
(60204,21,-2923.53,6348.927,88.30698,0,0,100),
(60204,22,-2932.352,6330.253,88.43297,0,0,100),

(28651,1,-2945.232,6323.478,89.62395,0,0,100),
(28651,2,-2959.155,6319.953,88.50652,0,0,100),
(28651,3,-2967.078,6318.835,87.68221,0,0,100),
(28651,4,-2968.813,6321.961,88.57487,18000,1714602,100),
(28651,5,-2960.756,6319.746,88.10429,0,0,100),
(28651,6,-2960.174,6317.34,88.76093,7000,1714603,100),
(28651,7,-2946.525,6321.191,89.73332,0,0,100),
(28651,8,-2937.746,6326.745,89.08513,0,0,100),
(28651,9,-2935.963,6330.98,88.382,0,0,100),
(28651,10,-2939.063,6332.813,88.37883,25000,1714601,100),

(60227,1,-2945.232,6323.478,89.62395,0,0,100),
(60227,2,-2959.155,6319.953,88.50652,0,0,100),
(60227,3,-2967.078,6318.835,87.68221,0,0,100),
(60227,4,-2968.813,6321.961,88.57487,18000,1714602,100),
(60227,5,-2960.756,6319.746,88.10429,0,0,100),
(60227,6,-2960.174,6317.34,88.76093,7000,1714603,100),
(60227,7,-2946.525,6321.191,89.73332,0,0,100),
(60227,8,-2937.746,6326.745,89.08513,0,0,100),
(60227,9,-2935.963,6330.98,88.382,0,0,100),
(60227,10,-2939.063,6332.813,88.37883,25000,1714601,100),

(60199,1,-2976.344,6310.463,87.79397,21000,1714604,4.223697),
(60199,2,-2976.344,6310.463,87.79397,7000,1714605,3.490659),

(60214,1,-2976.344,6310.463,87.79397,21000,1714604,4.223697),
(60214,2,-2976.344,6310.463,87.79397,7000,1714605,3.490659),

(60228,1,-2934.687,6346.611,88.36388,52000,0,0.2792527),
(60228,2,-2934.687,6346.611,88.36388,28000,1714606,2.844887),
(60228,3,-2934.687,6346.611,88.36388,29000,1714607,4.555309),

(28650,1,-2851.465,6442.333,82.75547,17000,1714608,0.1919862),
(28650,2,-2854.688,6441.146,82.75547,7000,1714609,100),

(60224,1,-2851.465,6442.333,82.75547,17000,1714608,0.1919862),
(60224,2,-2854.688,6441.146,82.75547,7000,1714609,100),

(28656,1,-2895.74,6476.68,87.2518,4400,1714610,0.610865),

(60223,1,-2890.32,6479.69,87.2518,4600,1714610,3.50811),

(28654,1,-3014.77,6524.487,99.27354,39000,1714611,2.932153),
(28654,2,-3014.77,6524.487,99.27354,37000,1714612,2.932153),
(28654,3,-3014.77,6524.487,99.27354,23000,1714613,2.932153),

(60212,1,-3014.77,6524.487,99.27354,39000,1714611,2.932153),
(60212,2,-3014.77,6524.487,99.27354,37000,1714612,2.932153),
(60212,3,-3014.77,6524.487,99.27354,23000,1714613,2.932153),

(60232,1,-2784.064,6464.784,64.80181,39000,1714611,0.5585054),
(60232,2,-2784.064,6464.784,64.80181,37000,1714612,0.5585054),
(60232,3,-2784.064,6464.784,64.80181,23000,1714613,0.5585054),

(28652,1,-2784.064,6464.784,64.80181,39000,1714611,0.5585054),
(28652,2,-2784.064,6464.784,64.80181,37000,1714612,0.5585054),
(28652,3,-2784.064,6464.784,64.80181,23000,1714613,0.5585054);

-- ----------------------------------
-- DBScripts
-- ----------------------------------
DELETE FROM dbscripts_on_creature_movement WHERE id BETWEEN 1714601 AND 1714613;
INSERT INTO dbscripts_on_creature_movement (id,delay,command,datalong,datalong2,datalong3,dataint,dataint2,dataint3,dataint4,buddy_entry,search_radius,data_flags,comments,x,y,z,o) VALUES
(1714601,0,1,69,0,0,0,0,0,0,0,0,0,'Kil\'Sorrow Spellbinder/Cultist - STATE_USESTANDING',0,0,0,0),
(1714601,24,1,0,0,0,0,0,0,0,0,0,0,'Kil\'Sorrow Spellbinder/Cultist - ONESHOT_NONE',0,0,0,0),

(1714602,0,1,69,0,0,0,0,0,0,0,0,0,'Kil\'Sorrow Spellbinder/Cultist - STATE_USESTANDING',0,0,0,0),
(1714602,17,1,0,0,0,0,0,0,0,0,0,0,'Kil\'Sorrow Spellbinder/Cultist - ONESHOT_NONE',0,0,0,0),

(1714603,1,1,25,0,0,0,0,0,0,0,0,0,'Kil\'Sorrow Spellbinder/Cultist - OneShotPoint',0,0,0,0),
(1714603,4,1,21,0,0,0,0,0,0,0,0,0,'Kil\'Sorrow Spellbinder/Cultist - OneShotApplaud',0,0,0,0),

(1714604,0,1,69,0,0,0,0,0,0,0,0,0,'Kil\'Sorrow Spellbinder/Cultist - STATE_USESTANDING',0,0,0,0),
(1714604,20,1,0,0,0,0,0,0,0,0,0,0,'Kil\'Sorrow Spellbinder/Cultist - ONESHOT_NONE',0,0,0,0),

(1714605,1,1,25,0,0,0,0,0,0,0,0,0,'Kil\'Sorrow Spellbinder/Cultist - OneShotPoint',0,0,0,0),
(1714605,5,1,6,0,0,0,0,0,0,0,0,0,'Kil\'Sorrow Spellbinder/Cultist - OneShotQuestion',0,0,0,0),

(1714606,0,28,1,0,0,0,0,0,0,0,0,0,'Kil\'Sorrow Spellbinder/Cultist - Stand State Sit',0,0,0,0),
(1714606,27,28,0,0,0,0,0,0,0,0,0,0,'Kil\'Sorrow Spellbinder/Cultist - Stand State Stand',0,0,0,0),

(1714607,1,1,69,0,0,0,0,0,0,0,0,0,'Kil\'Sorrow Spellbinder/Cultist - STATE_USESTANDING',0,0,0,0),
(1714607,28,1,0,0,0,0,0,0,0,0,0,0,'Kil\'Sorrow Spellbinder/Cultist - ONESHOT_NONE',0,0,0,0),

(1714608,0,1,69,0,0,0,0,0,0,0,0,0,'Kil\'Sorrow Spellbinder/Cultist - STATE_USESTANDING',0,0,0,0),
(1714608,16,1,0,0,0,0,0,0,0,0,0,0,'Kil\'Sorrow Spellbinder/Cultist - ONESHOT_NONE',0,0,0,0),

(1714609,1,1,25,0,0,0,0,0,0,0,0,0,'Kil\'Sorrow Spellbinder/Cultist - OneShotPoint',0,0,0,0),
(1714609,5,1,5,0,0,0,0,0,0,0,0,0,'Kil\'Sorrow Spellbinder/Cultist - OneShotExclamation',0,0,0,0),

(1714610,0,1,0,0,0,274,273,396,6,0,0,0,'Kil\'Sorrow Spellbinder/Cultist - Random Emote',0,0,0,0),

(1714611,0,1,25,0,0,0,0,0,0,0,0,0,'Kil\'Sorrow Spellbinder/Cultist - OneShotPoint',0,0,0,0),
(1714611,0,42,0,0,0,12742,0,0,0,0,0,0,'Kil\'Sorrow Spellbinder/Cultist - Equip 12742',0,0,0,0),

(1714612,0,1,25,0,0,0,0,0,0,0,0,0,'Kil\'Sorrow Spellbinder/Cultist - OneShotPoint',0,0,0,0),
(1714612,0,42,0,0,0,12862,0,0,0,0,0,0,'Kil\'Sorrow Spellbinder/Cultist - Equip 12862',0,0,0,0),

(1714613,0,1,25,0,0,0,0,0,0,0,0,0,'Kil\'Sorrow Spellbinder/Cultist - OneShotPoint',0,0,0,0),
(1714613,0,42,0,0,0,12868,0,0,0,0,0,0,'Kil\'Sorrow Spellbinder/Cultist - Equip 12868',0,0,0,0);
