-- ---------------------------
-- Templates
-- ---------------------------
UPDATE creature_template SET SpeedWalk = (2.5/2.5), SpeedRun = (8/7) WHERE entry IN (20444,18121,18121);

-- ---------------------------
-- Spawns
-- ---------------------------
DELETE FROM creature_movement WHERE id IN(SELECT guid FROM creature WHERE id IN (18121,18120,20444));
DELETE FROM creature_linking WHERE guid IN(SELECT guid FROM creature WHERE id IN (18121,18120,20444));
DELETE FROM creature_addon WHERE guid IN(SELECT guid FROM creature WHERE id IN (18121,18120,20444));
DELETE FROM creature WHERE id IN (18121,18120,20444);
-- Free WoTLKDB guids Reused
DELETE FROM creature WHERE guid IN (155,168,23426,23427,23428,23429,23430,23431,23432,23433,23434,23435,64223,64224,64225,64233,64234,64235,64237,64238,64239,64241,64242,64243,64244,64245,
64246,64247,64249,64250,64251,64252,64253,64254,64255,64256,64257,64258,64259,64260,64261,64977,64978,64979,64980,64981,64982,64983,64984,64985,64986,64987,64988,64989,64990,64991,64992,
64993,72422,72423,72424,72425,72426);
DELETE FROM creature_addon WHERE guid IN (155,168,23426,23427,23428,23429,23430,23431,23432,23433,23434,23435,64223,64224,64225,64233,64234,64235,64237,64238,64239,64241,64242,64243,64244,64245,
64246,64247,64249,64250,64251,64252,64253,64254,64255,64256,64257,64258,64259,64260,64261,64977,64978,64979,64980,64981,64982,64983,64984,64985,64986,64987,64988,64989,64990,64991,64992,
64993,72422,72423,72424,72425,72426);
DELETE FROM creature_movement WHERE id IN (155,168,23426,23427,23428,23429,23430,23431,23432,23433,23434,23435,64223,64224,64225,64233,64234,64235,64237,64238,64239,64241,64242,64243,64244,64245,
64246,64247,64249,64250,64251,64252,64253,64254,64255,64256,64257,64258,64259,64260,64261,64977,64978,64979,64980,64981,64982,64983,64984,64985,64986,64987,64988,64989,64990,64991,64992,
64993,72422,72423,72424,72425,72426);
DELETE FROM game_event_creature WHERE guid IN (155,168,23426,23427,23428,23429,23430,23431,23432,23433,23434,23435,64223,64224,64225,64233,64234,64235,64237,64238,64239,64241,64242,64243,64244,64245,
64246,64247,64249,64250,64251,64252,64253,64254,64255,64256,64257,64258,64259,64260,64261,64977,64978,64979,64980,64981,64982,64983,64984,64985,64986,64987,64988,64989,64990,64991,64992,
64993,72422,72423,72424,72425,72426);
DELETE FROM game_event_creature_data WHERE guid IN (155,168,23426,23427,23428,23429,23430,23431,23432,23433,23434,23435,64223,64224,64225,64233,64234,64235,64237,64238,64239,64241,64242,64243,64244,64245,
64246,64247,64249,64250,64251,64252,64253,64254,64255,64256,64257,64258,64259,64260,64261,64977,64978,64979,64980,64981,64982,64983,64984,64985,64986,64987,64988,64989,64990,64991,64992,
64993,72422,72423,72424,72425,72426);
DELETE FROM creature_battleground WHERE guid IN (155,168,23426,23427,23428,23429,23430,23431,23432,23433,23434,23435,64223,64224,64225,64233,64234,64235,64237,64238,64239,64241,64242,64243,64244,64245,
64246,64247,64249,64250,64251,64252,64253,64254,64255,64256,64257,64258,64259,64260,64261,64977,64978,64979,64980,64981,64982,64983,64984,64985,64986,64987,64988,64989,64990,64991,64992,
64993,72422,72423,72424,72425,72426);
DELETE FROM creature_linking WHERE guid IN (155,168,23426,23427,23428,23429,23430,23431,23432,23433,23434,23435,64223,64224,64225,64233,64234,64235,64237,64238,64239,64241,64242,64243,64244,64245,
64246,64247,64249,64250,64251,64252,64253,64254,64255,64256,64257,64258,64259,64260,64261,64977,64978,64979,64980,64981,64982,64983,64984,64985,64986,64987,64988,64989,64990,64991,64992,
64993,72422,72423,72424,72425,72426) 
OR master_guid IN (155,168,23426,23427,23428,23429,23430,23431,23432,23433,23434,23435,64223,64224,64225,64233,64234,64235,64237,64238,64239,64241,64242,64243,64244,64245,
64246,64247,64249,64250,64251,64252,64253,64254,64255,64256,64257,64258,64259,64260,64261,64977,64978,64979,64980,64981,64982,64983,64984,64985,64986,64987,64988,64989,64990,64991,64992,
64993,72422,72423,72424,72425,72426);
INSERT INTO creature (guid, id, map, spawnMask, modelid, equipment_id, position_x, position_y, position_z, orientation, spawntimesecsmin, spawntimesecsmax, spawndist, currentwaypoint, curhealth, curmana, DeathState, MovementType) VALUES
-- Ango'rosh Shadowmage
(155,20444,530,1,0,0,1666.691,8472.706,-58.50379,4.999947,300,300,3,0,4422,2620,0,1),
(168,20444,530,1,0,0,1647.51,8506.494,-53.5848,5.214083,300,300,3,0,4422,2620,0,1),
(23426,20444,530,1,0,0,1709.144,8555.455,-45.73468,2.583087,300,300,3,0,4422,2620,0,1),
(23427,20444,530,1,0,0,1641.869,8460.966,-55.90679,0.7504916,300,300,0,0,4422,2620,0,0),
(23428,20444,530,1,0,0,1668.819,8576.738,-44.46692,4.016996,300,300,3,0,4422,2620,0,1),
(23429,20444,530,1,0,0,1667.708,8538.2,-49.89153,1.379532,300,300,3,0,4422,2620,0,1),
-- Ango'rosh Souleater
(23430,18121,530,1,0,0,1863.461,8429.606,-13.27356,2.797047,300,300,5,0,4422,2620,0,1),
(23431,18121,530,1,0,0,1768.455,8566,-3.706832,3.656317,300,300,5,0,4422,2620,0,1),
(23432,18121,530,1,0,0,1786.51,8449.509,-12.45547,1.200093,300,300,5,0,4422,2620,0,1),
(23433,18121,530,1,0,0,1794.846,8505.497,-15.02415,4.050152,300,300,5,0,4422,2620,0,1),
(23434,18121,530,1,0,0,1819.756,8422.95,-11.99755,4.454559,300,300,5,0,4422,2620,0,1),
(23435,18121,530,1,0,0,1708.101,8631.746,10.62316,6.025427,300,300,5,0,4422,2620,0,1),
(64223,18121,530,1,0,0,1602.422,8588.994,-30.91898,0.4657488,300,300,5,0,4422,2620,0,1),
(64224,18121,530,1,0,0,1682.321,8443.496,-20.3154,3.652895,300,300,5,0,4422,2620,0,1),
(64225,18121,530,1,0,0,1665.304,8595.31,10.66364,5.655083,300,300,5,0,4422,2620,0,1),
(64233,18121,530,1,0,0,1596.089,8608.242,-32.87425,3.600213,300,300,0,0,4422,2620,0,2),
(64234,18121,530,1,0,0,1715.039,8481.7,-4.553346,3.01942,300,300,0,0,4422,2620,0,0),
(64235,18121,530,1,0,0,1792.096,8613.085,-2.273724,5.014721,300,300,5,0,4422,2620,0,1),
(64237,18121,530,1,0,0,1823.884,8482.911,-12.76176,4.887054,300,300,5,0,4422,2620,0,1),
(64238,18121,530,1,0,0,1818.215,8548.067,-16.00315,1.53678,300,300,5,0,4422,2620,0,1),
(64239,18121,530,1,0,0,1701.707,8476.47,-6.145284,2.561962,300,300,0,0,4422,2620,0,2),
(64241,18121,530,1,0,0,1749.546,8638.385,7.363074,2.773718,300,300,5,0,4422,2620,0,1),
(64242,18121,530,1,0,0,1658.215,8632.497,11.30147,3.306412,300,300,5,0,4422,2620,0,1),
(64243,18121,530,1,0,0,1753.026,8483.39,-14.80944,2.109048,300,300,5,0,4422,2620,0,1),
(64244,18121,530,1,0,0,1648.574,8585.886,8.309514,0.8550006,300,300,0,0,4422,2620,0,2),
(64245,18121,530,1,0,0,1617.896,8513.907,-5.773952,5.675376,300,300,5,0,4422,2620,0,1),
(64246,18121,530,1,0,0,1756.485,8422.815,-12.79272,5.534341,300,300,5,0,4422,2620,0,1),
(64247,18121,530,1,0,0,1708.923,8468.693,-5.878263,2.338741,300,300,0,0,4422,2620,0,0),
(64249,18121,530,1,0,0,1709.723,8410.544,-23.60077,1.662653,300,300,5,0,4422,2620,0,1),
(64250,18121,530,1,0,0,1641.139,8538.447,4.761725,1.2014,300,300,5,0,4422,2620,0,1),
(64251,18121,530,1,0,0,1646.943,8484.375,-10.01903,4.263859,300,300,5,0,4422,2620,0,1),
-- Ango'rosh Mauler
(64252,18120,530,1,0,0,1709.723,8410.544,-23.60077,3.57603,300,300,5,0,5527,0,0,1),
(64253,18120,530,1,0,0,1756.485,8422.815,-12.79272,6.182742,300,300,5,0,5527,0,0,1),
(64254,18120,530,1,0,0,1823.884,8482.911,-12.76176,5.953075,300,300,5,0,5527,0,0,1),
(64255,18120,530,1,0,0,1794.846,8505.497,-15.02415,3.959562,300,300,5,0,5527,0,0,1),
(64256,18120,530,1,0,0,1818.215,8548.067,-16.00315,2.30606,300,300,5,0,5527,0,0,1),
(64257,18120,530,1,0,0,1646.943,8484.375,-10.01903,0.7717146,300,300,5,0,5527,0,0,1),
(64258,18120,530,1,0,0,1699.818,8539.679,-47.93219,3.172683,300,300,0,0,5527,0,0,2),
(64259,18120,530,1,0,0,1658.215,8632.497,11.30147,4.809118,300,300,5,0,5527,0,0,1),
(64260,18120,530,1,0,0,1792.096,8613.085,-2.273724,4.999464,300,300,5,0,5527,0,0,1),
(64261,18120,530,1,0,0,1768.455,8566,-3.706832,4.266097,300,300,5,0,5527,0,0,1),
(64977,18120,530,1,0,0,1749.546,8638.385,7.363074,2.063121,300,300,5,0,5527,0,0,1),
(64978,18120,530,1,0,0,1708.101,8631.746,10.62316,5.040704,300,300,5,0,5527,0,0,1),
(64979,18120,530,1,0,0,1623.599,8606.832,-25.41986,0.4248646,300,300,0,0,5527,0,0,2),
(64980,18120,530,1,0,0,1484.301,8625.396,-22.35576,3.403392,300,300,0,0,5527,0,0,0), 
(64981,18120,530,1,0,0,1483.268,8607.938,-21.24155,2.75762,300,300,0,0,5527,0,0,0),
(64982,18120,530,1,0,0,1648.574,8585.886,8.309514,0.8550006,300,300,0,0,5527,0,0,2),
(64983,18120,530,1,0,0,1863.461,8429.606,-13.27356,4.662479,300,300,5,0,5527,0,0,1),
(64984,18120,530,1,0,0,1786.51,8449.509,-12.45547,2.887873,300,300,5,0,5527,0,0,1),
(64985,18120,530,1,0,0,1641.139,8538.447,4.761725,1.950963,300,300,5,0,5527,0,0,1),
(64986,18120,530,1,0,0,1665.304,8595.31,10.66364,1.929922,300,300,5,0,5527,0,0,1),
(64987,18120,530,1,0,0,1482.351,8615.929,-22.9888,3.202191,300,300,0,0,5527,0,0,2),
(64988,18120,530,1,0,0,1819.756,8422.95,-11.99755,3.737135,300,300,5,0,5527,0,0,1),
(64989,18120,530,1,0,0,1715.039,8481.7,-4.553346,3.01942,300,300,0,0,5527,0,0,0),
(64990,18120,530,1,0,0,1667.212,8525.352,0.6694573,4.572762,300,300,0,0,5527,0,0,0),
(64991,18120,530,1,0,0,1602.422,8588.994,-30.91898,0.4613827,300,300,5,0,5527,0,0,1),
(64992,18120,530,1,0,0,1677.199,8525.006,-0.2606997,4.747295,300,300,0,0,5527,0,0,0),
(64993,18120,530,1,0,0,1753.026,8483.39,-14.80944,2.641144,300,300,5,0,5527,0,0,1),
(72422,18120,530,1,0,0,1682.321,8443.496,-20.3154,6.128314,300,300,5,0,5527,0,0,1),
(72423,18120,530,1,0,0,1617.896,8513.907,-5.773952,4.822847,300,300,5,0,5527,0,0,1),
(72424,18120,530,1,0,0,1701.707,8476.47,-6.145284,2.561962,300,300,0,0,5527,0,0,2),
(72425,18120,530,1,0,0,1692.694,8474.782,-6.991099,2.094395,300,300,0,0,5527,0,0,0),
-- One missing Greater Sporebat positioned on the floating rock next to Ango'rosh Stronghold
(72426,18129,530,1,0,0,1908.838,8472.751,-2.826435,3.89315,300,300,5,0,5341,0,0,1);

-- ---------------------------
-- Pools
-- ---------------------------

DELETE FROM pool_template WHERE entry BETWEEN 25785 AND 25807;
INSERT INTO pool_template (entry, max_limit, description) VALUES
(25785,1,'Ango''rosh Stronghold - Ango\'rosh Mauler/Souleater 1'),
(25786,1,'Ango\'rosh Stronghold - Ango\'rosh Mauler/Souleater 2'),
(25787,1,'Ango\'rosh Stronghold - Ango\'rosh Mauler/Souleater 3'),
(25788,1,'Ango\'rosh Stronghold - Ango\'rosh Mauler/Souleater 4'),
(25789,1,'Ango\'rosh Stronghold - Ango\'rosh Mauler/Souleater 5'),
(25790,1,'Ango\'rosh Stronghold - Ango\'rosh Mauler/Souleater 6'),
(25791,1,'Ango\'rosh Stronghold - Ango\'rosh Mauler/Souleater 7'),
(25792,1,'Ango\'rosh Stronghold - Ango\'rosh Mauler/Souleater 8'),
(25793,1,'Ango\'rosh Stronghold - Ango\'rosh Mauler/Souleater 9'),
(25794,1,'Ango\'rosh Stronghold - Ango\'rosh Mauler/Souleater 10'),
(25795,1,'Ango\'rosh Stronghold - Ango\'rosh Mauler/Souleater 11'),
(25796,1,'Ango\'rosh Stronghold - Ango\'rosh Mauler/Souleater 12'),
(25797,1,'Ango\'rosh Stronghold - Ango\'rosh Mauler/Souleater 13'),
(25798,1,'Ango\'rosh Stronghold - Ango\'rosh Mauler/Souleater 14'),
(25799,1,'Ango\'rosh Stronghold - Ango\'rosh Mauler/Souleater 15'),
(25800,1,'Ango\'rosh Stronghold - Ango\'rosh Mauler/Souleater 16'),
(25801,1,'Ango\'rosh Stronghold - Ango\'rosh Mauler/Souleater 17'),
(25802,1,'Ango\'rosh Stronghold - Ango\'rosh Mauler/Souleater 18'),
(25803,1,'Ango\'rosh Stronghold - Ango\'rosh Mauler/Souleater 19'),
(25804,1,'Ango\'rosh Stronghold - Ango\'rosh Mauler/Souleater 20'),
(25805,1,'Ango\'rosh Stronghold - Ango\'rosh Mauler/Souleater 21'),
(25806,1,'Ango\'rosh Stronghold - Ango\'rosh Mauler/Souleater 22'),
(25807,1,'Ango\'rosh Stronghold - Ango\'rosh Mauler/Souleater 23');

DELETE FROM pool_creature WHERE pool_entry BETWEEN 25785 AND 25807;
INSERT INTO pool_creature (guid, pool_entry, chance, description) VALUES
(23430,25785,50,'Ango\'rosh Stronghold - Ango\'rosh Souleater 1'),
(64983,25785,50,'Ango\'rosh Stronghold - Ango\'rosh Mauler 1'),

(23431,25786,50,'Ango\'rosh Stronghold - Ango\'rosh Souleater 2'),
(64261,25786,50,'Ango\'rosh Stronghold - Ango\'rosh Mauler 2'),

(23432,25787,50,'Ango\'rosh Stronghold - Ango\'rosh Souleater 3'),
(64984,25787,50,'Ango\'rosh Stronghold - Ango\'rosh Mauler 3'),

(23433,25788,50,'Ango\'rosh Stronghold - Ango\'rosh Souleater 4'),
(64255,25788,50,'Ango\'rosh Stronghold - Ango\'rosh Mauler 4'),

(23434,25789,50,'Ango\'rosh Stronghold - Ango\'rosh Souleater 5'),
(64988,25789,50,'Ango\'rosh Stronghold - Ango\'rosh Mauler 5'),

(23435,25790,50,'Ango\'rosh Stronghold - Ango\'rosh Souleater 6'),
(64978,25790,50,'Ango\'rosh Stronghold - Ango\'rosh Mauler 6'),

(64223,25791,50,'Ango\'rosh Stronghold - Ango\'rosh Souleater 7'),
(64991,25791,50,'Ango\'rosh Stronghold - Ango\'rosh Mauler 7'),

(64224,25792,50,'Ango\'rosh Stronghold - Ango\'rosh Souleater 8'),
(72422,25792,50,'Ango\'rosh Stronghold - Ango\'rosh Mauler 8'),

(64225,25793,50,'Ango\'rosh Stronghold - Ango\'rosh Souleater 9'),
(64986,25793,50,'Ango\'rosh Stronghold - Ango\'rosh Mauler 9'),

(64234,25794,50,'Ango\'rosh Stronghold - Ango\'rosh Souleater 10'),
(64989,25794,50,'Ango\'rosh Stronghold - Ango\'rosh Mauler 10'),

(64235,25795,50,'Ango\'rosh Stronghold - Ango\'rosh Souleater 11'),
(64260,25795,50,'Ango\'rosh Stronghold - Ango\'rosh Mauler 11'),

(64237,25796,50,'Ango\'rosh Stronghold - Ango\'rosh Souleater 12'),
(64254,25796,50,'Ango\'rosh Stronghold - Ango\'rosh Mauler 12'),

(64238,25797,50,'Ango\'rosh Stronghold - Ango\'rosh Souleater 13'),
(64256,25797,50,'Ango\'rosh Stronghold - Ango\'rosh Mauler 13'),

(64239,25798,50,'Ango\'rosh Stronghold - Ango\'rosh Souleater 14'),
(72424,25798,50,'Ango\'rosh Stronghold - Ango\'rosh Mauler 14'),

(64241,25799,50,'Ango\'rosh Stronghold - Ango\'rosh Souleater 15'),
(64977,25799,50,'Ango\'rosh Stronghold - Ango\'rosh Mauler 15'),

(64242,25800,50,'Ango\'rosh Stronghold - Ango\'rosh Souleater 16'),
(64259,25800,50,'Ango\'rosh Stronghold - Ango\'rosh Mauler 16'),

(64243,25801,50,'Ango\'rosh Stronghold - Ango\'rosh Souleater 17'),
(64993,25801,50,'Ango\'rosh Stronghold - Ango\'rosh Mauler 17'),

(64244,25802,50,'Ango\'rosh Stronghold - Ango\'rosh Souleater 18'),
(64982,25802,50,'Ango\'rosh Stronghold - Ango\'rosh Mauler 18'),

(64245,25803,50,'Ango\'rosh Stronghold - Ango\'rosh Souleater 19'),
(72423,25803,50,'Ango\'rosh Stronghold - Ango\'rosh Mauler 19'),

(64246,25804,50,'Ango\'rosh Stronghold - Ango\'rosh Souleater 20'),
(64253,25804,50,'Ango\'rosh Stronghold - Ango\'rosh Mauler 20'),

(64249,25805,50,'Ango\'rosh Stronghold - Ango\'rosh Souleater 21'),
(64252,25805,50,'Ango\'rosh Stronghold - Ango\'rosh Mauler 21'),

(64250,25806,50,'Ango\'rosh Stronghold - Ango\'rosh Souleater 22'),
(64985,25806,50,'Ango\'rosh Stronghold - Ango\'rosh Mauler 22'),

(64251,25807,50,'Ango\'rosh Stronghold - Ango\'rosh Souleater 23'),
(64257,25807,50,'Ango\'rosh Stronghold - Ango\'rosh Mauler 23');

-- ---------------------------
-- Waypoints
-- ---------------------------

-- Pat 1
DELETE FROM creature_movement WHERE id = 64987;
INSERT INTO creature_movement (id,point,position_x,position_y,position_z,waittime,script_id,orientation) VALUES
(64987,1,1461.683,8614.68,-12.70679,0,0,100),
(64987,2,1441.522,8607.562,-2.717291,0,0,100),
(64987,3,1424.441,8607.313,3.257421,0,0,100),
(64987,4,1409.568,8618.852,5.867712,0,0,100),
(64987,5,1394.517,8623.379,9.483105,0,0,100),
(64987,6,1367.01,8619.995,14.69728,0,0,100),
(64987,7,1348.54,8608.503,18.98279,0,0,100),
(64987,8,1330.298,8594.458,20.70809,0,0,100),
(64987,9,1312.62,8590.247,19.89278,0,0,100),
(64987,10,1271.029,8590.587,19.02531,0,0,100),
(64987,11,1312.62,8590.247,19.89278,0,0,100),
(64987,12,1330.298,8594.458,20.70809,0,0,100),
(64987,13,1348.514,8608.496,18.99512,0,0,100),
(64987,14,1367.01,8619.995,14.69728,0,0,100),
(64987,15,1394.517,8623.379,9.483105,0,0,100),
(64987,16,1409.568,8618.852,5.867712,0,0,100),
(64987,17,1424.441,8607.313,3.257421,0,0,100),
(64987,18,1441.44,8607.563,-2.581793,0,0,100),
(64987,19,1461.23,8614.597,-12.20679,0,0,100),
(64987,20,1484.593,8616.813,-23.64642,0,0,100);

-- Pat 2
DELETE FROM creature_movement WHERE id = 64233;
INSERT INTO creature_movement (id,point,position_x,position_y,position_z,waittime,script_id,orientation) VALUES
(64233,1,1549.829,8613.372,-33.60997,0,0,100),
(64233,2,1502.414,8615.582,-27.79394,0,0,100),
(64233,3,1483.504,8615.958,-23.3291,0,0,100),
(64233,4,1502.414,8615.582,-27.79394,0,0,100),
(64233,5,1502.414,8615.582,-27.79394,0,0,100),
(64233,6,1549.829,8613.372,-33.60997,0,0,100),
(64233,7,1595.268,8608.182,-32.85706,0,0,100);

-- Pat 3
DELETE FROM creature_movement WHERE id = 64979;
INSERT INTO creature_movement (id,point,position_x,position_y,position_z,waittime,script_id,orientation) VALUES
(64979,1,1630.667,8610.061,-27.07753,0,0,100),
(64979,2,1636.367,8611.652,-28.45675,0,0,100),
(64979,3,1643.823,8612.983,-31.12523,0,0,100),
(64979,4,1653.174,8612.425,-33.30414,0,0,100),
(64979,5,1659.041,8606.214,-35.02042,0,0,100),
(64979,6,1663.339,8595.787,-39.44561,0,0,100),
(64979,7,1668.673,8580.869,-43.56666,0,0,100),
(64979,8,1672.773,8571.901,-45.45685,0,0,100),
(64979,9,1683.156,8565.985,-47.1842,0,0,100),
(64979,10,1706.897,8560.648,-45.62053,0,0,100),
(64979,11,1683.156,8565.985,-47.1842,0,0,100),
(64979,12,1672.773,8571.901,-45.45685,0,0,100),
(64979,13,1668.673,8580.869,-43.56666,0,0,100),
(64979,14,1663.339,8595.787,-39.44561,0,0,100),
(64979,15,1659.041,8606.214,-35.02042,0,0,100),
(64979,16,1653.174,8612.425,-33.30414,0,0,100),
(64979,17,1643.826,8612.983,-31.12594,0,0,100),
(64979,18,1636.367,8611.652,-28.45675,0,0,100),
(64979,19,1631.083,8610.185,-27.22039,0,0,100),
(64979,20,1624.009,8607.951,-25.66858,0,0,100);

-- Pat 4
DELETE FROM creature_movement WHERE id = 64258;
INSERT INTO creature_movement (id,point,position_x,position_y,position_z,waittime,script_id,orientation) VALUES
(64258,1,1687.687,8539.301,-49.16026,0,0,100),
(64258,2,1673.364,8538.981,-49.88889,0,0,100),
(64258,3,1664.266,8535.215,-51.21607,0,0,100),
(64258,4,1654.654,8521.531,-53.58354,0,0,100),
(64258,5,1649.625,8510.094,-54.18151,0,0,100),
(64258,6,1648.938,8498.171,-53.77597,0,0,100),
(64258,7,1656.672,8485.056,-55.70976,0,0,100),
(64258,8,1668.375,8473.033,-58.77278,0,0,100),
(64258,9,1682.668,8469.868,-61.03943,0,0,100),
(64258,10,1693.718,8469.74,-60.26743,0,0,100),
(64258,11,1702.251,8470.647,-59.44333,0,0,100),
(64258,12,1715.028,8473.496,-57.53704,0,0,100),
(64258,13,1702.251,8470.647,-59.44333,0,0,100),
(64258,14,1693.747,8469.74,-60.29449,0,0,100),
(64258,15,1682.668,8469.868,-61.03943,0,0,100),
(64258,16,1668.375,8473.033,-58.77278,0,0,100),
(64258,17,1656.672,8485.056,-55.70976,0,0,100),
(64258,18,1648.938,8498.171,-53.77597,0,0,100),
(64258,19,1649.625,8510.094,-54.18151,0,0,100),
(64258,20,1654.654,8521.531,-53.58354,0,0,100),
(64258,21,1664.266,8535.215,-51.21607,0,0,100),
(64258,22,1673.347,8538.975,-49.87442,0,0,100),
(64258,23,1687.687,8539.301,-49.16026,0,0,100),
(64258,24,1698.444,8539.608,-48.22756,0,0,100);

-- Pat 5.1
DELETE FROM creature_movement WHERE id = 64239;
INSERT INTO creature_movement (id,point,position_x,position_y,position_z,waittime,script_id,orientation) VALUES
(64239,1,1689.134,8484.7,-7.435247,0,0,100),
(64239,2,1677.826,8494.035,-8.564032,0,0,100),
(64239,3,1672.206,8501.249,-7.81,0,0,100),
(64239,4,1665.907,8502.825,-6.924901,0,0,100),
(64239,5,1654.69,8501.367,-6.633519,0,0,100),
(64239,6,1644.64,8504.219,-7.020604,0,0,100),
(64239,7,1631.158,8510.858,-6.801638,0,0,100),
(64239,8,1622.581,8518.366,-5.849367,0,0,100),
(64239,9,1615.581,8524.725,-6.334841,0,0,100),
(64239,10,1611.307,8535.476,-8.693747,0,0,100),
(64239,11,1609.289,8548.758,-14.15615,0,0,100),
(64239,12,1608.688,8551.909,-15.61611,0,0,100),
(64239,13,1606.189,8568.754,-21.79966,0,0,100),
(64239,14,1608.48,8584.462,-29.34727,0,0,100),
(64239,15,1606.189,8568.754,-21.79966,0,0,100),
(64239,16,1608.679,8551.937,-15.42959,0,0,100),
(64239,17,1609.289,8548.758,-14.15615,0,0,100),
(64239,18,1611.307,8535.476,-8.693747,0,0,100),
(64239,19,1615.581,8524.725,-6.334841,0,0,100),
(64239,20,1622.581,8518.366,-5.849367,0,0,100),
(64239,21,1631.158,8510.858,-6.801638,0,0,100),
(64239,22,1644.64,8504.219,-7.020604,0,0,100),
(64239,23,1654.69,8501.367,-6.633519,0,0,100),
(64239,24,1665.907,8502.825,-6.924901,0,0,100),
(64239,25,1672.206,8501.249,-7.81,0,0,100),
(64239,26,1677.826,8494.035,-8.564032,0,0,100),
(64239,27,1689.134,8484.7,-7.435247,0,0,100),
(64239,28,1700.158,8477,-6.369071,0,0,100);
-- Pat 5.2
DELETE FROM creature_movement WHERE id = 72424;
INSERT INTO creature_movement (id,point,position_x,position_y,position_z,waittime,script_id,orientation) VALUES
(72424,1,1689.134,8484.7,-7.435247,0,0,100),
(72424,2,1677.826,8494.035,-8.564032,0,0,100),
(72424,3,1672.206,8501.249,-7.81,0,0,100),
(72424,4,1665.907,8502.825,-6.924901,0,0,100),
(72424,5,1654.69,8501.367,-6.633519,0,0,100),
(72424,6,1644.64,8504.219,-7.020604,0,0,100),
(72424,7,1631.158,8510.858,-6.801638,0,0,100),
(72424,8,1622.581,8518.366,-5.849367,0,0,100),
(72424,9,1615.581,8524.725,-6.334841,0,0,100),
(72424,10,1611.307,8535.476,-8.693747,0,0,100),
(72424,11,1609.289,8548.758,-14.15615,0,0,100),
(72424,12,1608.688,8551.909,-15.61611,0,0,100),
(72424,13,1606.189,8568.754,-21.79966,0,0,100),
(72424,14,1608.48,8584.462,-29.34727,0,0,100),
(72424,15,1606.189,8568.754,-21.79966,0,0,100),
(72424,16,1608.679,8551.937,-15.42959,0,0,100),
(72424,17,1609.289,8548.758,-14.15615,0,0,100),
(72424,18,1611.307,8535.476,-8.693747,0,0,100),
(72424,19,1615.581,8524.725,-6.334841,0,0,100),
(72424,20,1622.581,8518.366,-5.849367,0,0,100),
(72424,21,1631.158,8510.858,-6.801638,0,0,100),
(72424,22,1644.64,8504.219,-7.020604,0,0,100),
(72424,23,1654.69,8501.367,-6.633519,0,0,100),
(72424,24,1665.907,8502.825,-6.924901,0,0,100),
(72424,25,1672.206,8501.249,-7.81,0,0,100),
(72424,26,1677.826,8494.035,-8.564032,0,0,100),
(72424,27,1689.134,8484.7,-7.435247,0,0,100),
(72424,28,1700.158,8477,-6.369071,0,0,100);

-- Pat 6.1
DELETE FROM creature_movement WHERE id = 64244;
INSERT INTO creature_movement (id,point,position_x,position_y,position_z,waittime,script_id,orientation) VALUES
(64244,1,1655.826,8594.225,8.950456,0,0,100),
(64244,2,1664.974,8601.517,10.78405,0,0,100),
(64244,3,1675.004,8605.295,12.36166,0,0,100),
(64244,4,1681.696,8611.765,12.6384,0,0,100),
(64244,5,1689.124,8621.329,12.50693,0,0,100),
(64244,6,1699.805,8628.589,12.01016,0,0,100),
(64244,7,1717.921,8632.591,8.065008,0,0,100),
(64244,8,1729.123,8630.341,6.311835,0,0,100),
(64244,9,1744.3,8627.528,6.188718,0,0,100),
(64244,10,1755.779,8625.817,4.385007,0,0,100),
(64244,11,1764.717,8621.615,3.358396,0,0,100),
(64244,12,1770.793,8609.967,0.8600597,0,0,100),
(64244,13,1778.085,8581.91,-7.021969,0,0,100),
(64244,14,1781.569,8556.616,-9.007608,0,0,100),
(64244,15,1791.778,8532.473,-16.78218,0,0,100),
(64244,16,1806.07,8517.046,-16.52869,0,0,100),
(64244,17,1812.219,8498.097,-19.58127,0,0,100),
(64244,18,1805.245,8477.743,-19.69052,0,0,100),
(64244,19,1809.99,8468.151,-16.3652,0,0,100),
(64244,20,1822.48,8447.891,-16.88681,0,0,100),
(64244,21,1809.99,8468.151,-16.3652,0,0,100),
(64244,22,1805.245,8477.743,-19.69052,0,0,100),
(64244,23,1812.219,8498.097,-19.58127,0,0,100),
(64244,24,1806.07,8517.046,-16.52869,0,0,100),
(64244,25,1791.797,8532.447,-16.83393,0,0,100),
(64244,26,1781.569,8556.616,-9.007608,0,0,100),
(64244,27,1778.085,8581.91,-7.021969,0,0,100),
(64244,28,1770.793,8609.967,0.8600597,0,0,100),
(64244,29,1764.775,8621.494,3.295652,0,0,100),
(64244,30,1755.779,8625.817,4.385007,0,0,100),
(64244,31,1744.3,8627.528,6.188718,0,0,100),
(64244,32,1729.123,8630.341,6.311835,0,0,100),
(64244,33,1717.921,8632.591,8.065008,0,0,100),
(64244,34,1699.805,8628.589,12.01016,0,0,100),
(64244,35,1689.124,8621.329,12.50693,0,0,100),
(64244,36,1681.696,8611.765,12.6384,0,0,100),
(64244,37,1675.004,8605.295,12.36166,0,0,100),
(64244,38,1664.974,8601.517,10.78405,0,0,100),
(64244,39,1655.826,8594.225,8.950456,0,0,100),
(64244,40,1649.307,8586.103,8.346086,0,0,100);
-- Pat 6.2
DELETE FROM creature_movement WHERE id = 64982;
INSERT INTO creature_movement (id,point,position_x,position_y,position_z,waittime,script_id,orientation) VALUES
(64982,1,1655.826,8594.225,8.950456,0,0,100),
(64982,2,1664.974,8601.517,10.78405,0,0,100),
(64982,3,1675.004,8605.295,12.36166,0,0,100),
(64982,4,1681.696,8611.765,12.6384,0,0,100),
(64982,5,1689.124,8621.329,12.50693,0,0,100),
(64982,6,1699.805,8628.589,12.01016,0,0,100),
(64982,7,1717.921,8632.591,8.065008,0,0,100),
(64982,8,1729.123,8630.341,6.311835,0,0,100),
(64982,9,1744.3,8627.528,6.188718,0,0,100),
(64982,10,1755.779,8625.817,4.385007,0,0,100),
(64982,11,1764.717,8621.615,3.358396,0,0,100),
(64982,12,1770.793,8609.967,0.8600597,0,0,100),
(64982,13,1778.085,8581.91,-7.021969,0,0,100),
(64982,14,1781.569,8556.616,-9.007608,0,0,100),
(64982,15,1791.778,8532.473,-16.78218,0,0,100),
(64982,16,1806.07,8517.046,-16.52869,0,0,100),
(64982,17,1812.219,8498.097,-19.58127,0,0,100),
(64982,18,1805.245,8477.743,-19.69052,0,0,100),
(64982,19,1809.99,8468.151,-16.3652,0,0,100),
(64982,20,1822.48,8447.891,-16.88681,0,0,100),
(64982,21,1809.99,8468.151,-16.3652,0,0,100),
(64982,22,1805.245,8477.743,-19.69052,0,0,100),
(64982,23,1812.219,8498.097,-19.58127,0,0,100),
(64982,24,1806.07,8517.046,-16.52869,0,0,100),
(64982,25,1791.797,8532.447,-16.83393,0,0,100),
(64982,26,1781.569,8556.616,-9.007608,0,0,100),
(64982,27,1778.085,8581.91,-7.021969,0,0,100),
(64982,28,1770.793,8609.967,0.8600597,0,0,100),
(64982,29,1764.775,8621.494,3.295652,0,0,100),
(64982,30,1755.779,8625.817,4.385007,0,0,100),
(64982,31,1744.3,8627.528,6.188718,0,0,100),
(64982,32,1729.123,8630.341,6.311835,0,0,100),
(64982,33,1717.921,8632.591,8.065008,0,0,100),
(64982,34,1699.805,8628.589,12.01016,0,0,100),
(64982,35,1689.124,8621.329,12.50693,0,0,100),
(64982,36,1681.696,8611.765,12.6384,0,0,100),
(64982,37,1675.004,8605.295,12.36166,0,0,100),
(64982,38,1664.974,8601.517,10.78405,0,0,100),
(64982,39,1655.826,8594.225,8.950456,0,0,100),
(64982,40,1649.307,8586.103,8.346086,0,0,100);
