-- Zeb'nuwa
-- Rework all spawns, add paths and add pooling

-- ----------------------
-- Templates
-- ----------------------
UPDATE creature_template SET SpeedWalk = (2.5/2.5), SpeedRun = (8/7) WHERE entry = 16358; -- Kel'gash the Wicked

-- ----------------------
-- Spawns
-- ----------------------
-- Free WoTLKDB guids reused
DELETE FROM gameobject WHERE guid IN (94559,94560,94561) AND id IN (181325,181326,181327);
INSERT INTO gameobject (guid, id, map, spawnMask,position_x, position_y, position_z, orientation, rotation0, rotation1, rotation2, rotation3, spawntimesecsmin, spawntimesecsmax, animprogress, state) VALUES 
(94559, 181325, 530, 1, 6810.514, -7413.837, 47.01349, 3.141593, 0, 0, -1, 0, 180, 180, 255, 1),
(94560, 181326, 530, 1, 6772.437, -7350.587, 48.96166, 3.141593, 0, 0, -1, 0, 180, 180, 255, 1),
(94561, 181327, 530, 1, 6610.271, -7352.757, 54.1082, 3.141593, 0, 0, -1, 0, 180, 180, 255, 1);



-- creatures
DELETE FROM creature_movement WHERE id IN(SELECT guid FROM creature WHERE id IN (16346,16345));
DELETE FROM creature_linking WHERE guid IN(SELECT guid FROM creature WHERE id IN (16346,16345));
DELETE FROM creature_addon WHERE guid IN(SELECT guid FROM creature WHERE id IN (16346,16345));
DELETE FROM creature WHERE id IN (16346,16345);
-- Free WoTLKDB guids reused
DELETE FROM creature WHERE guid IN (72426,73694,85762,85763,85765,85769,85770,85771,85774,85781,85782,85789,85790,85791,85792,85803,85807,85826,85831,85833,85835,85842,85846,85852,85860,85866,85867,
85868,85869,85888,85889,85890,85891,85892,85893,85894,85898,85903,85904,85905,85907,85908,85909,85910,85911,85913,85914,85915,85921,85922,85924,85925,85927,85928,85929,85930,85931,85933,134681,
134682,134684,134685,134686,134688,134691,134692,134694,134696,134704,134705,134706,134707,134708,134710,134712,134714,134715,134716,134720,134723);
DELETE FROM creature_addon WHERE guid IN (72426,73694,85762,85763,85765,85769,85770,85771,85774,85781,85782,85789,85790,85791,85792,85803,85807,85826,85831,85833,85835,85842,85846,85852,85860,85866,85867,
85868,85869,85888,85889,85890,85891,85892,85893,85894,85898,85903,85904,85905,85907,85908,85909,85910,85911,85913,85914,85915,85921,85922,85924,85925,85927,85928,85929,85930,85931,85933,134681,
134682,134684,134685,134686,134688,134691,134692,134694,134696,134704,134705,134706,134707,134708,134710,134712,134714,134715,134716,134720,134723);
DELETE FROM creature_movement WHERE id IN (72426,73694,85762,85763,85765,85769,85770,85771,85774,85781,85782,85789,85790,85791,85792,85803,85807,85826,85831,85833,85835,85842,85846,85852,85860,85866,85867,
85868,85869,85888,85889,85890,85891,85892,85893,85894,85898,85903,85904,85905,85907,85908,85909,85910,85911,85913,85914,85915,85921,85922,85924,85925,85927,85928,85929,85930,85931,85933,134681,
134682,134684,134685,134686,134688,134691,134692,134694,134696,134704,134705,134706,134707,134708,134710,134712,134714,134715,134716,134720,134723);
DELETE FROM game_event_creature WHERE guid IN (72426,73694,85762,85763,85765,85769,85770,85771,85774,85781,85782,85789,85790,85791,85792,85803,85807,85826,85831,85833,85835,85842,85846,85852,85860,85866,85867,
85868,85869,85888,85889,85890,85891,85892,85893,85894,85898,85903,85904,85905,85907,85908,85909,85910,85911,85913,85914,85915,85921,85922,85924,85925,85927,85928,85929,85930,85931,85933,134681,
134682,134684,134685,134686,134688,134691,134692,134694,134696,134704,134705,134706,134707,134708,134710,134712,134714,134715,134716,134720,134723);
DELETE FROM game_event_creature_data WHERE guid IN (72426,73694,85762,85763,85765,85769,85770,85771,85774,85781,85782,85789,85790,85791,85792,85803,85807,85826,85831,85833,85835,85842,85846,85852,85860,85866,85867,
85868,85869,85888,85889,85890,85891,85892,85893,85894,85898,85903,85904,85905,85907,85908,85909,85910,85911,85913,85914,85915,85921,85922,85924,85925,85927,85928,85929,85930,85931,85933,134681,
134682,134684,134685,134686,134688,134691,134692,134694,134696,134704,134705,134706,134707,134708,134710,134712,134714,134715,134716,134720,134723);
DELETE FROM creature_battleground WHERE guid IN (72426,73694,85762,85763,85765,85769,85770,85771,85774,85781,85782,85789,85790,85791,85792,85803,85807,85826,85831,85833,85835,85842,85846,85852,85860,85866,85867,
85868,85869,85888,85889,85890,85891,85892,85893,85894,85898,85903,85904,85905,85907,85908,85909,85910,85911,85913,85914,85915,85921,85922,85924,85925,85927,85928,85929,85930,85931,85933,134681,
134682,134684,134685,134686,134688,134691,134692,134694,134696,134704,134705,134706,134707,134708,134710,134712,134714,134715,134716,134720,134723);
DELETE FROM creature_linking WHERE guid IN (72426,73694,85762,85763,85765,85769,85770,85771,85774,85781,85782,85789,85790,85791,85792,85803,85807,85826,85831,85833,85835,85842,85846,85852,85860,85866,85867,
85868,85869,85888,85889,85890,85891,85892,85893,85894,85898,85903,85904,85905,85907,85908,85909,85910,85911,85913,85914,85915,85921,85922,85924,85925,85927,85928,85929,85930,85931,85933,134681,
134682,134684,134685,134686,134688,134691,134692,134694,134696,134704,134705,134706,134707,134708,134710,134712,134714,134715,134716,134720,134723) 
OR master_guid IN (72426,73694,85762,85763,85765,85769,85770,85771,85774,85781,85782,85789,85790,85791,85792,85803,85807,85826,85831,85833,85835,85842,85846,85852,85860,85866,85867,
85868,85869,85888,85889,85890,85891,85892,85893,85894,85898,85903,85904,85905,85907,85908,85909,85910,85911,85913,85914,85915,85921,85922,85924,85925,85927,85928,85929,85930,85931,85933,134681,
134682,134684,134685,134686,134688,134691,134692,134694,134696,134704,134705,134706,134707,134708,134710,134712,134714,134715,134716,134720,134723);
INSERT INTO creature (guid, id, map, spawnMask, modelid, equipment_id, position_x, position_y, position_z, orientation, spawntimesecsmin, spawntimesecsmax, spawndist, currentwaypoint, curhealth, curmana, DeathState, MovementType) VALUES
-- Shadowpine Hexxer
(72426,16346,530,1,0,0,6500.579,-7455.829,86.24481,2.234021,300,300,0,0,350,390,0,0),
(73694,16346,530,1,0,0,6539.508,-7416.446,67.69685,0.801134,300,300,0,0,350,390,0,2),
(85762,16346,530,1,0,0,6550.973,-7413.134,65.63799,0.3779932,300,300,7,0,350,390,0,1),
(85763,16346,530,1,0,0,6616.819,-7316.603,52.23096,2.504628,300,300,7,0,350,390,0,1),
(85765,16346,530,1,0,0,6716.526,-7316.276,52.76197,2.369511,300,300,7,0,350,390,0,1),
(85769,16346,530,1,0,0,6796.171,-7337.428,49.89156,3.717551,300,300,0,0,350,390,0,0),
(85770,16346,530,1,0,0,6950.909,-7479.964,47.83493,2.600541,300,300,7,0,350,390,0,1),
(85771,16346,530,1,0,0,6985.871,-7539.855,61.84544,4.235015,300,300,0,0,350,390,0,2),
(85774,16346,530,1,0,0,7052.569,-7520.293,46.25074,1.356169,300,300,0,0,350,390,0,2),
(85782,16346,530,1,0,0,7117.026,-7481.017,47.78175,0.5873695,300,300,7,0,350,390,0,1),
(85789,16346,530,1,0,0,7163.499,-7580.247,48.84246,2.042035,300,300,0,0,350,390,0,0),
(85790,16346,530,1,0,0,7184.877,-7546.474,49.15612,3.24549,300,300,7,0,350,390,0,1),
(85791,16346,530,1,0,0,7150.115,-7556.663,48.05929,4.625123,300,300,0,0,350,390,0,0),
(85792,16346,530,1,0,0,7083.45,-7450.578,47.69181,4.041921,300,300,7,0,350,390,0,1),
(85803,16346,530,1,0,0,7008.822,-7528.72,61.86026,6.265732,300,300,0,0,350,390,0,0),
(85807,16346,530,1,0,0,7017.94,-7450.167,46.54,5.686336,300,300,7,0,350,390,0,1),
(85826,16346,530,1,0,0,6985.834,-7519.013,61.98864,1.675516,300,300,0,0,350,390,0,0),
(85831,16346,530,1,0,0,7034.176,-7541.151,45.86117,1.099557,300,300,0,0,350,390,0,0),
(85833,16346,530,1,0,0,7048.891,-7484.406,46.57567,2.844592,300,300,7,0,350,390,0,1),
(85835,16346,530,1,0,0,6787.351,-7416.75,47.57154,0.3141593,300,300,0,0,350,390,0,0),
(85842,16346,530,1,0,0,6813.1,-7437.244,47.74209,1.448623,300,300,0,0,350,390,0,0),
(85846,16346,530,1,0,0,6807.389,-7385.572,47.40294,5.445427,300,300,0,0,350,390,0,0),
(85852,16346,530,1,0,0,6843.569,-7409.947,46.43814,3.04766,300,300,0,0,350,390,0,2),
(85860,16346,530,1,0,0,6817.987,-7348.165,48.21628,0.4202323,300,300,7,0,350,390,0,1),
(85866,16346,530,1,0,0,6814.851,-7315.854,46.95663,2.473046,300,300,7,0,350,390,0,1),
(85867,16346,530,1,0,0,6848.546,-7385.624,46.41573,3.514666,300,300,7,0,350,390,0,1),
(85868,16346,530,1,0,0,6722.099,-7430.497,51.26733,1.466077,300,300,0,0,350,390,0,0),
(85869,16346,530,1,0,0,6749.981,-7384.851,51.17376,3.329032,300,300,7,0,350,390,0,1),
(85888,16346,530,1,0,0,6660.446,-7390.407,57.63844,4.956735,300,300,0,0,350,390,0,0),
(85889,16346,530,1,0,0,6677.816,-7401.397,70.57837,6.248279,300,300,0,0,350,390,0,0),
(85890,16346,530,1,0,0,6716.414,-7384.34,52.1568,1.426579,300,300,7,0,350,390,0,1),
(85891,16346,530,1,0,0,6653.56,-7406.253,70.74104,1.664477,300,300,0,0,350,390,0,2),
(85892,16346,530,1,0,0,6650.969,-7319.237,52.23096,0.6743814,300,300,7,0,350,390,0,1),
(85893,16346,530,1,0,0,6610.522,-7349.642,54.05907,4.468043,300,300,0,0,350,390,0,0),
(85894,16346,530,1,0,0,6586.106,-7283.458,52.40438,5.62297,300,300,7,0,350,390,0,1),
(85898,16346,530,1,0,0,6634.077,-7363.211,54.55651,2.75762,300,300,0,0,350,390,0,0),
(85903,16346,530,1,0,0,6611.231,-7375.106,54.84311,1.500983,300,300,0,0,350,390,0,0),
(85904,16346,530,1,0,0,6506.879,-7452.853,73.13995,5.113815,300,300,0,0,350,390,0,0),
(85905,16346,530,1,0,0,6579.082,-7380.639,58.49048,0.8059714,300,300,7,0,350,390,0,1),
(85907,16346,530,1,0,0,6501.684,-7445.166,73.13995,4.276057,300,300,0,0,350,390,0,0),
(134723,16346,530,1,0,0,7064.538,-7539.898,45.89008,2.059489,300,300,0,0,350,390,0,0),
-- Shadowpine Catlord
(85908,16345,530,1,0,0,7008.822,-7528.72,61.86026,6.265732,300,300,0,0,377,408,0,0),
(85909,16345,530,1,0,0,6660.446,-7390.407,57.63844,4.956735,300,300,0,0,377,408,0,0),
(85910,16345,530,1,0,0,6506.879,-7452.853,73.13995,5.113815,300,300,0,0,377,408,0,0),
(85911,16345,530,1,0,0,6634.077,-7363.211,54.55651,2.75762,300,300,0,0,377,408,0,0),
(85913,16345,530,1,0,0,6817.987,-7348.165,48.21628,2.676475,300,300,7,0,377,408,0,1),
(85914,16345,530,1,0,0,6813.1,-7437.244,47.74209,1.448623,300,300,0,0,377,408,0,0),
(85915,16345,530,1,0,0,6843.569,-7409.947,46.43814,3.04766,300,300,0,0,377,408,0,2),
(85921,16345,530,1,0,0,6814.851,-7315.854,46.95663,4.028666,300,300,7,0,377,408,0,1),
(85922,16345,530,1,0,0,7135.538,-7580.939,48.88337,1.186824,300,300,0,0,377,408,0,0),
(85924,16345,530,1,0,0,7116.601,-7548.761,47.78175,2.479396,300,300,7,0,377,408,0,1),
(85925,16345,530,1,0,0,7096.573,-7528.338,48.49631,4.555309,300,300,0,0,377,408,0,0),
(85927,16345,530,1,0,0,7149.042,-7514.316,47.78175,5.299111,300,300,7,0,377,408,0,1),
(85928,16345,530,1,0,0,7117.026,-7481.017,47.78175,1.342424,300,300,7,0,377,408,0,1),
(85929,16345,530,1,0,0,7048.891,-7484.406,46.57567,2.477417,300,300,7,0,377,408,0,1),
(85930,16345,530,1,0,0,7052.569,-7520.293,46.25074,1.356169,300,300,0,0,377,408,0,2),
(85931,16345,530,1,0,0,6997.334,-7459.843,47.37888,3.752458,300,300,0,0,377,408,0,0),
(85933,16345,530,1,0,0,6985.871,-7539.855,61.84544,4.235015,300,300,0,0,377,408,0,2),
(134681,16345,530,1,0,0,6950.909,-7479.964,47.83493,1.405771,300,300,7,0,377,408,0,1),
(134682,16345,530,1,0,0,7064.538,-7539.898,45.89008,2.059489,300,300,0,0,377,408,0,0),
(134684,16345,530,1,0,0,6990.909,-7536.767,48.92687,1.745329,300,300,0,0,377,408,0,0),
(134685,16345,530,1,0,0,6948.322,-7447.857,47.58634,2.3955,300,300,7,0,377,408,0,1),
(134686,16345,530,1,0,0,6772.323,-7322.282,49.89156,4.101524,300,300,0,0,377,408,0,0),
(134688,16345,530,1,0,0,6783.987,-7385.604,49.44264,4.678174,300,300,7,0,377,408,0,1),
(134691,16345,530,1,0,0,6830.69,-7436.723,46.84937,1.902409,300,300,0,0,377,408,0,0),
(134692,16345,530,1,0,0,6796.171,-7337.428,49.89156,3.717551,300,300,0,0,377,408,0,0),
(134694,16345,530,1,0,0,6662.502,-7385.842,70.55701,1.553343,300,300,0,0,377,408,0,0),
(134696,16345,530,1,0,0,6716.23,-7351.887,53.55331,2.492079,300,300,7,0,377,408,0,1),
(134704,16345,530,1,0,0,6743.168,-7430.301,50.41813,4.939282,300,300,0,0,377,408,0,0),
(134705,16345,530,1,0,0,6716.526,-7316.276,52.76197,3.806461,300,300,7,0,377,408,0,1),
(134706,16345,530,1,0,0,6649.229,-7286.746,52.23096,1.762573,300,300,7,0,377,408,0,1),
(134707,16345,530,1,0,0,6653.56,-7406.253,70.74104,1.664477,300,300,0,0,377,408,0,2),
(134708,16345,530,1,0,0,6681.729,-7318.629,52.23097,0.7818556,300,300,7,0,377,408,0,1),
(134710,16345,530,1,0,0,6616.819,-7316.603,52.23096,1.911081,300,300,7,0,377,408,0,1),
(134712,16345,530,1,0,0,6592.692,-7331.265,55.11469,1.919862,300,300,0,0,377,408,0,0),
(134714,16345,530,1,0,0,6539.508,-7416.446,67.69685,0.801134,300,300,0,0,377,408,0,2),
(134715,16345,530,1,0,0,6500.579,-7455.829,86.24481,2.234021,300,300,0,0,377,408,0,0),
(134716,16345,530,1,0,0,6610.522,-7349.642,54.05907,4.468043,300,300,0,0,377,408,0,0),
(134720,16345,530,1,0,0,6550.973,-7413.134,65.63799,5.082168,300,300,7,0,377,408,0,1);

-- ----------------------
-- Pools
-- ----------------------

DELETE FROM pool_template WHERE entry BETWEEN 25808 AND 25829;
INSERT INTO pool_template (entry, max_limit, description) VALUES
(25808,1,'Zeb''Nowa - Shadowpine Catlord/Hexxer 1'),
(25809,1,'Zeb''Nowa - Shadowpine Catlord/Hexxer 2'),
(25810,1,'Zeb''Nowa - Shadowpine Catlord/Hexxer 3'),
(25811,1,'Zeb''Nowa - Shadowpine Catlord/Hexxer 4'),
(25812,1,'Zeb''Nowa - Shadowpine Catlord/Hexxer 5'),
(25813,1,'Zeb''Nowa - Shadowpine Catlord/Hexxer 6'),
(25814,1,'Zeb''Nowa - Shadowpine Catlord/Hexxer 7'),
(25815,1,'Zeb''Nowa - Shadowpine Catlord/Hexxer 8'),
(25816,1,'Zeb''Nowa - Shadowpine Catlord/Hexxer 9'),
(25817,1,'Zeb''Nowa - Shadowpine Catlord/Hexxer 10'),
(25818,1,'Zeb''Nowa - Shadowpine Catlord/Hexxer 11'),
(25819,1,'Zeb''Nowa - Shadowpine Catlord/Hexxer 12'),
(25820,1,'Zeb''Nowa - Shadowpine Catlord/Hexxer 13'),
(25821,1,'Zeb''Nowa - Shadowpine Catlord/Hexxer 14'),
(25822,1,'Zeb''Nowa - Shadowpine Catlord/Hexxer 15'),
(25823,1,'Zeb''Nowa - Shadowpine Catlord/Hexxer 16'),
(25824,1,'Zeb''Nowa - Shadowpine Catlord/Hexxer 17'),
(25825,1,'Zeb''Nowa - Shadowpine Catlord/Hexxer 18'),
(25826,1,'Zeb''Nowa - Shadowpine Catlord/Hexxer 19'),
(25827,1,'Zeb''Nowa - Shadowpine Catlord/Hexxer 20'),
(25828,1,'Zeb''Nowa - Shadowpine Catlord/Hexxer 21'),
(25829,1,'Zeb''Nowa - Shadowpine Catlord/Hexxer 22');

DELETE FROM pool_creature WHERE pool_entry BETWEEN 25808 AND 25829;
INSERT INTO pool_creature (guid, pool_entry, chance, description) VALUES
(72426,25808,50,'Zeb''Nowa - Shadowpine Hexxer 1'),
(134715,25808,50,'Zeb''Nowa - Shadowpine Catlord 1'),

(73694,25809,50,'Zeb''Nowa - Shadowpine Hexxer 2'),
(134714,25809,50,'Zeb''Nowa - Shadowpine Catlord 2'),

(85762,25810,50,'Zeb''Nowa - Shadowpine Hexxer 3'),
(134720,25810,50,'Zeb''Nowa - Shadowpine Catlord 3'),

(85763,25811,50,'Zeb''Nowa - Shadowpine Hexxer 4'),
(134710,25811,50,'Zeb''Nowa - Shadowpine Catlord 4'),

(85765,25812,50,'Zeb''Nowa - Shadowpine Hexxer 5'),
(134705,25812,50,'Zeb''Nowa - Shadowpine Catlord 5'),

(85769,25813,50,'Zeb''Nowa - Shadowpine Hexxer 6'),
(134692,25813,50,'Zeb''Nowa - Shadowpine Catlord 6'),

(85770,25814,50,'Zeb''Nowa - Shadowpine Hexxer 7'),
(134681,25814,50,'Zeb''Nowa - Shadowpine Catlord 7'),

(85771,25815,50,'Zeb''Nowa - Shadowpine Hexxer 8'),
(85933,25815,50,'Zeb''Nowa - Shadowpine Catlord 8'),

(134723,25816,50,'Zeb''Nowa - Shadowpine Hexxer 9'),
(134682,25816,50,'Zeb''Nowa - Shadowpine Catlord 9'),

(85774,25817,50,'Zeb''Nowa - Shadowpine Hexxer 10'),
(85930,25817,50,'Zeb''Nowa - Shadowpine Catlord 10'),

(85782,25818,50,'Zeb''Nowa - Shadowpine Hexxer 11'),
(85928,25818,50,'Zeb''Nowa - Shadowpine Catlord 11'),

(85803,25819,50,'Zeb''Nowa - Shadowpine Hexxer 12'),
(85908,25819,50,'Zeb''Nowa - Shadowpine Catlord 12'),

(85833,25820,50,'Zeb''Nowa - Shadowpine Hexxer 13'),
(85929,25820,50,'Zeb''Nowa - Shadowpine Catlord 13'),

(85842,25821,50,'Zeb''Nowa - Shadowpine Hexxer 14'),
(85914,25821,50,'Zeb''Nowa - Shadowpine Catlord 14'),

(85852,25822,50,'Zeb''Nowa - Shadowpine Hexxer 15'),
(85915,25822,50,'Zeb''Nowa - Shadowpine Catlord 15'),

(85860,25823,50,'Zeb''Nowa - Shadowpine Hexxer 16'),
(85913,25823,50,'Zeb''Nowa - Shadowpine Catlord 16'),

(85866,25824,50,'Zeb''Nowa - Shadowpine Hexxer 17'),
(85921,25824,50,'Zeb''Nowa - Shadowpine Catlord 17'),

(85888,25825,50,'Zeb''Nowa - Shadowpine Hexxer 18'),
(85909,25825,50,'Zeb''Nowa - Shadowpine Catlord 18'),

(85891,25826,50,'Zeb''Nowa - Shadowpine Hexxer 19'),
(134707,25826,50,'Zeb''Nowa - Shadowpine Catlord 19'),

(85893,25827,50,'Zeb''Nowa - Shadowpine Hexxer 20'),
(134716,25827,50,'Zeb''Nowa - Shadowpine Catlord 20'),

(85898,25828,50,'Zeb''Nowa - Shadowpine Hexxer 21'),
(85911,25828,50,'Zeb''Nowa - Shadowpine Catlord 21'),

(85904,25829,50,'Zeb''Nowa - Shadowpine Hexxer 22'),
(85910,25829,50,'Zeb''Nowa - Shadowpine Catlord 22');

-- ----------------------
-- Paths
-- ----------------------

-- Pat 1.1
DELETE FROM creature_movement WHERE id = 85771;
INSERT INTO creature_movement (id,point,position_x,position_y,position_z,waittime,script_id,orientation) VALUES
(85771,1,6981.897,-7547.537,61.8286,0,0,100),
(85771,2,6989.535,-7552.494,59.41551,0,0,100),
(85771,3,6999.896,-7552.047,56.28938,0,0,100),
(85771,4,6996.502,-7538.88,56.288,0,0,100),
(85771,5,7002.264,-7533.874,53.50019,0,0,100),
(85771,6,7002.215,-7528.097,49.74519,0,0,100),
(85771,7,6992.991,-7522.231,48.84354,0,0,100),
(85771,8,6987.096,-7510.236,48.83638,0,0,100),
(85771,9,6984.375,-7495.834,45.79904,0,0,100),
(85771,10,6972.151,-7467.01,47.04904,0,0,100),
(85771,11,6981.916,-7440.968,47.30861,0,0,100),
(85771,12,6972.124,-7466.882,47.04904,0,0,100),
(85771,13,6986.206,-7490.85,46.08444,0,0,100),
(85771,14,7021.828,-7503.566,45.89935,0,0,100),
(85771,15,7049.295,-7519.16,45.85497,0,0,100),
(85771,16,7021.828,-7503.566,45.89935,0,0,100),
(85771,17,6986.206,-7490.85,46.08444,0,0,100),
(85771,18,6972.124,-7466.882,47.04904,0,0,100),
(85771,19,6981.916,-7440.968,47.30861,0,0,100),
(85771,20,6972.151,-7467.01,47.04904,0,0,100),
(85771,21,6983.799,-7495.741,45.74777,0,0,100),
(85771,22,6987.096,-7510.236,48.83638,0,0,100),
(85771,23,6992.991,-7522.231,48.84354,0,0,100),
(85771,24,7002.215,-7528.097,49.74519,0,0,100),
(85771,25,7002.264,-7533.874,53.50019,0,0,100),
(85771,26,6996.502,-7538.88,56.288,0,0,100),
(85771,27,6999.844,-7551.848,56.28206,0,0,100),
(85771,28,6989.535,-7552.494,59.41551,0,0,100),
(85771,29,6981.897,-7547.537,61.8286,0,0,100),
(85771,30,6986.944,-7539.802,61.7621,0,0,100);

-- Pat 1.2
DELETE FROM creature_movement WHERE id = 85933;
INSERT INTO creature_movement (id,point,position_x,position_y,position_z,waittime,script_id,orientation) VALUES
(85933,1,6981.897,-7547.537,61.8286,0,0,100),
(85933,2,6989.535,-7552.494,59.41551,0,0,100),
(85933,3,6999.896,-7552.047,56.28938,0,0,100),
(85933,4,6996.502,-7538.88,56.288,0,0,100),
(85933,5,7002.264,-7533.874,53.50019,0,0,100),
(85933,6,7002.215,-7528.097,49.74519,0,0,100),
(85933,7,6992.991,-7522.231,48.84354,0,0,100),
(85933,8,6987.096,-7510.236,48.83638,0,0,100),
(85933,9,6984.375,-7495.834,45.79904,0,0,100),
(85933,10,6972.151,-7467.01,47.04904,0,0,100),
(85933,11,6981.916,-7440.968,47.30861,0,0,100),
(85933,12,6972.124,-7466.882,47.04904,0,0,100),
(85933,13,6986.206,-7490.85,46.08444,0,0,100),
(85933,14,7021.828,-7503.566,45.89935,0,0,100),
(85933,15,7049.295,-7519.16,45.85497,0,0,100),
(85933,16,7021.828,-7503.566,45.89935,0,0,100),
(85933,17,6986.206,-7490.85,46.08444,0,0,100),
(85933,18,6972.124,-7466.882,47.04904,0,0,100),
(85933,19,6981.916,-7440.968,47.30861,0,0,100),
(85933,20,6972.151,-7467.01,47.04904,0,0,100),
(85933,21,6983.799,-7495.741,45.74777,0,0,100),
(85933,22,6987.096,-7510.236,48.83638,0,0,100),
(85933,23,6992.991,-7522.231,48.84354,0,0,100),
(85933,24,7002.215,-7528.097,49.74519,0,0,100),
(85933,25,7002.264,-7533.874,53.50019,0,0,100),
(85933,26,6996.502,-7538.88,56.288,0,0,100),
(85933,27,6999.844,-7551.848,56.28206,0,0,100),
(85933,28,6989.535,-7552.494,59.41551,0,0,100),
(85933,29,6981.897,-7547.537,61.8286,0,0,100),
(85933,30,6986.944,-7539.802,61.7621,0,0,100);

-- Pat 2.1
DELETE FROM creature_movement WHERE id = 85774;
INSERT INTO creature_movement (id,point,position_x,position_y,position_z,waittime,script_id,orientation) VALUES
(85774,1,7061.141,-7480.873,47.76456,0,0,100),
(85774,2,7086.888,-7469.198,47.87947,0,0,100),
(85774,3,7120.253,-7478.431,47.95727,0,0,100),
(85774,4,7158.033,-7495.03,48.4225,0,0,100),
(85774,5,7183.479,-7508.463,50.49898,0,0,100),
(85774,6,7193.087,-7526.864,48.45894,0,0,100),
(85774,7,7182.279,-7550.295,49.41834,0,0,100),
(85774,8,7149.923,-7553.127,48.06218,0,0,100),
(85774,9,7123.225,-7541.275,47.77497,0,0,100),
(85774,10,7107.776,-7519.825,48.06849,0,0,100),
(85774,11,7078.566,-7522.566,47.6736,0,0,100),
(85774,12,7054.718,-7515.056,45.82531,0,0,100);

-- Pat 2.2
DELETE FROM creature_movement WHERE id = 85930;
INSERT INTO creature_movement (id,point,position_x,position_y,position_z,waittime,script_id,orientation) VALUES
(85930,1,7061.141,-7480.873,47.76456,0,0,100),
(85930,2,7086.888,-7469.198,47.87947,0,0,100),
(85930,3,7120.253,-7478.431,47.95727,0,0,100),
(85930,4,7158.033,-7495.03,48.4225,0,0,100),
(85930,5,7183.479,-7508.463,50.49898,0,0,100),
(85930,6,7193.087,-7526.864,48.45894,0,0,100),
(85930,7,7182.279,-7550.295,49.41834,0,0,100),
(85930,8,7149.923,-7553.127,48.06218,0,0,100),
(85930,9,7123.225,-7541.275,47.77497,0,0,100),
(85930,10,7107.776,-7519.825,48.06849,0,0,100),
(85930,11,7078.566,-7522.566,47.6736,0,0,100),
(85930,12,7054.718,-7515.056,45.82531,0,0,100);

-- Pat 3.1
DELETE FROM creature_movement WHERE id = 85852;
INSERT INTO creature_movement (id,point,position_x,position_y,position_z,waittime,script_id,orientation) VALUES
(85852,1,6816.644,-7407.396,48.21939,0,0,100),
(85852,2,6790.03,-7391.276,47.95456,0,0,100),
(85852,3,6775.287,-7359.67,49.27048,0,0,100),
(85852,4,6760.449,-7356.145,48.84367,0,0,100),
(85852,5,6736.911,-7385.608,51.53582,0,0,100),
(85852,6,6706.392,-7408.471,51.19869,0,0,100),
(85852,7,6736.911,-7385.608,51.53582,0,0,100),
(85852,8,6760.449,-7356.145,48.84367,0,0,100),
(85852,9,6775.287,-7359.67,49.27048,0,0,100),
(85852,10,6790.03,-7391.276,47.95456,0,0,100),
(85852,11,6816.644,-7407.396,48.21939,0,0,100),
(85852,12,6843.5,-7409.588,46.4158,0,0,100);

-- Pat 3.2
DELETE FROM creature_movement WHERE id = 85915;
INSERT INTO creature_movement (id,point,position_x,position_y,position_z,waittime,script_id,orientation) VALUES
(85915,1,6816.644,-7407.396,48.21939,0,0,100),
(85915,2,6790.03,-7391.276,47.95456,0,0,100),
(85915,3,6775.287,-7359.67,49.27048,0,0,100),
(85915,4,6760.449,-7356.145,48.84367,0,0,100),
(85915,5,6736.911,-7385.608,51.53582,0,0,100),
(85915,6,6706.392,-7408.471,51.19869,0,0,100),
(85915,7,6736.911,-7385.608,51.53582,0,0,100),
(85915,8,6760.449,-7356.145,48.84367,0,0,100),
(85915,9,6775.287,-7359.67,49.27048,0,0,100),
(85915,10,6790.03,-7391.276,47.95456,0,0,100),
(85915,11,6816.644,-7407.396,48.21939,0,0,100),
(85915,12,6843.5,-7409.588,46.4158,0,0,100);

-- Pat 4.1
DELETE FROM creature_movement WHERE id = 73694;
INSERT INTO creature_movement (id,point,position_x,position_y,position_z,waittime,script_id,orientation) VALUES
(73694,1,6558.991,-7396.349,61.79305,0,0,100),
(73694,2,6584.465,-7368.215,56.64576,0,0,100),
(73694,3,6598.534,-7348.974,54.28678,0,0,100),
(73694,4,6615.359,-7339.764,53.56255,0,0,100),
(73694,5,6647.187,-7348.865,53.18269,0,0,100),
(73694,6,6682.19,-7368.343,54.08907,0,0,100),
(73694,7,6703.269,-7370.278,53.04815,0,0,100),
(73694,8,6728.651,-7395.892,51.54815,0,0,100),
(73694,9,6753.04,-7417.468,51.44706,0,0,100),
(73694,10,6728.651,-7395.892,51.54815,0,0,100),
(73694,11,6703.269,-7370.278,53.04815,0,0,100),
(73694,12,6682.19,-7368.343,54.08907,0,0,100),
(73694,13,6647.187,-7348.865,53.18269,0,0,100),
(73694,14,6615.359,-7339.764,53.56255,0,0,100),
(73694,15,6598.534,-7348.974,54.28678,0,0,100),
(73694,16,6584.465,-7368.215,56.64576,0,0,100),
(73694,17,6558.991,-7396.349,61.79305,0,0,100),
(73694,18,6542.071,-7417.913,67.30096,0,0,100);

-- Pat 4.2
DELETE FROM creature_movement WHERE id = 134714;
INSERT INTO creature_movement (id,point,position_x,position_y,position_z,waittime,script_id,orientation) VALUES
(134714,1,6558.991,-7396.349,61.79305,0,0,100),
(134714,2,6584.465,-7368.215,56.64576,0,0,100),
(134714,3,6598.534,-7348.974,54.28678,0,0,100),
(134714,4,6615.359,-7339.764,53.56255,0,0,100),
(134714,5,6647.187,-7348.865,53.18269,0,0,100),
(134714,6,6682.19,-7368.343,54.08907,0,0,100),
(134714,7,6703.269,-7370.278,53.04815,0,0,100),
(134714,8,6728.651,-7395.892,51.54815,0,0,100),
(134714,9,6753.04,-7417.468,51.44706,0,0,100),
(134714,10,6728.651,-7395.892,51.54815,0,0,100),
(134714,11,6703.269,-7370.278,53.04815,0,0,100),
(134714,12,6682.19,-7368.343,54.08907,0,0,100),
(134714,13,6647.187,-7348.865,53.18269,0,0,100),
(134714,14,6615.359,-7339.764,53.56255,0,0,100),
(134714,15,6598.534,-7348.974,54.28678,0,0,100),
(134714,16,6584.465,-7368.215,56.64576,0,0,100),
(134714,17,6558.991,-7396.349,61.79305,0,0,100),
(134714,18,6542.071,-7417.913,67.30096,0,0,100);

-- Pat 5.1
DELETE FROM creature_movement WHERE id = 85891;
INSERT INTO creature_movement (id,point,position_x,position_y,position_z,waittime,script_id,orientation) VALUES
(85891,1,6652.225,-7392.04,70.47366,0,0,100),
(85891,2,6645.212,-7388.861,70.53851,0,0,100),
(85891,3,6641.339,-7398.835,67.98103,0,0,100),
(85891,4,6643.847,-7409.514,64.99554,0,0,100),
(85891,5,6656.481,-7402.094,64.99205,0,0,100),
(85891,6,6660.882,-7406.816,62.74853,0,0,100),
(85891,7,6667.702,-7405.815,58.3944,0,0,100),
(85891,8,6674.52,-7392.116,57.5551,0,0,100),
(85891,9,6686.496,-7386.052,57.5435,0,0,100),
(85891,10,6701.096,-7375.452,52.98748,0,0,100),
(85891,11,6713.958,-7335.453,52.83438,0,0,100),
(85891,12,6705.365,-7304.641,51.35052,0,0,100),
(85891,13,6667.696,-7315.061,52.24347,0,0,100),
(85891,14,6656.718,-7350.432,53.86433,0,0,100),
(85891,15,6671.56,-7365.549,55.21917,0,0,100),
(85891,16,6700.926,-7375.479,52.79815,0,0,100),
(85891,17,6687.011,-7386.022,57.5435,0,0,100),
(85891,18,6674.511,-7391.929,57.5551,0,0,100),
(85891,19,6667.743,-7405.689,58.30771,0,0,100),
(85891,20,6661.009,-7406.887,62.68232,0,0,100),
(85891,21,6656.467,-7402.083,64.99275,0,0,100),
(85891,22,6643.857,-7409.591,64.99513,0,0,100),
(85891,23,6641.331,-7398.935,67.93543,0,0,100),
(85891,24,6645.214,-7388.875,70.53832,0,0,100),
(85891,25,6652.309,-7391.977,70.47366,0,0,100),
(85891,26,6662.746,-7386.941,70.47369,0,0,100),
(85891,27,6672.836,-7390.348,70.59593,0,0,100),
(85891,28,6674.759,-7402.299,70.48702,0,0,100),
(85891,29,6665.353,-7409.669,70.42125,0,0,100),
(85891,30,6653.061,-7404.968,70.65191,0,0,100);

-- Pat 5.2
DELETE FROM creature_movement WHERE id = 134707;
INSERT INTO creature_movement (id,point,position_x,position_y,position_z,waittime,script_id,orientation) VALUES
(134707,1,6652.225,-7392.04,70.47366,0,0,100),
(134707,2,6645.212,-7388.861,70.53851,0,0,100),
(134707,3,6641.339,-7398.835,67.98103,0,0,100),
(134707,4,6643.847,-7409.514,64.99554,0,0,100),
(134707,5,6656.481,-7402.094,64.99205,0,0,100),
(134707,6,6660.882,-7406.816,62.74853,0,0,100),
(134707,7,6667.702,-7405.815,58.3944,0,0,100),
(134707,8,6674.52,-7392.116,57.5551,0,0,100),
(134707,9,6686.496,-7386.052,57.5435,0,0,100),
(134707,10,6701.096,-7375.452,52.98748,0,0,100),
(134707,11,6713.958,-7335.453,52.83438,0,0,100),
(134707,12,6705.365,-7304.641,51.35052,0,0,100),
(134707,13,6667.696,-7315.061,52.24347,0,0,100),
(134707,14,6656.718,-7350.432,53.86433,0,0,100),
(134707,15,6671.56,-7365.549,55.21917,0,0,100),
(134707,16,6700.926,-7375.479,52.79815,0,0,100),
(134707,17,6687.011,-7386.022,57.5435,0,0,100),
(134707,18,6674.511,-7391.929,57.5551,0,0,100),
(134707,19,6667.743,-7405.689,58.30771,0,0,100),
(134707,20,6661.009,-7406.887,62.68232,0,0,100),
(134707,21,6656.467,-7402.083,64.99275,0,0,100),
(134707,22,6643.857,-7409.591,64.99513,0,0,100),
(134707,23,6641.331,-7398.935,67.93543,0,0,100),
(134707,24,6645.214,-7388.875,70.53832,0,0,100),
(134707,25,6652.309,-7391.977,70.47366,0,0,100),
(134707,26,6662.746,-7386.941,70.47369,0,0,100),
(134707,27,6672.836,-7390.348,70.59593,0,0,100),
(134707,28,6674.759,-7402.299,70.48702,0,0,100),
(134707,29,6665.353,-7409.669,70.42125,0,0,100),
(134707,30,6653.061,-7404.968,70.65191,0,0,100);
