-- Zeb'Tela: Spawns, paths, pools
UPDATE creature_template SET SpeedWalk = (2.5/2.5), SpeedRun = (8/7) WHERE entry IN (16344,16469);

DELETE FROM creature_movement WHERE id IN(SELECT guid FROM creature WHERE id IN (16344,16469));
DELETE FROM creature_linking WHERE guid IN(SELECT guid FROM creature WHERE id IN (16344,16469));
DELETE FROM creature_addon WHERE guid IN(SELECT guid FROM creature WHERE id IN (16344,16469));
DELETE FROM creature WHERE id IN (16344,16469);
-- Free WoTLKDB guids reused
DELETE FROM creature WHERE guid IN (72427,81929,81943,81945,81947,81948,81949,81950,81951,81952,81953,81954,81955,81956,81958,81959,81960,81961,81962,81963,81964,81965,81966,81967,81968,81969,
81972,81973,81974,81975,81976,81977,81978,81979,81980,81981,81982,81983,81984,81985,81986,81988,81989,81990,81992,81993,85781,85899,134697,134725,134727,134876,136559,136577,136769,136770,
136771,136772,136773,136774,136775);
DELETE FROM creature_addon WHERE guid IN (72427,81929,81943,81945,81947,81948,81949,81950,81951,81952,81953,81954,81955,81956,81958,81959,81960,81961,81962,81963,81964,81965,81966,81967,81968,81969,
81972,81973,81974,81975,81976,81977,81978,81979,81980,81981,81982,81983,81984,81985,81986,81988,81989,81990,81992,81993,85781,85899,134697,134725,134727,134876,136559,136577,136769,136770,
136771,136772,136773,136774,136775);
DELETE FROM creature_movement WHERE id IN (72427,81929,81943,81945,81947,81948,81949,81950,81951,81952,81953,81954,81955,81956,81958,81959,81960,81961,81962,81963,81964,81965,81966,81967,81968,81969,
81972,81973,81974,81975,81976,81977,81978,81979,81980,81981,81982,81983,81984,81985,81986,81988,81989,81990,81992,81993,85781,85899,134697,134725,134727,134876,136559,136577,136769,136770,
136771,136772,136773,136774,136775);
DELETE FROM game_event_creature WHERE guid IN (72427,81929,81943,81945,81947,81948,81949,81950,81951,81952,81953,81954,81955,81956,81958,81959,81960,81961,81962,81963,81964,81965,81966,81967,81968,81969,
81972,81973,81974,81975,81976,81977,81978,81979,81980,81981,81982,81983,81984,81985,81986,81988,81989,81990,81992,81993,85781,85899,134697,134725,134727,134876,136559,136577,136769,136770,
136771,136772,136773,136774,136775);
DELETE FROM game_event_creature_data WHERE guid IN (72427,81929,81943,81945,81947,81948,81949,81950,81951,81952,81953,81954,81955,81956,81958,81959,81960,81961,81962,81963,81964,81965,81966,81967,81968,81969,
81972,81973,81974,81975,81976,81977,81978,81979,81980,81981,81982,81983,81984,81985,81986,81988,81989,81990,81992,81993,85781,85899,134697,134725,134727,134876,136559,136577,136769,136770,
136771,136772,136773,136774,136775);
DELETE FROM creature_battleground WHERE guid IN (72427,81929,81943,81945,81947,81948,81949,81950,81951,81952,81953,81954,81955,81956,81958,81959,81960,81961,81962,81963,81964,81965,81966,81967,81968,81969,
81972,81973,81974,81975,81976,81977,81978,81979,81980,81981,81982,81983,81984,81985,81986,81988,81989,81990,81992,81993,85781,85899,134697,134725,134727,134876,136559,136577,136769,136770,
136771,136772,136773,136774,136775);
DELETE FROM creature_linking WHERE guid IN (72427,81929,81943,81945,81947,81948,81949,81950,81951,81952,81953,81954,81955,81956,81958,81959,81960,81961,81962,81963,81964,81965,81966,81967,81968,81969,
81972,81973,81974,81975,81976,81977,81978,81979,81980,81981,81982,81983,81984,81985,81986,81988,81989,81990,81992,81993,85781,85899,134697,134725,134727,134876,136559,136577,136769,136770,
136771,136772,136773,136774,136775) 
OR master_guid IN (72427,81929,81943,81945,81947,81948,81949,81950,81951,81952,81953,81954,81955,81956,81958,81959,81960,81961,81962,81963,81964,81965,81966,81967,81968,81969,
81972,81973,81974,81975,81976,81977,81978,81979,81980,81981,81982,81983,81984,81985,81986,81988,81989,81990,81992,81993,85781,85899,134697,134725,134727,134876,136559,136577,136769,136770,
136771,136772,136773,136774,136775);

INSERT INTO creature (guid, id, map, spawnMask, modelid, equipment_id, position_x, position_y, position_z, orientation, spawntimesecsmin, spawntimesecsmax, spawndist, currentwaypoint, curhealth, curmana, DeathState, MovementType) VALUES
-- Shadowpine Headhunter
(72427,16344,530,1,0,0,7415.768,-7815.705,145.0606,2.252193,300,300,5,0,386,0,0,1),
(81929,16344,530,1,0,0,7422.853,-7923.249,157.1437,2.495821,300,300,0,0,386,0,0,0),
(81943,16344,530,1,0,0,7392.21,-7930.51,158.7997,0.7853982,300,300,0,0,386,0,0,0),
(81945,16344,530,1,0,0,7451.208,-7978.112,159.0215,5.718613,300,300,5,0,386,0,0,1),
(81947,16344,530,1,0,0,7447.426,-7848.057,154.1749,0.3015755,300,300,5,0,386,0,0,1),
(81948,16344,530,1,0,0,7485.4,-7848.958,153.5959,1.256637,300,300,5,0,386,0,0,1),
(81949,16344,530,1,0,0,7351.321,-7820.854,148.0578,1.48353,300,300,0,0,386,0,0,0),
(81950,16344,530,1,0,0,7419.236,-7783.987,139.3956,4.980129,300,300,5,0,386,0,0,1),
(81951,16344,530,1,0,0,7243.535,-7799.12,148.6665,3.764764,300,300,5,0,386,0,0,1),
(81952,16344,530,1,0,0,7280.241,-7721.441,149.2798,3.386423,300,300,5,0,386,0,0,1),
(81953,16344,530,1,0,0,7283.747,-7825.28,151.4969,1.082104,300,300,0,0,386,0,0,0),
(81954,16344,530,1,0,0,7299.016,-7818.042,151.6078,2.076942,300,300,0,0,386,0,0,0),
(81955,16344,530,1,0,0,7257.978,-7751.002,150.0515,0.7434557,300,300,0,0,386,0,0,2),
(81956,16344,530,1,0,0,7316.434,-7749.913,150.193,2.655375,300,300,5,0,386,0,0,1),
(81958,16344,530,1,0,0,7277.894,-7781.605,163.1289,5.916666,300,300,0,0,386,0,0,0),
(81959,16344,530,1,0,0,7284.977,-7762.824,163.0204,0.6283185,300,300,0,0,386,0,0,0),
(81960,16344,530,1,0,0,7267.646,-7765.635,150.1019,0.7679449,300,300,0,0,386,0,0,0),
(81961,16344,530,1,0,0,7240.626,-7761.362,147.9993,4.858146,300,300,0,0,386,0,0,2),
(81962,16344,530,1,0,0,7303.018,-7781.799,147.9993,1.047198,300,300,0,0,386,0,0,0),
(81963,16344,530,1,0,0,7360.366,-7832.708,148.1338,1.32645,300,300,0,0,386,0,0,0),
(81964,16344,530,1,0,0,7416.536,-7881.026,157.7263,3.088683,300,300,5,0,386,0,0,1),
(81965,16344,530,1,0,0,7384.82,-7789.476,148.0061,5.936723,300,300,5,0,386,0,0,1),
(81966,16344,530,1,0,0,7512.636,-7820.24,147.9263,4.310284,300,300,5,0,386,0,0,1),
(81967,16344,530,1,0,0,7379.521,-7888.095,155.4846,3.246312,300,300,0,0,386,0,0,0),
(81968,16344,530,1,0,0,7405.499,-7989.741,161.2887,2.809098,300,300,0,0,386,0,0,2),
(81969,16344,530,1,0,0,7452.45,-7888.83,158.6644,5.811946,300,300,0,0,386,0,0,0),
(81972,16344,530,1,0,0,7401.941,-7975.172,161.3328,0.8028514,300,300,0,0,386,0,0,0),
(81973,16344,530,1,0,0,7411.854,-7846.055,151.3382,1.870534,300,300,5,0,386,0,0,1),
(81974,16344,530,1,0,0,7425.339,-7965.402,174.3473,0.7853982,300,300,0,0,386,0,0,0),
(81975,16344,530,1,0,0,7486.737,-7889.981,159.1365,3.106686,300,300,0,0,386,0,0,0),
(81976,16344,530,1,0,0,7466.088,-7933.677,160.0998,0.01745329,300,300,0,0,386,0,0,0),
-- Shadowpine Shadowcaster
(81977,16469,530,1,0,0,7405.499,-7989.741,161.2887,2.809098,300,300,0,0,350,390,0,2),
(81978,16469,530,1,0,0,7411.854,-7846.055,151.3382,2.305245,300,300,5,0,350,390,0,1),
(81979,16469,530,1,0,0,7284.977,-7762.824,163.0204,0.6283185,300,300,0,0,350,390,0,0),
(81980,16469,530,1,0,0,7240.626,-7761.362,147.9993,4.858146,300,300,0,0,350,390,0,2),
(81981,16469,530,1,0,0,7425.339,-7965.402,174.3473,0.7853982,300,300,0,0,350,390,0,0),
(81982,16469,530,1,0,0,7512.636,-7820.24,147.9263,4.625163,300,300,5,0,350,390,0,1),
(81983,16469,530,1,0,0,7303.018,-7781.799,147.9993,1.047198,300,300,0,0,350,390,0,0),
(81984,16469,530,1,0,0,7257.978,-7751.002,150.0515,0.7434557,300,300,0,0,350,390,0,2),
(81985,16469,530,1,0,0,7316.434,-7749.913,150.193,3.910245,300,300,5,0,350,390,0,1),
(81986,16469,530,1,0,0,7299.016,-7818.042,151.6078,2.076942,300,300,0,0,350,390,0,0),
(81988,16469,530,1,0,0,7280.241,-7721.441,149.2798,4.003805,300,300,5,0,350,390,0,1),
(81989,16469,530,1,0,0,7275.17,-7759.247,150.1019,3.787364,300,300,0,0,350,390,0,0),
(81990,16469,530,1,0,0,7384.82,-7789.476,148.0061,5.766915,300,300,5,0,350,390,0,1),
(81992,16469,530,1,0,0,7264.244,-7759.489,163.2228,1.797689,300,300,0,0,350,390,0,0),
(81993,16469,530,1,0,0,7283.747,-7825.28,151.4969,1.082104,300,300,0,0,350,390,0,0),
(85781,16469,530,1,0,0,7334.448,-7823.753,147.3573,0.6632251,300,300,0,0,350,390,0,0),
(85899,16469,530,1,0,0,7243.535,-7799.12,148.6665,5.156096,300,300,5,0,350,390,0,1),
(134697,16469,530,1,0,0,7419.236,-7783.987,139.3956,5.271454,300,300,5,0,350,390,0,1),
(134725,16469,530,1,0,0,7351.321,-7820.854,148.0578,1.48353,300,300,0,0,350,390,0,0),
(134727,16469,530,1,0,0,7415.768,-7815.705,145.0606,5.759191,300,300,5,0,350,390,0,1),
(134876,16469,530,1,0,0,7452.45,-7888.83,158.6644,5.811946,300,300,0,0,350,390,0,0),
(136559,16469,530,1,0,0,7379.521,-7888.095,155.4846,3.246312,300,300,0,0,350,390,0,0),
(136577,16469,530,1,0,0,7385.241,-7837.181,147.7531,3.769911,300,300,0,0,350,390,0,0),
(136769,16469,530,1,0,0,7447.426,-7848.057,154.1749,2.184373,300,300,5,0,350,390,0,1),
(136770,16469,530,1,0,0,7416.536,-7881.026,157.7263,4.166202,300,300,5,0,350,390,0,1),
(136771,16469,530,1,0,0,7474.079,-7908.469,159.3931,2.268928,300,300,0,0,350,390,0,0),
(136772,16469,530,1,0,0,7407.708,-7953.319,174.3745,1.58825,300,300,0,0,350,390,0,0),
(136773,16469,530,1,0,0,7451.208,-7978.112,159.0215,0.06651405,300,300,5,0,350,390,0,1),
(136774,16469,530,1,0,0,7485.4,-7848.958,153.5959,5.925844,300,300,5,0,350,390,0,1),
(136775,16469,530,1,0,0,7392.21,-7930.51,158.7997,0.7853982,300,300,0,0,350,390,0,0),
(136776,16469,530,1,0,0,7422.853,-7923.249,157.1437,2.495821,300,300,0,0,350,390,0,0);


DELETE FROM pool_template WHERE entry BETWEEN 25830 AND 25854;
INSERT INTO pool_template (entry, max_limit, description) VALUES
(25830,1,'Zeb\'Tela - Shadowpine Headhunter/Shadowcaster 1'),
(25831,1,'Zeb\'Tela - Shadowpine Headhunter/Shadowcaster 2'),
(25832,1,'Zeb\'Tela - Shadowpine Headhunter/Shadowcaster 3'),
(25833,1,'Zeb\'Tela - Shadowpine Headhunter/Shadowcaster 4'),
(25834,1,'Zeb\'Tela - Shadowpine Headhunter/Shadowcaster 5'),
(25835,1,'Zeb\'Tela - Shadowpine Headhunter/Shadowcaster 6'),
(25836,1,'Zeb\'Tela - Shadowpine Headhunter/Shadowcaster 7'),
(25837,1,'Zeb\'Tela - Shadowpine Headhunter/Shadowcaster 8'),
(25838,1,'Zeb\'Tela - Shadowpine Headhunter/Shadowcaster 9'),
(25839,1,'Zeb\'Tela - Shadowpine Headhunter/Shadowcaster 10'),
(25840,1,'Zeb\'Tela - Shadowpine Headhunter/Shadowcaster 11'),
(25841,1,'Zeb\'Tela - Shadowpine Headhunter/Shadowcaster 12'),
(25842,1,'Zeb\'Tela - Shadowpine Headhunter/Shadowcaster 13'),
(25843,1,'Zeb\'Tela - Shadowpine Headhunter/Shadowcaster 14'),
(25844,1,'Zeb\'Tela - Shadowpine Headhunter/Shadowcaster 15'),
(25845,1,'Zeb\'Tela - Shadowpine Headhunter/Shadowcaster 16'),
(25846,1,'Zeb\'Tela - Shadowpine Headhunter/Shadowcaster 17'),
(25847,1,'Zeb\'Tela - Shadowpine Headhunter/Shadowcaster 18'),
(25848,1,'Zeb\'Tela - Shadowpine Headhunter/Shadowcaster 19'),
(25849,1,'Zeb\'Tela - Shadowpine Headhunter/Shadowcaster 20'),
(25850,1,'Zeb\'Tela - Shadowpine Headhunter/Shadowcaster 21'),
(25851,1,'Zeb\'Tela - Shadowpine Headhunter/Shadowcaster 22'),
(25852,1,'Zeb\'Tela - Shadowpine Headhunter/Shadowcaster 23'),
(25853,1,'Zeb\'Tela - Shadowpine Headhunter/Shadowcaster 24'),
(25854,1,'Zeb\'Tela - Shadowpine Headhunter/Shadowcaster 25');

DELETE FROM pool_creature WHERE pool_entry BETWEEN 25830 AND 25854;
INSERT INTO pool_creature (guid, pool_entry, chance, description) VALUES
(72427,25830,50,'Zeb\'Tela - Shadowpine Headhunter 1'),
(134727,25830,50,'Zeb\'Tela - Shadowpine Shadowcaster 1'),

(81929,25831,50,'Zeb\'Tela - Shadowpine Headhunter 2'),
(136776,25831,50,'Zeb\'Tela - Shadowpine Shadowcaster 2'),

(81943,25832,50,'Zeb\'Tela - Shadowpine Headhunter 3'),
(136775,25832,50,'Zeb\'Tela - Shadowpine Shadowcaster 3'),

(81945,25833,50,'Zeb\'Tela - Shadowpine Headhunter 4'),
(136773,25833,50,'Zeb\'Tela - Shadowpine Shadowcaster 4'),

(81947,25834,50,'Zeb\'Tela - Shadowpine Headhunter 5'),
(136769,25834,50,'Zeb\'Tela - Shadowpine Shadowcaster 5'),

(81948,25835,50,'Zeb\'Tela - Shadowpine Headhunter 6'),
(136774,25835,50,'Zeb\'Tela - Shadowpine Shadowcaster 6'),

(81949,25836,50,'Zeb\'Tela - Shadowpine Headhunter 7'),
(134725,25836,50,'Zeb\'Tela - Shadowpine Shadowcaster 7'),

(81950,25837,50,'Zeb\'Tela - Shadowpine Headhunter 8'),
(134697,25837,50,'Zeb\'Tela - Shadowpine Shadowcaster 8'),

(81951,25838,50,'Zeb\'Tela - Shadowpine Headhunter 9'),
(85899,25838,50,'Zeb\'Tela - Shadowpine Shadowcaster 9'),

(81952,25839,50,'Zeb\'Tela - Shadowpine Headhunter 10'),
(81988,25839,50,'Zeb\'Tela - Shadowpine Shadowcaster 10'),

(81953,25840,50,'Zeb\'Tela - Shadowpine Headhunter 11'),
(81993,25840,50,'Zeb\'Tela - Shadowpine Shadowcaster 11'),

(81954,25841,50,'Zeb\'Tela - Shadowpine Headhunter 12'),
(81986,25841,50,'Zeb\'Tela - Shadowpine Shadowcaster 12'),

(81955,25842,50,'Zeb\'Tela - Shadowpine Headhunter 13'),
(81984,25842,50,'Zeb\'Tela - Shadowpine Shadowcaster 13'),

(81956,25843,50,'Zeb\'Tela - Shadowpine Headhunter 14'),
(81985,25843,50,'Zeb\'Tela - Shadowpine Shadowcaster 14'),

(81959,25844,50,'Zeb\'Tela - Shadowpine Headhunter 15'),
(81979,25844,50,'Zeb\'Tela - Shadowpine Shadowcaster 15'),

(81961,25845,50,'Zeb\'Tela - Shadowpine Headhunter 16'),
(81980,25845,50,'Zeb\'Tela - Shadowpine Shadowcaster 16'),

(81962,25846,50,'Zeb\'Tela - Shadowpine Headhunter 17'),
(81983,25846,50,'Zeb\'Tela - Shadowpine Shadowcaster 17'),

(81964,25847,50,'Zeb\'Tela - Shadowpine Headhunter 18'),
(136770,25847,50,'Zeb\'Tela - Shadowpine Shadowcaster 18'),

(81965,25848,50,'Zeb\'Tela - Shadowpine Headhunter 19'),
(81990,25848,50,'Zeb\'Tela - Shadowpine Shadowcaster 19'),

(81966,25849,50,'Zeb\'Tela - Shadowpine Headhunter 20'),
(81982,25849,50,'Zeb\'Tela - Shadowpine Shadowcaster 20'),

(81967,25850,50,'Zeb\'Tela - Shadowpine Headhunter 21'),
(136559,25850,50,'Zeb\'Tela - Shadowpine Shadowcaster 21'),

(81968,25851,50,'Zeb\'Tela - Shadowpine Headhunter 22'),
(81977,25851,50,'Zeb\'Tela - Shadowpine Shadowcaster 22'),

(81969,25852,50,'Zeb\'Tela - Shadowpine Headhunter 23'),
(134876,25852,50,'Zeb\'Tela - Shadowpine Shadowcaster 23'),

(81973,25853,50,'Zeb\'Tela - Shadowpine Headhunter 24'),
(81978,25853,50,'Zeb\'Tela - Shadowpine Shadowcaster 24'),

(81974,25854,50,'Zeb\'Tela - Shadowpine Headhunter 25'),
(81981,25854,50,'Zeb\'Tela - Shadowpine Shadowcaster 25');

-- Pat 1
DELETE FROM creature_movement WHERE id IN (81955,81984);
INSERT INTO creature_movement (id,point,position_x,position_y,position_z,waittime,script_id,orientation) VALUES
(81955,1,7263.636,-7745.799,150.0287,0,0,100),
(81955,2,7274.558,-7743.899,150.0747,0,0,100),
(81955,3,7286.541,-7746.862,149.8697,0,0,100),
(81955,4,7295.229,-7756.679,150.0068,0,0,100),
(81955,5,7297.967,-7767.881,150.0805,0,0,100),
(81955,6,7293.822,-7781.938,150.0426,0,0,100),
(81955,7,7289.056,-7785.704,150.0068,0,0,100),
(81955,8,7281.838,-7777.582,150.0184,0,0,100),
(81955,9,7268.979,-7774.613,150.0184,0,0,100),
(81955,10,7265.916,-7769.981,154.0397,0,0,100),
(81955,11,7265.446,-7763.79,157.1712,0,0,100),
(81955,12,7267.784,-7761.606,157.4745,0,0,100),
(81955,13,7259.445,-7751.206,157.4712,0,0,100),
(81955,14,7268.294,-7746.613,160.318,0,0,100),
(81955,15,7278.926,-7748.219,163.0027,0,0,100),
(81955,16,7277.524,-7757.76,162.937,0,0,100),
(81955,17,7263.038,-7761.821,163.1216,0,0,100),
(81955,18,7262.12,-7774.912,162.9085,0,0,100),
(81955,19,7275.001,-7780.826,162.9766,0,0,100),
(81955,20,7285.948,-7774.407,163.0243,0,0,100),
(81955,21,7283.971,-7762.127,162.937,0,0,100),
(81955,22,7277.48,-7757.589,162.937,0,0,100),
(81955,23,7278.775,-7748.22,163.0017,0,0,100),
(81955,24,7268.541,-7746.446,160.4317,0,0,100),
(81955,25,7259.372,-7751.316,157.4675,0,0,100),
(81955,26,7267.987,-7761.756,157.4616,0,0,100),
(81955,27,7265.296,-7763.809,157.1333,0,0,100),
(81955,28,7265.972,-7769.656,154.2948,0,0,100),
(81955,29,7268.964,-7774.558,150.0184,0,0,100),
(81955,30,7281.743,-7777.399,150.0184,0,0,100),
(81955,31,7288.985,-7785.499,150.0082,0,0,100),
(81955,32,7285.067,-7789.728,150.0129,0,0,100),
(81955,33,7273.737,-7792.133,150.0937,0,0,100),
(81955,34,7260.405,-7786.957,150.2634,0,0,100),
(81955,35,7251.755,-7777.361,149.9899,0,0,100),
(81955,36,7249.858,-7766.422,149.8425,0,0,100),
(81955,37,7253.851,-7754.848,149.861,0,0,100),
(81955,38,7258.202,-7750.879,149.9777,0,0,100),

(81984,1,7263.636,-7745.799,150.0287,0,0,100),
(81984,2,7274.558,-7743.899,150.0747,0,0,100),
(81984,3,7286.541,-7746.862,149.8697,0,0,100),
(81984,4,7295.229,-7756.679,150.0068,0,0,100),
(81984,5,7297.967,-7767.881,150.0805,0,0,100),
(81984,6,7293.822,-7781.938,150.0426,0,0,100),
(81984,7,7289.056,-7785.704,150.0068,0,0,100),
(81984,8,7281.838,-7777.582,150.0184,0,0,100),
(81984,9,7268.979,-7774.613,150.0184,0,0,100),
(81984,10,7265.916,-7769.981,154.0397,0,0,100),
(81984,11,7265.446,-7763.79,157.1712,0,0,100),
(81984,12,7267.784,-7761.606,157.4745,0,0,100),
(81984,13,7259.445,-7751.206,157.4712,0,0,100),
(81984,14,7268.294,-7746.613,160.318,0,0,100),
(81984,15,7278.926,-7748.219,163.0027,0,0,100),
(81984,16,7277.524,-7757.76,162.937,0,0,100),
(81984,17,7263.038,-7761.821,163.1216,0,0,100),
(81984,18,7262.12,-7774.912,162.9085,0,0,100),
(81984,19,7275.001,-7780.826,162.9766,0,0,100),
(81984,20,7285.948,-7774.407,163.0243,0,0,100),
(81984,21,7283.971,-7762.127,162.937,0,0,100),
(81984,22,7277.48,-7757.589,162.937,0,0,100),
(81984,23,7278.775,-7748.22,163.0017,0,0,100),
(81984,24,7268.541,-7746.446,160.4317,0,0,100),
(81984,25,7259.372,-7751.316,157.4675,0,0,100),
(81984,26,7267.987,-7761.756,157.4616,0,0,100),
(81984,27,7265.296,-7763.809,157.1333,0,0,100),
(81984,28,7265.972,-7769.656,154.2948,0,0,100),
(81984,29,7268.964,-7774.558,150.0184,0,0,100),
(81984,30,7281.743,-7777.399,150.0184,0,0,100),
(81984,31,7288.985,-7785.499,150.0082,0,0,100),
(81984,32,7285.067,-7789.728,150.0129,0,0,100),
(81984,33,7273.737,-7792.133,150.0937,0,0,100),
(81984,34,7260.405,-7786.957,150.2634,0,0,100),
(81984,35,7251.755,-7777.361,149.9899,0,0,100),
(81984,36,7249.858,-7766.422,149.8425,0,0,100),
(81984,37,7253.851,-7754.848,149.861,0,0,100),
(81984,38,7258.202,-7750.879,149.9777,0,0,100);

-- Pat 2
DELETE FROM creature_movement WHERE id IN(81961,81980);
INSERT INTO creature_movement (id,point,position_x,position_y,position_z,waittime,script_id,orientation) VALUES
(81961,1,7244.145,-7785.327,148.0409,0,0,100),
(81961,2,7266.115,-7801.619,150.4717,0,0,100),
(81961,3,7289.626,-7805.563,150.614029,0,0,100), -- z value adjusted, original: 148.2607
(81961,4,7313.885,-7802.264,148.965607,0,0,100), -- z value adjusted, original: 148.2865
(81961,5,7344.303,-7800.052,147.986,0,0,100),
(81961,6,7373.667,-7814.48,148.0962,0,0,100),
(81961,7,7402.539,-7839.222,148.8595,0,0,100),
(81961,8,7410.999,-7868.424,155.4284,0,0,100),
(81961,9,7417.26,-7894.823,158.8827,0,0,100),
(81961,10,7434.577,-7923.838,156.6411,0,0,100),
(81961,11,7443.708,-7952.688,157.7671,0,0,100),
(81961,12,7443.184,-7979.566,158.6324,0,0,100),
(81961,13,7423.186,-7998.043,159.6248,0,0,100),
(81961,14,7446.202,-7981.197,159.1159,0,0,100),
(81961,15,7452.198,-7950.149,159.4769,0,0,100),
(81961,16,7449.242,-7919.368,158.269,0,0,100),
(81961,17,7462.926,-7890.606,158.7027,0,0,100),
(81961,18,7471.363,-7872.48,158.8564,0,0,100),
(81961,19,7498.077,-7843.409,152.1342,0,0,100),
(81961,20,7461.347,-7837.513,153.5142,0,0,100),
(81961,21,7424.885,-7815.739,146.1147,0,0,100),
(81961,22,7392.112,-7802.233,146.9148,0,0,100),
(81961,23,7374.019,-7794.571,148.5378,0,0,100),
(81961,24,7342.48,-7791.645,148.1499,0,0,100),
(81961,25,7328.245,-7790.271,148.0465,0,0,100),
(81961,26,7307.406,-7750.549,149.4016,0,0,100),
(81961,27,7328.245,-7790.271,148.0465,0,0,100),
(81961,28,7342.48,-7791.645,148.1499,0,0,100),
(81961,29,7374.019,-7794.571,148.5378,0,0,100),
(81961,30,7392.112,-7802.233,146.9148,0,0,100),
(81961,31,7424.885,-7815.739,146.1147,0,0,100),
(81961,32,7461.347,-7837.513,153.5142,0,0,100),
(81961,33,7498.077,-7843.409,152.1342,0,0,100),
(81961,34,7471.438,-7872.315,158.7119,0,0,100),
(81961,35,7462.926,-7890.606,158.7027,0,0,100),
(81961,36,7449.242,-7919.368,158.269,0,0,100),
(81961,37,7452.198,-7950.149,159.4769,0,0,100),
(81961,38,7446.202,-7981.197,159.1159,0,0,100),
(81961,39,7423.186,-7998.043,159.6248,0,0,100),
(81961,40,7443.184,-7979.566,158.6324,0,0,100),
(81961,41,7443.708,-7952.688,157.7671,0,0,100),
(81961,42,7434.577,-7923.838,156.6411,0,0,100),
(81961,43,7417.26,-7894.823,158.8827,0,0,100),
(81961,44,7410.999,-7868.424,155.4284,0,0,100),
(81961,45,7402.539,-7839.222,148.8595,0,0,100),
(81961,46,7373.667,-7814.48,148.0962,0,0,100),
(81961,47,7344.303,-7800.052,147.986,0,0,100),
(81961,48,7313.885,-7802.264,149.0074,0,0,100),
(81961,49,7289.626,-7805.563,150.614029,0,0,100), -- z value adjusted, original: 148.2607
(81961,50,7266.115,-7801.619,150.4943,0,0,100),
(81961,51,7244.145,-7785.327,148.0409,0,0,100),
(81961,52,7242.072,-7760.24,148.002,0,0,100),

(81980,1,7244.145,-7785.327,148.0409,0,0,100),
(81980,2,7266.115,-7801.619,150.4717,0,0,100),
(81980,3,7289.626,-7805.563,150.614029,0,0,100), -- z value adjusted, original: 148.2607
(81980,4,7313.885,-7802.264,148.965607,0,0,100), -- z value adjusted, original: 148.2865
(81980,5,7344.303,-7800.052,147.986,0,0,100),
(81980,6,7373.667,-7814.48,148.0962,0,0,100),
(81980,7,7402.539,-7839.222,148.8595,0,0,100),
(81980,8,7410.999,-7868.424,155.4284,0,0,100),
(81980,9,7417.26,-7894.823,158.8827,0,0,100),
(81980,10,7434.577,-7923.838,156.6411,0,0,100),
(81980,11,7443.708,-7952.688,157.7671,0,0,100),
(81980,12,7443.184,-7979.566,158.6324,0,0,100),
(81980,13,7423.186,-7998.043,159.6248,0,0,100),
(81980,14,7446.202,-7981.197,159.1159,0,0,100),
(81980,15,7452.198,-7950.149,159.4769,0,0,100),
(81980,16,7449.242,-7919.368,158.269,0,0,100),
(81980,17,7462.926,-7890.606,158.7027,0,0,100),
(81980,18,7471.363,-7872.48,158.8564,0,0,100),
(81980,19,7498.077,-7843.409,152.1342,0,0,100),
(81980,20,7461.347,-7837.513,153.5142,0,0,100),
(81980,21,7424.885,-7815.739,146.1147,0,0,100),
(81980,22,7392.112,-7802.233,146.9148,0,0,100),
(81980,23,7374.019,-7794.571,148.5378,0,0,100),
(81980,24,7342.48,-7791.645,148.1499,0,0,100),
(81980,25,7328.245,-7790.271,148.0465,0,0,100),
(81980,26,7307.406,-7750.549,149.4016,0,0,100),
(81980,27,7328.245,-7790.271,148.0465,0,0,100),
(81980,28,7342.48,-7791.645,148.1499,0,0,100),
(81980,29,7374.019,-7794.571,148.5378,0,0,100),
(81980,30,7392.112,-7802.233,146.9148,0,0,100),
(81980,31,7424.885,-7815.739,146.1147,0,0,100),
(81980,32,7461.347,-7837.513,153.5142,0,0,100),
(81980,33,7498.077,-7843.409,152.1342,0,0,100),
(81980,34,7471.438,-7872.315,158.7119,0,0,100),
(81980,35,7462.926,-7890.606,158.7027,0,0,100),
(81980,36,7449.242,-7919.368,158.269,0,0,100),
(81980,37,7452.198,-7950.149,159.4769,0,0,100),
(81980,38,7446.202,-7981.197,159.1159,0,0,100),
(81980,39,7423.186,-7998.043,159.6248,0,0,100),
(81980,40,7443.184,-7979.566,158.6324,0,0,100),
(81980,41,7443.708,-7952.688,157.7671,0,0,100),
(81980,42,7434.577,-7923.838,156.6411,0,0,100),
(81980,43,7417.26,-7894.823,158.8827,0,0,100),
(81980,44,7410.999,-7868.424,155.4284,0,0,100),
(81980,45,7402.539,-7839.222,148.8595,0,0,100),
(81980,46,7373.667,-7814.48,148.0962,0,0,100),
(81980,47,7344.303,-7800.052,147.986,0,0,100),
(81980,48,7313.885,-7802.264,149.0074,0,0,100),
(81980,49,7289.626,-7805.563,150.614029,0,0,100), -- z value adjusted, original: 148.2607
(81980,50,7266.115,-7801.619,150.4943,0,0,100),
(81980,51,7244.145,-7785.327,148.0409,0,0,100),
(81980,52,7242.072,-7760.24,148.002,0,0,100);

-- Pat 3
DELETE FROM creature_movement WHERE id IN(81968,81977);
INSERT INTO creature_movement (id,point,position_x,position_y,position_z,waittime,script_id,orientation) VALUES
(81968,1,7398.235,-7987.233,161.264,0,0,100),
(81968,2,7390.521,-7979.592,161.2804,0,0,100),
(81968,3,7385.227,-7969.678,161.0849,0,0,100),
(81968,4,7388.707,-7956.606,161.2379,0,0,100),
(81968,5,7395.522,-7947.336,161.3157,0,0,100),
(81968,6,7409.83,-7942.267,161.271,0,0,100),
(81968,7,7414.193,-7944.009,161.2392,0,0,100),
(81968,8,7412.561,-7951.635,161.2495,0,0,100),
(81968,9,7418.325,-7966.836,161.2495,0,0,100),
(81968,10,7416.762,-7971.569,164.8916,0,0,100),
(81968,11,7415.125,-7973.941,166.4643,0,0,100),
(81968,12,7411.688,-7975.506,168.455,0,0,100),
(81968,13,7409.043,-7974.643,168.673,0,0,100),
(81968,14,7406.079,-7988.408,168.6893,0,0,100),
(81968,15,7396.55,-7984.079,171.5066,0,0,100),
(81968,16,7391.742,-7975.288,174.23,0,0,100),
(81968,17,7398.657,-7969.906,174.168,0,0,100),
(81968,18,7401.412,-7959.694,174.168,0,0,100),
(81968,19,7409.541,-7954.944,174.2515,0,0,100),
(81968,20,7419.049,-7957.564,174.2188,0,0,100),
(81968,21,7422.388,-7966.502,174.2122,0,0,100),
(81968,22,7419.164,-7975.819,174.0588,0,0,100),
(81968,23,7409.298,-7978.346,174.3375,0,0,100),
(81968,24,7399.116,-7970.755,174.168,0,0,100),
(81968,25,7391.34,-7974.584,174.2331,0,0,100),
(81968,26,7396.579,-7984.086,171.4959,0,0,100),
(81968,27,7406.011,-7988.429,168.689,0,0,100),
(81968,28,7409.036,-7974.905,168.6751,0,0,100),
(81968,29,7411.732,-7975.667,168.4427,0,0,100),
(81968,30,7415.118,-7973.879,166.4418,0,0,100),
(81968,31,7416.681,-7971.393,164.7773,0,0,100),
(81968,32,7418.236,-7966.99,161.2495,0,0,100),
(81968,33,7412.587,-7951.576,161.2495,0,0,100),
(81968,34,7414.264,-7944.118,161.2394,0,0,100),
(81968,35,7420.396,-7944.385,161.2406,0,0,100),
(81968,36,7429.63,-7952.786,161.3233,0,0,100),
(81968,37,7433.213,-7966.144,161.4819,0,0,100),
(81968,38,7430.912,-7977.678,161.2379,0,0,100),
(81968,39,7423.58,-7985.981,161.0901,0,0,100),
(81968,40,7412.281,-7990.248,161.0986,0,0,100),
(81968,41,7405.365,-7989.331,161.224,0,0,100),

(81977,1,7398.235,-7987.233,161.264,0,0,100),
(81977,2,7390.521,-7979.592,161.2804,0,0,100),
(81977,3,7385.227,-7969.678,161.0849,0,0,100),
(81977,4,7388.707,-7956.606,161.2379,0,0,100),
(81977,5,7395.522,-7947.336,161.3157,0,0,100),
(81977,6,7409.83,-7942.267,161.271,0,0,100),
(81977,7,7414.193,-7944.009,161.2392,0,0,100),
(81977,8,7412.561,-7951.635,161.2495,0,0,100),
(81977,9,7418.325,-7966.836,161.2495,0,0,100),
(81977,10,7416.762,-7971.569,164.8916,0,0,100),
(81977,11,7415.125,-7973.941,166.4643,0,0,100),
(81977,12,7411.688,-7975.506,168.455,0,0,100),
(81977,13,7409.043,-7974.643,168.673,0,0,100),
(81977,14,7406.079,-7988.408,168.6893,0,0,100),
(81977,15,7396.55,-7984.079,171.5066,0,0,100),
(81977,16,7391.742,-7975.288,174.23,0,0,100),
(81977,17,7398.657,-7969.906,174.168,0,0,100),
(81977,18,7401.412,-7959.694,174.168,0,0,100),
(81977,19,7409.541,-7954.944,174.2515,0,0,100),
(81977,20,7419.049,-7957.564,174.2188,0,0,100),
(81977,21,7422.388,-7966.502,174.2122,0,0,100),
(81977,22,7419.164,-7975.819,174.0588,0,0,100),
(81977,23,7409.298,-7978.346,174.3375,0,0,100),
(81977,24,7399.116,-7970.755,174.168,0,0,100),
(81977,25,7391.34,-7974.584,174.2331,0,0,100),
(81977,26,7396.579,-7984.086,171.4959,0,0,100),
(81977,27,7406.011,-7988.429,168.689,0,0,100),
(81977,28,7409.036,-7974.905,168.6751,0,0,100),
(81977,29,7411.732,-7975.667,168.4427,0,0,100),
(81977,30,7415.118,-7973.879,166.4418,0,0,100),
(81977,31,7416.681,-7971.393,164.7773,0,0,100),
(81977,32,7418.236,-7966.99,161.2495,0,0,100),
(81977,33,7412.587,-7951.576,161.2495,0,0,100),
(81977,34,7414.264,-7944.118,161.2394,0,0,100),
(81977,35,7420.396,-7944.385,161.2406,0,0,100),
(81977,36,7429.63,-7952.786,161.3233,0,0,100),
(81977,37,7433.213,-7966.144,161.4819,0,0,100),
(81977,38,7430.912,-7977.678,161.2379,0,0,100),
(81977,39,7423.58,-7985.981,161.0901,0,0,100),
(81977,40,7412.281,-7990.248,161.0986,0,0,100),
(81977,41,7405.365,-7989.331,161.224,0,0,100);
