-- BRD - The Lyceum
DELETE FROM `creature_addon` WHERE guid IN (SELECT `guid` FROM `creature` WHERE `id` = 8901 AND `map` = 230 AND NOT `guid` IN (45955,45956,45958,45959));
DELETE FROM `creature_movement` WHERE id IN (SELECT `guid` FROM `creature` WHERE `id` = 8901 AND `map` = 230 AND NOT `guid` IN (45955,45956,45958,45959));
DELETE FROM `game_event_creature` WHERE guid IN (SELECT `guid` FROM `creature` WHERE `id` = 8901 AND `map` = 230 AND NOT `guid` IN (45955,45956,45958,45959));
DELETE FROM `game_event_creature_data` WHERE guid IN (SELECT `guid` FROM `creature` WHERE `id` = 8901 AND `map` = 230 AND NOT `guid` IN (45955,45956,45958,45959));
DELETE FROM `creature_battleground` WHERE guid IN (SELECT `guid` FROM `creature` WHERE `id` = 8901 AND `map` = 230 AND NOT `guid` IN (45955,45956,45958,45959));
DELETE FROM `creature_linking` WHERE guid IN (SELECT `guid` FROM `creature` WHERE `id` = 8901 AND `map` = 230 AND NOT `guid` IN (45955,45956,45958,45959))
OR master_guid IN (SELECT `guid` FROM `creature` WHERE `id` = 8901 AND `map` = 230 AND NOT `guid` IN (45955,45956,45958,45959));
DELETE FROM `creature` WHERE id = 8901 AND `map` = 230 AND NOT `guid` IN (45955, 45956, 45958, 45959);

REPLACE INTO creature (guid, id, map, modelid, equipment_id, position_x, position_y, position_z, orientation, spawntimesecsmin, spawntimesecsmax, spawndist, currentwaypoint, curhealth, curmana, DeathState, MovementType) VALUES
(46654, 8901, 230, 0, 0, 1414.053, -462.9212, -91.92727, 3.52556500, 10800, 10800, 0, 0, 760, 0, 0, 0),
(46655, 8901, 230, 0, 0, 1429.662, -460.3039, -91.93556, 4.97418800, 10800, 10800, 0, 0, 760, 0, 0, 0),
(46657, 8901, 230, 0, 0, 1411.598, -458.3386, -91.92600, 0.19198620, 10800, 10800, 0, 0, 760, 0, 0, 0),
(46658, 8901, 230, 0, 0, 1433.522, -476.8159, -91.92851, 2.84488700, 10800, 10800, 0, 0, 760, 0, 0, 0),
(46659, 8901, 230, 0, 0, 1432.376, -482.3639, -91.92851, 5.41052100, 10800, 10800, 0, 0, 760, 0, 0, 0),
(46660, 8901, 230, 0, 0, 1431.047, -463.5227, -91.93496, 2.11184800, 10800, 10800, 0, 0, 760, 0, 0, 0),
(46661, 8901, 230, 0, 0, 1413.192, -483.0492, -91.92851, 0.50614550, 10800, 10800, 0, 0, 760, 0, 0, 0),
(46662, 8901, 230, 0, 0, 1410.203, -479.1916, -91.93587, 5.72468000, 10800, 10800, 0, 0, 760, 0, 0, 0),
(46663, 8901, 230, 0, 0, 1415.546, -458.4891, -91.92443, 1.83259600, 10800, 10800, 0, 0, 760, 0, 0, 0),
(46664, 8901, 230, 0, 0, 1435.067, -479.0631, -91.92851, 0.34906580, 10800, 10800, 0, 0, 760, 0, 0, 0),
(46665, 8901, 230, 0, 0, 1437.158, -344.4030, -91.95638, 1.74532900, 10800, 10800, 0, 0, 760, 0, 0, 0),
(46666, 8901, 230, 0, 0, 1451.372, -373.7933, -91.95219, 1.11701100, 10800, 10800, 0, 0, 760, 0, 0, 0),
(46667, 8901, 230, 0, 0, 1449.104, -356.9328, -91.95155, 0.69813170, 10800, 10800, 0, 0, 760, 0, 0, 0),
(46668, 8901, 230, 0, 0, 1449.333, -376.1398, -91.94234, 5.70722700, 10800, 10800, 0, 0, 760, 0, 0, 0),
(46669, 8901, 230, 0, 0, 1451.077, -359.8208, -91.95071, 2.16420800, 10800, 10800, 0, 0, 760, 0, 0, 0),
(46670, 8901, 230, 0, 0, 1446.417, -358.6294, -91.94468, 3.15904600, 10800, 10800, 0, 0, 760, 0, 0, 0),
(46671, 8901, 230, 0, 0, 1437.549, -347.4430, -91.94982, 3.33357900, 10800, 10800, 0, 0, 760, 0, 0, 0),
(46672, 8901, 230, 0, 0, 1434.495, -345.9695, -91.94941, 6.00393200, 10800, 10800, 0, 0, 760, 0, 0, 0),
(46673, 8901, 230, 0, 0, 1447.859, -362.1567, -91.93517, 3.52556500, 10800, 10800, 0, 0, 760, 0, 0, 0),
(46690, 8901, 230, 0, 0, 1439.421, -345.8325, -91.95425, 3.21140600, 10800, 10800, 0, 0, 760, 0, 0, 0),
(46724, 8901, 230, 0, 0, 1314.222, -438.7770, -91.92587, 6.00393200, 10800, 10800, 0, 0, 760, 0, 0, 0),
(46725, 8901, 230, 0, 0, 1314.363, -458.7968, -91.94364, 5.48033400, 10800, 10800, 0, 0, 760, 0, 0, 0),
(46726, 8901, 230, 0, 0, 1326.774, -443.6075, -91.93115, 3.28121900, 10800, 10800, 0, 0, 760, 0, 0, 0),
(46727, 8901, 230, 0, 0, 1329.972, -448.6364, -91.92464, 4.46804300, 10800, 10800, 0, 0, 760, 0, 0, 0),
(46728, 8901, 230, 0, 0, 1311.739, -461.6143, -91.95235, 3.28121900, 10800, 10800, 0, 0, 760, 0, 0, 0),
(46729, 8901, 230, 0, 0, 1346.159, -449.8063, -91.93726, 2.54818100, 10800, 10800, 0, 0, 760, 0, 0, 0),
(46730, 8901, 230, 0, 0, 1350.600, -446.1625, -91.94667, 6.14355900, 10800, 10800, 0, 0, 760, 0, 0, 0),
(46731, 8901, 230, 0, 0, 1313.484, -442.1500, -91.92541, 2.47836800, 10800, 10800, 0, 0, 760, 0, 0, 0),
(46732, 8901, 230, 0, 0, 1331.033, -443.8183, -91.92949, 6.03883900, 10800, 10800, 0, 0, 760, 0, 0, 0),
(46733, 8901, 230, 0, 0, 1316.991, -439.7928, -91.91647, 1.53589000, 10800, 10800, 0, 0, 760, 0, 0, 0),
(46734, 8901, 230, 0, 0, 1399.028, -524.9126, -91.92851, 3.17649900, 10800, 10800, 0, 0, 760, 0, 0, 0),
(46735, 8901, 230, 0, 0, 1396.366, -521.7671, -91.92851, 0.97738440, 10800, 10800, 0, 0, 760, 0, 0, 0),
(46736, 8901, 230, 0, 0, 1415.746, -540.3004, -91.95012, 3.92699100, 10800, 10800, 0, 0, 760, 0, 0, 0),
(46737, 8901, 230, 0, 0, 1419.587, -524.8328, -91.94927, 0.61086520, 10800, 10800, 0, 0, 760, 0, 0, 0),
(46738, 8901, 230, 0, 0, 1399.428, -519.4627, -91.92851, 5.70722700, 10800, 10800, 0, 0, 760, 0, 0, 0),
(46739, 8901, 230, 0, 0, 1412.683, -543.5236, -91.94798, 0.24434610, 10800, 10800, 0, 0, 760, 0, 0, 0),
(46740, 8901, 230, 0, 0, 1400.044, -537.4959, -91.93070, 3.71755100, 10800, 10800, 0, 0, 760, 0, 0, 0),
(46741, 8901, 230, 0, 0, 1398.596, -541.8903, -91.94330, 5.65486700, 10800, 10800, 0, 0, 760, 0, 0, 0),
(46742, 8901, 230, 0, 0, 1395.897, -537.1160, -91.92961, 5.00909500, 10800, 10800, 0, 0, 760, 0, 0, 0),
(46743, 8901, 230, 0, 0, 1415.006, -520.7256, -91.93897, 2.96706000, 10800, 10800, 0, 0, 760, 0, 0, 0),
(46744, 8901, 230, 0, 0, 1435.383, -426.3022, -91.92226, 0.33161260, 10800, 10800, 0, 0, 760, 0, 0, 0),
(46745, 8901, 230, 0, 0, 1435.434, -422.7614, -91.92844, 5.74213300, 10800, 10800, 0, 0, 760, 0, 0, 0),
(46856, 8901, 230, 0, 0, 1413.809, -432.7220, -91.93938, 1.06465100, 10800, 10800, 0, 0, 760, 0, 0, 0),
(46892, 8901, 230, 0, 0, 1432.301, -408.5957, -91.93367, 3.90953800, 10800, 10800, 0, 0, 760, 0, 0, 0),
(46893, 8901, 230, 0, 0, 1428.774, -411.0068, -91.93467, 0.45378560, 10800, 10800, 0, 0, 760, 0, 0, 0),
(46895, 8901, 230, 0, 0, 1415.354, -429.1794, -91.94328, 4.60766900, 10800, 10800, 0, 0, 760, 0, 0, 0),
(46896, 8901, 230, 0, 0, 1416.322, -433.6320, -91.93487, 1.85004900, 10800, 10800, 0, 0, 760, 0, 0, 0),
(46960, 8901, 230, 0, 0, 1429.607, -437.8770, -91.93521, 6.24827900, 10800, 10800, 0, 0, 760, 0, 0, 0),
(46962, 8901, 230, 0, 0, 1439.812, -425.1266, -91.92858, 3.00196600, 10800, 10800, 0, 0, 760, 0, 0, 0),
(46963, 8901, 230, 0, 0, 1432.748, -437.7003, -91.93391, 3.31612600, 10800, 10800, 0, 0, 760, 0, 0, 0),
(46965, 8901, 230, 0, 0, 1431.913, -523.9710, -91.95422, 0.38397240, 10800, 10800, 0, 0, 760, 0, 0, 0),
(46966, 8901, 230, 0, 0, 1446.071, -509.5473, -91.95422, 4.85201500, 10800, 10800, 0, 0, 760, 0, 0, 0),
(46967, 8901, 230, 0, 0, 1432.872, -528.6231, -91.96239, 5.02654800, 10800, 10800, 0, 0, 760, 0, 0, 0),
(46969, 8901, 230, 0, 0, 1449.343, -512.2697, -91.95983, 1.88495600, 10800, 10800, 0, 0, 760, 0, 0, 0),
(46970, 8901, 230, 0, 0, 1446.470, -497.0643, -91.94778, 2.40855400, 10800, 10800, 0, 0, 760, 0, 0, 0),
(46977, 8901, 230, 0, 0, 1450.159, -495.3352, -91.95480, 1.06465100, 10800, 10800, 0, 0, 760, 0, 0, 0),
(46978, 8901, 230, 0, 0, 1445.116, -525.3609, -91.96035, 1.48353000, 10800, 10800, 0, 0, 760, 0, 0, 0),
(46979, 8901, 230, 0, 0, 1450.436, -508.6718, -91.96194, 0.31415930, 10800, 10800, 0, 0, 760, 0, 0, 0),
(46990, 8901, 230, 0, 0, 1449.102, -523.0509, -91.96134, 5.88176000, 10800, 10800, 0, 0, 760, 0, 0, 0),
(46991, 8901, 230, 0, 0, 1448.774, -527.1282, -91.96357, 6.09119900, 10800, 10800, 0, 0, 760, 0, 0, 0),
(46992, 8901, 230, 0, 0, 1453.381, -429.6687, -91.95161, 4.03682700, 10800, 10800, 0, 0, 760, 0, 0, 2),
(46994, 8901, 230, 0, 0, 1451.159, -420.0439, -91.94429, 4.99710200, 10800, 10800, 0, 0, 760, 0, 0, 0),
(47045, 8901, 230, 0, 0, 1456.814, -426.5754, -91.95431, 3.83425500, 10800, 10800, 0, 0, 760, 0, 0, 0),
(47046, 8901, 230, 0, 0, 1456.724, -422.9779, -91.95418, 4.14977700, 10800, 10800, 0, 0, 760, 0, 0, 0),
(47047, 8901, 230, 0, 0, 1451.730, -430.3971, -91.94522, 5.53194200, 10800, 10800, 0, 0, 760, 0, 0, 0),
(47048, 8901, 230, 0, 0, 1456.285, -428.2097, -91.95336, 4.22308300, 10800, 10800, 0, 0, 760, 0, 0, 0),
(47049, 8901, 230, 0, 0, 1449.613, -423.5789, -91.94150, 5.21335200, 10800, 10800, 0, 0, 760, 0, 0, 0),
(47050, 8901, 230, 0, 0, 1452.246, -425.6008, -91.94618, 4.75542400, 10800, 10800, 0, 0, 760, 0, 0, 0),
(47051, 8901, 230, 0, 0, 1449.767, -428.0451, -91.94174, 5.91702400, 10800, 10800, 0, 0, 760, 0, 0, 0),
(47077, 8901, 230, 0, 0, 1452.634, -422.5239, -91.94689, 4.77890900, 10800, 10800, 0, 0, 760, 0, 0, 0),
(47078, 8901, 230, 0, 0, 1344.272, -362.9347, -91.92802, 5.06145500, 10800, 10800, 0, 0, 760, 0, 0, 0),
(47079, 8901, 230, 0, 0, 1358.459, -357.2816, -91.92765, 4.85201500, 10800, 10800, 0, 0, 760, 0, 0, 0),
(47080, 8901, 230, 0, 0, 1363.598, -374.8093, -91.94295, 3.12413900, 10800, 10800, 0, 0, 760, 0, 0, 0),
(47081, 8901, 230, 0, 0, 1346.498, -376.9915, -91.92218, 2.00712900, 10800, 10800, 0, 0, 760, 0, 0, 0),
(47086, 8901, 230, 0, 0, 1345.745, -343.0032, -91.94949, 2.46091400, 10800, 10800, 0, 0, 760, 0, 0, 0),
(47087, 8901, 230, 0, 0, 1362.020, -361.0907, -91.92549, 3.56047200, 10800, 10800, 0, 0, 760, 0, 0, 0),
(47205, 8901, 230, 0, 0, 1344.965, -340.8297, -91.95749, 5.13126800, 10800, 10800, 0, 0, 760, 0, 0, 0),
(47206, 8901, 230, 0, 0, 1345.221, -359.1635, -91.91983, 1.20427700, 10800, 10800, 0, 0, 760, 0, 0, 0),
(47207, 8901, 230, 0, 0, 1347.792, -374.2834, -91.91988, 5.95157300, 10800, 10800, 0, 0, 760, 0, 0, 0),
(47209, 8901, 230, 0, 0, 1362.471, -378.0213, -91.94111, 0.92502450, 10800, 10800, 0, 0, 760, 0, 0, 0),
(47210, 8901, 230, 0, 0, 1390.245, -399.6312, -94.59128, 3.07177900, 10800, 10800, 0, 0, 760, 0, 0, 0),
(47211, 8901, 230, 0, 0, 1372.977, -402.2852, -94.59128, 1.29154400, 10800, 10800, 0, 0, 760, 0, 0, 0),
(47212, 8901, 230, 0, 0, 1374.035, -405.6982, -94.59128, 0.97738440, 10800, 10800, 0, 0, 760, 0, 0, 0),
(47213, 8901, 230, 0, 0, 1376.221, -401.0847, -94.59128, 0.01745329, 10800, 10800, 0, 0, 760, 0, 0, 0),
(47214, 8901, 230, 0, 0, 1386.060, -415.7616, -94.59128, 2.56563400, 10800, 10800, 0, 0, 760, 0, 0, 0),
(47215, 8901, 230, 0, 0, 1389.477, -415.8817, -94.59128, 5.72468000, 10800, 10800, 0, 0, 760, 0, 0, 0),
(47216, 8901, 230, 0, 0, 1389.445, -417.7043, -94.59128, 1.09955700, 10800, 10800, 0, 0, 760, 0, 0, 0),
(48173, 8901, 230, 0, 0, 1387.971, -398.8034, -94.59128, 1.13446400, 10800, 10800, 0, 0, 760, 0, 0, 0),
(48174, 8901, 230, 0, 0, 1388.547, -401.5021, -94.59128, 4.69493600, 10800, 10800, 0, 0, 760, 0, 0, 0),
(48209, 8901, 230, 0, 0, 1376.174, -403.7411, -94.59128, 4.46804300, 10800, 10800, 0, 0, 760, 0, 0, 0),
(86724, 8901, 230, 0, 0, 1402.696, -321.7394, -91.97106, 1.71042300, 10800, 10800, 0, 0, 760, 0, 0, 0),
(86725, 8901, 230, 0, 0, 1411.334, -335.5878, -91.97106, 3.70009800, 10800, 10800, 0, 0, 760, 0, 0, 0),
(86726, 8901, 230, 0, 0, 1406.492, -322.9496, -91.97106, 0.73303830, 10800, 10800, 0, 0, 760, 0, 0, 0),
(86727, 8901, 230, 0, 0, 1408.352, -317.2155, -91.97106, 6.17846500, 10800, 10800, 0, 0, 760, 0, 0, 0),
(86728, 8901, 230, 0, 0, 1404.830, -335.7487, -91.97106, 0.20943950, 10800, 10800, 0, 0, 760, 0, 0, 0),
(86729, 8901, 230, 0, 0, 1384.890, -345.1368, -91.94014, 1.88495600, 10800, 10800, 0, 0, 760, 0, 0, 0),
(86730, 8901, 230, 0, 0, 1411.069, -340.7724, -91.96241, 1.85004900, 10800, 10800, 0, 0, 760, 0, 0, 0),
(88903, 8901, 230, 0, 0, 1387.195, -340.8435, -91.95942, 1.36135700, 10800, 10800, 0, 0, 760, 0, 0, 0),
(88904, 8901, 230, 0, 0, 1403.559, -316.7879, -91.97106, 3.59537800, 10800, 10800, 0, 0, 760, 0, 0, 0),
(88905, 8901, 230, 0, 0, 1388.506, -344.3246, -91.94368, 1.88495600, 10800, 10800, 0, 0, 760, 0, 0, 0),
(88906, 8901, 230, 0, 0, 1356.393, -324.4154, -91.97106, 5.41052100, 10800, 10800, 0, 0, 760, 0, 0, 0),
(88907, 8901, 230, 0, 0, 1372.485, -314.3846, -91.97106, 1.39626300, 10800, 10800, 0, 0, 760, 0, 0, 0),
(88908, 8901, 230, 0, 0, 1364.155, -322.8839, -91.97106, 0.38397240, 10800, 10800, 0, 0, 760, 0, 0, 0),
(88909, 8901, 230, 0, 0, 1377.863, -318.8194, -91.97106, 5.95157300, 10800, 10800, 0, 0, 760, 0, 0, 0),
(88911, 8901, 230, 0, 0, 1358.592, -325.5823, -91.97106, 5.04400200, 10800, 10800, 0, 0, 760, 0, 0, 0),
(90487, 8901, 230, 0, 0, 1366.388, -329.7342, -91.97106, 1.53589000, 10800, 10800, 0, 0, 760, 0, 0, 0),
(90489, 8901, 230, 0, 0, 1361.845, -330.7132, -91.97106, 4.95673500, 10800, 10800, 0, 0, 760, 0, 0, 0),
(90491, 8901, 230, 0, 0, 1374.573, -320.0292, -91.97106, 3.21140600, 10800, 10800, 0, 0, 760, 0, 0, 0),
(90513, 8901, 230, 0, 0, 1375.973, -314.0350, -91.97106, 6.26573200, 10800, 10800, 0, 0, 760, 0, 0, 0),
(90515, 8901, 230, 0, 0, 1358.372, -320.1597, -91.97106, 4.55530900, 10800, 10800, 0, 0, 760, 0, 0, 0),
(90516, 8901, 230, 0, 0, 1387.214, -374.7187, -91.93188, 1.79768900, 10800, 10800, 0, 0, 760, 0, 0, 0),
(90517, 8901, 230, 0, 0, 1406.138, -375.0483, -91.93056, 3.07177900, 10800, 10800, 0, 0, 760, 0, 0, 0),
(90519, 8901, 230, 0, 0, 1391.626, -362.4796, -91.92824, 0.27925270, 10800, 10800, 0, 0, 760, 0, 0, 0),
(90520, 8901, 230, 0, 0, 1407.440, -358.2086, -91.92851, 4.66002900, 10800, 10800, 0, 0, 760, 0, 0, 0),
(90521, 8901, 230, 0, 0, 1411.471, -360.9611, -91.92448, 4.81710900, 10800, 10800, 0, 0, 760, 0, 0, 0),
(90522, 8901, 230, 0, 0, 1389.343, -360.4187, -91.93968, 3.85717800, 10800, 10800, 0, 0, 760, 0, 0, 0),
(90523, 8901, 230, 0, 0, 1402.697, -378.6037, -91.94825, 4.53785600, 10800, 10800, 0, 0, 760, 0, 0, 0),
(90524, 8901, 230, 0, 0, 1385.357, -377.3009, -91.94006, 3.00196600, 10800, 10800, 0, 0, 760, 0, 0, 0),
(90525, 8901, 230, 0, 0, 1422.148, -375.4926, -91.92202, 6.03883900, 10800, 10800, 0, 0, 760, 0, 0, 0),
(90526, 8901, 230, 0, 0, 1417.702, -379.8772, -91.91441, 3.08923300, 10800, 10800, 0, 0, 760, 0, 0, 0),
(90527, 8901, 230, 0, 0, 1298.246, -441.6729, -91.96529, 3.36848500, 10800, 10800, 0, 0, 760, 0, 0, 0),
(90528, 8901, 230, 0, 0, 1284.058, -437.0565, -91.97106, 3.03687300, 10800, 10800, 0, 0, 760, 0, 0, 0),
(90529, 8901, 230, 0, 0, 1280.160, -436.0853, -91.97106, 5.60250700, 10800, 10800, 0, 0, 760, 0, 0, 0),
(90530, 8901, 230, 0, 0, 1281.687, -439.1235, -91.97106, 1.85004900, 10800, 10800, 0, 0, 760, 0, 0, 0),
(90531, 8901, 230, 0, 0, 1293.764, -448.9415, -91.97106, 3.35103200, 10800, 10800, 0, 0, 760, 0, 0, 0),
(90532, 8901, 230, 0, 0, 1289.532, -441.6732, -91.97106, 4.13643000, 10800, 10800, 0, 0, 760, 0, 0, 0),
(90533, 8901, 230, 0, 0, 1294.321, -442.9185, -91.97106, 0.54105200, 10800, 10800, 0, 0, 760, 0, 0, 0),
(90534, 8901, 230, 0, 0, 1290.450, -449.3426, -91.97106, 6.26573200, 10800, 10800, 0, 0, 760, 0, 0, 0),
(90535, 8901, 230, 0, 0, 1297.125, -440.2240, -91.96729, 3.97935100, 10800, 10800, 0, 0, 760, 0, 0, 0),
(90536, 8901, 230, 0, 0, 1288.890, -443.5347, -91.97106, 1.55334300, 10800, 10800, 0, 0, 760, 0, 0, 0),
(90537, 8901, 230, 0, 0, 1380.536, -335.4185, -91.97474, 3.43699900, 10800, 10800, 0, 0, 760, 0, 0, 2),
(90538, 8901, 230, 0, 0, 1382.045, -337.1966, -91.96980, 4.21681200, 10800, 10800, 0, 0, 760, 0, 0, 0),
(90539, 8901, 230, 0, 0, 1377.486, -334.7335, -91.97105, 4.91111700, 10800, 10800, 0, 0, 760, 0, 0, 0),
(90540, 8901, 230, 0, 0, 1380.287, -340.3050, -91.96919, 4.21484900, 10800, 10800, 0, 0, 760, 0, 0, 0),
(90541, 8901, 230, 0, 0, 1378.035, -337.4206, -91.96934, 5.18485400, 10800, 10800, 0, 0, 760, 0, 0, 0),
(90542, 8901, 230, 0, 0, 1379.325, -334.4352, -91.97106, 4.87512600, 10800, 10800, 0, 0, 760, 0, 0, 0),
(90543, 8901, 230, 0, 0, 1385.330, -334.3019, -91.97106, 3.86681900, 10800, 10800, 0, 0, 760, 0, 0, 0),
(90544, 8901, 230, 0, 0, 1380.043, -330.9333, -91.97106, 4.65636300, 10800, 10800, 0, 0, 760, 0, 0, 0),
(90545, 8901, 230, 0, 0, 1385.221, -338.5410, -91.96706, 3.59564000, 10800, 10800, 0, 0, 760, 0, 0, 0),
(90546, 8901, 230, 0, 0, 1383.593, -330.5766, -91.97105, 4.34779100, 10800, 10800, 0, 0, 760, 0, 0, 0),
(90547, 8901, 230, 0, 0, 1460.938, -410.0536, -91.96178, 3.42084500, 10800, 10800, 0, 0, 760, 0, 0, 0),
(90548, 8901, 230, 0, 0, 1458.128, -410.0325, -91.95678, 5.68977300, 10800, 10800, 0, 0, 760, 0, 0, 0),
(90549, 8901, 230, 0, 0, 1453.251, -402.2577, -91.93956, 4.25860400, 10800, 10800, 0, 0, 760, 0, 0, 0),
(90550, 8901, 230, 0, 0, 1472.615, -410.5497, -91.97106, 0.41887900, 10800, 10800, 0, 0, 760, 0, 0, 0),
(90551, 8901, 230, 0, 0, 1463.343, -401.1149, -91.96483, 2.46091400, 10800, 10800, 0, 0, 760, 0, 0, 0),
(90552, 8901, 230, 0, 0, 1451.355, -405.7773, -91.93996, 1.04719800, 10800, 10800, 0, 0, 760, 0, 0, 0),
(90553, 8901, 230, 0, 0, 1459.875, -412.5456, -91.95987, 1.98967500, 10800, 10800, 0, 0, 760, 0, 0, 0),
(90554, 8901, 230, 0, 0, 1476.191, -409.8671, -91.97106, 2.87979300, 10800, 10800, 0, 0, 760, 0, 0, 0),
(90555, 8901, 230, 0, 0, 1473.216, -407.8314, -91.97106, 5.51524000, 10800, 10800, 0, 0, 760, 0, 0, 0),
(90556, 8901, 230, 0, 0, 1460.498, -398.7412, -91.95745, 5.56760000, 10800, 10800, 0, 0, 760, 0, 0, 0),
(90557, 8901, 230, 0, 0, 1360.499, -537.2902, -91.93013, 1.16937100, 10800, 10800, 0, 0, 760, 0, 0, 0),
(90558, 8901, 230, 0, 0, 1363.274, -510.0259, -91.94878, 3.83972400, 10800, 10800, 0, 0, 760, 0, 0, 0),
(90559, 8901, 230, 0, 0, 1359.067, -514.2341, -91.93365, 0.41887900, 10800, 10800, 0, 0, 760, 0, 0, 0),
(90560, 8901, 230, 0, 0, 1345.514, -540.3307, -91.95017, 3.01942000, 10800, 10800, 0, 0, 760, 0, 0, 0),
(90561, 8901, 230, 0, 0, 1348.784, -543.9727, -91.94927, 0.22689280, 10800, 10800, 0, 0, 760, 0, 0, 0),
(90562, 8901, 230, 0, 0, 1362.165, -515.4996, -91.94001, 1.86750200, 10800, 10800, 0, 0, 760, 0, 0, 0),
(90563, 8901, 230, 0, 0, 1363.417, -535.5299, -91.92852, 1.37881000, 10800, 10800, 0, 0, 760, 0, 0, 0),
(90564, 8901, 230, 0, 0, 1363.661, -538.3634, -91.93320, 0.06981317, 10800, 10800, 0, 0, 760, 0, 0, 0),
(90565, 8901, 230, 0, 0, 1349.194, -540.4534, -91.93919, 4.32841600, 10800, 10800, 0, 0, 760, 0, 0, 0),
(90566, 8901, 230, 0, 0, 1365.702, -510.8207, -91.95534, 3.05432600, 10800, 10800, 0, 0, 760, 0, 0, 0),
(90567, 8901, 230, 0, 0, 1312.219, -488.1839, -91.95076, 0.05235988, 10800, 10800, 0, 0, 760, 0, 0, 0),
(90568, 8901, 230, 0, 0, 1328.437, -479.9338, -91.92852, 2.51327400, 10800, 10800, 0, 0, 760, 0, 0, 0),
(90569, 8901, 230, 0, 0, 1343.191, -469.6655, -91.92852, 1.48353000, 10800, 10800, 0, 0, 760, 0, 0, 0),
(90570, 8901, 230, 0, 0, 1360.745, -476.1222, -91.93015, 2.68780700, 10800, 10800, 0, 0, 760, 0, 0, 0),
(90571, 8901, 230, 0, 0, 1327.052, -476.4256, -91.92852, 2.91470000, 10800, 10800, 0, 0, 760, 0, 0, 0),
(90572, 8901, 230, 0, 0, 1359.903, -474.1308, -91.92950, 0.64577180, 10800, 10800, 0, 0, 760, 0, 0, 0),
(90573, 8901, 230, 0, 0, 1348.491, -487.3405, -91.92852, 4.60766900, 10800, 10800, 0, 0, 760, 0, 0, 0),
(90574, 8901, 230, 0, 0, 1350.094, -490.0504, -91.92852, 5.58505300, 10800, 10800, 0, 0, 760, 0, 0, 0),
(90575, 8901, 230, 0, 0, 1313.411, -490.4229, -91.94681, 1.02974400, 10800, 10800, 0, 0, 760, 0, 0, 0),
(90576, 8901, 230, 0, 0, 1340.138, -473.7292, -91.92852, 1.01229100, 10800, 10800, 0, 0, 760, 0, 0, 0),
(90577, 8901, 230, 0, 0, 1387.395, -445.7455, -94.59128, 2.09439500, 10800, 10800, 0, 0, 760, 0, 0, 0),
(90578, 8901, 230, 0, 0, 1390.350, -444.4288, -94.59128, 4.17133700, 10800, 10800, 0, 0, 760, 0, 0, 0),
(90579, 8901, 230, 0, 0, 1372.443, -443.2761, -94.59128, 0.47123890, 10800, 10800, 0, 0, 760, 0, 0, 0),
(90580, 8901, 230, 0, 0, 1374.889, -426.1346, -94.59128, 2.51327400, 10800, 10800, 0, 0, 760, 0, 0, 0),
(90581, 8901, 230, 0, 0, 1385.070, -442.8531, -94.59128, 4.52040300, 10800, 10800, 0, 0, 760, 0, 0, 0),
(90582, 8901, 230, 0, 0, 1375.370, -446.5584, -94.59128, 5.55014700, 10800, 10800, 0, 0, 760, 0, 0, 0),
(90583, 8901, 230, 0, 0, 1371.316, -445.2357, -94.59128, 1.97222200, 10800, 10800, 0, 0, 760, 0, 0, 0),
(90584, 8901, 230, 0, 0, 1372.363, -429.0109, -94.59128, 0.55850540, 10800, 10800, 0, 0, 760, 0, 0, 0),
(90585, 8901, 230, 0, 0, 1387.542, -441.5351, -94.59128, 0.55850540, 10800, 10800, 0, 0, 760, 0, 0, 0),
(90747, 8901, 230, 0, 0, 1370.702, -426.2479, -94.59128, 1.41371700, 10800, 10800, 0, 0, 760, 0, 0, 0),
(90748, 8901, 230, 0, 0, 1321.194, -411.7582, -91.92714, 4.57276200, 10800, 10800, 0, 0, 760, 0, 0, 0),
(90749, 8901, 230, 0, 0, 1346.391, -416.7048, -91.93055, 3.10668600, 10800, 10800, 0, 0, 760, 0, 0, 0),
(90750, 8901, 230, 0, 0, 1343.562, -416.6436, -91.92909, 1.60570300, 10800, 10800, 0, 0, 760, 0, 0, 0),
(90751, 8901, 230, 0, 0, 1321.941, -408.2106, -91.93026, 5.07890800, 10800, 10800, 0, 0, 760, 0, 0, 0),
(90752, 8901, 230, 0, 0, 1328.628, -391.5935, -91.91822, 1.57079600, 10800, 10800, 0, 0, 760, 0, 0, 0),
(90753, 8901, 230, 0, 0, 1348.388, -413.7407, -91.92809, 1.50098300, 10800, 10800, 0, 0, 760, 0, 0, 0),
(90754, 8901, 230, 0, 0, 1342.106, -412.8655, -91.92672, 2.91470000, 10800, 10800, 0, 0, 760, 0, 0, 0),
(90755, 8901, 230, 0, 0, 1330.688, -397.5299, -91.92535, 4.83456200, 10800, 10800, 0, 0, 760, 0, 0, 0),
(90756, 8901, 230, 0, 0, 1325.710, -394.0428, -91.91783, 6.24827900, 10800, 10800, 0, 0, 760, 0, 0, 0),
(90757, 8901, 230, 0, 0, 1345.474, -411.2180, -91.86761, 2.68780700, 10800, 10800, 0, 0, 760, 0, 0, 0),
(90758, 8901, 230, 0, 0, 1289.270, -412.6757, -91.97106, 1.37881000, 10800, 10800, 0, 0, 760, 0, 0, 0),
(90759, 8901, 230, 0, 0, 1297.107, -407.7952, -91.96756, 0.17453290, 10800, 10800, 0, 0, 760, 0, 0, 0),
(90760, 8901, 230, 0, 0, 1301.288, -406.9259, -91.96011, 3.36848500, 10800, 10800, 0, 0, 760, 0, 0, 0),
(90761, 8901, 230, 0, 0, 1298.681, -405.1284, -91.96478, 4.93928200, 10800, 10800, 0, 0, 760, 0, 0, 0),
(90762, 8901, 230, 0, 0, 1299.725, -410.2063, -91.96288, 1.76278300, 10800, 10800, 0, 0, 760, 0, 0, 0),
(90763, 8901, 230, 0, 0, 1289.586, -418.5531, -91.97106, 4.24115000, 10800, 10800, 0, 0, 760, 0, 0, 0),
(90764, 8901, 230, 0, 0, 1288.263, -422.5583, -91.97106, 1.64061000, 10800, 10800, 0, 0, 760, 0, 0, 0),
(90765, 8901, 230, 0, 0, 1290.347, -409.8228, -91.97106, 3.99680400, 10800, 10800, 0, 0, 760, 0, 0, 0),
(90766, 8901, 230, 0, 0, 1287.828, -411.4176, -91.97106, 0.43633230, 10800, 10800, 0, 0, 760, 0, 0, 0),
(90768, 8901, 230, 0, 0, 1287.114, -419.3459, -91.97106, 5.20108100, 10800, 10800, 0, 0, 760, 0, 0, 0),
(90769, 8901, 230, 0, 0, 1388.294, -472.5028, -91.93803, 0.38397240, 10800, 10800, 0, 0, 760, 0, 0, 0),
(90770, 8901, 230, 0, 0, 1400.038, -493.9422, -91.92851, 5.23598800, 10800, 10800, 0, 0, 760, 0, 0, 0),
(90771, 8901, 230, 0, 0, 1394.314, -493.6442, -91.92960, 0.29670600, 10800, 10800, 0, 0, 760, 0, 0, 0),
(90772, 8901, 230, 0, 0, 1377.398, -487.7633, -91.94881, 3.19395300, 10800, 10800, 0, 0, 760, 0, 0, 0),
(90773, 8901, 230, 0, 0, 1379.922, -484.0656, -91.96507, 0.45378560, 10800, 10800, 0, 0, 760, 0, 0, 0),
(90774, 8901, 230, 0, 0, 1387.102, -476.0316, -91.93872, 5.39306700, 10800, 10800, 0, 0, 760, 0, 0, 0),
(90775, 8901, 230, 0, 0, 1391.243, -477.0114, -91.92986, 3.73500500, 10800, 10800, 0, 0, 760, 0, 0, 0),
(90776, 8901, 230, 0, 0, 1380.518, -486.2149, -91.96911, 1.91986200, 10800, 10800, 0, 0, 760, 0, 0, 0),
(90777, 8901, 230, 0, 0, 1392.408, -473.0661, -91.92851, 1.62315600, 10800, 10800, 0, 0, 760, 0, 0, 0),
(90778, 8901, 230, 0, 0, 1397.720, -490.4420, -91.92950, 5.18362800, 10800, 10800, 0, 0, 760, 0, 0, 0),
(90779, 8901, 230, 0, 0, 1312.919, -509.1112, -91.95793, 0.66322510, 10800, 10800, 0, 0, 760, 0, 0, 0),
(90780, 8901, 230, 0, 0, 1316.121, -523.7073, -91.95939, 0.36651920, 10800, 10800, 0, 0, 760, 0, 0, 0),
(90784, 8901, 230, 0, 0, 1331.459, -527.2012, -91.95979, 2.65290000, 10800, 10800, 0, 0, 760, 0, 0, 0),
(90786, 8901, 230, 0, 0, 1311.320, -524.9991, -91.96301, 2.25147500, 10800, 10800, 0, 0, 760, 0, 0, 0),
(90787, 8901, 230, 0, 0, 1328.294, -525.4359, -91.95656, 4.86946900, 10800, 10800, 0, 0, 760, 0, 0, 0),
(90788, 8901, 230, 0, 0, 1315.834, -528.0447, -91.96214, 4.15388300, 10800, 10800, 0, 0, 760, 0, 0, 0),
(90789, 8901, 230, 0, 0, 1317.831, -510.3730, -91.25007, 4.83456200, 10800, 10800, 0, 0, 760, 0, 0, 0),
(90790, 8901, 230, 0, 0, 1317.538, -507.6497, -91.40417, 6.09119900, 10800, 10800, 0, 0, 760, 0, 0, 0),
(90791, 8901, 230, 0, 0, 1330.166, -522.7609, -91.95422, 5.35816100, 10800, 10800, 0, 0, 760, 0, 0, 0),
(90792, 8901, 230, 0, 0, 1312.023, -528.1013, -91.96443, 2.26892800, 10800, 10800, 0, 0, 760, 0, 0, 0),
(90793, 8901, 230, 0, 0, 1385.376, -320.1729, -91.97438, 4.89449300, 10800, 10800, 0, 0, 760, 0, 0, 2),
(90794, 8901, 230, 0, 0, 1387.211, -321.0780, -91.97106, 2.49874800, 10800, 10800, 0, 0, 760, 0, 0, 0),
(90795, 8901, 230, 0, 0, 1385.335, -316.5202, -91.97106, 5.34937000, 10800, 10800, 0, 0, 760, 0, 0, 0),
(90796, 8901, 230, 0, 0, 1392.539, -316.5692, -91.97106, 3.51962200, 10800, 10800, 0, 0, 760, 0, 0, 0),
(90797, 8901, 230, 0, 0, 1389.996, -321.5132, -91.97106, 2.94576200, 10800, 10800, 0, 0, 760, 0, 0, 0),
(90798, 8901, 230, 0, 0, 1389.981, -315.4949, -91.97106, 3.82929300, 10800, 10800, 0, 0, 760, 0, 0, 0),
(90799, 8901, 230, 0, 0, 1391.087, -319.2235, -91.97106, 2.50915100, 10800, 10800, 0, 0, 760, 0, 0, 0),
(90800, 8901, 230, 0, 0, 1387.526, -317.9659, -91.97106, 2.56563400, 10800, 10800, 0, 0, 760, 0, 0, 0),
(90801, 8901, 230, 0, 0, 1390.711, -313.2776, -92.05440, 3.87155600, 10800, 10800, 0, 0, 760, 0, 0, 0),
(90802, 8901, 230, 0, 0, 1386.925, -314.5446, -92.05440, 4.71463500, 10800, 10800, 0, 0, 760, 0, 0, 0),
(90803, 8901, 230, 0, 0, 1461.987, -444.4567, -91.96339, 0.22689280, 10800, 10800, 0, 0, 760, 0, 0, 0),
(90804, 8901, 230, 0, 0, 1456.688, -455.0081, -91.95905, 2.35619400, 10800, 10800, 0, 0, 760, 0, 0, 0),
(90806, 8901, 230, 0, 0, 1454.866, -451.9841, -91.95205, 5.13126800, 10800, 10800, 0, 0, 760, 0, 0, 0),
(90807, 8901, 230, 0, 0, 1465.288, -446.6137, -91.96926, 1.79768900, 10800, 10800, 0, 0, 760, 0, 0, 0),
(91108, 8901, 230, 0, 0, 1477.093, -433.0622, -91.97106, 2.67035400, 10800, 10800, 0, 0, 760, 0, 0, 0),
(91109, 8901, 230, 0, 0, 1474.945, -436.1516, -91.97106, 1.55334300, 10800, 10800, 0, 0, 760, 0, 0, 0),
(91110, 8901, 230, 0, 0, 1474.536, -429.1845, -91.97106, 4.90437500, 10800, 10800, 0, 0, 760, 0, 0, 0),
(91112, 8901, 230, 0, 0, 1472.503, -431.1289, -91.97106, 5.95157300, 10800, 10800, 0, 0, 760, 0, 0, 0),
(136987, 8901, 230, 0, 0, 1467.292, -442.5498, -91.97106, 3.59537800, 10800, 10800, 0, 0, 760, 0, 0, 0),
(136988, 8901, 230, 0, 0, 1463.487, -441.1376, -91.96609, 5.11381500, 10800, 10800, 0, 0, 760, 0, 0, 0);

REPLACE INTO creature_linking (guid, master_guid, flag) VALUES
(46655,  46654, 3),
(46657,  46654, 3),
(46658,  46654, 3),
(46659,  46654, 3),
(46660,  46654, 3),
(46661,  46654, 3),
(46662,  46654, 3),
(46663,  46654, 3),
(46664,  46654, 3),
(46666,  46665, 3),
(46667,  46665, 3),
(46668,  46665, 3),
(46669,  46665, 3),
(46670,  46665, 3),
(46671,  46665, 3),
(46672,  46665, 3),
(46673,  46665, 3),
(46690,  46665, 3),
(46725,  46724, 3),
(46726,  46724, 3),
(46727,  46724, 3),
(46728,  46724, 3),
(46729,  46724, 3),
(46730,  46724, 3),
(46731,  46724, 3),
(46732,  46724, 3),
(46733,  46724, 3),
(46735,  46734, 3),
(46736,  46734, 3),
(46737,  46734, 3),
(46738,  46734, 3),
(46739,  46734, 3),
(46740,  46734, 3),
(46741,  46734, 3),
(46742,  46734, 3),
(46743,  46734, 3),
(46745,  46744, 3),
(46856,  46744, 3),
(46892,  46744, 3),
(46893,  46744, 3),
(46895,  46744, 3),
(46896,  46744, 3),
(46960,  46744, 3),
(46962,  46744, 3),
(46963,  46744, 3),
(46966,  46965, 3),
(46967,  46965, 3),
(46969,  46965, 3),
(46970,  46965, 3),
(46977,  46965, 3),
(46978,  46965, 3),
(46979,  46965, 3),
(46990,  46965, 3),
(46991,  46965, 3),
(46994,  46992, 515),
(47045,  46992, 515),
(47046,  46992, 515),
(47047,  46992, 515),
(47048,  46992, 515),
(47049,  46992, 515),
(47050,  46992, 515),
(47051,  46992, 515),
(47077,  46992, 515),
(47079,  47078, 3),
(47080,  47078, 3),
(47081,  47078, 3),
(47086,  47078, 3),
(47087,  47078, 3),
(47205,  47078, 3),
(47206,  47078, 3),
(47207,  47078, 3),
(47209,  47078, 3),
(47211,  47210, 3),
(47212,  47210, 3),
(47213,  47210, 3),
(47214,  47210, 3),
(47215,  47210, 3),
(47216,  47210, 3),
(48173,  47210, 3),
(48174,  47210, 3),
(48209,  47210, 3),
(86725,  86724, 3),
(86726,  86724, 3),
(86727,  86724, 3),
(86728,  86724, 3),
(86729,  86724, 3),
(86730,  86724, 3),
(88903,  86724, 3),
(88904,  86724, 3),
(88905,  86724, 3),
(88907,  88906, 3),
(88908,  88906, 3),
(88909,  88906, 3),
(88911,  88906, 3),
(90487,  88906, 3),
(90489,  88906, 3),
(90491,  88906, 3),
(90513,  88906, 3),
(90515,  88906, 3),
(90517,  90516, 3),
(90519,  90516, 3),
(90520,  90516, 3),
(90521,  90516, 3),
(90522,  90516, 3),
(90523,  90516, 3),
(90524,  90516, 3),
(90525,  90516, 3),
(90526,  90516, 3),
(90528,  90527, 3),
(90529,  90527, 3),
(90530,  90527, 3),
(90531,  90527, 3),
(90532,  90527, 3),
(90533,  90527, 3),
(90534,  90527, 3),
(90535,  90527, 3),
(90536,  90527, 3),
(90538,  90537, 515),
(90539,  90537, 515),
(90540,  90537, 515),
(90541,  90537, 515),
(90542,  90537, 515),
(90543,  90537, 515),
(90544,  90537, 515),
(90545,  90537, 515),
(90546,  90537, 515),
(90548,  90547, 3),
(90549,  90547, 3),
(90550,  90547, 3),
(90551,  90547, 3),
(90552,  90547, 3),
(90553,  90547, 3),
(90554,  90547, 3),
(90555,  90547, 3),
(90556,  90547, 3),
(90558,  90557, 3),
(90559,  90557, 3),
(90560,  90557, 3),
(90561,  90557, 3),
(90562,  90557, 3),
(90563,  90557, 3),
(90564,  90557, 3),
(90565,  90557, 3),
(90566,  90557, 3),
(90568,  90567, 3),
(90569,  90567, 3),
(90570,  90567, 3),
(90571,  90567, 3),
(90572,  90567, 3),
(90573,  90567, 3),
(90574,  90567, 3),
(90575,  90567, 3),
(90576,  90567, 3),
(90578,  90577, 3),
(90579,  90577, 3),
(90580,  90577, 3),
(90581,  90577, 3),
(90582,  90577, 3),
(90583,  90577, 3),
(90584,  90577, 3),
(90585,  90577, 3),
(90747,  90577, 3),
(90749,  90748, 3),
(90750,  90748, 3),
(90751,  90748, 3),
(90752,  90748, 3),
(90753,  90748, 3),
(90754,  90748, 3),
(90755,  90748, 3),
(90756,  90748, 3),
(90757,  90748, 3),
(90759,  90758, 3),
(90760,  90758, 3),
(90761,  90758, 3),
(90762,  90758, 3),
(90763,  90758, 3),
(90764,  90758, 3),
(90765,  90758, 3),
(90766,  90758, 3),
(90768,  90758, 3),
(90770,  90769, 3),
(90771,  90769, 3),
(90772,  90769, 3),
(90773,  90769, 3),
(90774,  90769, 3),
(90775,  90769, 3),
(90776,  90769, 3),
(90777,  90769, 3),
(90778,  90769, 3),
(90780,  90779, 3),
(90784,  90779, 3),
(90786,  90779, 3),
(90787,  90779, 3),
(90788,  90779, 3),
(90789,  90779, 3),
(90790,  90779, 3),
(90791,  90779, 3),
(90792,  90779, 3),
(90794,  90793, 515),
(90795,  90793, 515),
(90796,  90793, 515),
(90797,  90793, 515),
(90798,  90793, 515),
(90799,  90793, 515),
(90800,  90793, 515),
(90801,  90793, 515),
(90802,  90793, 515),
(90804,  90803, 3),
(90806,  90803, 3),
(90807,  90803, 3),
(91108,  90803, 3),
(91109,  90803, 3),
(91110,  90803, 3),
(91112,  90803, 3),
(136987,  90803, 3),
(136988,  90803, 3);

SET @GUID := 90537;
SET @POINT := 0;
DELETE FROM creature_movement WHERE id=@GUID;
INSERT INTO creature_movement (id, point, position_x, position_y, position_z, waittime, script_id, orientation) VALUES
(@GUID, @POINT := @POINT + 1, 1364.382, -340.3344, -92.05090, 0, 0, 100),
(@GUID, @POINT := @POINT + 1, 1363.001, -354.1770, -92.01987, 0, 0, 100),
(@GUID, @POINT := @POINT + 1, 1351.091, -360.5830, -92.00084, 0, 0, 100),
(@GUID, @POINT := @POINT + 1, 1345.431, -374.6884, -92.00893, 0, 0, 100),
(@GUID, @POINT := @POINT + 1, 1332.397, -378.2037, -92.01538, 0, 0, 100),
(@GUID, @POINT := @POINT + 1, 1328.589, -393.9256, -92.01694, 0, 0, 100),
(@GUID, @POINT := @POINT + 1, 1312.079, -398.5915, -92.01103, 0, 0, 100),
(@GUID, @POINT := @POINT + 1, 1298.772, -415.9258, -92.03104, 0, 0, 100),
(@GUID, @POINT := @POINT + 1, 1302.301, -427.5335, -92.02765, 0, 0, 100),
(@GUID, @POINT := @POINT + 1, 1304.120, -445.1295, -92.02588, 0, 0, 100),
(@GUID, @POINT := @POINT + 1, 1312.988, -463.6444, -92.03154, 0, 0, 100),
(@GUID, @POINT := @POINT + 1, 1312.512, -486.2391, -92.03312, 0, 0, 100),
(@GUID, @POINT := @POINT + 1, 1312.584, -496.2968, -92.04515, 0, 0, 100),
(@GUID, @POINT := @POINT + 1, 1313.189, -524.7449, -92.04375, 0, 0, 100),
(@GUID, @POINT := @POINT + 1, 1341.711, -527.6965, -92.03362, 0, 0, 100),
(@GUID, @POINT := @POINT + 1, 1351.740, -509.9921, -92.02745, 0, 0, 100),
(@GUID, @POINT := @POINT + 1, 1375.427, -510.3580, -92.05000, 0, 0, 100),
(@GUID, @POINT := @POINT + 1, 1387.590, -510.4204, -92.01468, 0, 0, 100),
(@GUID, @POINT := @POINT + 1, 1397.961, -511.1478, -91.99867, 0, 0, 100),
(@GUID, @POINT := @POINT + 1, 1411.854, -511.8988, -92.01698, 0, 0, 100),
(@GUID, @POINT := @POINT + 1, 1419.161, -526.2509, -92.02563, 0, 0, 100),
(@GUID, @POINT := @POINT + 1, 1446.850, -527.3174, -92.04441, 0, 0, 100),
(@GUID, @POINT := @POINT + 1, 1451.197, -501.9098, -92.05219, 0, 0, 100),
(@GUID, @POINT := @POINT + 1, 1450.784, -469.5441, -92.03983, 0, 0, 100),
(@GUID, @POINT := @POINT + 1, 1455.658, -443.7553, -92.01205, 0, 0, 100),
(@GUID, @POINT := @POINT + 1, 1461.917, -428.2854, -92.01833, 0, 0, 100),
(@GUID, @POINT := @POINT + 1, 1460.097, -411.5699, -92.01289, 0, 0, 100),
(@GUID, @POINT := @POINT + 1, 1452.593, -395.1682, -92.02541, 0, 0, 100),
(@GUID, @POINT := @POINT + 1, 1447.048, -374.8266, -92.00822, 0, 0, 100),
(@GUID, @POINT := @POINT + 1, 1446.487, -351.4378, -92.02744, 0, 0, 100),
(@GUID, @POINT := @POINT + 1, 1429.241, -355.7680, -92.01707, 0, 0, 100),
(@GUID, @POINT := @POINT + 1, 1415.537, -363.9271, -92.00742, 0, 0, 100),
(@GUID, @POINT := @POINT + 1, 1412.170, -374.3120, -92.01737, 0, 0, 100),
(@GUID, @POINT := @POINT + 1, 1396.104, -376.6052, -92.00735, 0, 0, 100),
(@GUID, @POINT := @POINT + 1, 1395.533, -357.5994, -91.99965, 0, 0, 100),
(@GUID, @POINT := @POINT + 1, 1398.311, -337.9229, -92.05835, 0, 0, 100),
(@GUID, @POINT := @POINT + 1, 1381.193, -336.5506, -92.05440, 0, 0, 100);

SET @GUID := 46992;
SET @POINT := 0;
DELETE FROM creature_movement WHERE id=@GUID;
INSERT INTO creature_movement (id, point, position_x, position_y, position_z, waittime, script_id, orientation) VALUES
(@GUID, @POINT := @POINT + 1, 1442.700, -442.9967, -91.99345, 0, 0, 100),
(@GUID, @POINT := @POINT + 1, 1430.432, -446.6243, -92.03506, 0, 0, 100),
(@GUID, @POINT := @POINT + 1, 1417.193, -441.3261, -92.00473, 0, 0, 100),
(@GUID, @POINT := @POINT + 1, 1399.642, -438.2962, -93.14400, 0, 0, 100),
(@GUID, @POINT := @POINT + 1, 1399.880, -433.1064, -93.07909, 0, 0, 100),
(@GUID, @POINT := @POINT + 1, 1383.602, -426.4488, -94.67461, 0, 0, 100),
(@GUID, @POINT := @POINT + 1, 1376.356, -416.9174, -94.67461, 0, 0, 100),
(@GUID, @POINT := @POINT + 1, 1354.324, -426.1575, -92.02306, 0, 0, 100),
(@GUID, @POINT := @POINT + 1, 1320.131, -425.2054, -92.01581, 0, 0, 100),
(@GUID, @POINT := @POINT + 1, 1302.255, -427.5737, -92.02769, 0, 0, 100),
(@GUID, @POINT := @POINT + 1, 1320.131, -425.2054, -92.01581, 0, 0, 100),
(@GUID, @POINT := @POINT + 1, 1354.324, -426.1575, -92.02306, 0, 0, 100),
(@GUID, @POINT := @POINT + 1, 1376.356, -416.9174, -94.67461, 0, 0, 100),
(@GUID, @POINT := @POINT + 1, 1383.602, -426.4488, -94.67461, 0, 0, 100),
(@GUID, @POINT := @POINT + 1, 1399.880, -433.1064, -93.07909, 0, 0, 100),
(@GUID, @POINT := @POINT + 1, 1399.642, -438.2962, -93.14400, 0, 0, 100),
(@GUID, @POINT := @POINT + 1, 1417.193, -441.3261, -92.00473, 0, 0, 100),
(@GUID, @POINT := @POINT + 1, 1430.432, -446.6243, -92.03506, 0, 0, 100),
(@GUID, @POINT := @POINT + 1, 1442.700, -442.9967, -91.99345, 0, 0, 100),
(@GUID, @POINT := @POINT + 1, 1451.573, -426.6509, -92.00332, 0, 0, 100);

SET @GUID := 90793;
SET @POINT := 0;
DELETE FROM creature_movement WHERE id=@GUID;
INSERT INTO creature_movement (id, point, position_x, position_y, position_z, waittime, script_id, orientation) VALUES
(@GUID, @POINT := @POINT + 1, 1387.405, -331.1906, -92.05440, 0, 0, 100),
(@GUID, @POINT := @POINT + 1, 1397.736, -348.7665, -92.01292, 0, 0, 100),
(@GUID, @POINT := @POINT + 1, 1395.852, -372.7157, -92.01011, 0, 0, 100),
(@GUID, @POINT := @POINT + 1, 1380.664, -376.9872, -92.05967, 0, 0, 100),
(@GUID, @POINT := @POINT + 1, 1381.594, -425.9169, -94.67461, 0, 0, 100),
(@GUID, @POINT := @POINT + 1, 1380.200, -451.6286, -94.67461, 0, 0, 100),
(@GUID, @POINT := @POINT + 1, 1378.919, -475.4012, -91.96030, 0, 0, 100),
(@GUID, @POINT := @POINT + 1, 1364.810, -477.7393, -92.00941, 0, 0, 100),
(@GUID, @POINT := @POINT + 1, 1362.031, -492.5300, -92.01186, 0, 0, 100),
(@GUID, @POINT := @POINT + 1, 1381.001, -500.6542, -92.00357, 0, 0, 100),
(@GUID, @POINT := @POINT + 1, 1380.301, -526.0609, -92.05412, 0, 0, 100),
(@GUID, @POINT := @POINT + 1, 1381.001, -500.6542, -92.00357, 0, 0, 100),
(@GUID, @POINT := @POINT + 1, 1362.031, -492.5300, -92.01186, 0, 0, 100),
(@GUID, @POINT := @POINT + 1, 1364.810, -477.7393, -92.00941, 0, 0, 100),
(@GUID, @POINT := @POINT + 1, 1378.626, -475.4497, -92.02385, 0, 0, 100),
(@GUID, @POINT := @POINT + 1, 1380.200, -451.6286, -94.67461, 0, 0, 100),
(@GUID, @POINT := @POINT + 1, 1381.594, -425.9169, -94.67461, 0, 0, 100),
(@GUID, @POINT := @POINT + 1, 1380.664, -376.9872, -92.05967, 0, 0, 100),
(@GUID, @POINT := @POINT + 1, 1395.852, -372.7157, -92.01011, 0, 0, 100),
(@GUID, @POINT := @POINT + 1, 1397.736, -348.7665, -92.01292, 0, 0, 100),
(@GUID, @POINT := @POINT + 1, 1387.405, -331.1906, -92.05440, 0, 0, 100),
(@GUID, @POINT := @POINT + 1, 1387.915, -317.7653, -92.05440, 0, 0, 100);
