-- Skorn - Howling Fjord

-- Duplicates
DELETE FROM creature WHERE guid IN (106758,106839,106769,105924,106277);
DELETE FROM creature_addon WHERE guid IN (106758,106839,106769,105924,106277);
DELETE FROM creature_movement WHERE id IN (106758,106839,106769,105924,106277);
DELETE FROM game_event_creature WHERE guid IN (106758,106839,106769,105924,106277);
DELETE FROM game_event_creature_data WHERE guid IN (106758,106839,106769,105924,106277);
DELETE FROM creature_battleground WHERE guid IN (106758,106839,106769,105924,106277);
DELETE FROM creature_linking WHERE guid IN (106758,106839,106769,105924,106277) 
OR master_guid IN (106758,106839,106769,105924,106277);

-- Frostbite Invisible Stalker
-- what 'Icecrown Citadel: Pit of Saron' invis doing there?
DELETE FROM creature WHERE guid = 104340;
DELETE FROM creature_addon WHERE guid = 104340;
DELETE FROM creature_movement WHERE id = 104340;
DELETE FROM game_event_creature WHERE guid = 104340;
DELETE FROM game_event_creature_data WHERE guid = 104340;
DELETE FROM creature_battleground WHERE guid = 104340;
DELETE FROM creature_linking WHERE guid = 104340 
OR master_guid = 104340;

-- Westguard Sergeant 24060
UPDATE creature_template SET Expansion = 2, MinLevel = 71, MaxLevel = 71, MinLevelHealth = 13936, MaxLevelHealth = 13936, Armor = 7018, MeleeBaseAttackTime = 2000, RangedBaseAttackTime = 2000, MeleeAttackPower = 308, MinMeleeDmg = 299, MaxMeleeDmg = 404, EquipmentTemplateId = 2520 WHERE entry = 24060;
DELETE FROM creature_equip_template WHERE entry = 2520;
INSERT INTO creature_equip_template (entry, equipentry1, equipentry2, equipentry3) VALUES
(2520, 11369, 1984, 0);
UPDATE gossip_menu_option SET action_menu_id = 8929, action_script_id = 888601, condition_id = 20004 WHERE menu_id = 8886;
DELETE FROM dbscripts_on_gossip WHERE id = 888601;
INSERT INTO dbscripts_on_gossip (id, delay, command, datalong, datalong2, buddy_entry, search_radius, data_flags, dataint, dataint2, dataint3, dataint4, x, y, z, o, comments) VALUES
(888601, 0, 15, 43084, 0, 0, 0, 0, 0, 0, 0, 0, 0, 0, 0, 0, 'cast Loan Spyglass');
DELETE FROM conditions WHERE condition_entry = 20004;
INSERT INTO conditions (condition_entry, type, value1, value2) VALUES
(20004,24,33336,1);

-- Winterhoof Brave 24130
UPDATE creature_template SET Expansion = 2, MinLevel = 71, MaxLevel = 71, MinLevelHealth = 13936, MaxLevelHealth = 13936, Armor = 7018, MeleeBaseAttackTime = 2000, RangedBaseAttackTime = 2000, MeleeAttackPower = 308, MinMeleeDmg = 299, MaxMeleeDmg = 404, EquipmentTemplateId = 2521 WHERE entry = 24130;
DELETE FROM creature_equip_template WHERE entry = 2521;
INSERT INTO creature_equip_template (entry, equipentry1, equipentry2, equipentry3) VALUES
(2521, 10611, 12454, 0);
UPDATE gossip_menu_option SET action_menu_id = 8928, action_script_id = 889901, condition_id = 20004 WHERE menu_id = 8899;
DELETE FROM dbscripts_on_gossip WHERE id IN (8899, 889901);
INSERT INTO dbscripts_on_gossip (id, delay, command, datalong, datalong2, buddy_entry, search_radius, data_flags, dataint, dataint2, dataint3, dataint4, x, y, z, o, comments) VALUES
(889901, 0, 15, 43103, 0, 0, 0, 0, 0, 0, 0, 0, 0, 0, 0, 0, 'cast Loan Spyglass');
DELETE FROM conditions WHERE condition_entry = 20005;
INSERT INTO conditions (condition_entry, type, value1, value2) VALUES
(20005,24,33341,1);

-- Winterskorn Woodsman 23662
DELETE FROM creature_addon WHERE guid IN (SELECT guid FROM creature WHERE id = 23662);
DELETE FROM creature_template_addon WHERE entry = 23662;
INSERT INTO creature_template_addon (entry, mount, bytes1, b2_0_sheath, b2_1_pvp_state, emote, moveflags, auras) VALUES 
(23662,0,0,1,0,234,0,NULL);
-- individual addons
DELETE FROM creature_addon WHERE guid IN (106156,106135);
INSERT INTO creature_addon (guid,mount,bytes1,b2_0_sheath,b2_1_pvp_state,emote,moveflags,auras) VALUES
(106156,0,0,1,0,233,0,NULL),
(106135,0,0,1,0,233,0,NULL);
-- updates
UPDATE creature SET orientation = 6.091199 WHERE guid = 106157;
UPDATE creature SET position_x = 2019.013, position_y = -4048.588, position_z = 220.6448, orientation = 5.445427 WHERE guid = 106156;
UPDATE creature SET position_x = 2035.516, position_y = -4081.487, position_z = 219.9021, orientation = 1.029744 WHERE guid = 106135;
UPDATE creature SET position_x = 2012.51, position_y = -4174.69, position_z = 214.3585, orientation = 5.899213 WHERE guid = 106158;
UPDATE creature SET position_x = 2045.983, position_y = -4160.231, position_z = 217.0959, orientation = 5.392896 WHERE guid = 106134;
UPDATE creature SET position_x = 1603.62, position_y = -4183.39, position_z = 272.5782, orientation = 3.787364 WHERE guid = 106122;
-- Part of: Winterskorn Woodsman 23662 EAI
DELETE FROM dbscripts_on_relay WHERE id = 20124;
INSERT INTO dbscripts_on_relay (id, delay, command, datalong, datalong2, datalong3, buddy_entry, search_radius, data_flags, dataint, dataint2, dataint3, dataint4, x, y, z, o, comments) VALUES
(20124,15,14,42871,0,0,0,0,0x04,0,0,0,0,0,0,0,0,'Part of: Winterskorn Woodsman 23662 EAI - Remove aura'),
(20124,16,28,0,0,0,0,0,0x04,0,0,0,0,0,0,0,0,'Part of: Winterskorn Woodsman 23662 EAI - stand'),
(20124,18,1,234,0,0,0,0,0x04,0,0,0,0,0,0,0,0,'Part of: Winterskorn Woodsman 23662 EAI - back to work');

-- Winterskorn Tribesman 23661
-- missing spawns added -- WoTLK Range 571x Free guids used
DELETE FROM creature_addon WHERE guid BETWEEN 5711489 AND 5711491;
DELETE FROM creature_movement WHERE id BETWEEN 5711489 AND 5711491;
DELETE FROM creature_linking WHERE guid BETWEEN 5711489 AND 5711491;
DELETE FROM creature_linking WHERE master_guid BETWEEN 5711489 AND 5711491;
DELETE FROM creature WHERE guid BETWEEN 5711489 AND 5711491;
INSERT INTO creature (guid, id, map, spawnMask, phaseMask, modelid, equipment_id, position_x, position_y, position_z, orientation, spawntimesecsmin, spawntimesecsmax, spawndist, currentwaypoint, curhealth, curmana, DeathState, MovementType) VALUES
(5711489,23661,571,1,1,0,0,1940.196,-4128.496,215.0096,4.747295,300,300,0,0,8982,0,0,0),
(5711490,23661,571,1,1,0,0,1789.604,-4086.97,234.7858,4.223697,300,300,0,0,8982,0,0,0),
(5711491,23661,571,1,1,0,0,1960.5,-4036.13,218.077,5.9233,300,300,2,0,8982,0,0,1);
-- individual addons
DELETE FROM creature_addon WHERE guid IN (5711490,105911,105914,105908,105907,105917,105898,105923);
-- Update
UPDATE creature SET position_x = 1928.427, position_y = -4108.591, position_z = 215.5306, orientation = 2.722714 WHERE guid = 105916;
UPDATE creature SET position_x = 1943.333130, position_y = -4044.424561, position_z = 215.628464, orientation = 4.274271 WHERE guid = 105911;
UPDATE creature SET position_x = 1919.100830, position_y = -4151.435547, position_z = 214.519730, orientation = 5.573854 WHERE guid = 105917;
UPDATE creature SET position_x = 1708.850952, position_y = -4254.422363, position_z = 243.783539, spawndist = 2, MovementType = 1 WHERE guid = 105925;
UPDATE creature SET position_x = 1875.149414, position_y = -4177.331055, position_z = 213.976547, spawndist = 2, MovementType = 1 WHERE guid = 105921;
-- waypoints
UPDATE creature SET spawndist = 0, MovementType = 2 WHERE guid IN (105915,105916,5711489,105914,5711490,105908,105907,105917,105911,105898,105923);
DELETE FROM creature_movement WHERE id IN (105915,105916,5711489,105914,5711490,105908,105907,105917,105911,105898,105923);
INSERT INTO creature_movement (id, point, position_x, position_y, position_z, waittime, script_id, orientation) VALUES
-- #105915
(105915,1,1952.33,-4107.91,215.764,5000,2366101,0.593412),
-- #105916
(105916,1,1928.427,-4108.591,215.5306,5000,2366101,2.722714),
-- #5711489
(5711489,1,1940.196,-4128.496,215.0096,5000,2366101,4.747295),
-- #105914
(105914,1,1835.73,-4147.857,224.2397,45000,2366102,3.298672),
(105914,2,1835.73,-4147.857,224.2397,15000,2366103,0.3756371),
-- #5711490
(5711490,1,1794.22,-4085.77,234.28,0,0,0.218943),
(5711490,2,1801.98,-4096.94,234.889,0,0,4.27945),
(5711490,3,1796.3,-4113.24,237.45,0,0,4.45348),
(5711490,4,1795.54,-4124.3,238.534,0,0,4.96005),
(5711490,5,1799.77,-4136.4,239.373,0,0,5.25457),
(5711490,6,1811.01,-4146.99,238.857,0,0,5.34882),
(5711490,7,1815.35,-4155.39,238.69,0,0,4.81083),
(5711490,8,1813.37,-4162.83,239.074,0,0,4.11183),
(5711490,9,1809.16,-4168.86,239.45,0,0,3.55812),
(5711490,10,1802.01,-4169.63,240.189,45000,2366104,3.36648),
(5711490,11,1808.62,-4169.02,239.504,0,0,0.601904),
(5711490,12,1815.18,-4155.68,238.718,0,0,1.55852),
(5711490,13,1811.18,-4146.49,238.847,0,0,2.09652),
(5711490,14,1799.42,-4136.27,239.363,0,0,1.98263),
(5711490,15,1794.07,-4123.99,238.543,0,0,1.68418),
(5711490,16,1796.21,-4113.15,237.444,0,0,1.20902),
(5711490,17,1802.24,-4097.13,234.878,0,0,1.99049),
(5711490,18,1794.57,-4085.61,234.24,0,0,3.54558),
(5711490,19,1789.604,-4086.97,234.7858,45000,2366104,4.223697),
-- #105908
(105908,1,1779.188,-4045.25,235.0687,15000,2366103,3.638674),
(105908,2,1779.188,-4045.25,235.0687,45000,2366102,0.4014257),
-- #105907
(105907,1,1845.898,-4180.44,216.0322,47000,2366105,0.7330383),
(105907,2,1845.898,-4180.44,216.0322,18000,2366103,5.360313),
-- #105917
(105917,1,1934.46,-4163.38,213.867,0,0,5.66339),
(105917,2,1949.17,-4170.86,214.067,0,0,5.88723),
(105917,3,1970.82,-4179.65,210.813,45000,2366104,5.84796),
(105917,4,1957.4,-4170.83,213.307,0,0,2.60034),
(105917,5,1941.53,-4161.64,213.99,0,0,2.69066),
(105917,6,1922.24,-4151.89,214.198,0,0,2.64746),
(105917,7,1908.68,-4143.94,215.313,0,0,2.71836),
(105917,8,1898.09,-4140.05,215.432,0,0,3.3671),
(105917,9,1888.33,-4145.249,216.1166,45000,2366104,3.054326),
(105917,10,1897.36,-4140.12,215.453,0,0,0.42232),
(105917,11,1908.15,-4143.58,215.332,0,0,5.8612),
(105917,12,1918.92,-4151.2,214.542,0,0,5.69627),
-- #105911
(105911,1,1943.423,-4044.393,215.7032,18000,2366103,3.01942),
(105911,2,1943.423,-4044.393,215.7032,47000,2366105,1.099557),
-- #105898
(105898,1,1957.892,-4205.77,209.8508,47000,2366105,0.6283185),
(105898,2,1957.892,-4205.77,209.8508,18000,2366103,2.10092),
-- #105923
(105923,1,1796.76,-4175.648,240.6758,45000,2366106,2.10092),
(105923,2,1808.329,-4188.263,239.8679,20000,0,2.478368);
DELETE FROM dbscripts_on_creature_movement WHERE id BETWEEN 2366101 AND 2366106;
INSERT INTO dbscripts_on_creature_movement (id, delay, command, datalong, datalong2, datalong3, buddy_entry, search_radius, data_flags, dataint, dataint2, dataint3, dataint4, x, y, z, o, comments) VALUES
(2366101,1,35,5,5,0,0,0,0,0,0,0,0,0,0,0,0,'Send EVENT 5'),
(2366101,2,20,0,0,0,0,0,0x04,0,0,0,0,0,0,0,0,'idle'),
(2366102,0,42,0,0,0,0,0,0,5292,0,0,0,0,0,0,0,'equip'),
(2366102,3,1,234,0,0,0,0,0,0,0,0,0,0,0,0,0,'emote'),
(2366102,43,1,0,0,0,0,0,0,0,0,0,0,0,0,0,0,''),
(2366103,4,15,42871,0,0,0,0,0x04,0,0,0,0,0,0,0,0,''),
(2366103,14,14,42871,0,0,0,0,0x04,0,0,0,0,0,0,0,0,''),
(2366103,14,28,0,0,0,0,0,0,0,0,0,0,0,0,0,0,''),
(2366104,3,1,69,0,0,0,0,0,0,0,0,0,0,0,0,0,'emote'),
(2366104,43,1,0,0,0,0,0,0,0,0,0,0,0,0,0,0,''),
(2366105,0,42,0,0,0,0,0,0,5491,0,0,0,0,0,0,0,'equip'),
(2366105,3,1,233,0,0,0,0,0,0,0,0,0,0,0,0,0,'emote'),
(2366105,43,1,0,0,0,0,0,0,0,0,0,0,0,0,0,0,''),
(2366106,4,15,42871,0,0,0,0,0x04,0,0,0,0,0,0,0,0,''),
(2366106,43,14,42871,0,0,0,0,0x04,0,0,0,0,0,0,0,0,''),
(2366106,43,28,0,0,0,0,0,0,0,0,0,0,0,0,0,0,'');

-- Winterskorn Worg 24076
-- missing spawns added -- WoTLK Range 571x Free guids used
DELETE FROM creature_addon WHERE guid IN (5711492,5711496,5711498);
DELETE FROM creature_movement WHERE id IN (5711492,5711496,5711498);
DELETE FROM creature_linking WHERE guid IN (5711492,5711496,5711498);
DELETE FROM creature_linking WHERE master_guid IN (5711492,5711496,5711498);
DELETE FROM creature WHERE guid IN (5711492,5711496,5711498);
INSERT INTO creature (guid, id, map, spawnMask, phaseMask, modelid, equipment_id, position_x, position_y, position_z, orientation, spawntimesecsmin, spawntimesecsmax, spawndist, currentwaypoint, curhealth, curmana, DeathState, MovementType) VALUES
(5711492,24076,571,1,1,0,0,1721.64,-4074.59,268.769,2.311127,300,300,0,0,6986,0,0,0),
(5711496,24076,571,1,1,0,0,1877.36,-4092.95,213.301,5.40344,300,300,0,0,6986,0,0,0),
(5711498,24076,571,1,1,0,0,1960.46,-4117.4,215.525,4.24665,300,300,0,0,6986,0,0,0);
-- Update
UPDATE creature SET position_x = 1800.432739, position_y = -4139.377930, position_z = 239.437134, orientation = 2.117636, spawndist = 0, MovementType = 0 WHERE guid = 97542;

-- Winterskorn Elder 23670
-- missing spawns added -- WoTLK Range 571x Free guids used
DELETE FROM creature_addon WHERE guid IN (5711493,5711494,5711495,5711497);
DELETE FROM creature_movement WHERE id IN (5711493,5711494,5711495,5711497);
DELETE FROM creature_linking WHERE guid IN (5711493,5711494,5711495,5711497);
DELETE FROM creature_linking WHERE master_guid IN (5711493,5711494,5711495,5711497);
DELETE FROM creature WHERE guid IN (5711493,5711494,5711495,5711497);
INSERT INTO creature (guid, id, map, spawnMask, phaseMask, modelid, equipment_id, position_x, position_y, position_z, orientation, spawntimesecsmin, spawntimesecsmax, spawndist, currentwaypoint, curhealth, curmana, DeathState, MovementType) VALUES
(5711493,23670,571,1,1,0,0,1614.2,-4124.48,271.029,4.98946,300,300,0,0,7432,7332,0,0),
(5711494,23670,571,1,1,0,0,1798.695801,-4141.260254,239.289612,2.117636,300,300,0,0,7432,7332,0,0),
(5711495,23670,571,1,1,0,0,1879.5,-4092.15,213.08,5.40344,300,300,0,0,7432,7332,0,0),
(5711497,23670,571,1,1,0,0,1962.15,-4118.67,215.473,4.37231,300,300,0,0,7432,7332,0,0);
-- Updates
UPDATE creature SET position_x = 1720.066895, position_y = -4076.642822, position_z = 269.264526, orientation = 2.311127 WHERE guid = 106919;
-- waypoints
UPDATE creature SET spawndist = 0, MovementType = 2 WHERE guid IN (106919,5711493,5711494,5711495,5711497);
DELETE FROM creature_movement WHERE id IN (106919,5711493,5711494,5711495,5711497);
INSERT INTO creature_movement (id, point, position_x, position_y, position_z, waittime, script_id, orientation) VALUES
-- #106919
(106919,1,1710.57,-4070.5,268.827,0,0,2.73916),
(106919,2,1698.22,-4065.94,269.233,0,0,2.82948),
(106919,3,1688,-4064.58,270.33,0,0,3.30858),
(106919,4,1677.86,-4067.84,271.765,0,0,3.47351),
(106919,5,1665.39,-4072.6,270.884,0,0,3.45388),
(106919,6,1656.83,-4074.56,270.738,0,0,3.18684),
(106919,7,1646.78,-4073.88,269.437,0,0,2.86875),
(106919,8,1639.63,-4069.1,266.729,0,0,2.37395),
(106919,9,1636.39,-4061.96,264.221,0,0,1.70636),
(106919,10,1639.32,-4052.59,261.131,0,0,1.10553),
(106919,11,1640.28,-4059.63,263.372,0,0,4.81654),
(106919,12,1644.58,-4068.18,267.108,0,0,5.43153),
(106919,13,1651.6,-4071.62,269.407,0,0,5.99309),
(106919,14,1660.66,-4073.78,270.82,0,0,6.07555),
(106919,15,1670.32,-4077.54,270.989,0,0,5.75747),
(106919,16,1677.77,-4082.79,270.961,0,0,5.51007),
(106919,17,1686.67,-4092.48,270.636,0,0,5.4119),
(106919,18,1691.1,-4108.18,270.955,0,0,5.01528),
(106919,19,1694.78,-4122.23,270.792,0,0,4.90925),
(106919,20,1695.18,-4137.35,271.235,0,0,4.68541),
(106919,21,1692.54,-4151.36,272.047,0,0,4.48121),
(106919,22,1687.14,-4160.81,272.562,0,0,4.01783),
(106919,23,1680.01,-4168.44,273.036,0,0,3.93929),
(106919,24,1673.15,-4173.83,272.124,0,0,3.76257),
(106919,25,1662.76,-4181.35,268.927,0,0,3.67618),
(106919,26,1653.23,-4187.39,265.728,0,0,3.86713),
(106919,27,1645.61,-4196.01,261.971,0,0,4.1538),
(106919,28,1645.35,-4191.19,263.452,0,0,1.44505),
(106919,29,1652.61,-4184.35,266.03,0,0,0.601531),
(106919,30,1661.09,-4178.99,268.764,0,0,0.55048),
(106919,31,1668.69,-4173.85,271.176,0,0,0.683998),
(106919,32,1676.86,-4166.88,272.843,0,0,0.714795),
(106919,33,1687.14,-4168.05,273.641,0,0,6.18902),
(106919,34,1702.65,-4166.48,273.476,0,0,0.113963),
(106919,35,1714.63,-4164.55,273.094,0,0,0.40456),
(106919,36,1724.03,-4158.7,273.055,0,0,0.840456),
(106919,37,1732.24,-4148.98,272.317,0,0,0.985755),
(106919,38,1738.69,-4139.32,271.146,0,0,1.03681),
(106919,39,1743.9,-4129.78,270.014,0,0,1.25279),
(106919,40,1745.49,-4120.55,269.932,0,0,1.5591),
(106919,41,1743.21,-4109.89,270.084,0,0,1.91253),
(106919,42,1739.94,-4098.47,269.722,0,0,2.0696),
(106919,43,1735.96,-4089.89,269.506,0,0,2.05782),
(106919,44,1731.46,-4083.54,269.331,0,0,2.29344),
(106919,45,1720.94,-4076.86,269.237,0,0,2.70578),
-- #5711493
(5711493,1,1621.33,-4144.94,271.007,0,0,5.64919),
(5711493,2,1635.7,-4145.38,271.527,0,0,0.198711),
(5711493,3,1642.84,-4143.63,275.342,0,0,0.2262),
(5711493,4,1648.43,-4142.48,276.647,0,0,0.194784),
(5711493,5,1654.56,-4141.11,276.774,0,0,0.234054),
(5711493,6,1660.25,-4139.81,278.095,0,0,0.234054),
(5711493,7,1668.72,-4138.1,279.716,2000,0,0.210492),
(5711493,8,1660.84,-4139.69,278.198,0,0,3.33245),
(5711493,9,1653.83,-4141.32,276.765,0,0,3.37565),
(5711493,10,1643.78,-4143.37,275.37,0,0,3.33638),
(5711493,11,1635.59,-4145.17,271.492,0,0,3.39135),
(5711493,12,1621.25,-4144.35,271.006,0,0,1.90695),
(5711493,13,1615.25,-4130.84,271.042,0,0,1.8127),
(5711493,14,1612.7,-4114.14,271.007,0,0,1.5064),
(5711493,15,1616.67,-4109.29,271.047,0,0,0.611044),
(5711493,16,1627.11,-4107.62,271.086,0,0,0.28903),
(5711493,17,1633.25,-4105.95,274.926,0,0,0.281176),
(5711493,18,1639.2,-4103.98,276.654,0,0,0.292957),
(5711493,19,1646.76,-4101.8,276.897,0,0,0.326828),
(5711493,20,1650.6,-4099.95,278.082,0,0,0.354317),
(5711493,21,1658.61,-4098.5,279.673,2000,0,0.248288),
(5711493,22,1653.77,-4099.21,278.821,0,0,3.38595),
(5711493,23,1646.39,-4101.67,276.798,0,0,3.49591),
(5711493,24,1634.47,-4105.33,275.329,0,0,3.40952),
(5711493,25,1626.97,-4107.35,271.073,0,0,3.41737),
(5711493,26,1616.55,-4109.67,271.044,0,0,3.85091),
(5711493,27,1612.2,-4115.41,271.007,0,0,4.46351),
(5711493,28,1614.08,-4123.58,271.026,0,0,4.92297),
-- #5711494
(5711494,1,1793.51,-4132.84,239.056,0,0,1.98804),
(5711494,2,1791.04,-4123.36,238.583,0,0,1.71708),
(5711494,3,1791.68,-4112.52,237.78,0,0,1.42648),
(5711494,4,1794.24,-4103.85,236.595,0,0,1.09269),
(5711494,5,1800.22,-4096,235.007,0,0,0.78638),
(5711494,6,1805,-4092,233.813,0,0,0.727475),
(5711494,7,1802.82,-4097.69,234.873,0,0,4.2814),
(5711494,8,1799.24,-4105.43,236.225,0,0,4.31674),
(5711494,9,1795.71,-4114.8,237.649,0,0,4.54451),
(5711494,10,1795.69,-4125.9,238.98,0,0,4.92149),
(5711494,11,1799.15,-4134.01,239.321,0,0,5.30634),
(5711494,12,1804.44,-4140.91,239.163,0,0,5.45163),
(5711494,13,1811.14,-4149.29,238.852,0,0,5.28277),
(5711494,14,1814.27,-4159.79,238.983,0,0,4.62304),
(5711494,15,1810.42,-4169.78,239.334,0,0,4.28533),
(5711494,16,1804.13,-4181.41,239.643,0,0,4.13217),
(5711494,17,1796.04,-4189.55,239.584,0,0,3.88085),
(5711494,18,1786.44,-4197.27,239.449,0,0,3.81409),
(5711494,19,1776.58,-4205.22,238.841,0,0,3.79053),
(5711494,20,1765.08,-4211.94,237.942,0,0,3.63737),
(5711494,21,1754.33,-4216.14,237.441,0,0,3.41354),
(5711494,22,1741.45,-4218.34,238.187,0,0,3.28002),
(5711494,23,1731.05,-4219.79,239.51,0,0,3.28002),
(5711494,24,1721.15,-4220.61,239.899,0,0,3.20226),
(5711494,25,1710.67,-4221.24,240.958,0,0,3.20226),
(5711494,26,1703.69,-4221.67,241.861,0,0,3.20226),
(5711494,27,1695.37,-4221.58,243.509,0,0,3.04204),
(5711494,28,1685.91,-4220.62,245.348,0,0,2.96429),
(5711494,29,1679.02,-4219.39,246.878,0,0,2.96429),
(5711494,30,1681.83,-4216.46,246.493,0,0,0.262517),
(5711494,31,1690.36,-4216.99,244.799,0,0,6.22369),
(5711494,32,1705.15,-4216.51,241.917,0,0,0.0700953),
(5711494,33,1712.13,-4216.02,241.15,0,0,0.0700953),
(5711494,34,1729.59,-4214.8,240.235,0,0,0.0700953),
(5711494,35,1747.05,-4213.57,238.346,0,0,0.0700953),
(5711494,36,1760.76,-4209.76,238.298,0,0,0.388182),
(5711494,37,1771.17,-4204.27,238.876,0,0,0.608093),
(5711494,38,1783.22,-4195.38,239.293,0,0,0.706268),
(5711494,39,1794.29,-4185.29,239.942,0,0,0.788735),
(5711494,40,1800.34,-4178.85,239.958,0,0,0.957595),
(5711494,41,1807.39,-4168.82,239.65,0,0,1.04006),
(5711494,42,1810.61,-4159.87,239.386,0,0,1.51523),
(5711494,43,1808.39,-4151.23,239.226,0,0,2.05323),
(5711494,44,1798.84,-4141.5,239.294,0,0,2.30848),
-- #5711495
(5711495,1,1885.27,-4101.24,213.1,0,0,5.54365),
(5711495,2,1895.57,-4107.97,213.415,0,0,6.03059),
(5711495,3,1904.37,-4110.79,214.263,0,0,6.2662),
(5711495,4,1914.77,-4110.66,215.019,0,0,6.19552),
(5711495,5,1904.11,-4110.31,214.232,0,0,3.03036),
(5711495,6,1895.48,-4107.99,213.405,0,0,2.69657),
(5711495,7,1885.12,-4101.3,213.107,0,0,2.28816),
(5711495,8,1875.83,-4089.28,213.293,0,0,2.40888),
(5711495,9,1863.18,-4083.47,216.195,0,0,2.82907),
(5711495,10,1853.15,-4080.78,219.494,0,0,3.04506),
(5711495,11,1841.82,-4079.36,223.032,0,0,3.11181),
(5711495,12,1832.02,-4080.48,226.444,0,0,3.39373),
(5711495,13,1820.05,-4084.71,229.831,0,0,3.48798),
(5711495,14,1810.81,-4086.17,231.853,0,0,2.81646),
(5711495,15,1797.94,-4079.67,233.581,0,0,2.42376),
(5711495,16,1788.86,-4071.21,234.458,0,0,2.32166),
(5711495,17,1781.78,-4063.54,234.534,0,0,2.59262),
(5711495,18,1771.71,-4055.67,235.994,0,0,2.53264),
(5711495,19,1757.72,-4048.24,239.344,0,0,2.73685),
(5711495,20,1745.33,-4042.41,241.724,0,0,2.68972),
(5711495,21,1733.04,-4034.4,243.591,0,0,2.59548),
(5711495,22,1719.73,-4028.48,245.882,0,0,2.83502),
(5711495,23,1706.11,-4025.92,247.343,0,0,2.97247),
(5711495,24,1688.11,-4022.62,248.57,0,0,3.03137),
(5711495,25,1705.98,-4025.74,247.336,0,0,6.11406),
(5711495,26,1719.48,-4028.48,245.922,0,0,5.90967),
(5711495,27,1732.97,-4034.29,243.603,0,0,5.79579),
(5711495,28,1746.08,-4043.07,241.618,0,0,5.77616),
(5711495,29,1757.61,-4048.31,239.356,0,0,5.83506),
(5711495,30,1771.33,-4055.44,236.067,0,0,5.74474),
(5711495,31,1781.45,-4063.43,234.561,0,0,5.43844),
(5711495,32,1789.42,-4071.94,234.402,0,0,5.53661),
(5711495,33,1798.18,-4079.8,233.56,0,0,5.65835),
(5711495,34,1810.36,-4086.02,231.926,0,0,6.27341),
(5711495,35,1819.79,-4084.87,229.896,0,0,0.28475),
(5711495,36,1832.11,-4080.5,226.414,0,0,0.188346),
(5711495,37,1841.73,-4079.4,223.067,0,0,6.24769),
(5711495,38,1853.22,-4080.92,219.472,0,0,6.04208),
(5711495,39,1863.01,-4083.34,216.26,0,0,5.93212),
(5711495,40,1878.31,-4091.29,213.136,0,0,5.46874),
-- #5711497
(5711497,1,1954.09,-4130.47,215.155,0,0,4.06601),
(5711497,2,1950.52,-4138.74,214.326,0,0,4.65112),
(5711497,3,1951.66,-4149.72,214.264,0,0,4.85135),
(5711497,4,1953.99,-4162.76,213.939,0,0,5.22834),
(5711497,5,1961.29,-4172.88,212.759,0,0,5.4993),
(5711497,6,1964.66,-4178.68,211.862,0,0,5.0045),
(5711497,7,1954.9,-4170.71,213.577,0,0,2.37735),
(5711497,8,1950.49,-4164.13,213.961,0,0,1.97287),
(5711497,9,1946.99,-4156.48,214.089,0,0,1.65085),
(5711497,10,1946.14,-4147,214.04,0,0,1.75295),
(5711497,11,1943.3,-4137.58,214.139,0,0,2.3263),
(5711497,12,1937.41,-4135.21,214.191,0,0,3.11955),
(5711497,13,1930.97,-4141.48,213.888,0,0,4.07381),
(5711497,14,1925.65,-4147.64,213.957,0,0,3.63398),
(5711497,15,1918.05,-4151.62,214.613,0,0,3.51225),
(5711497,16,1909.38,-4155.35,215.183,0,0,3.48083),
(5711497,17,1920.59,-4148.7,214.445,0,0,0.870622),
(5711497,18,1926.19,-4142.15,214.119,0,0,1.09053),
(5711497,19,1927.79,-4132.92,214.613,0,0,1.90347),
(5711497,20,1922.8,-4123.43,215.46,0,0,1.89561),
(5711497,21,1919.12,-4111.85,215.163,0,0,1.53826),
(5711497,22,1924.37,-4101.32,215.01,0,0,1.07487),
(5711497,23,1929.28,-4092.07,214.954,0,0,2.05269),
(5711497,24,1922.48,-4083.27,213.247,0,0,2.30009),
(5711497,25,1915.49,-4075.44,212.512,0,0,2.30009),
(5711497,26,1908.68,-4068.16,212.636,0,0,2.16658),
(5711497,27,1904.61,-4060.91,212.781,0,0,1.78566),
(5711497,28,1917.19,-4073.06,212.405,0,0,5.48096),
(5711497,29,1924.42,-4080.67,213.3,0,0,5.45347),
(5711497,30,1932.62,-4089.75,215.17,0,0,5.42991),
(5711497,31,1939.38,-4094.93,215.576,0,0,5.90114),
(5711497,32,1951.68,-4097.95,215.576,0,0,6.20744),
(5711497,33,1965.44,-4094.53,215.51,0,0,0.309102),
(5711497,34,1975.69,-4089.12,214.692,0,0,0.572211),
(5711497,35,1982.32,-4079.53,214.669,0,0,1.25567),
(5711497,36,1985.17,-4067.42,215.008,0,0,1.29887),
(5711497,37,1992.11,-4048.87,215.724,0,0,1.17713),
(5711497,38,1989.66,-4059.07,215.335,0,0,4.46795),
(5711497,39,1986.28,-4072.66,215.028,0,0,4.46795),
(5711497,40,1979.24,-4090.21,214.247,0,0,4.13808),
(5711497,41,1971.28,-4096.26,215.26,0,0,3.52548),
(5711497,42,1962.09,-4099.18,215.571,0,0,3.78073),
(5711497,43,1962.18,-4107.96,215.552,0,0,4.74674),
(5711497,44,1962.4,-4117.77,215.483,0,0,4.34274);
-- links
DELETE FROM creature_linking WHERE guid IN (97542,5711492,5711496,5711498);
INSERT INTO creature_linking (guid, master_guid, flag) VALUES
(97542, 5711494, 1+515),
(5711492, 106919, 1+515),
(5711496, 5711495, 1+515),
(5711498, 5711497, 1+515);

-- Towers
UPDATE creature_template SET Detection = 60 WHERE entry IN (23667,23668,23669);
-- Skorn Tower SW
UPDATE creature SET spawndist = 0, MovementType = 0 WHERE guid IN (106765,106822,106841,106840,106820,106821,106766);
-- individual addons
DELETE FROM creature_addon WHERE guid IN (106765,106822,106841,106840,106820,106821,106766);
INSERT INTO creature_addon (guid,mount,bytes1,b2_0_sheath,b2_1_pvp_state,emote,moveflags,auras) VALUES
(106765,0,0,1,0,0,0,43085),
(106822,0,0,1,0,0,0,43085),
(106841,0,0,1,0,0,0,43085),
(106840,0,0,1,0,0,0,43085),
(106820,0,0,1,0,0,0,43085),
(106821,0,0,1,0,0,0,43085),
(106766,0,0,1,0,0,0,43085);
-- Skorn Tower NW
UPDATE creature SET spawndist = 0, MovementType = 0 WHERE guid IN (106845,106846,106771,106770,106826,106772,106825,106773);
-- individual addons
DELETE FROM creature_addon WHERE guid IN (106845,106846,106771,106770,106826,106772,106825,106773);
INSERT INTO creature_addon (guid,mount,bytes1,b2_0_sheath,b2_1_pvp_state,emote,moveflags,auras) VALUES
(106845,0,0,1,0,0,0,43085),
(106846,0,0,1,0,0,0,43085),
(106771,0,0,1,0,0,0,43085),
(106770,0,0,1,0,0,0,43085),
(106826,0,0,1,0,0,0,43085),
(106772,0,0,1,0,0,0,43085),
(106825,0,0,1,0,0,0,43085),
(106773,0,0,1,0,0,0,43085);
-- Skorn Tower E
UPDATE creature SET spawndist = 0, MovementType = 0 WHERE guid IN (106761,106764,106817,106763,106762,106819,106818,106816);
-- individual addons
DELETE FROM creature_addon WHERE guid IN (106761,106764,106817,106763,106762,106819,106818,106816);
INSERT INTO creature_addon (guid,mount,bytes1,b2_0_sheath,b2_1_pvp_state,emote,moveflags,auras) VALUES
(106761,0,0,1,0,0,0,43085),
(106764,0,0,1,0,0,0,43085),
(106817,0,0,1,0,0,0,43085),
(106763,0,0,1,0,0,0,43085),
(106762,0,0,1,0,0,0,43085),
(106819,0,0,1,0,0,0,43085),
(106818,0,0,1,0,0,0,43085),
(106816,0,0,1,0,0,0,43085);
-- Skorn Tower SE
UPDATE creature SET spawndist = 0, MovementType = 0 WHERE guid IN (106768,106843,106823,106824,106844,106767,106842);
-- individual addons
DELETE FROM creature_addon WHERE guid IN (106768,106843,106823,106824,106844,106767,106842);
INSERT INTO creature_addon (guid,mount,bytes1,b2_0_sheath,b2_1_pvp_state,emote,moveflags,auras) VALUES
(106768,0,0,1,0,0,0,43085),
(106843,0,0,1,0,0,0,43085),
(106823,0,0,1,0,0,0,43085),
(106824,0,0,1,0,0,0,43085),
(106844,0,0,1,0,0,0,43085),
(106767,0,0,1,0,0,0,43085),
(106842,0,0,1,0,0,0,43085);

-- Winterskorn Raider 23665
UPDATE creature_template SET InhabitType = 3 WHERE entry = 23665;
UPDATE creature SET position_x = 1563.838, position_y = -4228.646, position_z = 294.0396, orientation = 5.40767 WHERE guid = 106339;
UPDATE creature SET position_x = 1813.603, position_y = -4061.984, position_z = 262.3477, orientation = 5.0721 WHERE guid = 106340;
-- individual addons
DELETE FROM creature_addon WHERE guid IN (106339,106340);
INSERT INTO creature_addon (guid,mount,bytes1,b2_0_sheath,b2_1_pvp_state,emote,moveflags,auras) VALUES
(106339,22657,50331648,1,0,0,0,NULL),
(106340,22657,50331648,1,0,0,0,NULL);
-- waypoints
UPDATE creature SET spawndist = 0, MovementType = 2 WHERE guid IN (106339,106340);
DELETE FROM creature_movement WHERE id IN (106339,106340);
INSERT INTO creature_movement (id, point, position_x, position_y, position_z, waittime, script_id, orientation) VALUES
-- #106339
(106339,1,1563.838,-4228.646,294.0396,0,2366501,100),
(106339,2,1571.12,-4239.25,294.0396,0,0,100),
(106339,3,1610.156,-4298.822,286.4839,0,0,100),
(106339,4,1646.465,-4318.887,286.4839,0,0,100),
(106339,5,1686.837,-4319.339,286.4839,0,0,100),
(106339,6,1721.916,-4285.465,286.4839,0,0,100),
(106339,7,1744.271,-4245.729,286.4839,0,0,100),
(106339,8,1761.888,-4201.479,286.4839,0,0,100),
(106339,9,1787.855,-4181.508,279.5952,0,0,100),
(106339,10,1828.275,-4157.811,264.0397,0,0,100),
(106339,11,1869.6,-4136.529,245.7619,0,0,100),
(106339,12,1906.251,-4104.745,243.4008,0,0,100),
(106339,13,1946.259,-4088.61,239.012,0,0,100),
(106339,14,1994.972,-4075.826,244.0118,0,0,100),
(106339,15,2039.621,-4056.105,254.9841,0,0,100),
(106339,16,2069.764,-4021.287,273.9841,0,0,100),
(106339,17,2062.947,-3976.559,293.9007,0,0,100),
(106339,18,2028.29,-3944.609,308.9839,0,0,100),
(106339,19,1984.218,-3939.633,308.9839,0,0,100),
(106339,20,1942.472,-3951.84,308.9839,0,0,100),
(106339,21,1901.447,-3979.889,308.9839,0,0,100),
(106339,22,1877.724,-4009.675,308.9839,0,0,100),
(106339,23,1847.894,-4034.494,308.9839,0,0,100),
(106339,24,1807.517,-4042.57,308.9839,0,0,100),
(106339,25,1758.254,-4043.33,308.9839,0,0,100),
(106339,26,1713.683,-4042.586,308.9839,0,0,100),
(106339,27,1665.907,-4048.218,308.9839,0,0,100),
(106339,28,1624.689,-4055.427,308.9839,0,0,100),
(106339,29,1583.594,-4059.716,308.9839,0,0,100),
(106339,30,1561.476,-4085.124,304.262,0,0,100),
(106339,31,1547.4,-4132.455,302.6506,0,0,100),
(106339,32,1548.258,-4181.759,299.7063,0,0,100),
-- #106340
(106340,1,1813.603,-4061.984,262.3477,0,2366501,100),
(106340,2,1822.734,-4146.696,262.3477,0,0,100),
(106340,3,1833.764,-4188.681,262.3477,0,0,100),
(106340,4,1858.245,-4229.983,262.3477,0,0,100),
(106340,5,1899.916,-4250.143,262.3477,0,0,100),
(106340,6,1948.989,-4242.324,262.3477,0,0,100),
(106340,7,1983.043,-4213.434,262.3477,0,0,100),
(106340,8,1995.449,-4165.376,262.3477,0,0,100),
(106340,9,1989.296,-4121.621,262.3477,0,0,100),
(106340,10,1977.566,-4076.71,262.3477,0,0,100),
(106340,11,1962.38,-4036.511,262.3477,0,0,100),
(106340,12,1933.924,-3998.48,262.3477,0,0,100),
(106340,13,1893.109,-3969.011,262.3477,0,0,100),
(106340,14,1845.326,-3970.263,262.3477,0,0,100),
(106340,15,1818.05,-4012.915,262.3477,0,0,100);

DELETE FROM dbscripts_on_creature_movement WHERE id = 2366501;
INSERT INTO dbscripts_on_creature_movement (id, delay, command, datalong, datalong2, datalong3, buddy_entry, search_radius, data_flags, dataint, dataint2, dataint3, dataint4, x, y, z, o, comments) VALUES
(2366501,0,25,1,0,0,0,0,0,0,0,0,0,0,0,0,0,'RUN ON'),
(2366501,0,39,1,0,0,0,0,8,0,0,0,0,0,0,0,0,'fly ON');

-- Winterskorn Warrior 23664
UPDATE creature SET position_x = 1901.188965, position_y = -4158.089844, position_z = 215.036270, orientation = 0.493954 WHERE guid = 106286;
UPDATE creature SET position_x = 1913.361938, position_y = -4035.461182, position_z = 215.914795, spawndist = 2, MovementType = 1 WHERE guid = 106283;

-- rat
UPDATE creature SET spawndist = 40 , MovementType = 1 WHERE guid IN (118112,118091,118131,118115,118096,118128,106153,118137);

-- Duelling Pairs
-- Old spawns Removed
DELETE FROM creature WHERE guid IN (106194,106193,106534,106195,106274,106205,106355,106354,106288,106358,106568,106207,106359,106211,106212,106196,106537,106270,
106271,106202,106259,106206,106569,106210,106495,106282,106344,106197,106280,106281,106204,106356,106497,106234,106243,106341,106273,106357,106228,106496,106572,106276,106218,106222);
DELETE FROM creature_addon WHERE guid IN (106194,106193,106534,106195,106274,106205,106355,106354,106288,106358,106568,106207,106359,106211,106212,106196,106537,106270,
106271,106202,106259,106206,106569,106210,106495,106282,106344,106197,106280,106281,106204,106356,106497,106234,106243,106341,106273,106357,106228,106496,106572,106276,106218,106222);
DELETE FROM creature_movement WHERE id IN (106194,106193,106534,106195,106274,106205,106355,106354,106288,106358,106568,106207,106359,106211,106212,106196,106537,106270,
106271,106202,106259,106206,106569,106210,106495,106282,106344,106197,106280,106281,106204,106356,106497,106234,106243,106341,106273,106357,106228,106496,106572,106276,106218,106222);
DELETE FROM game_event_creature WHERE guid IN (106194,106193,106534,106195,106274,106205,106355,106354,106288,106358,106568,106207,106359,106211,106212,106196,106537,106270,
106271,106202,106259,106206,106569,106210,106495,106282,106344,106197,106280,106281,106204,106356,106497,106234,106243,106341,106273,106357,106228,106496,106572,106276,106218,106222);
DELETE FROM game_event_creature_data WHERE guid IN (106194,106193,106534,106195,106274,106205,106355,106354,106288,106358,106568,106207,106359,106211,106212,106196,106537,106270,
106271,106202,106259,106206,106569,106210,106495,106282,106344,106197,106280,106281,106204,106356,106497,106234,106243,106341,106273,106357,106228,106496,106572,106276,106218,106222);
DELETE FROM creature_battleground WHERE guid IN (106194,106193,106534,106195,106274,106205,106355,106354,106288,106358,106568,106207,106359,106211,106212,106196,106537,106270,
106271,106202,106259,106206,106569,106210,106495,106282,106344,106197,106280,106281,106204,106356,106497,106234,106243,106341,106273,106357,106228,106496,106572,106276,106218,106222);
DELETE FROM creature_linking WHERE guid IN (106194,106193,106534,106195,106274,106205,106355,106354,106288,106358,106568,106207,106359,106211,106212,106196,106537,106270,
106271,106202,106259,106206,106569,106210,106495,106282,106344,106197,106280,106281,106204,106356,106497,106234,106243,106341,106273,106357,106228,106496,106572,106276,106218,106222)
 OR master_guid IN (106194,106193,106534,106195,106274,106205,106355,106354,106288,106358,106568,106207,106359,106211,106212,106196,106537,106270,
106271,106202,106259,106206,106569,106210,106495,106282,106344,106197,106280,106281,106204,106356,106497,106234,106243,106341,106273,106357,106228,106496,106572,106276,106218,106222);
-- Readded spawns -- WoTLK Range 571x Free guids used
DELETE FROM creature_addon WHERE guid BETWEEN 5711499 AND 5711682;
DELETE FROM creature_movement WHERE id BETWEEN 5711499 AND 5711682;
DELETE FROM creature_linking WHERE guid BETWEEN 5711499 AND 5711682;
DELETE FROM creature_linking WHERE master_guid BETWEEN 5711499 AND 5711682;
DELETE FROM creature WHERE guid BETWEEN 5711499 AND 5711682;
INSERT INTO creature (guid, id, map, spawnMask, phaseMask, modelid, equipment_id, position_x, position_y, position_z, orientation, spawntimesecsmin, spawntimesecsmax, spawndist, currentwaypoint, curhealth, curmana, DeathState, MovementType) VALUES
-- #1st pair
(5711499,23663,571,1,1,0,0,1847.715,-4242.075,208.0441,3.650937,300,300,0,0,8982,0,0,2),
(5711500,23664,571,1,1,0,0,1847.715,-4242.075,208.0441,3.650937,300,300,0,0,9291,0,0,2),
(5711501,23665,571,1,1,0,0,1847.715,-4242.075,208.0441,3.650937,300,300,0,0,8982,3155,0,2),
(5711502,23666,571,1,1,0,0,1847.715,-4242.075,208.0441,3.650937,300,300,0,0,8982,0,0,2),
(5711503,23663,571,1,1,0,0,1844.074,-4244.109,208.3301,0.5093443,300,300,0,0,8982,0,0,2),
(5711504,23664,571,1,1,0,0,1844.074,-4244.109,208.3301,0.5093443,300,300,0,0,9291,0,0,2),
(5711505,23665,571,1,1,0,0,1844.074,-4244.109,208.3301,0.5093443,300,300,0,0,8982,3155,0,2),
(5711506,23666,571,1,1,0,0,1844.074,-4244.109,208.3301,0.5093443,300,300,0,0,8982,0,0,2),
-- #2nd pair
(5711507,23663,571,1,1,0,0,1867.719,-4222.087,215.1427,2.764337,300,300,0,0,8982,0,0,2),
(5711508,23664,571,1,1,0,0,1867.719,-4222.087,215.1427,2.764337,300,300,0,0,9291,0,0,2),
(5711509,23665,571,1,1,0,0,1867.719,-4222.087,215.1427,2.764337,300,300,0,0,8982,3155,0,2),
(5711510,23666,571,1,1,0,0,1867.719,-4222.087,215.1427,2.764337,300,300,0,0,8982,0,0,2),
(5711511,23663,571,1,1,0,0,1863.946,-4220.592,215.1427,5.90593,300,300,0,0,8982,0,0,2),
(5711512,23664,571,1,1,0,0,1863.946,-4220.592,215.1427,5.90593,300,300,0,0,9291,0,0,2),
(5711513,23665,571,1,1,0,0,1863.946,-4220.592,215.1427,5.90593,300,300,0,0,8982,3155,0,2),
(5711514,23666,571,1,1,0,0,1863.946,-4220.592,215.1427,5.90593,300,300,0,0,8982,0,0,2),
-- #3rd pair
(5711515,23663,571,1,1,0,0,1851.98,-4107.492,225.8964,1.849134,300,300,0,0,8982,0,0,2),
(5711516,23664,571,1,1,0,0,1851.98,-4107.492,225.8964,1.849134,300,300,0,0,9291,0,0,2),
(5711517,23665,571,1,1,0,0,1851.98,-4107.492,225.8964,1.849134,300,300,0,0,8982,3155,0,2),
(5711518,23666,571,1,1,0,0,1851.98,-4107.492,225.8964,1.849134,300,300,0,0,8982,0,0,2),
(5711519,23663,571,1,1,0,0,1850.898,-4103.702,225.9372,4.990727,300,300,0,0,8982,0,0,2),
(5711520,23664,571,1,1,0,0,1850.898,-4103.702,225.9372,4.990727,300,300,0,0,9291,0,0,2),
(5711521,23665,571,1,1,0,0,1850.898,-4103.702,225.9372,4.990727,300,300,0,0,8982,3155,0,2),
(5711522,23666,571,1,1,0,0,1850.898,-4103.702,225.9372,4.990727,300,300,0,0,8982,0,0,2),
-- #4th pair
(5711523,23663,571,1,1,0,0,1741.009,-4118.619,270.9087,1.553029,300,300,0,0,8982,0,0,2),
(5711524,23664,571,1,1,0,0,1741.009,-4118.619,270.9087,1.553029,300,300,0,0,9291,0,0,2),
(5711525,23665,571,1,1,0,0,1741.009,-4118.619,270.9087,1.553029,300,300,0,0,8982,3155,0,2),
(5711526,23666,571,1,1,0,0,1741.009,-4118.619,270.9087,1.553029,300,300,0,0,8982,0,0,2),
(5711527,23663,571,1,1,0,0,1741.078,-4114.772,270.7665,4.799655,300,300,0,0,8982,0,0,2),
(5711528,23664,571,1,1,0,0,1741.078,-4114.772,270.7665,4.799655,300,300,0,0,9291,0,0,2),
(5711529,23665,571,1,1,0,0,1741.078,-4114.772,270.7665,4.799655,300,300,0,0,8982,3155,0,2),
(5711530,23666,571,1,1,0,0,1741.078,-4114.772,270.7665,4.799655,300,300,0,0,8982,0,0,2),
-- #5th pair
(5711531,23663,571,1,1,0,0,1883.826,-4065.674,212.5205,2.148151,300,300,0,0,8982,0,0,2),
(5711532,23664,571,1,1,0,0,1883.826,-4065.674,212.5205,2.148151,300,300,0,0,9291,0,0,2),
(5711533,23665,571,1,1,0,0,1883.826,-4065.674,212.5205,2.148151,300,300,0,0,8982,3155,0,2),
(5711534,23666,571,1,1,0,0,1883.826,-4065.674,212.5205,2.148151,300,300,0,0,8982,0,0,2),
(5711535,23663,571,1,1,0,0,1881.556,-4062.189,212.4773,5.289744,300,300,0,0,8982,0,0,2),
(5711536,23664,571,1,1,0,0,1881.556,-4062.189,212.4773,5.289744,300,300,0,0,9291,0,0,2),
(5711537,23665,571,1,1,0,0,1881.556,-4062.189,212.4773,5.289744,300,300,0,0,8982,3155,0,2),
(5711538,23666,571,1,1,0,0,1881.556,-4062.189,212.4773,5.289744,300,300,0,0,8982,0,0,2),
-- #6th pair
(5711539,23663,571,1,1,0,0,1899.793,-4089.314,214.2414,0.3849756,300,300,0,0,8982,0,0,2),
(5711540,23664,571,1,1,0,0,1899.793,-4089.314,214.2414,0.3849756,300,300,0,0,9291,0,0,2),
(5711541,23665,571,1,1,0,0,1899.793,-4089.314,214.2414,0.3849756,300,300,0,0,8982,3155,0,2),
(5711542,23666,571,1,1,0,0,1899.793,-4089.314,214.2414,0.3849756,300,300,0,0,8982,0,0,2),
(5711543,23663,571,1,1,0,0,1904.014,-4087.604,213.9469,3.526568,300,300,0,0,8982,0,0,2),
(5711544,23664,571,1,1,0,0,1904.014,-4087.604,213.9469,3.526568,300,300,0,0,9291,0,0,2),
(5711545,23665,571,1,1,0,0,1904.014,-4087.604,213.9469,3.526568,300,300,0,0,8982,3155,0,2),
(5711546,23666,571,1,1,0,0,1904.014,-4087.604,213.9469,3.526568,300,300,0,0,8982,0,0,2),
-- #7th pair
(5711547,23663,571,1,1,0,0,1980.459,-4105.223,214.128,3.649705,300,300,0,0,8982,0,0,2),
(5711548,23664,571,1,1,0,0,1980.459,-4105.223,214.128,3.649705,300,300,0,0,9291,0,0,2),
(5711549,23665,571,1,1,0,0,1980.459,-4105.223,214.128,3.649705,300,300,0,0,8982,3155,0,2),
(5711550,23666,571,1,1,0,0,1980.459,-4105.223,214.128,3.649705,300,300,0,0,8982,0,0,2),
(5711551,23663,571,1,1,0,0,1977.026,-4107.135,214.371,0.5081121,300,300,0,0,8982,0,0,2),
(5711552,23664,571,1,1,0,0,1977.026,-4107.135,214.371,0.5081121,300,300,0,0,9291,0,0,2),
(5711553,23665,571,1,1,0,0,1977.026,-4107.135,214.371,0.5081121,300,300,0,0,8982,3155,0,2),
(5711554,23666,571,1,1,0,0,1977.026,-4107.135,214.371,0.5081121,300,300,0,0,8982,0,0,2),
-- #8th pair
(5711555,23663,571,1,1,0,0,2019.33,-4151.991,216.7243,2.704172,300,300,0,0,8982,0,0,2),
(5711556,23664,571,1,1,0,0,2019.33,-4151.991,216.7243,2.704172,300,300,0,0,9291,0,0,2),
(5711557,23665,571,1,1,0,0,2019.33,-4151.991,216.7243,2.704172,300,300,0,0,8982,3155,0,2),
(5711558,23666,571,1,1,0,0,2019.33,-4151.991,216.7243,2.704172,300,300,0,0,8982,0,0,2),
(5711559,23663,571,1,1,0,0,2015.888,-4150.381,216.7609,5.845765,300,300,0,0,8982,0,0,2),
(5711560,23664,571,1,1,0,0,2015.888,-4150.381,216.7609,5.845765,300,300,0,0,9291,0,0,2),
(5711561,23665,571,1,1,0,0,2015.888,-4150.381,216.7609,5.845765,300,300,0,0,8982,3155,0,2),
(5711562,23666,571,1,1,0,0,2015.888,-4150.381,216.7609,5.845765,300,300,0,0,8982,0,0,2),
-- #9th pair
(5711563,23663,571,1,1,0,0,2008.486,-4214.342,209.4296,1.291544,300,300,0,0,8982,0,0,2),
(5711564,23664,571,1,1,0,0,2008.486,-4214.342,209.4296,1.291544,300,300,0,0,9291,0,0,2),
(5711565,23665,571,1,1,0,0,2008.486,-4214.342,209.4296,1.291544,300,300,0,0,8982,3155,0,2),
(5711566,23666,571,1,1,0,0,2008.486,-4214.342,209.4296,1.291544,300,300,0,0,8982,0,0,2),
(5711567,23663,571,1,1,0,0,2009.75,-4210.49,209.43,4.46804,300,300,0,0,8982,0,0,2),
(5711568,23664,571,1,1,0,0,2009.75,-4210.49,209.43,4.46804,300,300,0,0,9291,0,0,2),
(5711569,23665,571,1,1,0,0,2009.75,-4210.49,209.43,4.46804,300,300,0,0,8982,3155,0,2),
(5711570,23666,571,1,1,0,0,2009.75,-4210.49,209.43,4.46804,300,300,0,0,8982,0,0,2),
-- #10th pair
(5711571,23663,571,1,1,0,0,1721.735,-4080.907,269.9704,5.663137,300,300,0,0,8982,0,0,2),
(5711572,23664,571,1,1,0,0,1721.735,-4080.907,269.9704,5.663137,300,300,0,0,9291,0,0,2),
(5711573,23665,571,1,1,0,0,1721.735,-4080.907,269.9704,5.663137,300,300,0,0,8982,3155,0,2),
(5711574,23666,571,1,1,0,0,1721.735,-4080.907,269.9704,5.663137,300,300,0,0,8982,0,0,2),
(5711575,23663,571,1,1,0,0,1724.95,-4083.202,270.0606,2.521544,300,300,0,0,8982,0,0,2),
(5711576,23664,571,1,1,0,0,1724.95,-4083.202,270.0606,2.521544,300,300,0,0,9291,0,0,2),
(5711577,23665,571,1,1,0,0,1724.95,-4083.202,270.0606,2.521544,300,300,0,0,8982,3155,0,2),
(5711578,23666,571,1,1,0,0,1724.95,-4083.202,270.0606,2.521544,300,300,0,0,8982,0,0,2),
-- #11th pair
(5711579,23663,571,1,1,0,0,1626.241,-4069.501,266.6838,1.789505,300,300,0,0,8982,0,0,2),
(5711580,23664,571,1,1,0,0,1626.241,-4069.501,266.6838,1.789505,300,300,0,0,9291,0,0,2),
(5711581,23665,571,1,1,0,0,1626.241,-4069.501,266.6838,1.789505,300,300,0,0,8982,3155,0,2),
(5711582,23666,571,1,1,0,0,1626.241,-4069.501,266.6838,1.789505,300,300,0,0,8982,0,0,2),
(5711583,23663,571,1,1,0,0,1625.446,-4065.923,265.8284,4.931098,300,300,0,0,8982,0,0,2),
(5711584,23664,571,1,1,0,0,1625.446,-4065.923,265.8284,4.931098,300,300,0,0,9291,0,0,2),
(5711585,23665,571,1,1,0,0,1625.446,-4065.923,265.8284,4.931098,300,300,0,0,8982,3155,0,2),
(5711586,23666,571,1,1,0,0,1625.446,-4065.923,265.8284,4.931098,300,300,0,0,8982,0,0,2),
-- #12th pair
(5711587,23663,571,1,1,0,0,1835.797,-4064.204,223.002,0.4380742,300,300,0,0,8982,0,0,2),
(5711588,23664,571,1,1,0,0,1835.797,-4064.204,223.002,0.4380742,300,300,0,0,9291,0,0,2),
(5711589,23665,571,1,1,0,0,1835.797,-4064.204,223.002,0.4380742,300,300,0,0,8982,3155,0,2),
(5711590,23666,571,1,1,0,0,1835.797,-4064.204,223.002,0.4380742,300,300,0,0,8982,0,0,2),
(5711591,23663,571,1,1,0,0,1839.17,-4062.623,222.3133,3.579667,300,300,0,0,8982,0,0,2),
(5711592,23664,571,1,1,0,0,1839.17,-4062.623,222.3133,3.579667,300,300,0,0,9291,0,0,2),
(5711593,23665,571,1,1,0,0,1839.17,-4062.623,222.3133,3.579667,300,300,0,0,8982,3155,0,2),
(5711594,23666,571,1,1,0,0,1839.17,-4062.623,222.3133,3.579667,300,300,0,0,8982,0,0,2),
-- #13th pair
(5711595,23663,571,1,1,0,0,1902.227,-4129.773,215.0745,5.519782,300,300,0,0,8982,0,0,2),
(5711596,23664,571,1,1,0,0,1902.227,-4129.773,215.0745,5.519782,300,300,0,0,9291,0,0,2),
(5711597,23665,571,1,1,0,0,1902.227,-4129.773,215.0745,5.519782,300,300,0,0,8982,3155,0,2),
(5711598,23666,571,1,1,0,0,1902.227,-4129.773,215.0745,5.519782,300,300,0,0,8982,0,0,2),
(5711599,23663,571,1,1,0,0,1905.199,-4132.617,215.2057,2.378189,300,300,0,0,8982,0,0,2),
(5711600,23664,571,1,1,0,0,1905.199,-4132.617,215.2057,2.378189,300,300,0,0,9291,0,0,2),
(5711601,23665,571,1,1,0,0,1905.199,-4132.617,215.2057,2.378189,300,300,0,0,8982,3155,0,2),
(5711602,23666,571,1,1,0,0,1905.199,-4132.617,215.2057,2.378189,300,300,0,0,8982,0,0,2),
-- #14th pair
(5711603,23663,571,1,1,0,0,1979.143,-4143.804,216.8537,0.2869127,300,300,0,0,8982,0,0,2),
(5711604,23664,571,1,1,0,0,1979.143,-4143.804,216.8537,0.2869127,300,300,0,0,9291,0,0,2),
(5711605,23665,571,1,1,0,0,1979.143,-4143.804,216.8537,0.2869127,300,300,0,0,8982,3155,0,2),
(5711606,23666,571,1,1,0,0,1979.143,-4143.804,216.8537,0.2869127,300,300,0,0,8982,0,0,2),
(5711607,23663,571,1,1,0,0,1982.68,-4142.76,216.9296,3.428505,300,300,0,0,8982,0,0,2),
(5711608,23664,571,1,1,0,0,1982.68,-4142.76,216.9296,3.428505,300,300,0,0,9291,0,0,2),
(5711609,23665,571,1,1,0,0,1982.68,-4142.76,216.9296,3.428505,300,300,0,0,8982,3155,0,2),
(5711610,23666,571,1,1,0,0,1982.68,-4142.76,216.9296,3.428505,300,300,0,0,8982,0,0,2),
-- #15th pair
(5711611,23663,571,1,1,0,0,1938.262,-4225.21,209.5864,5.56734,300,300,0,0,8982,0,0,2),
(5711612,23664,571,1,1,0,0,1938.262,-4225.21,209.5864,5.56734,300,300,0,0,9291,0,0,2),
(5711613,23665,571,1,1,0,0,1938.262,-4225.21,209.5864,5.56734,300,300,0,0,8982,3155,0,2),
(5711614,23666,571,1,1,0,0,1938.262,-4225.21,209.5864,5.56734,300,300,0,0,8982,0,0,2),
(5711615,23663,571,1,1,0,0,1941.243,-4227.803,210.0931,2.425748,300,300,0,0,8982,0,0,2),
(5711616,23664,571,1,1,0,0,1941.243,-4227.803,210.0931,2.425748,300,300,0,0,9291,0,0,2),
(5711617,23665,571,1,1,0,0,1941.243,-4227.803,210.0931,2.425748,300,300,0,0,8982,3155,0,2),
(5711618,23666,571,1,1,0,0,1941.243,-4227.803,210.0931,2.425748,300,300,0,0,8982,0,0,2),
-- #16th pair
(5711619,23663,571,1,1,0,0,2005.48,-4071.71,218.1608,0.9706288,300,300,0,0,8982,0,0,2),
(5711620,23664,571,1,1,0,0,2005.48,-4071.71,218.1608,0.9706288,300,300,0,0,9291,0,0,2),
(5711621,23665,571,1,1,0,0,2005.48,-4071.71,218.1608,0.9706288,300,300,0,0,8982,3155,0,2),
(5711622,23666,571,1,1,0,0,2005.48,-4071.71,218.1608,0.9706288,300,300,0,0,8982,0,0,2),
(5711623,23663,571,1,1,0,0,2007.955,-4068.093,218.5989,4.112222,300,300,0,0,8982,0,0,2),
(5711624,23664,571,1,1,0,0,2007.955,-4068.093,218.5989,4.112222,300,300,0,0,9291,0,0,2),
(5711625,23665,571,1,1,0,0,2007.955,-4068.093,218.5989,4.112222,300,300,0,0,8982,3155,0,2),
(5711626,23666,571,1,1,0,0,2007.955,-4068.093,218.5989,4.112222,300,300,0,0,8982,0,0,2),
-- #17th pair
(5711627,23663,571,1,1,0,0,1715.657,-4150.159,272.7656,5.545485,300,300,0,0,8982,0,0,2),
(5711628,23664,571,1,1,0,0,1715.657,-4150.159,272.7656,5.545485,300,300,0,0,9291,0,0,2),
(5711629,23665,571,1,1,0,0,1715.657,-4150.159,272.7656,5.545485,300,300,0,0,8982,3155,0,2),
(5711630,23666,571,1,1,0,0,1715.657,-4150.159,272.7656,5.545485,300,300,0,0,8982,0,0,2),
(5711631,23663,571,1,1,0,0,1718.819,-4153.032,273.0042,2.513274,300,300,0,0,8982,0,0,2),
(5711632,23664,571,1,1,0,0,1718.819,-4153.032,273.0042,2.513274,300,300,0,0,9291,0,0,2),
(5711633,23665,571,1,1,0,0,1718.819,-4153.032,273.0042,2.513274,300,300,0,0,8982,3155,0,2),
(5711634,23666,571,1,1,0,0,1718.819,-4153.032,273.0042,2.513274,300,300,0,0,8982,0,0,2),
-- #18th pair
(5711635,23663,571,1,1,0,0,1689.78,-4070.417,270.8647,3.560874,300,300,0,0,8982,0,0,2),
(5711636,23664,571,1,1,0,0,1689.78,-4070.417,270.8647,3.560874,300,300,0,0,9291,0,0,2),
(5711637,23665,571,1,1,0,0,1689.78,-4070.417,270.8647,3.560874,300,300,0,0,8982,3155,0,2),
(5711638,23666,571,1,1,0,0,1689.78,-4070.417,270.8647,3.560874,300,300,0,0,8982,0,0,2),
(5711639,23663,571,1,1,0,0,1686.373,-4071.936,271.2866,0.4192808,300,300,0,0,8982,0,0,2),
(5711640,23664,571,1,1,0,0,1686.373,-4071.936,271.2866,0.4192808,300,300,0,0,9291,0,0,2),
(5711641,23665,571,1,1,0,0,1686.373,-4071.936,271.2866,0.4192808,300,300,0,0,8982,3155,0,2),
(5711642,23666,571,1,1,0,0,1686.373,-4071.936,271.2866,0.4192808,300,300,0,0,8982,0,0,2),
-- #19th pair
(5711643,23663,571,1,1,0,0,1633.54,-4182.149,273.5407,3.77211,300,300,0,0,8982,0,0,2),
(5711644,23664,571,1,1,0,0,1633.54,-4182.149,273.5407,3.77211,300,300,0,0,9291,0,0,2),
(5711645,23665,571,1,1,0,0,1633.54,-4182.149,273.5407,3.77211,300,300,0,0,8982,3155,0,2),
(5711646,23666,571,1,1,0,0,1633.54,-4182.149,273.5407,3.77211,300,300,0,0,8982,0,0,2),
(5711647,23663,571,1,1,0,0,1630.288,-4184.522,273.2512,0.6305172,300,300,0,0,8982,0,0,2),
(5711648,23664,571,1,1,0,0,1630.288,-4184.522,273.2512,0.6305172,300,300,0,0,9291,0,0,2),
(5711649,23665,571,1,1,0,0,1630.288,-4184.522,273.2512,0.6305172,300,300,0,0,8982,3155,0,2),
(5711650,23666,571,1,1,0,0,1630.288,-4184.522,273.2512,0.6305172,300,300,0,0,8982,0,0,2),
-- #20th pair
(5711651,23663,571,1,1,0,0,1877.944,-4120.542,214.7395,0.6609709,300,300,0,0,8982,0,0,2),
(5711652,23664,571,1,1,0,0,1877.944,-4120.542,214.7395,0.6609709,300,300,0,0,9291,0,0,2),
(5711653,23665,571,1,1,0,0,1877.944,-4120.542,214.7395,0.6609709,300,300,0,0,8982,3155,0,2),
(5711654,23666,571,1,1,0,0,1877.944,-4120.542,214.7395,0.6609709,300,300,0,0,8982,0,0,2),
(5711655,23663,571,1,1,0,0,1880.633,-4118.451,214.6458,3.802564,300,300,0,0,8982,0,0,2),
(5711656,23664,571,1,1,0,0,1880.633,-4118.451,214.6458,3.802564,300,300,0,0,9291,0,0,2),
(5711657,23665,571,1,1,0,0,1880.633,-4118.451,214.6458,3.802564,300,300,0,0,8982,3155,0,2),
(5711658,23666,571,1,1,0,0,1880.633,-4118.451,214.6458,3.802564,300,300,0,0,8982,0,0,2),
-- #21th pair
(5711659,23663,571,1,1,0,0,1964.592,-4071.603,215.1496,5.451624,300,300,0,0,8982,0,0,2),
(5711660,23664,571,1,1,0,0,1964.592,-4071.603,215.1496,5.451624,300,300,0,0,9291,0,0,2),
(5711661,23665,571,1,1,0,0,1964.592,-4071.603,215.1496,5.451624,300,300,0,0,8982,3155,0,2),
(5711662,23666,571,1,1,0,0,1964.592,-4071.603,215.1496,5.451624,300,300,0,0,8982,0,0,2),
(5711663,23663,571,1,1,0,0,1967.281,-4074.553,215.2122,2.310031,300,300,0,0,8982,0,0,2),
(5711664,23664,571,1,1,0,0,1967.281,-4074.553,215.2122,2.310031,300,300,0,0,9291,0,0,2),
(5711665,23665,571,1,1,0,0,1967.281,-4074.553,215.2122,2.310031,300,300,0,0,8982,3155,0,2),
(5711666,23666,571,1,1,0,0,1967.281,-4074.553,215.2122,2.310031,300,300,0,0,8982,0,0,2),
-- #22th pair
(5711667,23663,571,1,1,0,0,1941.719,-4146.763,214.4467,2.971595,300,300,0,0,8982,0,0,2),
(5711668,23664,571,1,1,0,0,1941.719,-4146.763,214.4467,2.971595,300,300,0,0,9291,0,0,2),
(5711669,23665,571,1,1,0,0,1941.719,-4146.763,214.4467,2.971595,300,300,0,0,8982,3155,0,2),
(5711670,23666,571,1,1,0,0,1941.719,-4146.763,214.4467,2.971595,300,300,0,0,8982,0,0,2),
(5711671,23663,571,1,1,0,0,1937.913,-4146.109,214.3904,6.113188,300,300,0,0,8982,0,0,2),
(5711672,23664,571,1,1,0,0,1937.913,-4146.109,214.3904,6.113188,300,300,0,0,9291,0,0,2),
(5711673,23665,571,1,1,0,0,1937.913,-4146.109,214.3904,6.113188,300,300,0,0,8982,3155,0,2),
(5711674,23666,571,1,1,0,0,1937.913,-4146.109,214.3904,6.113188,300,300,0,0,8982,0,0,2),
-- #23th pair
(5711675,23663,571,1,1,0,0,1943.957,-4185.292,214.712,1.689342,300,300,0,0,8982,0,0,2),
(5711676,23664,571,1,1,0,0,1943.957,-4185.292,214.712,1.689342,300,300,0,0,9291,0,0,2),
(5711677,23665,571,1,1,0,0,1943.957,-4185.292,214.712,1.689342,300,300,0,0,8982,3155,0,2),
(5711678,23666,571,1,1,0,0,1943.957,-4185.292,214.712,1.689342,300,300,0,0,8982,0,0,2),
(5711679,23663,571,1,1,0,0,1943.489,-4181.358,214.8517,4.830935,300,300,0,0,8982,0,0,2),
(5711680,23664,571,1,1,0,0,1943.489,-4181.358,214.8517,4.830935,300,300,0,0,9291,0,0,2),
(5711681,23665,571,1,1,0,0,1943.489,-4181.358,214.8517,4.830935,300,300,0,0,8982,3155,0,2),
(5711682,23666,571,1,1,0,0,1943.489,-4181.358,214.8517,4.830935,300,300,0,0,8982,0,0,2);
-- individual addons
DELETE FROM creature_addon WHERE guid BETWEEN 5711499 AND 5711682;
INSERT INTO creature_addon (guid,mount,bytes1,b2_0_sheath,b2_1_pvp_state,emote,moveflags,auras) VALUES
(5711499,0,0,1,0,333,0,NULL),(5711500,0,0,1,0,333,0,NULL),(5711501,0,0,1,0,333,0,NULL),(5711502,0,0,1,0,375,0,NULL),
(5711503,0,0,1,0,333,0,NULL),(5711504,0,0,1,0,333,0,NULL),(5711505,0,0,1,0,333,0,NULL),(5711506,0,0,1,0,375,0,NULL),
(5711507,0,0,1,0,333,0,NULL),(5711508,0,0,1,0,333,0,NULL),(5711509,0,0,1,0,333,0,NULL),(5711510,0,0,1,0,375,0,NULL),
(5711511,0,0,1,0,333,0,NULL),(5711512,0,0,1,0,333,0,NULL),(5711513,0,0,1,0,333,0,NULL),(5711514,0,0,1,0,375,0,NULL),
(5711515,0,0,1,0,333,0,NULL),(5711516,0,0,1,0,333,0,NULL),(5711517,0,0,1,0,333,0,NULL),(5711518,0,0,1,0,375,0,NULL),
(5711519,0,0,1,0,333,0,NULL),(5711520,0,0,1,0,333,0,NULL),(5711521,0,0,1,0,333,0,NULL),(5711522,0,0,1,0,375,0,NULL),
(5711523,0,0,1,0,333,0,NULL),(5711524,0,0,1,0,333,0,NULL),(5711525,0,0,1,0,333,0,NULL),(5711526,0,0,1,0,375,0,NULL),
(5711527,0,0,1,0,333,0,NULL),(5711528,0,0,1,0,333,0,NULL),(5711529,0,0,1,0,333,0,NULL),(5711530,0,0,1,0,375,0,NULL),
(5711531,0,0,1,0,333,0,NULL),(5711532,0,0,1,0,333,0,NULL),(5711533,0,0,1,0,333,0,NULL),(5711534,0,0,1,0,375,0,NULL),
(5711535,0,0,1,0,333,0,NULL),(5711536,0,0,1,0,333,0,NULL),(5711537,0,0,1,0,333,0,NULL),(5711538,0,0,1,0,375,0,NULL),
(5711539,0,0,1,0,333,0,NULL),(5711540,0,0,1,0,333,0,NULL),(5711541,0,0,1,0,333,0,NULL),(5711542,0,0,1,0,375,0,NULL),
(5711543,0,0,1,0,333,0,NULL),(5711544,0,0,1,0,333,0,NULL),(5711545,0,0,1,0,333,0,NULL),(5711546,0,0,1,0,375,0,NULL),
(5711547,0,0,1,0,333,0,NULL),(5711548,0,0,1,0,333,0,NULL),(5711549,0,0,1,0,333,0,NULL),(5711550,0,0,1,0,375,0,NULL),
(5711551,0,0,1,0,333,0,NULL),(5711552,0,0,1,0,333,0,NULL),(5711553,0,0,1,0,333,0,NULL),(5711554,0,0,1,0,375,0,NULL),
(5711555,0,0,1,0,333,0,NULL),(5711556,0,0,1,0,333,0,NULL),(5711557,0,0,1,0,333,0,NULL),(5711558,0,0,1,0,375,0,NULL),
(5711559,0,0,1,0,333,0,NULL),(5711560,0,0,1,0,333,0,NULL),(5711561,0,0,1,0,333,0,NULL),(5711562,0,0,1,0,375,0,NULL),
(5711563,0,0,1,0,333,0,NULL),(5711564,0,0,1,0,333,0,NULL),(5711565,0,0,1,0,333,0,NULL),(5711566,0,0,1,0,375,0,NULL),
(5711567,0,0,1,0,333,0,NULL),(5711568,0,0,1,0,333,0,NULL),(5711569,0,0,1,0,333,0,NULL),(5711570,0,0,1,0,375,0,NULL),
(5711571,0,0,1,0,333,0,NULL),(5711572,0,0,1,0,333,0,NULL),(5711573,0,0,1,0,333,0,NULL),(5711574,0,0,1,0,375,0,NULL),
(5711575,0,0,1,0,333,0,NULL),(5711576,0,0,1,0,333,0,NULL),(5711577,0,0,1,0,333,0,NULL),(5711578,0,0,1,0,375,0,NULL),
(5711579,0,0,1,0,333,0,NULL),(5711580,0,0,1,0,333,0,NULL),(5711581,0,0,1,0,333,0,NULL),(5711582,0,0,1,0,375,0,NULL),
(5711583,0,0,1,0,333,0,NULL),(5711584,0,0,1,0,333,0,NULL),(5711585,0,0,1,0,333,0,NULL),(5711586,0,0,1,0,375,0,NULL),
(5711587,0,0,1,0,333,0,NULL),(5711588,0,0,1,0,333,0,NULL),(5711589,0,0,1,0,333,0,NULL),(5711590,0,0,1,0,375,0,NULL),
(5711591,0,0,1,0,333,0,NULL),(5711592,0,0,1,0,333,0,NULL),(5711593,0,0,1,0,333,0,NULL),(5711594,0,0,1,0,375,0,NULL),
(5711595,0,0,1,0,333,0,NULL),(5711596,0,0,1,0,333,0,NULL),(5711597,0,0,1,0,333,0,NULL),(5711598,0,0,1,0,375,0,NULL),
(5711599,0,0,1,0,333,0,NULL),(5711600,0,0,1,0,333,0,NULL),(5711601,0,0,1,0,333,0,NULL),(5711602,0,0,1,0,375,0,NULL),
(5711603,0,0,1,0,333,0,NULL),(5711604,0,0,1,0,333,0,NULL),(5711605,0,0,1,0,333,0,NULL),(5711606,0,0,1,0,375,0,NULL),
(5711607,0,0,1,0,333,0,NULL),(5711608,0,0,1,0,333,0,NULL),(5711609,0,0,1,0,333,0,NULL),(5711610,0,0,1,0,375,0,NULL),
(5711611,0,0,1,0,333,0,NULL),(5711612,0,0,1,0,333,0,NULL),(5711613,0,0,1,0,333,0,NULL),(5711614,0,0,1,0,375,0,NULL),
(5711615,0,0,1,0,333,0,NULL),(5711616,0,0,1,0,333,0,NULL),(5711617,0,0,1,0,333,0,NULL),(5711618,0,0,1,0,375,0,NULL),
(5711619,0,0,1,0,333,0,NULL),(5711620,0,0,1,0,333,0,NULL),(5711621,0,0,1,0,333,0,NULL),(5711622,0,0,1,0,375,0,NULL),
(5711623,0,0,1,0,333,0,NULL),(5711624,0,0,1,0,333,0,NULL),(5711625,0,0,1,0,333,0,NULL),(5711626,0,0,1,0,375,0,NULL),
(5711627,0,0,1,0,333,0,NULL),(5711628,0,0,1,0,333,0,NULL),(5711629,0,0,1,0,333,0,NULL),(5711630,0,0,1,0,375,0,NULL),
(5711631,0,0,1,0,333,0,NULL),(5711632,0,0,1,0,333,0,NULL),(5711633,0,0,1,0,333,0,NULL),(5711634,0,0,1,0,375,0,NULL),
(5711635,0,0,1,0,333,0,NULL),(5711636,0,0,1,0,333,0,NULL),(5711637,0,0,1,0,333,0,NULL),(5711638,0,0,1,0,375,0,NULL),
(5711639,0,0,1,0,333,0,NULL),(5711640,0,0,1,0,333,0,NULL),(5711641,0,0,1,0,333,0,NULL),(5711642,0,0,1,0,375,0,NULL),
(5711643,0,0,1,0,333,0,NULL),(5711644,0,0,1,0,333,0,NULL),(5711645,0,0,1,0,333,0,NULL),(5711646,0,0,1,0,375,0,NULL),
(5711647,0,0,1,0,333,0,NULL),(5711648,0,0,1,0,333,0,NULL),(5711649,0,0,1,0,333,0,NULL),(5711650,0,0,1,0,375,0,NULL),
(5711651,0,0,1,0,333,0,NULL),(5711652,0,0,1,0,333,0,NULL),(5711653,0,0,1,0,333,0,NULL),(5711654,0,0,1,0,375,0,NULL),
(5711655,0,0,1,0,333,0,NULL),(5711656,0,0,1,0,333,0,NULL),(5711657,0,0,1,0,333,0,NULL),(5711658,0,0,1,0,375,0,NULL),
(5711659,0,0,1,0,333,0,NULL),(5711660,0,0,1,0,333,0,NULL),(5711661,0,0,1,0,333,0,NULL),(5711662,0,0,1,0,375,0,NULL),
(5711663,0,0,1,0,333,0,NULL),(5711664,0,0,1,0,333,0,NULL),(5711665,0,0,1,0,333,0,NULL),(5711666,0,0,1,0,375,0,NULL),
(5711667,0,0,1,0,333,0,NULL),(5711668,0,0,1,0,333,0,NULL),(5711669,0,0,1,0,333,0,NULL),(5711670,0,0,1,0,375,0,NULL),
(5711671,0,0,1,0,333,0,NULL),(5711672,0,0,1,0,333,0,NULL),(5711673,0,0,1,0,333,0,NULL),(5711674,0,0,1,0,375,0,NULL),
(5711675,0,0,1,0,333,0,NULL),(5711676,0,0,1,0,333,0,NULL),(5711677,0,0,1,0,333,0,NULL),(5711678,0,0,1,0,375,0,NULL),
(5711679,0,0,1,0,333,0,NULL),(5711680,0,0,1,0,333,0,NULL),(5711681,0,0,1,0,333,0,NULL),(5711682,0,0,1,0,375,0,NULL);
-- waypoints
UPDATE creature SET spawndist = 0, MovementType = 2 WHERE guid BETWEEN 5711499 AND 5711682;
DELETE FROM creature_movement WHERE id BETWEEN 5711499 AND 5711682;
INSERT INTO creature_movement (id, point, position_x, position_y, position_z, waittime, script_id, orientation) VALUES
(5711499,1,1847.715,-4242.075,208.0441,1000,2366301,3.650937),
(5711500,1,1847.715,-4242.075,208.0441,1000,2366401,3.650937),
(5711501,1,1847.715,-4242.075,208.0441,1000,2366502,3.650937),
(5711502,1,1847.715,-4242.075,208.0441,1000,2366601,3.650937),
(5711503,1,1844.074,-4244.109,208.3301,1000,2366301,0.5093443),
(5711504,1,1844.074,-4244.109,208.3301,1000,2366401,0.5093443),
(5711505,1,1844.074,-4244.109,208.3301,1000,2366502,0.5093443),
(5711506,1,1844.074,-4244.109,208.3301,1000,2366601,0.5093443),
(5711507,1,1867.719,-4222.087,215.1427,1000,2366301,2.764337),
(5711508,1,1867.719,-4222.087,215.1427,1000,2366401,2.764337),
(5711509,1,1867.719,-4222.087,215.1427,1000,2366502,2.764337),
(5711510,1,1867.719,-4222.087,215.1427,1000,2366601,2.764337),
(5711511,1,1863.946,-4220.592,215.1427,1000,2366301,5.90593),
(5711512,1,1863.946,-4220.592,215.1427,1000,2366401,5.90593),
(5711513,1,1863.946,-4220.592,215.1427,1000,2366502,5.90593),
(5711514,1,1863.946,-4220.592,215.1427,1000,2366601,5.90593),
(5711515,1,1851.98,-4107.492,225.8964,1000,2366301,1.849134),
(5711516,1,1851.98,-4107.492,225.8964,1000,2366401,1.849134),
(5711517,1,1851.98,-4107.492,225.8964,1000,2366502,1.849134),
(5711518,1,1851.98,-4107.492,225.8964,1000,2366601,1.849134),
(5711519,1,1850.898,-4103.702,225.9372,1000,2366301,4.990727),
(5711520,1,1850.898,-4103.702,225.9372,1000,2366401,4.990727),
(5711521,1,1850.898,-4103.702,225.9372,1000,2366502,4.990727),
(5711522,1,1850.898,-4103.702,225.9372,1000,2366601,4.990727),
(5711523,1,1741.009,-4118.619,270.9087,1000,2366301,1.553029),
(5711524,1,1741.009,-4118.619,270.9087,1000,2366401,1.553029),
(5711525,1,1741.009,-4118.619,270.9087,1000,2366502,1.553029),
(5711526,1,1741.009,-4118.619,270.9087,1000,2366601,1.553029),
(5711527,1,1741.078,-4114.772,270.7665,1000,2366301,4.799655),
(5711528,1,1741.078,-4114.772,270.7665,1000,2366401,4.799655),
(5711529,1,1741.078,-4114.772,270.7665,1000,2366502,4.799655),
(5711530,1,1741.078,-4114.772,270.7665,1000,2366601,4.799655),
(5711531,1,1883.826,-4065.674,212.5205,1000,2366301,2.148151),
(5711532,1,1883.826,-4065.674,212.5205,1000,2366401,2.148151),
(5711533,1,1883.826,-4065.674,212.5205,1000,2366502,2.148151),
(5711534,1,1883.826,-4065.674,212.5205,1000,2366601,2.148151),
(5711535,1,1881.556,-4062.189,212.4773,1000,2366301,5.289744),
(5711536,1,1881.556,-4062.189,212.4773,1000,2366401,5.289744),
(5711537,1,1881.556,-4062.189,212.4773,1000,2366502,5.289744),
(5711538,1,1881.556,-4062.189,212.4773,1000,2366601,5.289744),
(5711539,1,1899.793,-4089.314,214.2414,1000,2366301,0.3849756),
(5711540,1,1899.793,-4089.314,214.2414,1000,2366401,0.3849756),
(5711541,1,1899.793,-4089.314,214.2414,1000,2366502,0.3849756),
(5711542,1,1899.793,-4089.314,214.2414,1000,2366601,0.3849756),
(5711543,1,1904.014,-4087.604,213.9469,1000,2366301,3.526568),
(5711544,1,1904.014,-4087.604,213.9469,1000,2366401,3.526568),
(5711545,1,1904.014,-4087.604,213.9469,1000,2366502,3.526568),
(5711546,1,1904.014,-4087.604,213.9469,1000,2366601,3.526568),
(5711547,1,1980.459,-4105.223,214.128,1000,2366301,3.649705),
(5711548,1,1980.459,-4105.223,214.128,1000,2366401,3.649705),
(5711549,1,1980.459,-4105.223,214.128,1000,2366502,3.649705),
(5711550,1,1980.459,-4105.223,214.128,1000,2366601,3.649705),
(5711551,1,1977.026,-4107.135,214.371,1000,2366301,0.5081121),
(5711552,1,1977.026,-4107.135,214.371,1000,2366401,0.5081121),
(5711553,1,1977.026,-4107.135,214.371,1000,2366502,0.5081121),
(5711554,1,1977.026,-4107.135,214.371,1000,2366601,0.5081121),
(5711555,1,2019.33,-4151.991,216.7243,1000,2366301,2.704172),
(5711556,1,2019.33,-4151.991,216.7243,1000,2366401,2.704172),
(5711557,1,2019.33,-4151.991,216.7243,1000,2366502,2.704172),
(5711558,1,2019.33,-4151.991,216.7243,1000,2366601,2.704172),
(5711559,1,2015.888,-4150.381,216.7609,1000,2366301,5.845765),
(5711560,1,2015.888,-4150.381,216.7609,1000,2366401,5.845765),
(5711561,1,2015.888,-4150.381,216.7609,1000,2366502,5.845765),
(5711562,1,2015.888,-4150.381,216.7609,1000,2366601,5.845765),
(5711563,1,2008.486,-4214.342,209.4296,1000,2366301,1.291544),
(5711564,1,2008.486,-4214.342,209.4296,1000,2366401,1.291544),
(5711565,1,2008.486,-4214.342,209.4296,1000,2366502,1.291544),
(5711566,1,2008.486,-4214.342,209.4296,1000,2366601,1.291544),
(5711567,1,2009.75,-4210.49,209.43,1000,2366301,4.46804),
(5711568,1,2009.75,-4210.49,209.43,1000,2366401,4.46804),
(5711569,1,2009.75,-4210.49,209.43,1000,2366502,4.46804),
(5711570,1,2009.75,-4210.49,209.43,1000,2366601,4.46804),
(5711571,1,1721.735,-4080.907,269.9704,1000,2366301,5.663137),
(5711572,1,1721.735,-4080.907,269.9704,1000,2366401,5.663137),
(5711573,1,1721.735,-4080.907,269.9704,1000,2366502,5.663137),
(5711574,1,1721.735,-4080.907,269.9704,1000,2366601,5.663137),
(5711575,1,1724.95,-4083.202,270.0606,1000,2366301,2.521544),
(5711576,1,1724.95,-4083.202,270.0606,1000,2366401,2.521544),
(5711577,1,1724.95,-4083.202,270.0606,1000,2366502,2.521544),
(5711578,1,1724.95,-4083.202,270.0606,1000,2366601,2.521544),
(5711579,1,1626.241,-4069.501,266.6838,1000,2366301,1.789505),
(5711580,1,1626.241,-4069.501,266.6838,1000,2366401,1.789505),
(5711581,1,1626.241,-4069.501,266.6838,1000,2366502,1.789505),
(5711582,1,1626.241,-4069.501,266.6838,1000,2366601,1.789505),
(5711583,1,1625.446,-4065.923,265.8284,1000,2366301,4.931098),
(5711584,1,1625.446,-4065.923,265.8284,1000,2366401,4.931098),
(5711585,1,1625.446,-4065.923,265.8284,1000,2366502,4.931098),
(5711586,1,1625.446,-4065.923,265.8284,1000,2366601,4.931098),
(5711587,1,1835.797,-4064.204,223.002,1000,2366301,0.4380742),
(5711588,1,1835.797,-4064.204,223.002,1000,2366401,0.4380742),
(5711589,1,1835.797,-4064.204,223.002,1000,2366502,0.4380742),
(5711590,1,1835.797,-4064.204,223.002,1000,2366601,0.4380742),
(5711591,1,1839.17,-4062.623,222.3133,1000,2366301,3.579667),
(5711592,1,1839.17,-4062.623,222.3133,1000,2366401,3.579667),
(5711593,1,1839.17,-4062.623,222.3133,1000,2366502,3.579667),
(5711594,1,1839.17,-4062.623,222.3133,1000,2366601,3.579667),
(5711595,1,1902.227,-4129.773,215.0745,1000,2366301,5.519782),
(5711596,1,1902.227,-4129.773,215.0745,1000,2366401,5.519782),
(5711597,1,1902.227,-4129.773,215.0745,1000,2366502,5.519782),
(5711598,1,1902.227,-4129.773,215.0745,1000,2366601,5.519782),
(5711599,1,1905.199,-4132.617,215.2057,1000,2366301,2.378189),
(5711600,1,1905.199,-4132.617,215.2057,1000,2366401,2.378189),
(5711601,1,1905.199,-4132.617,215.2057,1000,2366502,2.378189),
(5711602,1,1905.199,-4132.617,215.2057,1000,2366601,2.378189),
(5711603,1,1979.143,-4143.804,216.8537,1000,2366301,0.2869127),
(5711604,1,1979.143,-4143.804,216.8537,1000,2366401,0.2869127),
(5711605,1,1979.143,-4143.804,216.8537,1000,2366502,0.2869127),
(5711606,1,1979.143,-4143.804,216.8537,1000,2366601,0.2869127),
(5711607,1,1982.68,-4142.76,216.9296,1000,2366301,3.428505),
(5711608,1,1982.68,-4142.76,216.9296,1000,2366401,3.428505),
(5711609,1,1982.68,-4142.76,216.9296,1000,2366502,3.428505),
(5711610,1,1982.68,-4142.76,216.9296,1000,2366601,3.428505),
(5711611,1,1938.262,-4225.21,209.5864,1000,2366301,5.56734),
(5711612,1,1938.262,-4225.21,209.5864,1000,2366401,5.56734),
(5711613,1,1938.262,-4225.21,209.5864,1000,2366502,5.56734),
(5711614,1,1938.262,-4225.21,209.5864,1000,2366601,5.56734),
(5711615,1,1941.243,-4227.803,210.0931,1000,2366301,2.425748),
(5711616,1,1941.243,-4227.803,210.0931,1000,2366401,2.425748),
(5711617,1,1941.243,-4227.803,210.0931,1000,2366502,2.425748),
(5711618,1,1941.243,-4227.803,210.0931,1000,2366601,2.425748),
(5711619,1,2005.48,-4071.71,218.1608,1000,2366301,0.9706288),
(5711620,1,2005.48,-4071.71,218.1608,1000,2366401,0.9706288),
(5711621,1,2005.48,-4071.71,218.1608,1000,2366502,0.9706288),
(5711622,1,2005.48,-4071.71,218.1608,1000,2366601,0.9706288),
(5711623,1,2007.955,-4068.093,218.5989,1000,2366301,4.112222),
(5711624,1,2007.955,-4068.093,218.5989,1000,2366401,4.112222),
(5711625,1,2007.955,-4068.093,218.5989,1000,2366502,4.112222),
(5711626,1,2007.955,-4068.093,218.5989,1000,2366601,4.112222),
(5711627,1,1715.657,-4150.159,272.7656,1000,2366301,5.545485),
(5711628,1,1715.657,-4150.159,272.7656,1000,2366401,5.545485),
(5711629,1,1715.657,-4150.159,272.7656,1000,2366502,5.545485),
(5711630,1,1715.657,-4150.159,272.7656,1000,2366601,5.545485),
(5711631,1,1718.819,-4153.032,273.0042,1000,2366301,2.513274),
(5711632,1,1718.819,-4153.032,273.0042,1000,2366401,2.513274),
(5711633,1,1718.819,-4153.032,273.0042,1000,2366502,2.513274),
(5711634,1,1718.819,-4153.032,273.0042,1000,2366601,2.513274),
(5711635,1,1689.78,-4070.417,270.8647,1000,2366301,3.560874),
(5711636,1,1689.78,-4070.417,270.8647,1000,2366401,3.560874),
(5711637,1,1689.78,-4070.417,270.8647,1000,2366502,3.560874),
(5711638,1,1689.78,-4070.417,270.8647,1000,2366601,3.560874),
(5711639,1,1686.373,-4071.936,271.2866,1000,2366301,0.4192808),
(5711640,1,1686.373,-4071.936,271.2866,1000,2366401,0.4192808),
(5711641,1,1686.373,-4071.936,271.2866,1000,2366502,0.4192808),
(5711642,1,1686.373,-4071.936,271.2866,1000,2366601,0.4192808),
(5711643,1,1633.54,-4182.149,273.5407,1000,2366301,3.77211),
(5711644,1,1633.54,-4182.149,273.5407,1000,2366401,3.77211),
(5711645,1,1633.54,-4182.149,273.5407,1000,2366502,3.77211),
(5711646,1,1633.54,-4182.149,273.5407,1000,2366601,3.77211),
(5711647,1,1630.288,-4184.522,273.2512,1000,2366301,0.6305172),
(5711648,1,1630.288,-4184.522,273.2512,1000,2366401,0.6305172),
(5711649,1,1630.288,-4184.522,273.2512,1000,2366502,0.6305172),
(5711650,1,1630.288,-4184.522,273.2512,1000,2366601,0.6305172),
(5711651,1,1877.944,-4120.542,214.7395,1000,2366301,0.6609709),
(5711652,1,1877.944,-4120.542,214.7395,1000,2366401,0.6609709),
(5711653,1,1877.944,-4120.542,214.7395,1000,2366502,0.6609709),
(5711654,1,1877.944,-4120.542,214.7395,1000,2366601,0.6609709),
(5711655,1,1880.633,-4118.451,214.6458,1000,2366301,3.802564),
(5711656,1,1880.633,-4118.451,214.6458,1000,2366401,3.802564),
(5711657,1,1880.633,-4118.451,214.6458,1000,2366502,3.802564),
(5711658,1,1880.633,-4118.451,214.6458,1000,2366601,3.802564),
(5711659,1,1964.592,-4071.603,215.1496,1000,2366301,5.451624),
(5711660,1,1964.592,-4071.603,215.1496,1000,2366401,5.451624),
(5711661,1,1964.592,-4071.603,215.1496,1000,2366502,5.451624),
(5711662,1,1964.592,-4071.603,215.1496,1000,2366601,5.451624),
(5711663,1,1967.281,-4074.553,215.2122,1000,2366301,2.310031),
(5711664,1,1967.281,-4074.553,215.2122,1000,2366401,2.310031),
(5711665,1,1967.281,-4074.553,215.2122,1000,2366502,2.310031),
(5711666,1,1967.281,-4074.553,215.2122,1000,2366601,2.310031),
(5711667,1,1941.719,-4146.763,214.4467,1000,2366301,2.971595),
(5711668,1,1941.719,-4146.763,214.4467,1000,2366401,2.971595),
(5711669,1,1941.719,-4146.763,214.4467,1000,2366502,2.971595),
(5711670,1,1941.719,-4146.763,214.4467,1000,2366601,2.971595),
(5711671,1,1937.913,-4146.109,214.3904,1000,2366301,6.113188),
(5711672,1,1937.913,-4146.109,214.3904,1000,2366401,6.113188),
(5711673,1,1937.913,-4146.109,214.3904,1000,2366502,6.113188),
(5711674,1,1937.913,-4146.109,214.3904,1000,2366601,6.113188),
(5711675,1,1943.957,-4185.292,214.712,1000,2366301,1.689342),
(5711676,1,1943.957,-4185.292,214.712,1000,2366401,1.689342),
(5711677,1,1943.957,-4185.292,214.712,1000,2366502,1.689342),
(5711678,1,1943.957,-4185.292,214.712,1000,2366601,1.689342),
(5711679,1,1943.489,-4181.358,214.8517,1000,2366301,4.830935),
(5711680,1,1943.489,-4181.358,214.8517,1000,2366401,4.830935),
(5711681,1,1943.489,-4181.358,214.8517,1000,2366502,4.830935),
(5711682,1,1943.489,-4181.358,214.8517,1000,2366601,4.830935);
DELETE FROM dbscripts_on_creature_movement WHERE id IN (2366301,2366401,2366502,2366601);
INSERT INTO dbscripts_on_creature_movement (id, delay, command, datalong, datalong2, datalong3, buddy_entry, search_radius, data_flags, dataint, dataint2, dataint3, dataint4, x, y, z, o, comments) VALUES
(2366301,0,35,6,1,0,0,0,0,0,0,0,0,0,0,0,0,'Send Event B'),
(2366301,1,20,0,0,0,0,0,8,0,0,0,0,0,0,0,0,'idle'),
(2366401,0,35,6,1,0,0,0,0,0,0,0,0,0,0,0,0,'Send Event B'),
(2366401,1,20,0,0,0,0,0,8,0,0,0,0,0,0,0,0,'idle'),
(2366502,0,35,6,1,0,0,0,0,0,0,0,0,0,0,0,0,'Send Event B'),
(2366502,1,20,0,0,0,0,0,8,0,0,0,0,0,0,0,0,'idle'),
(2366601,0,35,6,1,0,0,0,0,0,0,0,0,0,0,0,0,'Send Event B'),
(2366601,1,20,0,0,0,0,0,8,0,0,0,0,0,0,0,0,'idle');
-- Part of: Howling Fjord - Winterskorn: Shield-Maiden-Warrior-Raider-Berserker EAI
DELETE FROM dbscript_random_templates WHERE id = 20101; 
INSERT INTO dbscript_random_templates (id, type, target_id, chance, comments) VALUES
(20101,1,20125,0,'Part of: Howling Fjord - Winterskorn: Shield-Maiden-Warrior-Raider-Berserker EAI - Random Scripts'),
(20101,1,20126,0,'Part of: Howling Fjord - Winterskorn: Shield-Maiden-Warrior-Raider-Berserker EAI - Random Scripts'),
(20101,1,20127,0,'Part of: Howling Fjord - Winterskorn: Shield-Maiden-Warrior-Raider-Berserker EAI - Random Scripts'),
(20101,1,20128,0,'Part of: Howling Fjord - Winterskorn: Shield-Maiden-Warrior-Raider-Berserker EAI - Random Scripts'),
(20101,1,20129,0,'Part of: Howling Fjord - Winterskorn: Shield-Maiden-Warrior-Raider-Berserker EAI - Random Scripts'),
(20101,1,20130,0,'Part of: Howling Fjord - Winterskorn: Shield-Maiden-Warrior-Raider-Berserker EAI - Random Scripts'),
(20101,1,20131,0,'Part of: Howling Fjord - Winterskorn: Shield-Maiden-Warrior-Raider-Berserker EAI - Random Scripts'),
(20101,1,20132,0,'Part of: Howling Fjord - Winterskorn: Shield-Maiden-Warrior-Raider-Berserker EAI - Random Scripts');
DELETE FROM dbscripts_on_relay WHERE id BETWEEN 20125 AND 20133;
INSERT INTO dbscripts_on_relay (id, delay, command, datalong, datalong2, datalong3, buddy_entry, search_radius, data_flags, dataint, dataint2, dataint3, dataint4, x, y, z, o, comments) VALUES
(20125,0,15,42880,0,0,0,0,0,0,0,0,0,0,0,0,0,'Part of: Howling Fjord - Winterskorn: Shield-Maiden-Warrior-Raider-Berserker EAI'),
(20126,0,15,42889,0,0,0,0,0,0,0,0,0,0,0,0,0,'Part of: Howling Fjord - Winterskorn: Shield-Maiden-Warrior-Raider-Berserker EAI'),
(20127,0,15,42901,0,0,0,0,0,0,0,0,0,0,0,0,0,'Part of: Howling Fjord - Winterskorn: Shield-Maiden-Warrior-Raider-Berserker EAI'),
(20128,0,15,42903,0,0,0,0,0,0,0,0,0,0,0,0,0,'Part of: Howling Fjord - Winterskorn: Shield-Maiden-Warrior-Raider-Berserker EAI'),
(20129,0,15,42904,0,0,0,0,0,0,0,0,0,0,0,0,0,'Part of: Howling Fjord - Winterskorn: Shield-Maiden-Warrior-Raider-Berserker EAI'),
(20130,0,15,42906,0,0,0,0,0,0,0,0,0,0,0,0,0,'Part of: Howling Fjord - Winterskorn: Shield-Maiden-Warrior-Raider-Berserker EAI'),
(20131,0,15,42907,0,0,0,0,0,0,0,0,0,0,0,0,0,'Part of: Howling Fjord - Winterskorn: Shield-Maiden-Warrior-Raider-Berserker EAI'),
(20132,0,15,42908,0,0,0,0,0,0,0,0,0,0,0,0,0,'Part of: Howling Fjord - Winterskorn: Shield-Maiden-Warrior-Raider-Berserker EAI');

-- POOLS
-- Pool Templates -- Pool 1
DELETE FROM pool_template WHERE entry = 30000;
INSERT INTO pool_template (entry, max_limit, description) VALUES
(30000, 1, 'Howling Fjord - Winterskorn: Shield-Maiden-Warrior-Raider-Berserker - Pool 1');
DELETE FROM pool_creature WHERE pool_entry = 30000;
INSERT INTO pool_creature (guid, pool_entry, chance, description) VALUES
(5711499, 30000, 0, 'Howling Fjord - Winterskorn Shield-Maiden'),
(5711500, 30000, 0, 'Howling Fjord - Winterskorn Warrior'),
(5711501, 30000, 0, 'Howling Fjord - Winterskorn Raider'),
(5711502, 30000, 0, 'Howling Fjord - Winterskorn Berserker');
-- Pool Templates -- Pool 2
DELETE FROM pool_template WHERE entry = 30001;
INSERT INTO pool_template (entry, max_limit, description) VALUES
(30001, 1, 'Howling Fjord - Winterskorn: Shield-Maiden-Warrior-Raider-Berserker - Pool 2');
DELETE FROM pool_creature WHERE pool_entry = 30001;
INSERT INTO pool_creature (guid, pool_entry, chance, description) VALUES
(5711503, 30001, 0, 'Howling Fjord - Winterskorn Shield-Maiden'),
(5711504, 30001, 0, 'Howling Fjord - Winterskorn Warrior'),
(5711505, 30001, 0, 'Howling Fjord - Winterskorn Raider'),
(5711506, 30001, 0, 'Howling Fjord - Winterskorn Berserker');
-- Pool Templates -- Pool 3
DELETE FROM pool_template WHERE entry = 30002;
INSERT INTO pool_template (entry, max_limit, description) VALUES
(30002, 1, 'Howling Fjord - Winterskorn: Shield-Maiden-Warrior-Raider-Berserker - Pool 3');
DELETE FROM pool_creature WHERE pool_entry = 30002;
INSERT INTO pool_creature (guid, pool_entry, chance, description) VALUES
(5711507, 30002, 0, 'Howling Fjord - Winterskorn Shield-Maiden'),
(5711508, 30002, 0, 'Howling Fjord - Winterskorn Warrior'),
(5711509, 30002, 0, 'Howling Fjord - Winterskorn Raider'),
(5711510, 30002, 0, 'Howling Fjord - Winterskorn Berserker');
-- Pool Templates -- Pool 4
DELETE FROM pool_template WHERE entry = 30003;
INSERT INTO pool_template (entry, max_limit, description) VALUES
(30003, 1, 'Howling Fjord - Winterskorn: Shield-Maiden-Warrior-Raider-Berserker - Pool 4');
DELETE FROM pool_creature WHERE pool_entry = 30003;
INSERT INTO pool_creature (guid, pool_entry, chance, description) VALUES
(5711511, 30003, 0, 'Howling Fjord - Winterskorn Shield-Maiden'),
(5711512, 30003, 0, 'Howling Fjord - Winterskorn Warrior'),
(5711513, 30003, 0, 'Howling Fjord - Winterskorn Raider'),
(5711514, 30003, 0, 'Howling Fjord - Winterskorn Berserker');
-- Pool Templates -- Pool 5
DELETE FROM pool_template WHERE entry = 30004;
INSERT INTO pool_template (entry, max_limit, description) VALUES
(30004, 1, 'Howling Fjord - Winterskorn: Shield-Maiden-Warrior-Raider-Berserker - Pool 5');
DELETE FROM pool_creature WHERE pool_entry = 30004;
INSERT INTO pool_creature (guid, pool_entry, chance, description) VALUES
(5711515, 30004, 0, 'Howling Fjord - Winterskorn Shield-Maiden'),
(5711516, 30004, 0, 'Howling Fjord - Winterskorn Warrior'),
(5711517, 30004, 0, 'Howling Fjord - Winterskorn Raider'),
(5711518, 30004, 0, 'Howling Fjord - Winterskorn Berserker');
-- Pool Templates -- Pool 6
DELETE FROM pool_template WHERE entry = 30005;
INSERT INTO pool_template (entry, max_limit, description) VALUES
(30005, 1, 'Howling Fjord - Winterskorn: Shield-Maiden-Warrior-Raider-Berserker - Pool 6');
DELETE FROM pool_creature WHERE pool_entry = 30005;
INSERT INTO pool_creature (guid, pool_entry, chance, description) VALUES
(5711519, 30005, 0, 'Howling Fjord - Winterskorn Shield-Maiden'),
(5711520, 30005, 0, 'Howling Fjord - Winterskorn Warrior'),
(5711521, 30005, 0, 'Howling Fjord - Winterskorn Raider'),
(5711522, 30005, 0, 'Howling Fjord - Winterskorn Berserker');
-- Pool Templates -- Pool 7
DELETE FROM pool_template WHERE entry = 30006;
INSERT INTO pool_template (entry, max_limit, description) VALUES
(30006, 1, 'Howling Fjord - Winterskorn: Shield-Maiden-Warrior-Raider-Berserker - Pool 7');
DELETE FROM pool_creature WHERE pool_entry = 30006;
INSERT INTO pool_creature (guid, pool_entry, chance, description) VALUES
(5711523, 30006, 0, 'Howling Fjord - Winterskorn Shield-Maiden'),
(5711524, 30006, 0, 'Howling Fjord - Winterskorn Warrior'),
(5711525, 30006, 0, 'Howling Fjord - Winterskorn Raider'),
(5711526, 30006, 0, 'Howling Fjord - Winterskorn Berserker');
-- Pool Templates -- Pool 8
DELETE FROM pool_template WHERE entry = 30007;
INSERT INTO pool_template (entry, max_limit, description) VALUES
(30007, 1, 'Howling Fjord - Winterskorn: Shield-Maiden-Warrior-Raider-Berserker - Pool 8');
DELETE FROM pool_creature WHERE pool_entry = 30007;
INSERT INTO pool_creature (guid, pool_entry, chance, description) VALUES
(5711527, 30007, 0, 'Howling Fjord - Winterskorn Shield-Maiden'),
(5711528, 30007, 0, 'Howling Fjord - Winterskorn Warrior'),
(5711529, 30007, 0, 'Howling Fjord - Winterskorn Raider'),
(5711530, 30007, 0, 'Howling Fjord - Winterskorn Berserker');
-- Pool Templates -- Pool 9
DELETE FROM pool_template WHERE entry = 30008;
INSERT INTO pool_template (entry, max_limit, description) VALUES
(30008, 1, 'Howling Fjord - Winterskorn: Shield-Maiden-Warrior-Raider-Berserker - Pool 9');
DELETE FROM pool_creature WHERE pool_entry = 30008;
INSERT INTO pool_creature (guid, pool_entry, chance, description) VALUES
(5711531, 30008, 0, 'Howling Fjord - Winterskorn Shield-Maiden'),
(5711532, 30008, 0, 'Howling Fjord - Winterskorn Warrior'),
(5711533, 30008, 0, 'Howling Fjord - Winterskorn Raider'),
(5711534, 30008, 0, 'Howling Fjord - Winterskorn Berserker');
-- Pool Templates -- Pool 10
DELETE FROM pool_template WHERE entry = 30009;
INSERT INTO pool_template (entry, max_limit, description) VALUES
(30009, 1, 'Howling Fjord - Winterskorn: Shield-Maiden-Warrior-Raider-Berserker - Pool 10');
DELETE FROM pool_creature WHERE pool_entry = 30009;
INSERT INTO pool_creature (guid, pool_entry, chance, description) VALUES
(5711535, 30009, 0, 'Howling Fjord - Winterskorn Shield-Maiden'),
(5711536, 30009, 0, 'Howling Fjord - Winterskorn Warrior'),
(5711537, 30009, 0, 'Howling Fjord - Winterskorn Raider'),
(5711538, 30009, 0, 'Howling Fjord - Winterskorn Berserker');
-- Pool Templates -- Pool 11
DELETE FROM pool_template WHERE entry = 30010;
INSERT INTO pool_template (entry, max_limit, description) VALUES
(30010, 1, 'Howling Fjord - Winterskorn: Shield-Maiden-Warrior-Raider-Berserker - Pool 11');
DELETE FROM pool_creature WHERE pool_entry = 30010;
INSERT INTO pool_creature (guid, pool_entry, chance, description) VALUES
(5711539, 30010, 0, 'Howling Fjord - Winterskorn Shield-Maiden'),
(5711540, 30010, 0, 'Howling Fjord - Winterskorn Warrior'),
(5711541, 30010, 0, 'Howling Fjord - Winterskorn Raider'),
(5711542, 30010, 0, 'Howling Fjord - Winterskorn Berserker');
-- Pool Templates -- Pool 12
DELETE FROM pool_template WHERE entry = 30011;
INSERT INTO pool_template (entry, max_limit, description) VALUES
(30011, 1, 'Howling Fjord - Winterskorn: Shield-Maiden-Warrior-Raider-Berserker - Pool 12');
DELETE FROM pool_creature WHERE pool_entry = 30011;
INSERT INTO pool_creature (guid, pool_entry, chance, description) VALUES
(5711543, 30011, 0, 'Howling Fjord - Winterskorn Shield-Maiden'),
(5711544, 30011, 0, 'Howling Fjord - Winterskorn Warrior'),
(5711545, 30011, 0, 'Howling Fjord - Winterskorn Raider'),
(5711546, 30011, 0, 'Howling Fjord - Winterskorn Berserker');
-- Pool Templates -- Pool 13
DELETE FROM pool_template WHERE entry = 30012;
INSERT INTO pool_template (entry, max_limit, description) VALUES
(30012, 1, 'Howling Fjord - Winterskorn: Shield-Maiden-Warrior-Raider-Berserker - Pool 13');
DELETE FROM pool_creature WHERE pool_entry = 30012;
INSERT INTO pool_creature (guid, pool_entry, chance, description) VALUES
(5711547, 30012, 0, 'Howling Fjord - Winterskorn Shield-Maiden'),
(5711548, 30012, 0, 'Howling Fjord - Winterskorn Warrior'),
(5711549, 30012, 0, 'Howling Fjord - Winterskorn Raider'),
(5711550, 30012, 0, 'Howling Fjord - Winterskorn Berserker');
-- Pool Templates -- Pool 14
DELETE FROM pool_template WHERE entry = 30013;
INSERT INTO pool_template (entry, max_limit, description) VALUES
(30013, 1, 'Howling Fjord - Winterskorn: Shield-Maiden-Warrior-Raider-Berserker - Pool 14');
DELETE FROM pool_creature WHERE pool_entry = 30013;
INSERT INTO pool_creature (guid, pool_entry, chance, description) VALUES
(5711551, 30013, 0, 'Howling Fjord - Winterskorn Shield-Maiden'),
(5711552, 30013, 0, 'Howling Fjord - Winterskorn Warrior'),
(5711553, 30013, 0, 'Howling Fjord - Winterskorn Raider'),
(5711554, 30013, 0, 'Howling Fjord - Winterskorn Berserker');
-- Pool Templates -- Pool 15
DELETE FROM pool_template WHERE entry = 30014;
INSERT INTO pool_template (entry, max_limit, description) VALUES
(30014, 1, 'Howling Fjord - Winterskorn: Shield-Maiden-Warrior-Raider-Berserker - Pool 15');
DELETE FROM pool_creature WHERE pool_entry = 30014;
INSERT INTO pool_creature (guid, pool_entry, chance, description) VALUES
(5711555, 30014, 0, 'Howling Fjord - Winterskorn Shield-Maiden'),
(5711556, 30014, 0, 'Howling Fjord - Winterskorn Warrior'),
(5711557, 30014, 0, 'Howling Fjord - Winterskorn Raider'),
(5711558, 30014, 0, 'Howling Fjord - Winterskorn Berserker');
-- Pool Templates -- Pool 16
DELETE FROM pool_template WHERE entry = 30015;
INSERT INTO pool_template (entry, max_limit, description) VALUES
(30015, 1, 'Howling Fjord - Winterskorn: Shield-Maiden-Warrior-Raider-Berserker - Pool 16');
DELETE FROM pool_creature WHERE pool_entry = 30015;
INSERT INTO pool_creature (guid, pool_entry, chance, description) VALUES
(5711559, 30015, 0, 'Howling Fjord - Winterskorn Shield-Maiden'),
(5711560, 30015, 0, 'Howling Fjord - Winterskorn Warrior'),
(5711561, 30015, 0, 'Howling Fjord - Winterskorn Raider'),
(5711562, 30015, 0, 'Howling Fjord - Winterskorn Berserker');
-- Pool Templates -- Pool 17
DELETE FROM pool_template WHERE entry = 30016;
INSERT INTO pool_template (entry, max_limit, description) VALUES
(30016, 1, 'Howling Fjord - Winterskorn: Shield-Maiden-Warrior-Raider-Berserker - Pool 17');
DELETE FROM pool_creature WHERE pool_entry = 30016;
INSERT INTO pool_creature (guid, pool_entry, chance, description) VALUES
(5711563, 30016, 0, 'Howling Fjord - Winterskorn Shield-Maiden'),
(5711564, 30016, 0, 'Howling Fjord - Winterskorn Warrior'),
(5711565, 30016, 0, 'Howling Fjord - Winterskorn Raider'),
(5711566, 30016, 0, 'Howling Fjord - Winterskorn Berserker');
-- Pool Templates -- Pool 18
DELETE FROM pool_template WHERE entry = 30017;
INSERT INTO pool_template (entry, max_limit, description) VALUES
(30017, 1, 'Howling Fjord - Winterskorn: Shield-Maiden-Warrior-Raider-Berserker - Pool 18');
DELETE FROM pool_creature WHERE pool_entry = 30017;
INSERT INTO pool_creature (guid, pool_entry, chance, description) VALUES
(5711567, 30017, 0, 'Howling Fjord - Winterskorn Shield-Maiden'),
(5711568, 30017, 0, 'Howling Fjord - Winterskorn Warrior'),
(5711569, 30017, 0, 'Howling Fjord - Winterskorn Raider'),
(5711570, 30017, 0, 'Howling Fjord - Winterskorn Berserker');
-- Pool Templates -- Pool 19
DELETE FROM pool_template WHERE entry = 30018;
INSERT INTO pool_template (entry, max_limit, description) VALUES
(30018, 1, 'Howling Fjord - Winterskorn: Shield-Maiden-Warrior-Raider-Berserker - Pool 19');
DELETE FROM pool_creature WHERE pool_entry = 30018;
INSERT INTO pool_creature (guid, pool_entry, chance, description) VALUES
(5711571, 30018, 0, 'Howling Fjord - Winterskorn Shield-Maiden'),
(5711572, 30018, 0, 'Howling Fjord - Winterskorn Warrior'),
(5711573, 30018, 0, 'Howling Fjord - Winterskorn Raider'),
(5711574, 30018, 0, 'Howling Fjord - Winterskorn Berserker');
-- Pool Templates -- Pool 20
DELETE FROM pool_template WHERE entry = 30019;
INSERT INTO pool_template (entry, max_limit, description) VALUES
(30019, 1, 'Howling Fjord - Winterskorn: Shield-Maiden-Warrior-Raider-Berserker - Pool 20');
DELETE FROM pool_creature WHERE pool_entry = 30019;
INSERT INTO pool_creature (guid, pool_entry, chance, description) VALUES
(5711575, 30019, 0, 'Howling Fjord - Winterskorn Shield-Maiden'),
(5711576, 30019, 0, 'Howling Fjord - Winterskorn Warrior'),
(5711577, 30019, 0, 'Howling Fjord - Winterskorn Raider'),
(5711578, 30019, 0, 'Howling Fjord - Winterskorn Berserker');
-- Pool Templates -- Pool 21
DELETE FROM pool_template WHERE entry = 30020;
INSERT INTO pool_template (entry, max_limit, description) VALUES
(30020, 1, 'Howling Fjord - Winterskorn: Shield-Maiden-Warrior-Raider-Berserker - Pool 21');
DELETE FROM pool_creature WHERE pool_entry = 30020;
INSERT INTO pool_creature (guid, pool_entry, chance, description) VALUES
(5711579, 30020, 0, 'Howling Fjord - Winterskorn Shield-Maiden'),
(5711580, 30020, 0, 'Howling Fjord - Winterskorn Warrior'),
(5711581, 30020, 0, 'Howling Fjord - Winterskorn Raider'),
(5711582, 30020, 0, 'Howling Fjord - Winterskorn Berserker');
-- Pool Templates -- Pool 22
DELETE FROM pool_template WHERE entry = 30021;
INSERT INTO pool_template (entry, max_limit, description) VALUES
(30021, 1, 'Howling Fjord - Winterskorn: Shield-Maiden-Warrior-Raider-Berserker - Pool 22');
DELETE FROM pool_creature WHERE pool_entry = 30021;
INSERT INTO pool_creature (guid, pool_entry, chance, description) VALUES
(5711583, 30021, 0, 'Howling Fjord - Winterskorn Shield-Maiden'),
(5711584, 30021, 0, 'Howling Fjord - Winterskorn Warrior'),
(5711585, 30021, 0, 'Howling Fjord - Winterskorn Raider'),
(5711586, 30021, 0, 'Howling Fjord - Winterskorn Berserker');
-- Pool Templates -- Pool 23
DELETE FROM pool_template WHERE entry = 30022;
INSERT INTO pool_template (entry, max_limit, description) VALUES
(30022, 1, 'Howling Fjord - Winterskorn: Shield-Maiden-Warrior-Raider-Berserker - Pool 23');
DELETE FROM pool_creature WHERE pool_entry = 30022;
INSERT INTO pool_creature (guid, pool_entry, chance, description) VALUES
(5711587, 30022, 0, 'Howling Fjord - Winterskorn Shield-Maiden'),
(5711588, 30022, 0, 'Howling Fjord - Winterskorn Warrior'),
(5711589, 30022, 0, 'Howling Fjord - Winterskorn Raider'),
(5711590, 30022, 0, 'Howling Fjord - Winterskorn Berserker');
-- Pool Templates -- Pool 24
DELETE FROM pool_template WHERE entry = 30023;
INSERT INTO pool_template (entry, max_limit, description) VALUES
(30023, 1, 'Howling Fjord - Winterskorn: Shield-Maiden-Warrior-Raider-Berserker - Pool 24');
DELETE FROM pool_creature WHERE pool_entry = 30023;
INSERT INTO pool_creature (guid, pool_entry, chance, description) VALUES
(5711591, 30023, 0, 'Howling Fjord - Winterskorn Shield-Maiden'),
(5711592, 30023, 0, 'Howling Fjord - Winterskorn Warrior'),
(5711593, 30023, 0, 'Howling Fjord - Winterskorn Raider'),
(5711594, 30023, 0, 'Howling Fjord - Winterskorn Berserker');
-- Pool Templates -- Pool 25
DELETE FROM pool_template WHERE entry = 30024;
INSERT INTO pool_template (entry, max_limit, description) VALUES
(30024, 1, 'Howling Fjord - Winterskorn: Shield-Maiden-Warrior-Raider-Berserker - Pool 25');
DELETE FROM pool_creature WHERE pool_entry = 30024;
INSERT INTO pool_creature (guid, pool_entry, chance, description) VALUES
(5711595, 30024, 0, 'Howling Fjord - Winterskorn Shield-Maiden'),
(5711596, 30024, 0, 'Howling Fjord - Winterskorn Warrior'),
(5711597, 30024, 0, 'Howling Fjord - Winterskorn Raider'),
(5711598, 30024, 0, 'Howling Fjord - Winterskorn Berserker');
-- Pool Templates -- Pool 26
DELETE FROM pool_template WHERE entry = 30025;
INSERT INTO pool_template (entry, max_limit, description) VALUES
(30025, 1, 'Howling Fjord - Winterskorn: Shield-Maiden-Warrior-Raider-Berserker - Pool 26');
DELETE FROM pool_creature WHERE pool_entry = 30025;
INSERT INTO pool_creature (guid, pool_entry, chance, description) VALUES
(5711599, 30025, 0, 'Howling Fjord - Winterskorn Shield-Maiden'),
(5711600, 30025, 0, 'Howling Fjord - Winterskorn Warrior'),
(5711601, 30025, 0, 'Howling Fjord - Winterskorn Raider'),
(5711602, 30025, 0, 'Howling Fjord - Winterskorn Berserker');
-- Pool Templates -- Pool 27
DELETE FROM pool_template WHERE entry = 30026;
INSERT INTO pool_template (entry, max_limit, description) VALUES
(30026, 1, 'Howling Fjord - Winterskorn: Shield-Maiden-Warrior-Raider-Berserker - Pool 27');
DELETE FROM pool_creature WHERE pool_entry = 30026;
INSERT INTO pool_creature (guid, pool_entry, chance, description) VALUES
(5711603, 30026, 0, 'Howling Fjord - Winterskorn Shield-Maiden'),
(5711604, 30026, 0, 'Howling Fjord - Winterskorn Warrior'),
(5711605, 30026, 0, 'Howling Fjord - Winterskorn Raider'),
(5711606, 30026, 0, 'Howling Fjord - Winterskorn Berserker');
-- Pool Templates -- Pool 28
DELETE FROM pool_template WHERE entry = 30027;
INSERT INTO pool_template (entry, max_limit, description) VALUES
(30027, 1, 'Howling Fjord - Winterskorn: Shield-Maiden-Warrior-Raider-Berserker - Pool 28');
DELETE FROM pool_creature WHERE pool_entry = 30027;
INSERT INTO pool_creature (guid, pool_entry, chance, description) VALUES
(5711607, 30027, 0, 'Howling Fjord - Winterskorn Shield-Maiden'),
(5711608, 30027, 0, 'Howling Fjord - Winterskorn Warrior'),
(5711609, 30027, 0, 'Howling Fjord - Winterskorn Raider'),
(5711610, 30027, 0, 'Howling Fjord - Winterskorn Berserker');
-- Pool Templates -- Pool 29
DELETE FROM pool_template WHERE entry = 30028;
INSERT INTO pool_template (entry, max_limit, description) VALUES
(30028, 1, 'Howling Fjord - Winterskorn: Shield-Maiden-Warrior-Raider-Berserker - Pool 29');
DELETE FROM pool_creature WHERE pool_entry = 30028;
INSERT INTO pool_creature (guid, pool_entry, chance, description) VALUES
(5711611, 30028, 0, 'Howling Fjord - Winterskorn Shield-Maiden'),
(5711612, 30028, 0, 'Howling Fjord - Winterskorn Warrior'),
(5711613, 30028, 0, 'Howling Fjord - Winterskorn Raider'),
(5711614, 30028, 0, 'Howling Fjord - Winterskorn Berserker');
-- Pool Templates -- Pool 30
DELETE FROM pool_template WHERE entry = 30029;
INSERT INTO pool_template (entry, max_limit, description) VALUES
(30029, 1, 'Howling Fjord - Winterskorn: Shield-Maiden-Warrior-Raider-Berserker - Pool 30');
DELETE FROM pool_creature WHERE pool_entry = 30029;
INSERT INTO pool_creature (guid, pool_entry, chance, description) VALUES
(5711615, 30029, 0, 'Howling Fjord - Winterskorn Shield-Maiden'),
(5711616, 30029, 0, 'Howling Fjord - Winterskorn Warrior'),
(5711617, 30029, 0, 'Howling Fjord - Winterskorn Raider'),
(5711618, 30029, 0, 'Howling Fjord - Winterskorn Berserker');
-- Pool Templates -- Pool 31
DELETE FROM pool_template WHERE entry = 30030;
INSERT INTO pool_template (entry, max_limit, description) VALUES
(30030, 1, 'Howling Fjord - Winterskorn: Shield-Maiden-Warrior-Raider-Berserker - Pool 31');
DELETE FROM pool_creature WHERE pool_entry = 30030;
INSERT INTO pool_creature (guid, pool_entry, chance, description) VALUES
(5711619, 30030, 0, 'Howling Fjord - Winterskorn Shield-Maiden'),
(5711620, 30030, 0, 'Howling Fjord - Winterskorn Warrior'),
(5711621, 30030, 0, 'Howling Fjord - Winterskorn Raider'),
(5711622, 30030, 0, 'Howling Fjord - Winterskorn Berserker');
-- Pool Templates -- Pool 32
DELETE FROM pool_template WHERE entry = 30031;
INSERT INTO pool_template (entry, max_limit, description) VALUES
(30031, 1, 'Howling Fjord - Winterskorn: Shield-Maiden-Warrior-Raider-Berserker - Pool 32');
DELETE FROM pool_creature WHERE pool_entry = 30031;
INSERT INTO pool_creature (guid, pool_entry, chance, description) VALUES
(5711623, 30031, 0, 'Howling Fjord - Winterskorn Shield-Maiden'),
(5711624, 30031, 0, 'Howling Fjord - Winterskorn Warrior'),
(5711625, 30031, 0, 'Howling Fjord - Winterskorn Raider'),
(5711626, 30031, 0, 'Howling Fjord - Winterskorn Berserker');
-- Pool Templates -- Pool 33
DELETE FROM pool_template WHERE entry = 30032;
INSERT INTO pool_template (entry, max_limit, description) VALUES
(30032, 1, 'Howling Fjord - Winterskorn: Shield-Maiden-Warrior-Raider-Berserker - Pool 33');
DELETE FROM pool_creature WHERE pool_entry = 30032;
INSERT INTO pool_creature (guid, pool_entry, chance, description) VALUES
(5711627, 30032, 0, 'Howling Fjord - Winterskorn Shield-Maiden'),
(5711628, 30032, 0, 'Howling Fjord - Winterskorn Warrior'),
(5711629, 30032, 0, 'Howling Fjord - Winterskorn Raider'),
(5711630, 30032, 0, 'Howling Fjord - Winterskorn Berserker');
-- Pool Templates -- Pool 34
DELETE FROM pool_template WHERE entry = 30033;
INSERT INTO pool_template (entry, max_limit, description) VALUES
(30033, 1, 'Howling Fjord - Winterskorn: Shield-Maiden-Warrior-Raider-Berserker - Pool 34');
DELETE FROM pool_creature WHERE pool_entry = 30033;
INSERT INTO pool_creature (guid, pool_entry, chance, description) VALUES
(5711631, 30033, 0, 'Howling Fjord - Winterskorn Shield-Maiden'),
(5711632, 30033, 0, 'Howling Fjord - Winterskorn Warrior'),
(5711633, 30033, 0, 'Howling Fjord - Winterskorn Raider'),
(5711634, 30033, 0, 'Howling Fjord - Winterskorn Berserker');
-- Pool Templates -- Pool 35
DELETE FROM pool_template WHERE entry = 30034;
INSERT INTO pool_template (entry, max_limit, description) VALUES
(30034, 1, 'Howling Fjord - Winterskorn: Shield-Maiden-Warrior-Raider-Berserker - Pool 35');
DELETE FROM pool_creature WHERE pool_entry = 30034;
INSERT INTO pool_creature (guid, pool_entry, chance, description) VALUES
(5711635, 30034, 0, 'Howling Fjord - Winterskorn Shield-Maiden'),
(5711636, 30034, 0, 'Howling Fjord - Winterskorn Warrior'),
(5711637, 30034, 0, 'Howling Fjord - Winterskorn Raider'),
(5711638, 30034, 0, 'Howling Fjord - Winterskorn Berserker');
-- Pool Templates -- Pool 36
DELETE FROM pool_template WHERE entry = 30035;
INSERT INTO pool_template (entry, max_limit, description) VALUES
(30035, 1, 'Howling Fjord - Winterskorn: Shield-Maiden-Warrior-Raider-Berserker - Pool 36');
DELETE FROM pool_creature WHERE pool_entry = 30035;
INSERT INTO pool_creature (guid, pool_entry, chance, description) VALUES
(5711639, 30035, 0, 'Howling Fjord - Winterskorn Shield-Maiden'),
(5711640, 30035, 0, 'Howling Fjord - Winterskorn Warrior'),
(5711641, 30035, 0, 'Howling Fjord - Winterskorn Raider'),
(5711642, 30035, 0, 'Howling Fjord - Winterskorn Berserker');
-- Pool Templates -- Pool 37
DELETE FROM pool_template WHERE entry = 30036;
INSERT INTO pool_template (entry, max_limit, description) VALUES
(30036, 1, 'Howling Fjord - Winterskorn: Shield-Maiden-Warrior-Raider-Berserker - Pool 37');
DELETE FROM pool_creature WHERE pool_entry = 30036;
INSERT INTO pool_creature (guid, pool_entry, chance, description) VALUES
(5711643, 30036, 0, 'Howling Fjord - Winterskorn Shield-Maiden'),
(5711644, 30036, 0, 'Howling Fjord - Winterskorn Warrior'),
(5711645, 30036, 0, 'Howling Fjord - Winterskorn Raider'),
(5711646, 30036, 0, 'Howling Fjord - Winterskorn Berserker');
-- Pool Templates -- Pool 38
DELETE FROM pool_template WHERE entry = 30037;
INSERT INTO pool_template (entry, max_limit, description) VALUES
(30037, 1, 'Howling Fjord - Winterskorn: Shield-Maiden-Warrior-Raider-Berserker - Pool 38');
DELETE FROM pool_creature WHERE pool_entry = 30037;
INSERT INTO pool_creature (guid, pool_entry, chance, description) VALUES
(5711647, 30037, 0, 'Howling Fjord - Winterskorn Shield-Maiden'),
(5711648, 30037, 0, 'Howling Fjord - Winterskorn Warrior'),
(5711649, 30037, 0, 'Howling Fjord - Winterskorn Raider'),
(5711650, 30037, 0, 'Howling Fjord - Winterskorn Berserker');
-- Pool Templates -- Pool 39
DELETE FROM pool_template WHERE entry = 30038;
INSERT INTO pool_template (entry, max_limit, description) VALUES
(30038, 1, 'Howling Fjord - Winterskorn: Shield-Maiden-Warrior-Raider-Berserker - Pool 39');
DELETE FROM pool_creature WHERE pool_entry = 30038;
INSERT INTO pool_creature (guid, pool_entry, chance, description) VALUES
(5711651, 30038, 0, 'Howling Fjord - Winterskorn Shield-Maiden'),
(5711652, 30038, 0, 'Howling Fjord - Winterskorn Warrior'),
(5711653, 30038, 0, 'Howling Fjord - Winterskorn Raider'),
(5711654, 30038, 0, 'Howling Fjord - Winterskorn Berserker');
-- Pool Templates -- Pool 40
DELETE FROM pool_template WHERE entry = 30039;
INSERT INTO pool_template (entry, max_limit, description) VALUES
(30039, 1, 'Howling Fjord - Winterskorn: Shield-Maiden-Warrior-Raider-Berserker - Pool 40');
DELETE FROM pool_creature WHERE pool_entry = 30039;
INSERT INTO pool_creature (guid, pool_entry, chance, description) VALUES
(5711655, 30039, 0, 'Howling Fjord - Winterskorn Shield-Maiden'),
(5711656, 30039, 0, 'Howling Fjord - Winterskorn Warrior'),
(5711657, 30039, 0, 'Howling Fjord - Winterskorn Raider'),
(5711658, 30039, 0, 'Howling Fjord - Winterskorn Berserker');
-- Pool Templates -- Pool 41
DELETE FROM pool_template WHERE entry = 30040;
INSERT INTO pool_template (entry, max_limit, description) VALUES
(30040, 1, 'Howling Fjord - Winterskorn: Shield-Maiden-Warrior-Raider-Berserker - Pool 41');
DELETE FROM pool_creature WHERE pool_entry = 30040;
INSERT INTO pool_creature (guid, pool_entry, chance, description) VALUES
(5711659, 30040, 0, 'Howling Fjord - Winterskorn Shield-Maiden'),
(5711660, 30040, 0, 'Howling Fjord - Winterskorn Warrior'),
(5711661, 30040, 0, 'Howling Fjord - Winterskorn Raider'),
(5711662, 30040, 0, 'Howling Fjord - Winterskorn Berserker');
-- Pool Templates -- Pool 42
DELETE FROM pool_template WHERE entry = 30041;
INSERT INTO pool_template (entry, max_limit, description) VALUES
(30041, 1, 'Howling Fjord - Winterskorn: Shield-Maiden-Warrior-Raider-Berserker - Pool 42');
DELETE FROM pool_creature WHERE pool_entry = 30041;
INSERT INTO pool_creature (guid, pool_entry, chance, description) VALUES
(5711663, 30041, 0, 'Howling Fjord - Winterskorn Shield-Maiden'),
(5711664, 30041, 0, 'Howling Fjord - Winterskorn Warrior'),
(5711665, 30041, 0, 'Howling Fjord - Winterskorn Raider'),
(5711666, 30041, 0, 'Howling Fjord - Winterskorn Berserker');
-- Pool Templates -- Pool 43
DELETE FROM pool_template WHERE entry = 30042;
INSERT INTO pool_template (entry, max_limit, description) VALUES
(30042, 1, 'Howling Fjord - Winterskorn: Shield-Maiden-Warrior-Raider-Berserker - Pool 43');
DELETE FROM pool_creature WHERE pool_entry = 30042;
INSERT INTO pool_creature (guid, pool_entry, chance, description) VALUES
(5711667, 30042, 0, 'Howling Fjord - Winterskorn Shield-Maiden'),
(5711668, 30042, 0, 'Howling Fjord - Winterskorn Warrior'),
(5711669, 30042, 0, 'Howling Fjord - Winterskorn Raider'),
(5711670, 30042, 0, 'Howling Fjord - Winterskorn Berserker');
-- Pool Templates -- Pool 44
DELETE FROM pool_template WHERE entry = 30043;
INSERT INTO pool_template (entry, max_limit, description) VALUES
(30043, 1, 'Howling Fjord - Winterskorn: Shield-Maiden-Warrior-Raider-Berserker - Pool 44');
DELETE FROM pool_creature WHERE pool_entry = 30043;
INSERT INTO pool_creature (guid, pool_entry, chance, description) VALUES
(5711671, 30043, 0, 'Howling Fjord - Winterskorn Shield-Maiden'),
(5711672, 30043, 0, 'Howling Fjord - Winterskorn Warrior'),
(5711673, 30043, 0, 'Howling Fjord - Winterskorn Raider'),
(5711674, 30043, 0, 'Howling Fjord - Winterskorn Berserker');
-- Pool Templates -- Pool 45
DELETE FROM pool_template WHERE entry = 30044;
INSERT INTO pool_template (entry, max_limit, description) VALUES
(30044, 1, 'Howling Fjord - Winterskorn: Shield-Maiden-Warrior-Raider-Berserker - Pool 45');
DELETE FROM pool_creature WHERE pool_entry = 30044;
INSERT INTO pool_creature (guid, pool_entry, chance, description) VALUES
(5711675, 30044, 0, 'Howling Fjord - Winterskorn Shield-Maiden'),
(5711676, 30044, 0, 'Howling Fjord - Winterskorn Warrior'),
(5711677, 30044, 0, 'Howling Fjord - Winterskorn Raider'),
(5711678, 30044, 0, 'Howling Fjord - Winterskorn Berserker');
-- Pool Templates -- Pool 46
DELETE FROM pool_template WHERE entry = 30045;
INSERT INTO pool_template (entry, max_limit, description) VALUES
(30045, 1, 'Howling Fjord - Winterskorn: Shield-Maiden-Warrior-Raider-Berserker - Pool 46');
DELETE FROM pool_creature WHERE pool_entry = 30045;
INSERT INTO pool_creature (guid, pool_entry, chance, description) VALUES
(5711679, 30045, 0, 'Howling Fjord - Winterskorn Shield-Maiden'),
(5711680, 30045, 0, 'Howling Fjord - Winterskorn Warrior'),
(5711681, 30045, 0, 'Howling Fjord - Winterskorn Raider'),
(5711682, 30045, 0, 'Howling Fjord - Winterskorn Berserker');
