-- Auchenai Crypts

-- Cosmetic Raging Soul - missing added - UDB free guids reused
DELETE FROM creature WHERE guid = 44352;
INSERT INTO creature (guid, id, map, spawnMask, phaseMask, position_x, position_y, position_z, orientation, spawntimesecs, curhealth, curmana, spawndist, MovementType) VALUES
(44352, 18778, 558, 3, 1, 141.688, -17.801, 9.30814, 2.129302, 7200, 3785, 2790, 0, 0);
UPDATE creature_template SET InhabitType = 4, UnitFlags = 33554688, ExtraFlags = 2 WHERE entry IN (18778,20304);
-- spell targets
DELETE FROM spell_script_target WHERE entry IN (30662,32930);
INSERT INTO spell_script_target (entry, type, targetEntry) VALUES
(32930,1,18778),
(30662,1,18778);

-- Flying Raging Soul
-- Missing added - UDB free guids reused
UPDATE creature_template SET InhabitType = 4, UnitFlags = 33554688, ExtraFlags = 2 WHERE entry IN (18726,20307);
DELETE FROM creature WHERE guid IN (44353,44354,44355,44356,44374,44375);
INSERT INTO creature (guid, id, map, spawnMask, phaseMask, position_x, position_y, position_z, orientation, spawntimesecs, curhealth, curmana, spawndist, MovementType) VALUES
(44353, 18726, 558, 3, 1, 72.23869, -139.2275, 41.15045, 0.7930897, 7200, 3914, 2846, 0, 2),
(44354, 18726, 558, 3, 1, 25.64213, -339.9637, 45.4259, 4.855016, 7200, 3914, 2846, 0, 2),
(44355, 18726, 558, 3, 1, 147.2713, 46.16996, 24.40821, 3.304033, 7200, 3914, 2846, 0, 2),
(44356, 18726, 558, 3, 1, 148.9696, -195.7763, 26.32425, 3.020732, 7200, 3914, 2846, 0, 2),
(44374, 18726, 558, 3, 1, 228.2336, -154.235, 39.60511, 4.203284, 7200, 3914, 2846, 0, 2),
(44375, 18726, 558, 3, 1, -23.60418, -384.0119, 52.44639, 1.562078, 7200, 3914, 2846, 0, 2);
-- waypoints
DELETE FROM creature_movement WHERE id IN (44353,44354,44355,44356,44374,44375);
INSERT INTO creature_movement (id, point, position_x, position_y, position_z, waittime, script_id, orientation, model1, model2) VALUES
-- #44353
(44353,1,-20.0318,-137.465,43.2731,000,0,6.1988,0,0),
(44353,2,72.2387,-139.227,41.0532,2000,0,0.0098567,0,0),
-- #44354
(44354,1,25.589,-434.98,46.7206,2000,0,4.67513,0,0),
(44354,2,25.6421,-339.964,45.4259,2000,0,1.45108,0,0),
-- #44355
(44355,1,146.815,-46.1878,25.3337,2000,0,2.0794,0,0),
(44355,2,147.271,46.17,24.4082,2000,0,1.29006,0,0),
-- #44356
(44356,1,93.4215,-196.428,32.1182,0,0,0.0294966,0,0),
(44356,2,91.0446,-196.97,29.245,0,0,0.0294966,0,0),
(44356,3,148.97,-195.776,26.3242,0,0,0.0294966,0,0),
-- #44374
(44374,1,228.0246,-154.6508,42.45242,0,0,0,0,0),
(44374,2,225.3313,-160.4796,42.92464,0,0,0,0,0),
(44374,3,226.2643,-167.0521,43.61908,0,0,0,0,0),
(44374,4,228.9986,-171.2268,44.09132,0,0,0,0,0),
(44374,5,234.1654,-174.739,44.61909,0,0,0,0,0),
(44374,6,240.2302,-175.1677,44.75796,0,0,0,0,0),
(44374,7,245.7996,-173.5961,44.83619,0,0,0,0,0),
(44374,8,250.7344,-170.3529,44.89179,0,0,0,0,0),
(44374,9,253.1533,-164.7733,44.44733,0,0,0,0,0),
(44374,10,251.4086,-158.4295,43.8496,0,0,0,0,0),
(44374,11,247.6237,-153.5221,43.16824,0,0,0,0,0),
(44374,12,241.5865,-149.2656,42.47379,0,0,0,0,0),
(44374,13,236.1653,-148.9468,42.22376,0,0,0,0,0),
(44374,14,231.1449,-151.0212,42.19597,0,0,0,0,0),
-- #44375
(44375,1,-22.8491,-341.315,52.3623,2000,0,4.63425,0,0),
(44375,2,-22.9796,-434.141,52.2505,2000,0,1.60654,0,0);

-- Phasing Stalker 
-- Missing added - UDB free guids reused
DELETE FROM creature WHERE guid IN (44376,44377,44378,44415,44416);
INSERT INTO creature (guid, id, map, spawnMask, phaseMask, position_x, position_y, position_z, orientation, spawntimesecs, curhealth, curmana, spawndist, MovementType) VALUES
(44376, 18559, 558, 3, 1, 60.7609, 14.71426, 3.013803, 4.572762, 120, 4892, 8538, 0, 2),
(44377, 18559, 558, 3, 1, 108.4743, -168.0823, 14.76628, 4.031711, 120, 4892, 8538, 0, 2),
(44378, 18559, 558, 3, 1, 252.8566, -143.3315, 31.52239, 3.944444, 120, 4892, 8538, 0, 2),
(44415, 18559, 558, 3, 1, 244.7959, -108.7978, 26.6746, 5.410521, 120, 4892, 8538, 0, 2),
(44416, 18559, 558, 3, 1, -133.7521, -394.2897, 26.58947, 5.358066, 120, 4892, 8538, 0, 2);
DELETE FROM dbscripts_on_creature_movement WHERE id = 1855901;
INSERT INTO dbscripts_on_creature_movement (id, delay, command, datalong, datalong2, buddy_entry, search_radius, data_flags, dataint, dataint2, dataint3, dataint4, x, y, z, o, comments) VALUES
(1855901,1,15,33422,0,0,0,0,0,0,0,0,0,0,0,0,''),
(1855901,4,14,33422,0,0,0,0,0,0,0,0,0,0,0,0,'');
-- waypoints
DELETE FROM creature_movement WHERE id IN (44376,44377,44378,44415,44416);
INSERT INTO creature_movement (id, point, position_x, position_y, position_z, waittime, script_id, orientation, model1, model2) VALUES
-- #44376
(44376,1,60.7609, 14.71426, 3.013803,4000,1855901,4.572762,0,0),
(44376,2,60.93705,-19.73963,2.797255,2000,1,4.91534,0,0),
-- #44377
(44377,1,108.4743,-168.0823,14.76628,4000,1855901,4.031711,0,0),
(44377,2,93.5499,-166.973,15.2408,0,0,0,0,0),
(44377,3,87.3811,-167.817,15.2925,0,0,0,0,0),
(44377,4,83.1063,-169.717,15.299,0,0,0,0,0),
(44377,5,80.6213,-173.26,15.3327,2000,1,0,0,0),
-- #44415
(44415,1,244.7959,-108.7978,26.6746,4000,1855901,5.410521,0,0),
(44415,2,244.18,-83.3991,26.5913,0,0,0,0,0),
(44415,3,244.243,-61.4379,26.5913,2000,1,1.7439,0,0),
-- #44378
(44378,1,252.8566,-143.3315,31.52239,4000,1855901,3.944444,0,0),
(44378,2,239.474,-140.565,26.592,0,0,0,0,0),
(44378,3,232.99,-142.095,26.5913,0,0,0,0,0),
(44378,4,226.853,-145.607,26.5924,0,0,0,0,0),
(44378,5,223.005,-149.411,26.5913,0,0,0,0,0),
(44378,6,219.412,-156.105,26.5913,0,0,0,0,0),
(44378,7,218.315,-163.06,26.5913,0,0,0,0,0),
(44378,8,219.385,-170.84,26.5913,0,0,0,0,0),
(44378,9,222.656,-177.147,26.5913,0,0,0,0,0),
(44378,10,229.725,-182.67,26.5913,0,0,0,0,0),
(44378,11,233.935,-186.756,26.5913,0,0,0,0,0),
(44378,12,235.006,-191.854,26.5913,2000,1,0,0,0),
-- #44416
(44416,1,-133.7521,-394.2897,26.58947,4000,1855901,3.944444,0,0),
(44416,2,-149.727,-393.6,26.5896,0,0,0,0,0),
(44416,3,-151.597,-388.018,26.5896,0,0,0,0,0),
(44416,4,-151.722,-368.615,26.5891,2000,1,0,0,0);

-- Phasing Soldier
-- Missing added - UDB free guids reused
DELETE FROM creature WHERE guid IN (44422,56027,56029,56030);
INSERT INTO creature (guid, id, map, spawnMask, phaseMask, position_x, position_y, position_z, orientation, spawntimesecs, curhealth, curmana, spawndist, MovementType) VALUES
(44422, 18556, 558, 3, 1, 126.1766, 27.94813, -0.04512966, 5.288348, 60, 6116, 0, 0, 2),
(56027, 18556, 558, 3, 1, 170.2127, -18.67884, 1.893939, 6.126106, 60, 6116, 0, 0, 2),
(56029, 18556, 558, 3, 1, 234.8801, -118.7665, 26.67463, 0.6283185, 60, 6116, 0, 0, 2),
(56030, 18556, 558, 3, 1, 254.0859, 16.28111, 1.211097, 3.996804, 60, 6116, 0, 0, 2);
DELETE FROM dbscripts_on_creature_movement WHERE id = 1855601;
INSERT INTO dbscripts_on_creature_movement (id, delay, command, datalong, datalong2, buddy_entry, search_radius, data_flags, dataint, dataint2, dataint3, dataint4, x, y, z, o, comments) VALUES
(1855601,1,15,33422,0,0,0,0,0,0,0,0,0,0,0,0,''),
(1855601,4,14,33422,0,0,0,0,0,0,0,0,0,0,0,0,'');
-- waypoints
DELETE FROM creature_movement WHERE id IN (44422,56027,56029,56030);
INSERT INTO creature_movement (id, point, position_x, position_y, position_z, waittime, script_id, orientation, model1, model2) VALUES
-- #44422
(44422,1,126.1766,27.94813,-0.04512966,4000,1855601,5.288348,0,0),
(44422,2,130.413,14.816,-0.128968,0,0,4.73591,0,0),
(44422,3,133.132,0.717417,-0.128914,0,0,5.1286,0,0),
(44422,4,143.315,-5.41157,1.58459,0,0,5.92184,0,0),
(44422,5,158.808,-6.77153,1.31353,0,0,5.84487,0,0),
(44422,6,163.114,-11.3245,1.29405,0,0,5.18357,0,0),
(44422,7,166.81,-15.4839,2.5976,2000,1,5.37599,0,0),
-- #56027
(56027,1,170.2127,-18.67884,1.893939,4000,1855601,6.126106,0,0),
(56027,2,184.873,-19.2238,-0.123683,0,0,0.673793,0,0),
(56027,3,192.66,-5.28754,-0.120491,0,0,1.47881,0,0),
(56027,4,193.01,4.14019,-0.120491,0,0,1.76234,0,0),
(56027,5,190.2,11.8762,-0.121558,0,0,1.31317,0,0),
(56027,6,191.501,15.6137,2.23181,2000,1,1.85266,0,0),
-- #56029
(56029,1,234.8801,-118.7665,26.67463,4000,1855601,0.6283185,0,0),
(56029,2,234.39,-90.9739,26.5913,0,0,1.40655,0,0),
(56029,3,235.578,-85.3769,26.5913,0,0,1.70814,0,0),
(56029,4,232.895,-74.7759,26.5913,2000,1,1.64609,0,0),
-- #56030
(56030,1,254.0859,16.28111,1.211097,4000,1855601,3.996804,0,0),
(56030,2,248.956,13.8873,-0.0516049,0,0,4.57014,0,0),
(56030,3,247.572,-5.56347,-0.05535,0,0,4.1853,0,0),
(56030,4,240.99,-13.6141,-0.0627278,0,0,4.28347,0,0),
(56030,5,239.211,-17.6737,-0.0641297,0,0,4.53873,0,0),
(56030,6,241.667,-27.1563,-0.0669469,0,0,5.4537,0,0),
(56030,7,244.899,-29.4505,2.24718,2000,1,5.77571,0,0);

-- Phasing Cleric
-- Missing added - UDB free guids reused
DELETE FROM creature WHERE guid IN (56031,56033,56034,56035);
INSERT INTO creature (guid, id, map, spawnMask, phaseMask, position_x, position_y, position_z, orientation, spawntimesecs, curhealth, curmana, spawndist, MovementType) VALUES
(56031, 18557, 558, 3, 1, 103.5104, -31.66116, 2.187038, 1.361357, 90, 4892, 8370, 0, 2), 
(56033, 18557, 558, 3, 1, -138.9091, -205.6192, 26.67431, 2.75762, 90, 4892, 8370, 0, 2),
(56034, 18557, 558, 3, 1, 186.351, -184.6046, 26.61729, 1.586355, 90, 4892, 8370, 0, 2), 
(56035, 18557, 558, 3, 1, 265.7227, -167.3999, 26.67464, 3.647738, 90, 4892, 8370, 0, 2);
DELETE FROM dbscripts_on_creature_movement WHERE id = 1855701;
INSERT INTO dbscripts_on_creature_movement (id, delay, command, datalong, datalong2, buddy_entry, search_radius, data_flags, dataint, dataint2, dataint3, dataint4, x, y, z, o, comments) VALUES
(1855701,1,15,33422,0,0,0,0,0,0,0,0,0,0,0,0,''),
(1855701,4,14,33422,0,0,0,0,0,0,0,0,0,0,0,0,'');
-- waypoints
DELETE FROM creature_movement WHERE id IN (56031,56033,56034,56035);
INSERT INTO creature_movement (id, point, position_x, position_y, position_z, waittime, script_id, orientation, model1, model2) VALUES
-- #56031
(56031,1,103.5104,-31.66116,2.187038,4000,1855701,1.361357,0,0),
(56031,2,104.433,-26.1661,-0.0697232,0,0,1.6325,0,0),
(56031,3,102.222,-12.2622,0.17732,0,0,1.4675,0,0),
(56031,4,105.19,-1.24617,-0.0426896,0,0,1.56018,0,0),
(56031,5,104.13,9.48964,0.251931,0,0,1.71947,0,0),
(56031,6,103.15,15.0193,-0.0717281,0,0,1.56396,0,0),
(56031,7,106.842,21.3685,0.224192,0,0,0.659183,0,0),
(56031,8,112.74,22.792,-0.0508767,2000,1,0.164383,0,0),
-- #56033
(56033,1,-138.9091,-205.6192,26.67431,4000,1855701,2.75762,0,0),
(56033,2,-140.285,-181.608,26.5911,0,0,1.47598,0,0),
(56033,3,-138.759,-174.98,26.5916,0,0,1.22465,0,0),
(56033,4,-136.741,-171.113,26.5926,0,0,0.732993,0,0),
(56033,5,-133.77,-169.383,26.591,0,0,0.248402,0,0),
(56033,6,-129.733,-169.142,26.5893,2000,1,0.223269,0,0),
-- #56034
(56034,1,186.351,-184.6046,26.61729,4000,1855701,1.586355,0,0),
(56034,2,186.827,-139.192,26.5154,2000,1,2.37055,0,0),
-- #56035
(56035,1,265.7227,-167.3999,26.67464,4000,1855701,3.647738,0,0),
(56035,2,255.79,-172.018,26.5913,0,0,3.93556,0,0),
(56035,3,248.786,-179.103,29.9438,0,0,3.71048,0,0),
(56035,4,242.514,-182.389,28.7502,0,0,3.35077,0,0),
(56035,5,237.058,-182.979,26.5913,0,0,3.06253,0,0),
(56035,6,231.523,-180.122,26.5913,0,0,3.28951,0,0),
(56035,7,227.297,-181.833,26.5913,0,0,3.6987,0,0),
(56035,8,222.569,-185.367,26.5913,2000,1,3.92565,0,0);

-- Phasing Sorcerer
-- Missing added - UDB free guids reused
DELETE FROM creature WHERE guid IN (56036,56038,56045,56047,56048,56050,56051);
INSERT INTO creature (guid, id, map, spawnMask, phaseMask, position_x, position_y, position_z, orientation, spawntimesecs, curhealth, curmana, spawndist, MovementType) VALUES
(56036, 18558, 558, 3, 1, 235.8882, 37.07132, 26.68999, 6.230825, 180, 4731, 8538, 0, 2),
(56038, 18558, 558, 3, 1, 127.6753, -9.820141, 0.9926163, 4.747295, 180, 4731, 8538, 0, 2),
(56045, 18558, 558, 3, 1, -150.5842, -157.2742, 26.67392, 2.111848, 180, 4731, 8538, 0, 2),
(56047, 18558, 558, 3, 1, 63.40744, -175.2639, 15.4378, 6.143559, 180, 4731, 8538, 0, 2),
(56048, 18558, 558, 3, 1, 163.4202, -22.14446, 3.989299, 3.508112, 180, 4731, 8538, 0, 2),
(56050, 18558, 558, 3, 1, 219.379, 0.330607, 28.41068, 3.909538, 180, 4731, 8538, 0, 2),
(56051, 18558, 558, 3, 1, 182.6577, -140.5554, 26.481, 2.251475, 180, 4731, 8538, 0, 2);
DELETE FROM dbscripts_on_creature_movement WHERE id = 1855801;
INSERT INTO dbscripts_on_creature_movement (id, delay, command, datalong, datalong2, buddy_entry, search_radius, data_flags, dataint, dataint2, dataint3, dataint4, x, y, z, o, comments) VALUES
(1855801,1,15,33422,0,0,0,0,0,0,0,0,0,0,0,0,''),
(1855801,4,14,33422,0,0,0,0,0,0,0,0,0,0,0,0,'');
-- waypoints
DELETE FROM creature_movement WHERE id IN (56036,56038,56045,56047,56048,56050,56051);
INSERT INTO creature_movement (id, point, position_x, position_y, position_z, waittime, script_id, orientation, model1, model2) VALUES
-- #56036
(56036,1,235.8882,37.07132,26.68999,4000,1855801,6.230825,0,0),
(56036,2,239.259,37.7349,26.6029,0,0,0.0645036,0,0),
(56036,3,256.93,38.6263,13.3965,0,0,0.0095253,0,0),
(56036,4,269.565,37.909,13.4,0,0,5.97698,0,0),
(56036,5,272.876,36.4516,13.4071,0,0,5.51203,0,0),
(56036,6,274.621,31.0997,13.4011,0,0,4.88842,0,0),
(56036,7,274.341,20.9334,13.395,0,0,4.73348,0,0),
(56036,8,274.476,2.9775,-0.0701511,2000,1,4.74526,0,0),
-- #56038
(56038,1,127.6753,-9.820141,0.9926163,4000,1855801,4.747295,0,0),
(56038,2,129.718,-18.8049,5.70304,0,0,4.75462,0,0),
(56038,3,130.379,-25.2794,8.45543,0,0,5.11433,0,0),
(56038,4,133.553,-30.3262,11.2518,0,0,5.57378,0,0),
(56038,5,139.812,-33.5707,13.4815,0,0,5.96333,0,0),
(56038,6,162.159,-39.9172,12.2277,2000,1,5.94841,0,0),
-- #56045
(56045,1,-150.5842,-157.2742,26.67392,4000,1855801,2.111848,0,0),
(56045,2,-149.429,-185.735,26.5896,0,0,4.56091,0,0),
(56045,3,-150.932,-204.497,26.5896,2000,1,4.51771,0,0),
-- #56047
(56047,1,63.40744,-175.2639,15.4378,4000,1855801,6.143559,0,0),
(56047,2,64.7937,-157.134,15.3266,0,0,1.75359,0,0),
(56047,3,63.5111,-153.674,15.2878,0,0,2.37484,0,0),
(56047,4,60.752,-151.984,15.3325,0,0,2.9953,0,0),
(56047,5,58.266,-151.812,15.3223,0,0,3.70452,0,0),
(56047,6,54.7178,-154.831,15.2635,0,0,3.49953,0,0),
(56047,7,37.6081,-157.491,14.737,0,0,3.13589,0,0),
(56047,8,33.8367,-155.836,14.4978,2000,1,2.64423,0,0),
-- #56048
(56048,1,163.4202,-22.14446,3.989299,4000,1855801,3.508112,0,0),
(56048,2,161.65,-24.0089,3.37202,0,0,3.68489,0,0),
(56048,3,155.926,-27.0396,7.4329,0,0,3.21914,0,0),
(56048,4,148.549,-26.228,9.19468,0,0,3.24506,0,0),
(56048,5,132.089,-33.6267,12.8042,0,0,3.71394,0,0),
(56048,6,126.817,-37.1354,12.2635,2000,1,3.73358,0,0),

-- #56050
(56050,1,219.379,0.330607,28.41068,4000,1855801,3.909538,0,0),
(56050,2,214.701,-6.09303,27.1319,0,0,4.23051,0,0),
(56050,3,212.107,-14.6145,27.3325,0,0,4.67976,0,0),
(56050,4,212.901,-23.2855,26.8425,0,0,5.13371,0,0),
(56050,5,216.698,-27.9429,26.5917,0,0,5.67642,0,0),
(56050,6,224.025,-30.2683,27.3426,0,0,0.171554,0,0),
(56050,7,251.498,-29.3868,26.6004,0,0,6.11557,0,0),
(56050,8,274.178,-32.1791,26.5917,2000,1,6.2216,0,0),
-- #56051
(56051,1,182.6577,-140.5554,26.481,4000,1855801,2.251475,0,0),
(56051,2,180.946,-148.912,26.3075,0,0,4.15175,0,0),
(56051,3,173.12,-151.982,26.3432,0,0,3.34908,0,0),
(56051,4,161.632,-153.271,25.9648,0,0,3.1221,0,0),
(56051,5,145.97,-152.706,13.7712,2000,1,3.13306,0,0);

-- Auchenai Monk
-- emote shouldnt be for all.
UPDATE creature_template_addon SET bytes1 = 0, emote = 0 WHERE entry = 18497;
DELETE FROM creature_addon WHERE guid IN (83389,83390,83391,83392,83394,83395,83404,83406,83407,83408,83409);
INSERT INTO creature_addon (guid, mount, bytes1, b2_0_sheath, b2_1_pvp_state, emote, moveflags, auras) VALUES 
(83389,0,8,1,0,0,0,NULL),
(83390,0,0,1,0,0,0,NULL),
(83391,0,0,1,0,0,0,NULL),
(83392,0,0,1,0,0,0,NULL),
(83394,0,0,1,0,375,0,NULL),
(83395,0,8,1,0,0,0,NULL),
(83404,0,0,1,0,0,0,NULL),
(83406,0,0,1,0,0,0,NULL),
(83407,0,8,1,0,0,0,NULL),
(83408,0,8,1,0,0,0,NULL),
(83409,0,0,1,0,375,0,NULL);
DELETE FROM dbscripts_on_creature_movement WHERE id = 1849701;
INSERT INTO dbscripts_on_creature_movement (id, delay, command, datalong, datalong2, buddy_entry, search_radius, data_flags, dataint, dataint2, dataint3, dataint4, x, y, z, o, comments) VALUES
(1849701,2,28,8,0,0,0,0,0,0,0,0,0,0,0,0,'STATE_KNEEL'),
(1849701,8,28,0,0,0,0,0,0,0,0,0,0,0,0,0,'STATE_STAND');
-- #83390
UPDATE creature SET position_x = 125.4166, position_y = -3.267882, position_z = 0.2067913, orientation = 2.443461, MovementType = 2, spawndist = 0 WHERE guid = 83390;
DELETE FROM creature_movement WHERE id = 83390;
INSERT INTO creature_movement (id, point, position_x, position_y, position_z, waittime, script_id, orientation, model1, model2) VALUES
(83390,1,141.006,2.68584,-0.128801,0,0,0,0,0),
(83390,2,159.988,3.10692,-0.127278,0,0,0,0,0),
(83390,3,164.698,7.8893,-0.12723,0,0,0,0,0),
(83390,4,164.759,26.825,-0.0149954,0,0,0,0,0),
(83390,5,159.95,30.5454,-0.107823,0,0,0,0,0),
(83390,6,154.02,33.0068,-0.0870224,0,0,0,0,0),
(83390,7,153.852,38.8914,4.25014,10000,1849701,1.58277,0,0),
(83390,8,150.685,32.9604,-0.0868603,0,0,0,0,0),
(83390,9,132.422,30.3528,-0.107012,0,0,0,0,0),
(83390,10,129.487,24.9777,-0.127918,0,0,0,0,0),
(83390,11,129.114,-2.94603,0.100162,0,0,0,0,0),
(83390,12,125.4166,-3.267882,0.2067913,10000,1849701,2.443461,0,0);
-- #83394
UPDATE creature SET position_x = -127.4433, position_y = -159.4812, position_z = 26.589, orientation = 6.056293, MovementType = 0, spawndist = 0 WHERE guid = 83394;
-- #83404
UPDATE creature SET MovementType = 2, spawndist = 0 WHERE guid = 83404;
DELETE FROM creature_movement WHERE id = 83404;
INSERT INTO creature_movement (id, point, position_x, position_y, position_z, waittime, script_id, orientation, model1, model2) VALUES
(83404,1,223.202,16.427,-0.0725319,9000,0,3.08626,0,0),
(83404,2,237.233,16.056,-0.0609689,9000,0,6.27105,0,0);
-- #83406
UPDATE creature SET MovementType = 0, spawndist = 0 WHERE guid = 83406;
DELETE FROM creature_movement WHERE id = 83406;
DELETE FROM creature_linking WHERE guid = 83406;
INSERT INTO creature_linking (guid, master_guid, flag) VALUES
(83406, 83386, 515); -- must be linked
-- #83391
UPDATE creature SET MovementType = 0, spawndist = 0 WHERE guid = 83391;
DELETE FROM creature_movement WHERE id = 83391;
DELETE FROM creature_linking WHERE guid = 83391;
INSERT INTO creature_linking (guid, master_guid, flag) VALUES
(83391, 83372, 515); -- must be linked
-- #83392
UPDATE creature SET id = 18495, equipment_id = 0, curhealth = 13720, curmana = 8370 WHERE guid = 83392;
UPDATE creature SET MovementType = 0, spawndist = 0 WHERE guid IN (83378,83385);
DELETE FROM creature_movement WHERE id IN (83378,83385);
DELETE FROM creature_linking WHERE guid IN (83378,83385);
INSERT INTO creature_linking (guid, master_guid, flag) VALUES
(83378, 83392, 515),
(83385, 83392, 515);