-- Classic [1147]
-- Master Elemental Shaper Krixix
DELETE FROM creature_template_spells WHERE entry = 14401;
INSERT INTO creature_template_spells (entry, spell1, spell2, spell3, spell4) VALUES
(14401, 22968, 0, 0, 0); 

-- Classic [1146]
-- Kurmokk
DELETE FROM creature WHERE guid BETWEEN 134210 AND 134219;
DELETE FROM pool_creature_template WHERE id = 14491;
DELETE FROM pool_template WHERE entry = 1120;

UPDATE creature_template SET ModelId1 = 3188, FactionAlliance = 72, FactionHorde = 72, Scale = 0, UnitFlags = 64, DamageMultiplier = 1.25, MinMeleeDmg = 62.4, MaxMeleeDmg = 82.7, MeleeAttackPower = 152, RangedAttackPower = 15, MeleeBaseAttackTime = 2000, MovementType = 2 WHERE Entry = 14491;
UPDATE creature SET modelid = 0, position_x = -13769.472, position_y = -210.8100, position_z = 28.15880, orientation = 1.6824140, MovementType = 2 WHERE guid = 49126;
DELETE FROM creature_movement WHERE id = (SELECT guid FROM creature WHERE id = 14491);
DELETE FROM creature_movement_template WHERE entry = 14491;
INSERT INTO creature_movement_template (entry, point, position_x, position_y, position_z, waittime, script_id, orientation, model1, model2) VALUES
(14491, 1, -13771.36, -194.1479, 23.58299, 0, 0, 100, 0, 0),
(14491, 2, -13800.65, -171.2549, 16.75194, 0, 0, 100, 0, 0),
(14491, 3, -13825.32, -138.9485, 17.06193, 0, 0, 100, 0, 0),
(14491, 4, -13839.20, -104.7389, 15.74479, 0, 0, 100, 0, 0),
(14491, 5, -13854.54, -89.10059, 16.51101, 0, 0, 100, 0, 0),
(14491, 6, -13880.08, -68.98720, 22.91978, 0, 0, 100, 0, 0),
(14491, 7, -13884.61, -54.92849, 27.63699, 0, 0, 100, 0, 0),
(14491, 8, -13903.91, -29.40885, 29.51131, 0, 0, 100, 0, 0),
(14491, 9, -13907.90, -7.800998, 27.44344, 0, 0, 100, 0, 0),
(14491, 10, -13917.54, 25.832030, 15.02404, 0, 0, 100, 0, 0),
(14491, 11, -13918.52, 50.220270, 15.45375, 0, 0, 100, 0, 0),
(14491, 12, -13935.58, 86.903320, 15.89105, 0, 0, 100, 0, 0),
(14491, 13, -13958.01, 96.246320, 15.29974, 0, 0, 100, 0, 0),
(14491, 14, -13977.52, 107.88300, 13.94238, 0, 0, 100, 0, 0),
(14491, 15, -13996.92, 126.20390, 14.47534, 0, 0, 100, 0, 0),
(14491, 16, -14008.00, 152.99420, 13.52247, 0, 0, 100, 0, 0),
(14491, 17, -14009.72, 182.66020, 13.35314, 0, 0, 100, 0, 0),
(14491, 18, -14022.42, 197.13040, 13.20641, 0, 0, 100, 0, 0),
(14491, 19, -14057.04, 213.87030, 13.23114, 0, 0, 100, 0, 0),
(14491, 20, -14022.42, 197.13040, 13.20641, 0, 0, 100, 0, 0),
(14491, 21, -14009.72, 182.66020, 13.35314, 0, 0, 100, 0, 0),
(14491, 22, -14008.00, 152.99420, 13.52247, 0, 0, 100, 0, 0),
(14491, 23, -13996.92, 126.20390, 14.47534, 0, 0, 100, 0, 0),
(14491, 24, -13977.52, 107.88300, 13.94238, 0, 0, 100, 0, 0),
(14491, 25, -13958.01, 96.246320, 15.29974, 0, 0, 100, 0, 0),
(14491, 26, -13935.58, 86.903320, 15.89105, 0, 0, 100, 0, 0),
(14491, 27, -13918.52, 50.220270, 15.45375, 0, 0, 100, 0, 0),
(14491, 28, -13917.63, 26.220700, 14.77404, 0, 0, 100, 0, 0),
(14491, 29, -13907.90, -7.800998, 27.44344, 0, 0, 100, 0, 0),
(14491, 30, -13903.91, -29.40885, 29.51131, 0, 0, 100, 0, 0),
(14491, 31, -13884.61, -54.92849, 27.63699, 0, 0, 100, 0, 0),
(14491, 32, -13880.08, -68.98720, 22.91978, 0, 0, 100, 0, 0),
(14491, 33, -13854.54, -89.10059, 16.51101, 0, 0, 100, 0, 0),
(14491, 34, -13839.20, -104.7389, 15.74479, 0, 0, 100, 0, 0),
(14491, 35, -13825.32, -138.9485, 17.06193, 0, 0, 100, 0, 0),
(14491, 36, -13800.65, -171.2549, 16.75194, 0, 0, 100, 0, 0),
(14491, 37, -13771.36, -194.1479, 23.58299, 0, 0, 100, 0, 0),
(14491, 38, -13768.64, -210.9160, 28.39240, 0, 0, 100, 0, 0);

-- Classic [1144]
-- Sister Rathtalon
UPDATE creature_template SET SpeedWalk = 1.388888, Rank = 2, DamageMultiplier = 1.7, MinMeleeDmg = 25.8, MaxMeleeDmg = 34.4, MinRangedDmg = 0, MaxRangedDmg = 0, MeleeAttackPower = 60, RangedAttackPower = 3, MeleeBaseAttackTime = 2000, MovementType = 2  WHERE Entry = 5830;
UPDATE creature SET modelid = 0, position_x = 578.5403, position_y = -1335.659, position_z = 92.83743, spawndist = 0, MovementType = 2 WHERE id = 5830;
DELETE FROM creature_movement WHERE id = (SELECT guid FROM creature WHERE id = 5830);
DELETE FROM creature_movement_template WHERE entry = 5830;
INSERT INTO creature_movement_template (entry, point, position_x, position_y, position_z, waittime, script_id, orientation, model1, model2) VALUES
(5830, 1, 591.0984, -1326.512, 92.29165, 0, 0, 100, 0, 0),
(5830, 2, 605.8834, -1321.843, 91.79165, 0, 0, 100, 0, 0),
(5830, 3, 624.9481, -1316.583, 91.79165, 0, 0, 100, 0, 0),
(5830, 4, 643.6866, -1307.641, 91.79163, 0, 0, 100, 0, 0),
(5830, 5, 668.6307, -1300.918, 91.79163, 0, 0, 100, 0, 0),
(5830, 6, 692.3193, -1303.288, 91.79163, 0, 0, 100, 0, 0),
(5830, 7, 718.7735, -1311.100, 91.85694, 0, 0, 100, 0, 0),
(5830, 8, 742.3602, -1321.819, 92.64588, 0, 0, 100, 0, 0),
(5830, 9, 754.9189, -1329.235, 91.79163, 0, 0, 100, 0, 0),
(5830, 10, 761.7515, -1348.345, 91.72881, 0, 0, 100, 0, 0),
(5830, 11, 758.3610, -1361.865, 91.72881, 0, 0, 100, 0, 0),
(5830, 12, 746.0123, -1375.537, 91.79163, 0, 0, 100, 0, 0),
(5830, 13, 722.1871, -1385.720, 91.79163, 0, 0, 100, 0, 0),
(5830, 14, 699.2408, -1382.385, 91.79163, 0, 0, 100, 0, 0),
(5830, 15, 686.0149, -1369.511, 91.79163, 0, 0, 100, 0, 0),
(5830, 16, 675.7952, -1361.891, 91.79163, 0, 0, 100, 0, 0),
(5830, 17, 665.3279, -1355.352, 91.79163, 0, 0, 100, 0, 0),
(5830, 18, 652.1882, -1344.566, 91.79163, 0, 0, 100, 0, 0),
(5830, 19, 636.4287, -1334.760, 91.79163, 0, 0, 100, 0, 0),
(5830, 20, 628.5359, -1323.144, 91.79165, 0, 0, 100, 0, 0),
(5830, 21, 623.6190, -1314.026, 91.79165, 0, 0, 100, 0, 0),
(5830, 22, 615.4075, -1298.601, 91.79166, 0, 0, 100, 0, 0),
(5830, 23, 604.1143, -1284.030, 91.79166, 0, 0, 100, 0, 0),
(5830, 24, 587.8508, -1269.006, 92.06193, 0, 0, 100, 0, 0),
(5830, 25, 576.0312, -1259.969, 91.79163, 0, 0, 100, 0, 0),
(5830, 26, 560.8948, -1256.678, 92.04676, 0, 0, 100, 0, 0),
(5830, 27, 545.4825, -1255.181, 91.87135, 0, 0, 100, 0, 0),
(5830, 28, 534.8517, -1253.385, 91.79163, 0, 0, 100, 0, 0),
(5830, 29, 526.5915, -1260.618, 91.79163, 0, 0, 100, 0, 0),
(5830, 30, 510.4008, -1285.216, 91.79163, 0, 0, 100, 0, 0),
(5830, 31, 510.3910, -1306.537, 91.79163, 0, 0, 100, 0, 0),
(5830, 32, 515.1241, -1321.950, 91.79163, 0, 0, 100, 0, 0),
(5830, 33, 521.8954, -1336.838, 91.79166, 0, 0, 100, 0, 0),
(5830, 34, 529.7821, -1343.760, 91.79166, 0, 0, 100, 0, 0),
(5830, 35, 556.7917, -1356.994, 91.79166, 0, 0, 100, 0, 0),
(5830, 36, 567.0636, -1368.908, 91.79165, 0, 0, 100, 0, 0),
(5830, 37, 574.6062, -1382.896, 91.79165, 0, 0, 100, 0, 0),
(5830, 38, 578.4109, -1399.870, 93.36684, 0, 0, 100, 0, 0),
(5830, 39, 584.3145, -1420.103, 91.79166, 0, 0, 100, 0, 0),
(5830, 40, 588.7415, -1440.735, 91.79166, 0, 0, 100, 0, 0),
(5830, 41, 577.5681, -1461.407, 92.66666, 0, 0, 100, 0, 0),
(5830, 42, 567.4086, -1473.391, 92.44877, 0, 0, 100, 0, 0),
(5830, 43, 555.5693, -1487.626, 91.79166, 0, 0, 100, 0, 0),
(5830, 44, 538.3452, -1499.215, 93.13493, 0, 0, 100, 0, 0),
(5830, 45, 517.2163, -1501.068, 94.51033, 0, 0, 100, 0, 0),
(5830, 46, 492.0973, -1496.377, 94.32227, 0, 0, 100, 0, 0),
(5830, 47, 474.5859, -1480.677, 93.07898, 0, 0, 100, 0, 0),
(5830, 48, 464.5303, -1462.176, 91.79166, 0, 0, 100, 0, 0),
(5830, 49, 460.6976, -1444.193, 91.79166, 0, 0, 100, 0, 0),
(5830, 50, 466.9402, -1424.123, 91.79166, 0, 0, 100, 0, 0),
(5830, 51, 470.6940, -1413.053, 91.79166, 0, 0, 100, 0, 0),
(5830, 52, 482.4163, -1399.121, 91.79166, 0, 0, 100, 0, 0),
(5830, 53, 502.0721, -1380.881, 91.79166, 0, 0, 100, 0, 0),
(5830, 54, 527.9912, -1362.113, 91.79166, 0, 0, 100, 0, 0),
(5830, 55, 542.1295, -1349.177, 91.79166, 0, 0, 100, 0, 0),
(5830, 56, 562.3475, -1341.453, 91.87980, 0, 0, 100, 0, 0),
(5830, 57, 578.5403, -1335.659, 92.83743, 0, 0, 100, 0, 0); 

-- Classic [1143]
-- Emogg the Crusher
UPDATE creature_template SET UnitFlags = 64, SpeedWalk = 1, Rank = 2, DamageMultiplier = 1.7, MinMeleeDmg = 27.6, MaxMeleeDmg = 36.5, MinRangedDmg = 0, MaxRangedDmg = 0, MeleeAttackPower = 68, RangedAttackPower = 3, MeleeBaseAttackTime = 2000, RangedBaseAttackTime = 2000, MovementType = 2 WHERE Entry = 14267;
UPDATE creature SET modelid = 0, position_x = -4983.443, position_y = -4009.711, position_z = 299.5536, spawndist = 0, MovementType = 2 WHERE id = 14267;
DELETE FROM creature_movement WHERE id = (SELECT guid FROM creature WHERE id = 14267);
DELETE FROM creature_movement_template WHERE entry = 14267;
INSERT INTO creature_movement_template (entry, point, position_x, position_y, position_z, waittime, script_id, orientation, model1, model2) VALUES
(14267, 1, -4939.537, -3988.177, 297.6642, 0, 0, 100, 0, 0),
(14267, 2, -4934.412, -3956.615, 299.3215, 0, 0, 100, 0, 0),
(14267, 3, -4930.901, -3929.371, 300.8730, 0, 0, 100, 0, 0),
(14267, 4, -4947.590, -3919.897, 304.7906, 0, 0, 100, 0, 0),
(14267, 5, -4964.144, -3915.315, 304.2408, 0, 0, 100, 0, 0),
(14267, 6, -4979.532, -3920.973, 306.6892, 0, 0, 100, 0, 0),
(14267, 7, -4992.262, -3902.353, 304.6826, 0, 0, 100, 0, 0),
(14267, 8, -4966.503, -3892.559, 308.4520, 0, 0, 100, 0, 0),
(14267, 9, -4938.917, -3897.534, 306.8287, 0, 0, 100, 0, 0),
(14267, 10, -4922.351, -3899.447, 304.1685, 0, 0, 100, 0, 0),
(14267, 11, -4902.495, -3875.902, 301.9054, 0, 0, 100, 0, 0),
(14267, 12, -4901.661, -3855.753, 303.3250, 0, 0, 100, 0, 0),
(14267, 13, -4894.049, -3836.621, 303.6957, 0, 0, 100, 0, 0),
(14267, 14, -4882.614, -3858.981, 303.0668, 0, 0, 100, 0, 0),
(14267, 15, -4882.659, -3888.173, 303.5529, 0, 0, 100, 0, 0),
(14267, 16, -4876.704, -3915.521, 303.2025, 0, 0, 100, 0, 0),
(14267, 17, -4866.463, -3938.079, 303.7190, 0, 0, 100, 0, 0),
(14267, 18, -4866.313, -3951.324, 303.3816, 0, 0, 100, 0, 0),
(14267, 19, -4870.636, -3979.350, 299.5655, 0, 0, 100, 0, 0),
(14267, 20, -4885.615, -3994.896, 298.7455, 0, 0, 100, 0, 0),
(14267, 21, -4907.389, -3993.521, 297.6739, 0, 0, 100, 0, 0),
(14267, 22, -4933.758, -3980.665, 298.4330, 0, 0, 100, 0, 0),
(14267, 23, -4953.597, -4002.146, 299.0535, 0, 0, 100, 0, 0),
(14267, 24, -4983.443, -4009.711, 299.5536, 0, 0, 100, 0, 0);

-- Classic [1142]
-- Added missing spawn of NPC 5981 (Portal Seeker) in Blasted Lands - UDB free guids reused
DELETE FROM creature WHERE guid = 31839;
INSERT INTO creature (guid,id,map,position_x,position_y,position_z,orientation,spawntimesecs,spawndist,curhealth,curmana,MovementType) VALUES
(31839, 5981, 0, -11351.9, -2754.5, 7.95043, 2.103, 430, 7, 2200, 4506, 2);
UPDATE creature_template SET MovementType = 2 WHERE Entry = 5981;
DELETE FROM creature_movement_template WHERE entry = 5981;
INSERT INTO creature_movement_template (entry, point, position_x, position_y, position_z, waittime, script_id, orientation, model1, model2) VALUES
(5981, 1, -11351.9, -2754.5, 7.95043, 0, 0, 100, 0, 0),
(5981, 13, -11370.7, -2855.8, 4.71995, 0, 0, 100, 0, 0),
(5981, 12, -11396.9, -2926.05, 3.04129, 0, 0, 100, 0, 0),
(5981, 11, -11331, -2986.1, 3.21401, 0, 0, 100, 0, 0),
(5981, 10, -11380.8, -3012.74, -4.27558, 0, 0, 100, 0, 0),
(5981, 9, -11444.1, -3037.88, 1.11443, 0, 0, 100, 0, 0),
(5981, 8, -11500.1, -3041.02, -0.783425, 0, 0, 100, 0, 0),
(5981, 7, -11444, -3037.98, 1.11936, 0, 0, 100, 0, 0),
(5981, 6, -11380.8, -3013.05, -4.29948, 0, 0, 100, 0, 0),
(5981, 5, -11330.8, -2986.01, 3.24732, 0, 0, 100, 0, 0),
(5981, 4, -11396.7, -2926.03, 3.05246, 0, 0, 100, 0, 0),
(5981, 3, -11370.9, -2855.73, 4.67282, 0, 0, 100, 0, 0),
(5981, 2, -11358.7, -2797.01, 5.45784, 0, 0, 100, 0, 0),
(5981, 14, -11358.6, -2796.98, 5.47431, 0, 0, 100, 0, 0);

-- Classic [1140]
-- Azurous, Hematos, Volchan
-- Azurous
UPDATE creature_template SET FactionAlliance = 103, FactionHorde = 103, UnitFlags = 64, SpeedWalk = 1, Rank = 2, PowerMultiplier = 3, DamageMultiplier = 3.9, MinMeleeDmg = 101.8, MaxMeleeDmg = 135.0, MinRangedDmg = 0, MaxRangedDmg = 0, MeleeAttackPower = 248, RangedAttackPower = 25, MeleeBaseAttackTime = 2000, RangedBaseAttackTime = 2000, MovementType = 2 WHERE Entry = 10202;
UPDATE creature SET modelid = 0, position_x = 5986.524, position_y = -5055.288, position_z = 795.3389, orientation = 0.4098937,  MovementType = 2 WHERE guid = 51890;
DELETE FROM creature_movement_template WHERE entry = 10202;
INSERT INTO creature_movement_template (entry, point, position_x, position_y, position_z, waittime, script_id, orientation, model1, model2) VALUES
(10202, 1, 6019.497, -5040.973, 784.7110, 0, 0, 100, 0, 0),
(10202, 2, 6064.572, -5021.378, 783.7690, 0, 0, 100, 0, 0),
(10202, 3, 6110.539, -5029.359, 791.5023, 0, 0, 100, 0, 0),
(10202, 4, 6143.759, -5048.502, 788.6542, 0, 0, 100, 0, 0),
(10202, 5, 6182.437, -5064.908, 783.3755, 0, 0, 100, 0, 0),
(10202, 6, 6224.185, -5048.121, 777.5784, 0, 0, 100, 0, 0),
(10202, 7, 6255.662, -5044.650, 774.0142, 0, 0, 100, 0, 0),
(10202, 8, 6295.048, -5045.930, 768.9189, 0, 0, 100, 0, 0),
(10202, 9, 6333.048, -5046.227, 760.8947, 0, 0, 100, 0, 0),
(10202, 10, 6378.587, -5045.983, 751.7699, 0, 0, 100, 0, 0),
(10202, 11, 6408.906, -5042.450, 747.1038, 0, 0, 100, 0, 0),
(10202, 12, 6438.631, -5018.775, 739.4670, 0, 0, 100, 0, 0),
(10202, 13, 6466.921, -4989.887, 733.5924, 0, 0, 100, 0, 0),
(10202, 14, 6484.619, -4964.162, 728.3881, 0, 0, 100, 0, 0),
(10202, 15, 6500.905, -4934.625, 725.9751, 0, 0, 100, 0, 0),
(10202, 16, 6510.156, -4904.851, 721.8889, 0, 0, 100, 0, 0),
(10202, 17, 6535.346, -4877.962, 709.6600, 0, 0, 100, 0, 0),
(10202, 18, 6559.993, -4860.916, 701.8981, 0, 0, 100, 0, 0),
(10202, 19, 6560.690, -4846.943, 702.0397, 0, 0, 100, 0, 0),
(10202, 20, 6551.316, -4819.473, 703.5016, 0, 0, 100, 0, 0),
(10202, 21, 6550.175, -4785.075, 698.3546, 0, 0, 100, 0, 0),
(10202, 22, 6574.485, -4751.122, 696.6307, 0, 0, 100, 0, 0),
(10202, 23, 6583.190, -4721.823, 699.9848, 0, 0, 100, 0, 0),
(10202, 24, 6580.944, -4680.032, 700.6795, 0, 0, 100, 0, 0),
(10202, 25, 6568.839, -4646.381, 694.2059, 0, 0, 100, 0, 0),
(10202, 26, 6559.538, -4618.036, 699.1639, 0, 0, 100, 0, 0),
(10202, 27, 6552.842, -4585.877, 703.9992, 0, 0, 100, 0, 0),
(10202, 28, 6525.884, -4563.002, 713.3481, 0, 0, 100, 0, 0),
(10202, 29, 6495.584, -4547.865, 716.1367, 0, 0, 100, 0, 0),
(10202, 30, 6458.242, -4526.247, 723.9024, 0, 0, 100, 0, 0),
(10202, 31, 6450.272, -4486.055, 733.4114, 0, 0, 100, 0, 0),
(10202, 32, 6460.925, -4454.014, 729.6072, 0, 0, 100, 0, 0),
(10202, 33, 6449.634, -4421.929, 723.3950, 0, 0, 100, 0, 0),
(10202, 34, 6424.509, -4403.555, 722.5399, 0, 0, 100, 0, 0),
(10202, 35, 6389.606, -4387.151, 731.3281, 0, 0, 100, 0, 0),
(10202, 36, 6364.207, -4363.729, 738.5326, 0, 0, 100, 0, 0),
(10202, 37, 6362.864, -4328.876, 726.9081, 0, 0, 100, 0, 0),
(10202, 38, 6356.477, -4298.460, 720.3398, 0, 0, 100, 0, 0),
(10202, 39, 6338.967, -4285.139, 725.5330, 0, 0, 100, 0, 0),
(10202, 40, 6317.179, -4280.970, 733.0714, 0, 0, 100, 0, 0),
(10202, 41, 6280.007, -4269.131, 735.8939, 0, 0, 100, 0, 0),
(10202, 42, 6258.955, -4251.505, 735.4764, 0, 0, 100, 0, 0),
(10202, 43, 6260.608, -4236.567, 734.0861, 0, 0, 100, 0, 0),
(10202, 44, 6286.389, -4221.496, 724.3796, 0, 0, 100, 0, 0),
(10202, 45, 6327.709, -4218.922, 721.2304, 0, 0, 100, 0, 0),
(10202, 46, 6365.357, -4205.964, 711.0905, 0, 0, 100, 0, 0),
(10202, 47, 6380.780, -4186.573, 705.8233, 0, 0, 100, 0, 0),
(10202, 48, 6365.357, -4205.964, 711.0905, 0, 0, 100, 0, 0),
(10202, 49, 6327.709, -4218.922, 721.2304, 0, 0, 100, 0, 0),
(10202, 50, 6286.389, -4221.496, 724.3796, 0, 0, 100, 0, 0),
(10202, 51, 6260.608, -4236.567, 734.0861, 0, 0, 100, 0, 0),
(10202, 52, 6258.955, -4251.505, 735.4764, 0, 0, 100, 0, 0),
(10202, 53, 6280.007, -4269.131, 735.8939, 0, 0, 100, 0, 0),
(10202, 54, 6317.179, -4280.970, 733.0714, 0, 0, 100, 0, 0),
(10202, 55, 6338.889, -4285.093, 725.6608, 0, 0, 100, 0, 0),
(10202, 56, 6356.398, -4298.412, 720.1580, 0, 0, 100, 0, 0),
(10202, 57, 6362.864, -4328.876, 726.9081, 0, 0, 100, 0, 0),
(10202, 58, 6364.207, -4363.729, 738.5326, 0, 0, 100, 0, 0),
(10202, 59, 6389.606, -4387.151, 731.3281, 0, 0, 100, 0, 0),
(10202, 60, 6424.509, -4403.555, 722.5399, 0, 0, 100, 0, 0),
(10202, 61, 6449.634, -4421.929, 723.3950, 0, 0, 100, 0, 0),
(10202, 62, 6460.925, -4454.014, 729.6072, 0, 0, 100, 0, 0),
(10202, 63, 6450.272, -4486.055, 733.4114, 0, 0, 100, 0, 0),
(10202, 64, 6458.242, -4526.247, 723.9024, 0, 0, 100, 0, 0),
(10202, 65, 6495.584, -4547.865, 716.1367, 0, 0, 100, 0, 0),
(10202, 66, 6525.884, -4563.002, 713.3481, 0, 0, 100, 0, 0),
(10202, 67, 6552.842, -4585.877, 703.9992, 0, 0, 100, 0, 0),
(10202, 68, 6559.538, -4618.036, 699.1639, 0, 0, 100, 0, 0),
(10202, 69, 6568.839, -4646.381, 694.2059, 0, 0, 100, 0, 0),
(10202, 70, 6580.944, -4680.032, 700.6795, 0, 0, 100, 0, 0),
(10202, 71, 6583.190, -4721.823, 699.9848, 0, 0, 100, 0, 0),
(10202, 72, 6574.485, -4751.122, 696.6307, 0, 0, 100, 0, 0),
(10202, 73, 6550.175, -4785.075, 698.3546, 0, 0, 100, 0, 0),
(10202, 74, 6551.271, -4819.074, 703.5016, 0, 0, 100, 0, 0),
(10202, 75, 6560.692, -4846.882, 702.2216, 0, 0, 100, 0, 0),
(10202, 76, 6559.995, -4860.855, 701.9147, 0, 0, 100, 0, 0),
(10202, 77, 6535.346, -4877.962, 709.6600, 0, 0, 100, 0, 0),
(10202, 78, 6510.156, -4904.851, 721.8889, 0, 0, 100, 0, 0),
(10202, 79, 6500.905, -4934.625, 725.9751, 0, 0, 100, 0, 0),
(10202, 80, 6484.619, -4964.162, 728.3881, 0, 0, 100, 0, 0),
(10202, 81, 6466.921, -4989.887, 733.5924, 0, 0, 100, 0, 0),
(10202, 82, 6438.633, -5018.775, 739.5107, 0, 0, 100, 0, 0),
(10202, 83, 6408.906, -5042.450, 747.1038, 0, 0, 100, 0, 0),
(10202, 84, 6378.587, -5045.983, 751.7699, 0, 0, 100, 0, 0),
(10202, 85, 6333.245, -5046.217, 760.8995, 0, 0, 100, 0, 0),
(10202, 86, 6295.048, -5045.930, 768.9189, 0, 0, 100, 0, 0),
(10202, 87, 6255.662, -5044.650, 774.0142, 0, 0, 100, 0, 0),
(10202, 88, 6224.249, -5048.050, 777.6802, 0, 0, 100, 0, 0),
(10202, 89, 6182.588, -5064.937, 783.4294, 0, 0, 100, 0, 0),
(10202, 90, 6143.759, -5048.502, 788.6542, 0, 0, 100, 0, 0),
(10202, 91, 6110.539, -5029.359, 791.5023, 0, 0, 100, 0, 0),
(10202, 92, 6064.572, -5021.378, 783.7690, 0, 0, 100, 0, 0),
(10202, 93, 6019.497, -5040.973, 784.7110, 0, 0, 100, 0, 0),
(10202, 94, 5977.622, -5059.156, 798.2071, 0, 0, 100, 0, 0);
-- Hematos
UPDATE creature_template SET UnitFlags = 64, Rank = 2, PowerMultiplier = 2, DamageMultiplier = 5, MinMeleeDmg = 103.9, MaxMeleeDmg = 137.9, MinRangedDmg = 0, MaxRangedDmg = 0, Armor = 3791, MeleeAttackPower = 252, RangedAttackPower = 26, MeleeBaseAttackTime = 2000, RangedBaseAttackTime = 2000 WHERE Entry = 8976;
--  Volchan
UPDATE creature_template SET SpeedWalk = 1, SpeedRun = 1.4285714129, Rank = 2, HealthMultiplier = 5, PowerMultiplier = 2, DamageMultiplier = 5, MinMeleeDmg = 96.8, MaxMeleeDmg = 128.2, MinRangedDmg = 0, MaxRangedDmg = 0, MeleeAttackPower = 238, RangedAttackPower = 24, MeleeBaseAttackTime = 2000 WHERE Entry = 10119;

-- Classic [1139]
-- Remade the Manufactory in Blackrock Depths 
DELETE FROM creature WHERE guid IN (90809, 90586, 90587, 80587, 47293, 47259, 90589, 47260, 47257, 90590, 90894, 90808, 90816, 90813, 90594, 47295, 47292, 90892, 90810, 90591, 47294, 90812, 90595, 90588, 90895, 90593, 47255, 47258, 90814, 90815, 47256, 90817, 90811, 90592);
DELETE FROM creature_addon WHERE guid IN (90809, 90586, 90587, 80587, 47293, 47259, 90589, 47260, 47257, 90590, 90894, 90808, 90816, 90813, 90594, 47295, 47292, 90892, 90810, 90591, 47294, 90812, 90595, 90588, 90895, 90593, 47255, 47258, 90814, 90815, 47256, 90817, 90811, 90592);
DELETE FROM creature_movement WHERE id IN (90809, 90586, 90587, 80587, 47293, 47259, 90589, 47260, 47257, 90590, 90894, 90808, 90816, 90813, 90594, 47295, 47292, 90892, 90810, 90591, 47294, 90812, 90595, 90588, 90895, 90593, 47255, 47258, 90814, 90815, 47256, 90817, 90811, 90592);
DELETE FROM dbscripts_on_creature_movement WHERE id = 892001;

-- Static Doomforge Arcanasmith / Weapon Technician
INSERT INTO creature (guid,id,map, spawnMask, phaseMask, position_x,position_y,position_z,orientation,spawntimesecs,spawndist,curhealth,curmana,MovementType) VALUES
(90809, 8900, 230, 1, 1, 759.862, 58.2598, -53.6085, 3.9619, 7200, 0, 9298, 4896, 0),
(90586, 8920, 230, 1, 1, 759.862, 58.2598, -53.6085, 3.9619, 7200, 0, 9298, 4896, 0),
(90587, 8900, 230, 1, 1, 756.804, 55.0023, -53.5866, 0.715585, 7200, 0, 9298, 4896, 0),
(47293, 8920, 230, 1, 1, 756.804, 55.0023, -53.5866, 0.715585, 7200, 0, 9298, 4896, 0),
(47259, 8900, 230, 1, 1, 756.6, 52.5513, -53.5831, 3.90954, 7200, 0, 9298, 4896, 0),
(90589, 8920, 230, 1, 1, 756.6, 52.5513, -53.5831, 3.90954, 7200, 0, 9298, 4896, 0),
(47260, 8900, 230, 1, 1, 760.166, 55.6209, -53.6182, 3.24631, 7200, 0, 9298, 4896, 0),
(47257, 8920, 230, 1, 1, 760.166, 55.6209, -53.6182, 3.24631, 7200, 0, 9298, 4896, 0),
(90590, 8900, 230, 1, 1, 809.952, 49.7623, -53.559, 1.22173, 7200, 0, 9298, 4896, 0),
(90894, 8920, 230, 1, 1, 809.952, 49.7623, -53.559, 1.22173, 7200, 0, 9298, 4896, 0),
(90808, 8900, 230, 1, 1, 804.537, 50.8482, -53.5804, 0.139626, 7200, 0, 9298, 4896, 0),
(90816, 8920, 230, 1, 1, 804.537, 50.8482, -53.5804, 0.139626, 7200, 0, 9298, 4896, 0),
(90813, 8900, 230, 1, 1, 786.798, -42.1107, -53.6505, 0.366519, 7200, 0, 9298, 4896, 0),
(90594, 8920, 230, 1, 1, 786.798, -42.1107, -53.6505, 0.366519, 7200, 0, 9298, 4896, 0),
(47295, 8900, 230, 1, 1, 793.538, -34.395, -53.631, 5.28835, 7200, 0, 9298, 4896, 0),
(47292, 8920, 230, 1, 1, 793.538, -34.395, -53.631, 5.28835, 7200, 0, 9298, 4896, 0);

DELETE FROM pool_creature WHERE guid IN (90809, 90586, 90587, 47293, 47259, 90589, 47260, 47257, 90590, 90894, 90808, 90816, 90813, 90594, 47295, 47292);
INSERT INTO pool_creature (guid, pool_entry, chance, description) VALUES 
(90809, 25495, 0, 'BRD - Doomforge Arcanasmith/Weapon Technician'),
(90586, 25495, 0, 'BRD - Doomforge Arcanasmith/Weapon Technician'),
(90587, 25496, 0, 'BRD - Doomforge Arcanasmith/Weapon Technician'),
(47293, 25496, 0, 'BRD - Doomforge Arcanasmith/Weapon Technician'),
(47259, 25497, 0, 'BRD - Doomforge Arcanasmith/Weapon Technician'),
(90589, 25497, 0, 'BRD - Doomforge Arcanasmith/Weapon Technician'),
(47260, 25498, 0, 'BRD - Doomforge Arcanasmith/Weapon Technician'),
(47257, 25498, 0, 'BRD - Doomforge Arcanasmith/Weapon Technician'),
(90590, 25499, 0, 'BRD - Doomforge Arcanasmith/Weapon Technician'),
(90894, 25499, 0, 'BRD - Doomforge Arcanasmith/Weapon Technician'),
(90808, 25500, 0, 'BRD - Doomforge Arcanasmith/Weapon Technician'),
(90816, 25500, 0, 'BRD - Doomforge Arcanasmith/Weapon Technician'),
(90813, 25501, 0, 'BRD - Doomforge Arcanasmith/Weapon Technician'),
(90594, 25501, 0, 'BRD - Doomforge Arcanasmith/Weapon Technician'),
(47295, 25502, 0, 'BRD - Doomforge Arcanasmith/Weapon Technician'),
(47292, 25502, 0, 'BRD - Doomforge Arcanasmith/Weapon Technician');

DELETE FROM pool_template WHERE entry BETWEEN 25495 AND 25502;
INSERT INTO pool_template (entry, max_limit, description) VALUES 
(25495, 1, 'BRD - Doomforge Arcanasmith/Weapon Technician'),
(25496, 1, 'BRD - Doomforge Arcanasmith/Weapon Technician'),
(25497, 1, 'BRD - Doomforge Arcanasmith/Weapon Technician'),
(25498, 1, 'BRD - Doomforge Arcanasmith/Weapon Technician'),
(25499, 1, 'BRD - Doomforge Arcanasmith/Weapon Technician'),
(25500, 1, 'BRD - Doomforge Arcanasmith/Weapon Technician'),
(25501, 1, 'BRD - Doomforge Arcanasmith/Weapon Technician'),
(25502, 1, 'BRD - Doomforge Arcanasmith/Weapon Technician');

INSERT INTO creature (guid, id, map, spawnMask, phaseMask, position_x, position_y, position_z, orientation, spawntimesecs, curhealth, curmana, spawndist, MovementType) VALUES
(90892, 8900, 230, 1, 1, 759.628, 61.429, -53.5742, 3.21141, 7200, 9298, 4896, 0, 0),
(90810, 8920, 230, 1, 1, 755.346, 51.0896, -53.57, 1.0472, 7200, 9298, 4896, 0, 0),
(90591, 8920, 230, 1, 1, 755.999, 61.6141, -53.5721, 6.21337, 7200, 9298, 4896, 0, 0),
(47294, 8920, 230, 1, 1, 757.366, 59.5952, -53.5933, 0.837758, 7200, 9298, 4896, 0, 0),
(90812, 8920, 230, 1, 1, 778.728, 42.3766, -53.6518, 2.19911, 7200, 9298, 4896, 0, 0),
(90595, 8920, 230, 1, 1, 776.288, 43.6711, -53.6518, 0.418879, 7200, 9298, 4896, 0, 0),
(90593, 8920, 230, 1, 1, 781.008, 46.79, -53.6518, 3.52557, 7200, 9298, 4896, 0, 0),
(47255, 8920, 230, 1, 1, 778.715, 47.5265, -53.6518, 4.7822, 7200, 9298, 4896, 0, 0),
(47258, 8920, 230, 1, 1, 791.143, -40.9252, -53.6506, 3.85718, 7200, 9298, 4896, 0, 0),
(90814, 8920, 230, 1, 1, 787.464, -40.3752, -53.6493, 5.23599, 7200, 9298, 4896, 0, 0),
(90815, 8920, 230, 1, 1, 806.096, 54.2448, -53.5767, 5.48033, 7200, 9298, 4896, 0, 0),
(47256, 8920, 230, 1, 1, 794.78, -35.9308, -53.6368, 2.04204, 7200, 9298, 4896, 0, 0);

-- Static Wrath Hammer Construct and Ragereaver Golem
DELETE FROM creature WHERE guid IN ( 90817, 90811, 90592, 51692, 51697, 52635);
INSERT INTO creature (guid, id, map, spawnMask, phaseMask, position_x, position_y, position_z, orientation, spawntimesecs, curhealth, curmana, spawndist, MovementType) VALUES
(90817, 8906, 230, 1, 1, 779.212, 44.9612, -53.6518, 3.19395, 7200, 9298, 4896, 0, 0),
(90811, 8907, 230, 1, 1, 779.212, 44.9612, -53.6518, 3.19395, 7200, 9298, 4896, 0, 0),
(90592, 8906, 230, 1, 1, 807.141, 52.1214, -53.5713, 3.1765, 7200, 9298, 4896, 0, 0),
(51692, 8907, 230, 1, 1, 807.141, 52.1214, -53.5713, 3.1765, 7200, 9298, 4896, 0, 0),
(51697, 8906, 230, 1, 1, 789.356, -42.4263, -53.6514, 1.95477, 7200, 9298, 4896, 0, 0),
(52635, 8907, 230, 1, 1, 789.356, -42.4263, -53.6514, 1.95477, 7200, 9298, 4896, 0, 0);

DELETE FROM pool_creature WHERE guid IN (90817, 90811, 90592, 51692, 51697, 52635);
INSERT INTO pool_creature (guid, pool_entry, chance, description) VALUES 
(90817, 25503, 0, 'BRD - Ragereaver Golem/Wrath Hammer Construct'),
(90811, 25503, 0, 'BRD - Ragereaver Golem/Wrath Hammer Construct'),
(90592, 25504, 0, 'BRD - Ragereaver Golem/Wrath Hammer Construct'),
(51692, 25504, 0, 'BRD - Ragereaver Golem/Wrath Hammer Construct'),
(51697, 25505, 0, 'BRD - Ragereaver Golem/Wrath Hammer Construct'),
(52635, 25505, 0, 'BRD - Ragereaver Golem/Wrath Hammer Construct');

DELETE FROM pool_template WHERE entry BETWEEN 25503 AND 25505;
INSERT INTO pool_template (entry, max_limit, description) VALUES
(25503, 1, 'BRD - Ragereaver Golem/Wrath Hammer Construct'),
(25504, 1, 'BRD - Ragereaver Golem/Wrath Hammer Construct'),
(25505, 1, 'BRD - Ragereaver Golem/Wrath Hammer Construct');

DELETE FROM creature WHERE guid IN (52664, 52665, 52666, 52667, 52668, 67149, 68738, 68739);
INSERT INTO creature (guid, id, map, spawnMask, phaseMask, position_x, position_y, position_z, orientation, spawntimesecs, curhealth, curmana, spawndist, MovementType) VALUES
(52664, 8906, 230, 1, 1, 794.549, 2.11547, -53.6519, 3.28122, 7200, 9298, 4896, 0, 0),
(52665, 8907, 230, 1, 1, 794.549, 2.11547, -53.6519, 3.28122, 7200, 9298, 4896, 0, 0),
(52666, 8906, 230, 1, 1, 793.348, -9.29995, -53.6518, 3.07178, 7200, 9298, 4896, 0, 0),
(52667, 8907, 230, 1, 1, 793.348, -9.29995, -53.6518, 3.07178, 7200, 9298, 4896, 0, 0),
(52668, 8906, 230, 1, 1, 780.244, -9.44037, -53.6513, 1.72788, 7200, 9298, 4896, 0, 0),
(67149, 8907, 230, 1, 1, 780.244, -9.44037, -53.6513, 1.72788, 7200, 9298, 4896, 0, 0),
(68738, 8906, 230, 1, 1, 779.154, 1.81084, -53.6518, 0.0174533, 7200, 9298, 4896, 0, 0),
(68739, 8907, 230, 1, 1, 779.154, 1.81084, -53.6518, 0.0174533, 7200, 9298, 4896, 0, 0);

DELETE FROM pool_creature WHERE guid IN (52664, 52665, 52666, 52667, 52668, 67149, 68738, 68739);
INSERT INTO pool_creature (guid, pool_entry, chance, description) VALUES 
(52664, 25506, 0, 'BRD - Ragereaver Golem/Wrath Hammer Construct'),
(52665, 25506, 0, 'BRD - Ragereaver Golem/Wrath Hammer Construct'),
(52666, 25507, 0, 'BRD - Ragereaver Golem/Wrath Hammer Construct'),
(52667, 25507, 0, 'BRD - Ragereaver Golem/Wrath Hammer Construct'),
(52668, 25508, 0, 'BRD - Ragereaver Golem/Wrath Hammer Construct'),
(67149, 25508, 0, 'BRD - Ragereaver Golem/Wrath Hammer Construct'),
(68738, 25509, 0, 'BRD - Ragereaver Golem/Wrath Hammer Construct'),
(68739, 25509, 0, 'BRD - Ragereaver Golem/Wrath Hammer Construct');

DELETE FROM pool_pool WHERE pool_id BETWEEN 25506 AND 25509;
INSERT INTO pool_pool (pool_id, mother_pool, chance, description) VALUES
(25506, 25510, 0, 'BRD - Ragereaver Golem/Wrath Hammer Construct'),
(25507, 25510, 0, 'BRD - Ragereaver Golem/Wrath Hammer Construct'),
(25508, 25511, 0, 'BRD - Ragereaver Golem/Wrath Hammer Construct'),
(25509, 25511, 0, 'BRD - Ragereaver Golem/Wrath Hammer Construct');

DELETE FROM pool_template WHERE entry BETWEEN 25506 AND 25511;
INSERT INTO pool_template (entry, max_limit, description) VALUES
(25506, 1, 'BRD - Ragereaver Golem/Wrath Hammer Construct'),
(25507, 1, 'BRD - Ragereaver Golem/Wrath Hammer Construct'),
(25508, 1, 'BRD - Ragereaver Golem/Wrath Hammer Construct'),
(25509, 1, 'BRD - Ragereaver Golem/Wrath Hammer Construct'),
(25510, 1, 'BRD - Master Ragereaver Golem/Wrath Hammer Construct'),
(25511, 1, 'BRD - Master Ragereaver Golem/Wrath Hammer Construct');

-- Patrols
DELETE FROM creature WHERE guid IN (68880, 68881, 68882, 68883, 68884, 68885, 68886, 68887, 68888, 68889);
INSERT INTO creature (guid, id, map, spawnMask, phaseMask, position_x, position_y, position_z, orientation, spawntimesecs, curhealth, curmana, spawndist, MovementType) VALUES
(68880, 8900, 230, 1, 1, 803.859, 12.9567, -53.6615, 3.9619, 7200, 9298, 4896, 0, 2),
(68881, 8920, 230, 1, 1, 803.859, 12.9567, -53.6615, 3.9619, 7200, 9298, 4896, 0, 2),
(68882, 8920, 230, 1, 1, 762.349, 41.594, -53.7146, 3.9619, 7200, 9298, 4896, 0, 2),
(68883, 8900, 230, 1, 1, 782.138, -45.6668, -53.7721, 3.9619, 7200, 9298, 4896, 0, 2),
(68884, 8920, 230, 1, 1, 782.138, -45.6668, -53.7721, 3.9619, 7200, 9298, 4896, 0, 2),
(68885, 8900, 230, 1, 1, 792.438, 45.7173, -53.7176, 3.9619, 7200, 9298, 4896, 0, 2),
(68886, 8920, 230, 1, 1, 792.438, 45.7173, -53.7176, 3.9619, 7200, 9298, 4896, 0, 2),
(68887, 8920, 230, 1, 1, 773.925, 3.11658, -53.7172, 3.9619, 7200, 9298, 4896, 0, 2),
(68888, 8900, 230, 1, 1, 811.87, -25.2166, -53.6904, 3.9619, 7200, 9298, 4896, 0, 2),
(68889, 8920, 230, 1, 1, 811.87, -25.2166, -53.6904, 3.9619, 7200, 9298, 4896, 0, 2);

DELETE FROM pool_creature WHERE guid BETWEEN 68880 AND 68889;
INSERT INTO pool_creature (guid, pool_entry, chance, description) VALUES 
(68880, 25512, 0, 'BRD - Doomforge Arcanasmith/Weapon Technician'),
(68881, 25512, 0, 'BRD - Doomforge Arcanasmith/Weapon Technician'),
(68883, 25513, 0, 'BRD - Doomforge Arcanasmith/Weapon Technician'),
(68884, 25513, 0, 'BRD - Doomforge Arcanasmith/Weapon Technician'),
(68885, 25514, 0, 'BRD - Doomforge Arcanasmith/Weapon Technician'),
(68886, 25514, 0, 'BRD - Doomforge Arcanasmith/Weapon Technician'),
(68888, 25515, 0, 'BRD - Doomforge Arcanasmith/Weapon Technician'),
(68889, 25515, 0, 'BRD - Doomforge Arcanasmith/Weapon Technician');

DELETE FROM pool_template WHERE entry BETWEEN 25512 AND 25515;
INSERT INTO pool_template (entry, max_limit, description) VALUES
(25512, 1, 'BRD - Doomforge Arcanasmith/Weapon Technician'),
(25513, 1, 'BRD - Doomforge Arcanasmith/Weapon Technician'),
(25514, 1, 'BRD - Doomforge Arcanasmith/Weapon Technician'),
(25515, 1, 'BRD - Doomforge Arcanasmith/Weapon Technician');

DELETE FROM creature_movement WHERE id BETWEEN 68880 AND 68889;
INSERT INTO creature_movement (id, point, position_x, position_y, position_z, waittime, script_id, orientation, model1, model2) VALUES
-- First patrol (two possible spawns)
(68880, 1, 803.859, 12.9567, -53.6615, 0, 0, 100, 0, 0),
(68880, 2, 803.332, 36.0541, -53.6688, 0, 0, 100, 0, 0),
(68880, 3, 788.064, 46.9496, -53.7332, 0, 0, 100, 0, 0),
(68880, 4, 773.939, 57.1793, -53.7083, 0, 0, 100, 0, 0),
(68880, 5, 762.993, 50.4319, -53.7269, 0, 0, 100, 0, 0),
(68880, 6, 761.421, 29.3542, -53.6321, 0, 0, 100, 0, 0),
(68880, 7, 762.968, 9.71107, -53.701, 0, 0, 100, 0, 0),
(68880, 8, 769.319, -3.63559, -53.7241, 0, 0, 100, 0, 0),
(68880, 9, 777.615, -18.1981, -53.7212, 0, 0, 100, 0, 0),
(68880, 10, 792.493, -18.6761, -53.6741, 0, 0, 100, 0, 0),
(68880, 11, 802.697, -9.92748, -53.6707, 0, 0, 100, 0, 0),
(68881, 1, 803.859, 12.9567, -53.6615, 0, 0, 100, 0, 0),
(68881, 2, 803.332, 36.0541, -53.6688, 0, 0, 100, 0, 0),
(68881, 3, 788.064, 46.9496, -53.7332, 0, 0, 100, 0, 0),
(68881, 4, 773.939, 57.1793, -53.7083, 0, 0, 100, 0, 0),
(68881, 5, 762.993, 50.4319, -53.7269, 0, 0, 100, 0, 0),
(68881, 6, 761.421, 29.3542, -53.6321, 0, 0, 100, 0, 0),
(68881, 7, 762.968, 9.71107, -53.701, 0, 0, 100, 0, 0),
(68881, 8, 769.319, -3.63559, -53.7241, 0, 0, 100, 0, 0),
(68881, 9, 777.615, -18.1981, -53.7212, 0, 0, 100, 0, 0),
(68881, 10, 792.493, -18.6761, -53.6741, 0, 0, 100, 0, 0),
(68881, 11, 802.697, -9.92748, -53.6707, 0, 0, 100, 0, 0),
-- Second patrol
(68882, 1, 762.349, 41.594, -53.7146, 0, 0, 100, 0, 0),
(68882, 2, 799.356, 43.3486, -53.6921, 0, 0, 100, 0, 0),
(68882, 3, 803.831, 32.7512, -53.6365, 0, 0, 100, 0, 0),
(68882, 4, 799.356, 43.3486, -53.6921, 0, 0, 100, 0, 0),
(68882, 5, 762.349, 41.594, -53.7146, 0, 0, 100, 0, 0),
(68882, 6, 761.201, 22.3508, -53.6527, 0, 0, 100, 0, 0),
(68882, 7, 777.259, 21.7293, -53.6562, 0, 0, 100, 0, 0),
(68882, 8, 781.122, 8.1129, -53.6999, 0, 0, 100, 0, 0),
(68882, 9, 798.227, 7.70171, -53.6888, 0, 0, 100, 0, 0),
(68882, 10, 802.456, -8.26351, -53.6719, 0, 0, 100, 0, 0),
(68882, 11, 795.791, -21.864, -53.6543, 0, 0, 100, 0, 0),
(68882, 12, 813.282, -40.8431, -53.746, 0, 0, 100, 0, 0),
(68882, 13, 795.791, -21.864, -53.6543, 0, 0, 100, 0, 0),
(68882, 14, 802.456, -8.26351, -53.6719, 0, 0, 100, 0, 0),
(68882, 15, 798.227, 7.70171, -53.6888, 0, 0, 100, 0, 0),
(68882, 16, 781.122, 8.1129, -53.6999, 0, 0, 100, 0, 0),
(68882, 17, 777.259, 21.7293, -53.6562, 0, 0, 100, 0, 0),
(68882, 18, 761.201, 22.3508, -53.6527, 0, 0, 100, 0, 0),
-- Third patrol (two possible spawns)
(68883, 1, 782.138, -45.6668, -53.7721, 0, 0, 100, 0, 0),
(68883, 2, 778.198, -33.9222, -53.7311, 0, 0, 100, 0, 0),
(68883, 3, 783.974, -27.3003, -53.6742, 0, 0, 100, 0, 0),
(68883, 4, 762.94, 8.65715, -53.71, 0, 0, 100, 0, 0),
(68883, 5, 761.041, 41.1992, -53.7038, 0, 0, 100, 0, 0),
(68883, 6, 753.723, 41.7996, -53.6441, 40000, 0, 100, 0, 0),
(68883, 7, 764.597, 45.6037, -53.7352, 0, 0, 100, 0, 0),
(68883, 8, 774.852, 60.0696, -53.6795, 0, 0, 100, 0, 0),
(68883, 9, 774.852, 60.0696, -53.6795, 5000, 0, 100, 0, 0),
(68883, 10, 784.549, 54.0242, -53.7352, 0, 0, 100, 0, 0),
(68883, 11, 785.148, 35.8518, -53.6995, 0, 0, 100, 0, 0),
(68883, 12, 776.289, 27.4625, -53.6255, 20000, 0, 100, 0, 0),
(68883, 13, 776.729, 26.9007, -53.6282, 0, 0, 100, 0, 0),
(68883, 14, 783.783, 14.001, -53.6906, 0, 0, 100, 0, 0),
(68883, 15, 786.595, -12.3495, -53.7113, 0, 0, 100, 0, 0),
(68883, 16, 784.733, -32.3172, -53.7235, 0, 0, 100, 0, 0),
(68883, 17, 784.662, -39.4896, -53.7492, 0, 0, 100, 0, 0),
(68883, 18, 781.288, -46.3105, -53.7746, 35000, 0, 100, 0, 0),
(68884, 1, 782.138, -45.6668, -53.7721, 0, 0, 100, 0, 0),
(68884, 2, 778.198, -33.9222, -53.7311, 0, 0, 100, 0, 0),
(68884, 3, 783.974, -27.3003, -53.6742, 0, 0, 100, 0, 0),
(68884, 4, 762.94, 8.65715, -53.71, 0, 0, 100, 0, 0),
(68884, 5, 761.041, 41.1992, -53.7038, 0, 0, 100, 0, 0),
(68884, 6, 753.723, 41.7996, -53.6441, 40000, 0, 100, 0, 0),
(68884, 7, 764.597, 45.6037, -53.7352, 0, 0, 100, 0, 0),
(68884, 8, 774.852, 60.0696, -53.6795, 0, 0, 100, 0, 0),
(68884, 9, 774.852, 60.0696, -53.6795, 5000, 0, 100, 0, 0),
(68884, 10, 784.549, 54.0242, -53.7352, 0, 0, 100, 0, 0),
(68884, 11, 785.148, 35.8518, -53.6995, 0, 0, 100, 0, 0),
(68884, 12, 776.289, 27.4625, -53.6255, 20000, 0, 100, 0, 0),
(68884, 13, 776.729, 26.9007, -53.6282, 0, 0, 100, 0, 0),
(68884, 14, 783.783, 14.001, -53.6906, 0, 0, 100, 0, 0),
(68884, 15, 786.595, -12.3495, -53.7113, 0, 0, 100, 0, 0),
(68884, 16, 784.733, -32.3172, -53.7235, 0, 0, 100, 0, 0),
(68884, 17, 784.662, -39.4896, -53.7492, 0, 0, 100, 0, 0),
(68884, 18, 781.288, -46.3105, -53.7746, 35000, 0, 100, 0, 0),
-- Fourth patrol (two possible spawns)
(68885, 1, 792.438, 45.7173, -53.7176, 0, 0, 100, 0, 0),
(68885, 2, 795.405, 38.8804, -53.6981, 0, 0, 100, 0, 0),
(68885, 3, 800.774, 35.1317, -53.6755, 0, 0, 100, 0, 0),
(68885, 4, 800.455, 27.8962, -53.6365, 0, 0, 100, 0, 0),
(68885, 5, 800.281, 15.0601, -53.6782, 0, 0, 100, 0, 0),
(68885, 6, 804.687, -0.79423, -53.6417, 0, 0, 100, 0, 0),
(68885, 7, 809.65, -1.35354, -53.5894, 40000, 0, 100, 0, 0),
(68885, 8, 808.37, -0.974017, -53.6027, 0, 0, 100, 0, 0),
(68885, 9, 798.703, -14.2282, -53.6685, 0, 0, 100, 0, 0),
(68885, 10, 785.097, -22.9216, -53.6839, 0, 0, 100, 0, 0),
(68885, 11, 778.349, -26.1744, -53.6948, 30000, 0, 100, 0, 0),
(68885, 12, 779.015, -25.8711, -53.6937, 0, 0, 100, 0, 0),
(68885, 13, 770.726, -10.8395, -53.731, 0, 0, 100, 0, 0),
(68885, 14, 765.311, 6.20587, -53.7134, 0, 0, 100, 0, 0),
(68885, 15, 763.947, 21.5177, -53.6724, 0, 0, 100, 0, 0),
(68885, 16, 777.62, 24.3637, -53.6415, 0, 0, 100, 0, 0),
(68885, 17, 787.35, 36.6482, -53.6692, 0, 0, 100, 0, 0),
(68885, 18, 790.302, 56.138, -53.7397, 0, 0, 100, 0, 0),
(68885, 19, 791.537, 60.003, -53.6842, 15000, 0, 100, 0, 0),
(68885, 20, 790.544, 58.6389, -53.6977, 0, 0, 100, 0, 0),
(68885, 21, 791.594, 46.1057, -53.7208, 0, 0, 100, 0, 0),
(68885, 22, 791.594, 46.1057, -53.7208, 30000, 0, 100, 0, 0),
(68886, 1, 792.438, 45.7173, -53.7176, 0, 0, 100, 0, 0),
(68886, 2, 795.405, 38.8804, -53.6981, 0, 0, 100, 0, 0),
(68886, 3, 800.774, 35.1317, -53.6755, 0, 0, 100, 0, 0),
(68886, 4, 800.455, 27.8962, -53.6365, 0, 0, 100, 0, 0),
(68886, 5, 800.281, 15.0601, -53.6782, 0, 0, 100, 0, 0),
(68886, 6, 804.687, -0.79423, -53.6417, 0, 0, 100, 0, 0),
(68886, 7, 809.65, -1.35354, -53.5894, 40000, 0, 100, 0, 0),
(68886, 8, 808.37, -0.974017, -53.6027, 0, 0, 100, 0, 0),
(68886, 9, 798.703, -14.2282, -53.6685, 0, 0, 100, 0, 0),
(68886, 10, 785.097, -22.9216, -53.6839, 0, 0, 100, 0, 0),
(68886, 11, 778.349, -26.1744, -53.6948, 30000, 0, 100, 0, 0),
(68886, 12, 779.015, -25.8711, -53.6937, 0, 0, 100, 0, 0),
(68886, 13, 770.726, -10.8395, -53.731, 0, 0, 100, 0, 0),
(68886, 14, 765.311, 6.20587, -53.7134, 0, 0, 100, 0, 0),
(68886, 15, 763.947, 21.5177, -53.6724, 0, 0, 100, 0, 0),
(68886, 16, 777.62, 24.3637, -53.6415, 0, 0, 100, 0, 0),
(68886, 17, 787.35, 36.6482, -53.6692, 0, 0, 100, 0, 0),
(68886, 18, 790.302, 56.138, -53.7397, 0, 0, 100, 0, 0),
(68886, 19, 791.537, 60.003, -53.6842, 15000, 0, 100, 0, 0),
(68886, 20, 790.544, 58.6389, -53.6977, 0, 0, 100, 0, 0),
(68886, 21, 791.594, 46.1057, -53.7208, 0, 0, 100, 0, 0),
(68886, 22, 791.594, 46.1057, -53.7208, 30000, 0, 100, 0, 0),
-- Fifth patrol
(68887, 1, 773.925, 3.11658, -53.7172, 0, 0, 100, 0, 0),
(68887, 2, 774.192, -10.6106, -53.7327, 0, 0, 100, 0, 0),
(68887, 3, 786.545, -21.9167, -53.6825, 0, 0, 100, 0, 0),
(68887, 4, 785.527, -33.0789, -53.726, 0, 0, 100, 0, 0),
(68887, 5, 789.237, -36.13, -53.7359, 0, 0, 100, 0, 0),
(68887, 6, 785.527, -33.0789, -53.726, 0, 0, 100, 0, 0),
(68887, 7, 786.545, -21.9167, -53.6825, 0, 0, 100, 0, 0),
(68887, 8, 774.192, -10.6106, -53.7327, 0, 0, 100, 0, 0),
(68887, 9, 773.925, 3.11658, -53.7172, 0, 0, 100, 0, 0),
(68887, 10, 781.98, 7.79252, -53.6991, 0, 0, 100, 0, 0),
(68887, 11, 783.496, 44.9433, -53.7352, 0, 0, 100, 0, 0),
(68887, 12, 784.57, 58.7309, -53.6953, 0, 0, 100, 0, 0),
(68887, 13, 783.496, 44.9433, -53.7352, 0, 0, 100, 0, 0),
(68887, 14, 781.98, 7.79252, -53.6991, 0, 0, 100, 0, 0),
-- Sixth patrol (two possible spawns)
(68888, 1, 811.87, -25.2166, -53.6904, 0, 0, 100, 0, 0),
(68888, 2, 796.794, -14.5872, -53.6733, 0, 0, 100, 0, 0),
(68888, 3, 803.802, -5.47762, -53.6552, 0, 0, 100, 0, 0),
(68888, 4, 800.327, 11.2513, -53.6704, 0, 0, 100, 0, 0),
(68888, 5, 803.43, 28.3222, -53.6365, 0, 0, 100, 0, 0),
(68888, 6, 803.879, 39.4262, -53.672, 0, 0, 100, 0, 0),
(68888, 7, 810.038, 40.6187, -53.6542, 40000, 0, 100, 0, 0),
(68888, 8, 809.069, 40.2641, -53.6568, 0, 0, 100, 0, 0),
(68888, 9, 801.317, 31.8698, -53.6365, 0, 0, 100, 0, 0),
(68888, 10, 796.212, 24.2951, -53.6492, 0, 0, 100, 0, 0),
(68888, 11, 780.355, 12.836, -53.6862, 0, 0, 100, 0, 0),
(68888, 12, 774.289, 3.12628, -53.7185, 0, 0, 100, 0, 0),
(68888, 13, 758.585, 1.25146, -53.714, 40000, 0, 100, 0, 0),
(68888, 14, 768.231, 0.35128, -53.72, 0, 0, 100, 0, 0),
(68888, 15, 775.579, -15.6753, -53.7378, 0, 0, 100, 0, 0),
(68888, 16, 791.5, -26.4753, -53.7006, 20000, 0, 100, 0, 0),
(68888, 17, 791.093, -26.4291, -53.7006, 0, 0, 100, 0, 0),
(68888, 18, 795.717, -22.4336, -53.6528, 0, 0, 100, 0, 0),
(68888, 19, 812.793, -25.571, -53.6914, 45000, 0, 100, 0, 0),
(68889, 1, 811.87, -25.2166, -53.6904, 0, 0, 100, 0, 0),
(68889, 2, 796.794, -14.5872, -53.6733, 0, 0, 100, 0, 0),
(68889, 3, 803.802, -5.47762, -53.6552, 0, 0, 100, 0, 0),
(68889, 4, 800.327, 11.2513, -53.6704, 0, 0, 100, 0, 0),
(68889, 5, 803.43, 28.3222, -53.6365, 0, 0, 100, 0, 0),
(68889, 6, 803.879, 39.4262, -53.672, 0, 0, 100, 0, 0),
(68889, 7, 810.038, 40.6187, -53.6542, 40000, 0, 100, 0, 0),
(68889, 8, 809.069, 40.2641, -53.6568, 0, 0, 100, 0, 0),
(68889, 9, 801.317, 31.8698, -53.6365, 0, 0, 100, 0, 0),
(68889, 10, 796.212, 24.2951, -53.6492, 0, 0, 100, 0, 0),
(68889, 11, 780.355, 12.836, -53.6862, 0, 0, 100, 0, 0),
(68889, 12, 774.289, 3.12628, -53.7185, 0, 0, 100, 0, 0),
(68889, 13, 758.585, 1.25146, -53.714, 40000, 0, 100, 0, 0),
(68889, 14, 768.231, 0.35128, -53.72, 0, 0, 100, 0, 0),
(68889, 15, 775.579, -15.6753, -53.7378, 0, 0, 100, 0, 0),
(68889, 16, 791.5, -26.4753, -53.7006, 20000, 0, 100, 0, 0),
(68889, 17, 791.093, -26.4291, -53.7006, 0, 0, 100, 0, 0),
(68889, 18, 795.717, -22.4336, -53.6528, 0, 0, 100, 0, 0),
(68889, 19, 812.793, -25.571, -53.6914, 45000, 0, 100, 0, 0);

-- Classic [1137]
-- Foulbelly
 UPDATE creature_template SET UnitFlags = 64, SpeedWalk = 1, UnitClass = 2, DamageMultiplier = 2.2, MinMeleeDmg = 58.1, MaxMeleeDmg = 76.9, MinRangedDmg = 0, MaxRangedDmg = 0, Armor = 1841, MeleeAttackPower = 142, RangedAttackPower = 13, MeleeBaseAttackTime = 2000, RangedBaseAttackTime = 2000 WHERE Entry = 2601;

-- Classic [1136]
-- Swinegart Spearhide
UPDATE creature_template SET UnitFlags = 64, SpeedWalk = 1, Rank = 2, HealthMultiplier = 3, DamageMultiplier = 1.7, ArmorMultiplier = 1, MinLevelHealth = 1686, MaxLevelHealth = 1686, MinMeleeDmg = 32, MaxMeleeDmg = 42.4, MinRangedDmg = 0, MaxRangedDmg = 0, Armor = 922, MeleeAttackPower = 78, RangedAttackPower = 4, MeleeBaseAttackTime = 2000, RangedBaseAttackTime = 2000, MovementType = 1 WHERE Entry = 5864;

-- Classic [1135]
-- Siege Golem
UPDATE creature_template SET UnitFlags = 64, SpeedWalk = 1, Rank = 2, DamageMultiplier = 1.4, ArmorMultiplier = 1.5, MinMeleeDmg = 56.0, MaxMeleeDmg = 74.3, MinRangedDmg = 0, MaxRangedDmg = 0, MeleeAttackPower = 136, RangedAttackPower = 14, MeleeBaseAttackTime = 2000, RangedBaseAttackTime = 2000 WHERE Entry = 2749;

-- Classic [1134]
-- Vile Sting
UPDATE creature_template SET UnitFlags = 64, SpeedWalk = 1, Rank = 2, DamageMultiplier = 1.7, MinMeleeDmg = 48.6, MaxMeleeDmg = 64.4, MinRangedDmg = 0, MaxRangedDmg = 0, MeleeAttackPower = 118, RangedAttackPower = 11, MeleeBaseAttackTime = 2000, RangedBaseAttackTime = 2000, MovementType = 1 WHERE Entry = 5937;

-- Classic [1133]
-- Zora 
UPDATE creature_template SET UnitFlags = 64, SpeedWalk = 1.4, SpeedRun = 10 / 7, DamageMultiplier = 3.9, MinMeleeDmg = 101.8, MaxMeleeDmg = 135.0, MinRangedDmg = 0, MaxRangedDmg = 0, MeleeAttackPower = 248, RangedAttackPower = 25, MeleeBaseAttackTime = 2000, RangedBaseAttackTime = 2000, MovementType = 1 WHERE Entry = 14474;

-- Classic [1132]
-- Zaricotl 
UPDATE creature_template SET SpeedWalk = 1, Rank = 2, DamageMultiplier = 3.5, MinMeleeDmg = 94.00, MaxMeleeDmg = 124.7, MinRangedDmg = 0, MaxRangedDmg = 0, MeleeAttackPower = 228, RangedAttackPower = 23 WHERE Entry = 2931;

-- Classic [1130]
-- Rocklance
UPDATE creature_template SET SpeedWalk = 0.66668, DamageMultiplier = 1.7, MinMeleeDmg = 25.0, MaxMeleeDmg = 33.2, MinRangedDmg = 0, MaxRangedDmg = 0, MeleeAttackPower = 60, RangedAttackPower = 2, MeleeBaseAttackTime = 2000 WHERE Entry = 5841;

-- Classic [1129]
-- Skarr the Unbreakable Mushgog & The Razza
UPDATE creature_template SET UnitFlags = 64, SpeedWalk = 0.666668, Rank = 2, DamageMultiplier = 5, MinMeleeDmg = 103.9, MaxMeleeDmg = 137.9, MinRangedDmg = 0, MaxRangedDmg = 0, Armor = 3791, MeleeAttackPower = 252, RangedAttackPower = 26, MeleeBaseAttackTime = 2000, RangedBaseAttackTime = 2000, ResistanceShadow = 0, MovementType = 1 WHERE Entry = 11447;
UPDATE creature_template SET UnitFlags = 64, SpeedWalk = 1, Rank = 2, DamageMultiplier = 12, MinMeleeDmg = 96.8, MaxMeleeDmg = 128.2, MinRangedDmg = 0, MaxRangedDmg = 0, Armor = 3075, MeleeAttackPower = 238, RangedAttackPower = 24, MeleeBaseAttackTime = 2000, RangedBaseAttackTime = 2000, MovementType = 1 WHERE Entry = 11497;
UPDATE creature_template SET SpeedWalk = 1, Rank = 2, DamageMultiplier = 10, MinMeleeDmg = 99.8, MaxMeleeDmg = 132.4, MinRangedDmg = 0, MaxRangedDmg = 0, Armor = 3435, MeleeAttackPower = 242, RangedAttackPower = 25, MeleeBaseAttackTime = 2000, RangedBaseAttackTime = 2000, MovementType = 1, EquipmentTemplateId = 20 WHERE Entry = 11498;

-- Classic [1128]
-- Dishu
UPDATE creature_template SET UnitFlags = 64, MinMeleeDmg = 13.9, MaxMeleeDmg = 18.3, MinRangedDmg = 0, MaxRangedDmg = 0, MeleeAttackPower = 46, RangedAttackPower = 1, MeleeBaseAttackTime = 1500, RangedBaseAttackTime = 1500, MovementType = 1 WHERE Entry = 5865;
UPDATE creature SET modelid = 0, position_x = 542.3774, position_y = -2402.823, position_z = 91.79166, orientation = 1.328636, spawndist = 3, MovementType = 1 WHERE guid = 51810;

-- Classic [1127]
-- Start eating and cooking healthier with Foreman Grills! 
-- stats, pathing
UPDATE creature_template SET SpeedWalk = 1, DamageMultiplier = 1.7, MinMeleeDmg = 22.1, MaxMeleeDmg = 29.2, MinRangedDmg = 0, MaxRangedDmg = 0, MeleeAttackPower = 68, RangedAttackPower = 3, MeleeBaseAttackTime = 1600, RangedBaseAttackTime = 1600, MovementType = 2 WHERE Entry = 5835;
UPDATE creature SET modelid = 0, equipment_id = 0, position_x = 1060.825, position_y = -3089.710, position_z = 105.2289, MovementType = 2 WHERE id = 5835;
DELETE FROM creature_movement_template WHERE entry = 5835;
INSERT INTO creature_movement_template (entry, point, position_x, position_y, position_z, waittime, script_id, orientation, model1, model2) VALUES
(5835, 1, 1061.986, -3086.345, 105.1251, 0, 0, 100, 0, 0),
(5835, 2, 1061.634, -3082.626, 105.1249, 0, 0, 100, 0, 0),
(5835, 3, 1060.180, -3079.965, 105.1250, 0, 0, 100, 0, 0),
(5835, 4, 1058.067, -3075.866, 105.5008, 0, 0, 100, 0, 0),
(5835, 5, 1054.894, -3071.720, 105.1248, 0, 0, 100, 0, 0),
(5835, 6, 1051.250, -3069.849, 105.1248, 0, 0, 100, 0, 0),
(5835, 7, 1047.294, -3069.876, 105.2895, 0, 0, 100, 0, 0),
(5835, 8, 1043.630, -3072.360, 105.7200, 0, 0, 100, 0, 0),
(5835, 9, 1038.298, -3076.431, 105.3281, 0, 0, 100, 0, 0),
(5835, 10, 1033.588, -3075.666, 105.1248, 0, 0, 100, 0, 0),
(5835, 11, 1031.403, -3070.742, 105.1248, 0, 0, 100, 0, 0),
(5835, 12, 1030.159, -3066.548, 105.0886, 0, 0, 100, 0, 0),
(5835, 13, 1031.585, -3060.083, 102.1546, 0, 0, 100, 0, 0),
(5835, 14, 1032.791, -3056.734, 100.4098, 0, 0, 100, 0, 0),
(5835, 15, 1035.055, -3054.109, 98.96556, 0, 0, 100, 0, 0),
(5835, 16, 1039.284, -3052.886, 98.45665, 0, 0, 100, 0, 0),
(5835, 17, 1043.775, -3054.494, 96.87997, 0, 0, 100, 0, 0),
(5835, 18, 1049.612, -3058.207, 93.91737, 0, 0, 100, 0, 0),
(5835, 19, 1053.437, -3062.934, 91.81248, 0, 0, 100, 0, 0),
(5835, 20, 1055.306, -3067.910, 91.71753, 0, 0, 100, 0, 0),
(5835, 21, 1057.021, -3073.869, 91.74790, 0, 0, 100, 0, 0),
(5835, 22, 1058.284, -3077.768, 91.74529, 0, 0, 100, 0, 0),
(5835, 23, 1059.488, -3082.520, 91.74529, 0, 0, 100, 0, 0),
(5835, 24, 1059.709, -3086.135, 91.74529, 0, 0, 100, 0, 0),
(5835, 25, 1054.993, -3091.561, 89.71048, 0, 0, 100, 0, 0),
(5835, 26, 1051.957, -3093.599, 87.61989, 0, 0, 100, 0, 0),
(5835, 27, 1047.680, -3095.379, 84.87052, 0, 0, 100, 0, 0),
(5835, 28, 1043.322, -3097.008, 82.05359, 0, 0, 100, 0, 0),
(5835, 29, 1039.548, -3097.979, 80.94704, 0, 0, 100, 0, 0),
(5835, 30, 1032.461, -3100.741, 80.94704, 0, 0, 100, 0, 0),
(5835, 31, 1028.604, -3104.469, 80.99876, 0, 0, 100, 0, 0),
(5835, 32, 1025.096, -3106.792, 80.99876, 0, 0, 100, 0, 0),
(5835, 33, 1021.447, -3109.207, 80.99876, 0, 0, 100, 0, 0),
(5835, 34, 1017.709, -3109.375, 80.82066, 0, 0, 100, 0, 0),
(5835, 35, 1017.246, -3113.847, 80.93858, 0, 0, 100, 0, 0),
(5835, 36, 1015.240, -3116.812, 81.25938, 0, 0, 100, 0, 0),
(5835, 37, 1013.111, -3118.452, 81.71165, 0, 0, 100, 0, 0),
(5835, 38, 1010.256, -3117.703, 81.96433, 0, 0, 100, 0, 0),
(5835, 39, 1009.359, -3115.536, 81.93699, 0, 0, 100, 0, 0),
(5835, 40, 1009.965, -3111.183, 81.45860, 0, 0, 100, 0, 0),
(5835, 41, 1012.349, -3109.547, 80.85960, 0, 0, 100, 0, 0),
(5835, 42, 1013.989, -3110.127, 80.97349, 0, 0, 100, 0, 0),
(5835, 43, 1019.784, -3109.268, 81.41851, 0, 0, 100, 0, 0),
(5835, 44, 1023.758, -3107.677, 80.99876, 0, 0, 100, 0, 0),
(5835, 45, 1026.932, -3105.576, 80.99876, 0, 0, 100, 0, 0),
(5835, 46, 1036.321, -3099.220, 80.94704, 0, 0, 100, 0, 0),
(5835, 47, 1043.881, -3096.502, 82.47501, 0, 0, 100, 0, 0),
(5835, 48, 1048.609, -3095.175, 85.44218, 0, 0, 100, 0, 0),
(5835, 49, 1054.600, -3092.406, 89.33358, 0, 0, 100, 0, 0),
(5835, 50, 1058.679, -3089.168, 91.74529, 0, 0, 100, 0, 0),
(5835, 51, 1060.600, -3083.751, 91.74529, 0, 0, 100, 0, 0),
(5835, 52, 1059.441, -3080.283, 91.74529, 0, 0, 100, 0, 0),
(5835, 53, 1058.013, -3076.833, 91.74529, 0, 0, 100, 0, 0),
(5835, 54, 1055.768, -3074.566, 91.74231, 0, 0, 100, 0, 0),
(5835, 55, 1053.489, -3072.353, 91.74322, 0, 0, 100, 0, 0),
(5835, 56, 1048.930, -3072.945, 91.73545, 0, 0, 100, 0, 0),
(5835, 57, 1041.483, -3075.292, 91.73331, 0, 0, 100, 0, 0),
(5835, 58, 1037.056, -3077.865, 91.77201, 0, 0, 100, 0, 0),
(5835, 59, 1030.979, -3080.973, 91.75402, 0, 0, 100, 0, 0),
(5835, 60, 1023.379, -3082.191, 91.73473, 0, 0, 100, 0, 0),
(5835, 61, 1015.590, -3080.345, 91.71867, 0, 0, 100, 0, 0),
(5835, 62, 1016.861, -3076.982, 91.72570, 0, 0, 100, 0, 0),
(5835, 63, 1019.508, -3077.520, 91.73126, 0, 0, 100, 0, 0),
(5835, 64, 1020.740, -3079.885, 91.73131, 0, 0, 100, 0, 0),
(5835, 65, 1023.992, -3081.433, 91.73708, 0, 0, 100, 0, 0),
(5835, 66, 1030.161, -3080.516, 91.75265, 0, 0, 100, 0, 0),
(5835, 67, 1035.140, -3078.666, 91.76655, 0, 0, 100, 0, 0),
(5835, 68, 1039.213, -3076.151, 91.73331, 0, 0, 100, 0, 0),
(5835, 69, 1044.727, -3073.745, 91.73195, 0, 0, 100, 0, 0),
(5835, 70, 1048.532, -3072.013, 91.73095, 0, 0, 100, 0, 0),
(5835, 71, 1052.280, -3069.468, 91.74916, 0, 0, 100, 0, 0),
(5835, 72, 1053.241, -3067.037, 91.76199, 0, 0, 100, 0, 0),
(5835, 73, 1052.287, -3063.901, 91.64170, 0, 0, 100, 0, 0),
(5835, 74, 1051.005, -3060.317, 93.13999, 0, 0, 100, 0, 0),
(5835, 75, 1046.463, -3055.466, 95.48847, 0, 0, 100, 0, 0),
(5835, 76, 1043.437, -3054.262, 97.09176, 0, 0, 100, 0, 0),
(5835, 77, 1039.259, -3053.316, 98.44495, 0, 0, 100, 0, 0),
(5835, 78, 1035.709, -3054.802, 98.98147, 0, 0, 100, 0, 0),
(5835, 79, 1033.222, -3056.353, 100.1441, 0, 0, 100, 0, 0),
(5835, 80, 1030.545, -3058.914, 101.8723, 0, 0, 100, 0, 0),
(5835, 81, 1029.746, -3062.890, 103.9907, 0, 0, 100, 0, 0),
(5835, 82, 1028.885, -3066.461, 105.0688, 0, 0, 100, 0, 0),
(5835, 83, 1027.566, -3071.804, 105.1248, 0, 0, 100, 0, 0),
(5835, 84, 1026.921, -3074.341, 105.1623, 0, 0, 100, 0, 0),
(5835, 85, 1029.291, -3078.578, 105.1248, 0, 0, 100, 0, 0),
(5835, 86, 1031.795, -3080.060, 105.1248, 0, 0, 100, 0, 0),
(5835, 87, 1034.149, -3084.094, 105.1250, 0, 0, 100, 0, 0),
(5835, 88, 1035.669, -3087.390, 104.9839, 0, 0, 100, 0, 0),
(5835, 89, 1037.765, -3091.234, 104.7197, 0, 0, 100, 0, 0),
(5835, 90, 1040.766, -3093.771, 105.0264, 0, 0, 100, 0, 0),
(5835, 91, 1044.164, -3096.444, 105.4315, 0, 0, 100, 0, 0),
(5835, 92, 1048.075, -3097.355, 105.6495, 0, 0, 100, 0, 0),
(5835, 93, 1055.781, -3094.849, 105.5749, 0, 0, 100, 0, 0),
(5835, 94, 1059.139, -3093.441, 105.4970, 0, 0, 100, 0, 0),
(5835, 95, 1060.825, -3089.710, 105.2289, 0, 0, 100, 0, 0);

-- Classic [1126]
-- Taylor Swiftmane
UPDATE creature_template SET SpeedWalk = 1, SpeedRun = 2.142857143, Rank = 2, DamageMultiplier = 1.7, MinMeleeDmg = 30.5, MaxMeleeDmg = 40.5, MinRangedDmg = 0, MaxRangedDmg = 0, MeleeAttackPower = 74, RangedAttackPower = 4, MeleeBaseAttackTime = 2000, MovementType = 2 WHERE Entry = 5831;
UPDATE creature SET modelid = 0, position_x = -715.678, position_y = -3581.36, position_z = 92.3236, orientation = 4.86482, MovementType = 2 WHERE guid = 20433;
DELETE FROM creature_movement_template WHERE entry = 5831;
INSERT INTO creature_movement_template (entry, point, position_x, position_y, position_z, waittime, script_id, orientation, model1, model2) VALUES
(5831, 38, -715.575, -3582.03, 92.3202, 0, 0, 100, 0, 0),
(5831, 37, -718.461, -3563.25, 92.4140, 0, 0, 100, 0, 0),
(5831, 36, -714.682, -3548.67, 93.9140, 0, 0, 100, 0, 0),
(5831, 35, -698.236, -3537.26, 92.6640, 0, 0, 100, 0, 0),
(5831, 34, -671.141, -3522.95, 91.8839, 0, 0, 100, 0, 0),
(5831, 33, -650.802, -3498.19, 91.8199, 0, 0, 100, 0, 0),
(5831, 32, -652.568, -3476.71, 93.8199, 0, 0, 100, 0, 0),
(5831, 31, -639.502, -3449.70, 93.8133, 0, 0, 100, 0, 0),
(5831, 30, -623.082, -3433.78, 91.7890, 0, 0, 100, 0, 0),
(5831, 29, -601.774, -3430.94, 91.7890, 0, 0, 100, 0, 0),
(5831, 28, -583.176, -3440.61, 91.7890, 0, 0, 100, 0, 0),
(5831, 27, -567.257, -3454.55, 92.2805, 0, 0, 100, 0, 0),
(5831, 26, -554.641, -3469.96, 92.9621, 0, 0, 100, 0, 0),
(5831, 25, -544.309, -3489.59, 92.9094, 0, 0, 100, 0, 0),
(5831, 24, -541.695, -3517.06, 91.7890, 0, 0, 100, 0, 0),
(5831, 23, -546.260, -3538.08, 91.7890, 0, 0, 100, 0, 0),
(5831, 22, -540.395, -3560.10, 93.1640, 0, 0, 100, 0, 0),
(5831, 21, -537.209, -3579.71, 93.4125, 0, 0, 100, 0, 0),
(5831, 20, -519.625, -3594.80, 93.7065, 0, 0, 100, 0, 0),
(5831, 19, -496.266, -3591.78, 93.5876, 0, 0, 100, 0, 0),
(5831, 18, -464.342, -3564.53, 91.7890, 0, 0, 100, 0, 0),
(5831, 17, -455.548, -3552.11, 91.9140, 0, 0, 100, 0, 0),
(5831, 16, -455.237, -3516.19, 95.3331, 0, 0, 100, 0, 0),
(5831, 15, -474.164, -3490.81, 93.2984, 0, 0, 100, 0, 0),
(5831, 14, -493.592, -3469.16, 94.1670, 0, 0, 100, 0, 0),
(5831, 13, -508.566, -3457.70, 93.4341, 0, 0, 100, 0, 0),
(5831, 12, -521.856, -3444.02, 94.6973, 0, 0, 100, 0, 0),
(5831, 11, -532.917, -3435.41, 93.4966, 0, 0, 100, 0, 0),
(5831, 10, -559.095, -3427.52, 91.7890, 0, 0, 100, 0, 0),
(5831, 9, -568.124, -3434.60, 91.7890, 0, 0, 100, 0, 0),
(5831, 8, -592.714, -3457.25, 91.7890, 0, 0, 100, 0, 0),
(5831, 7, -598.635, -3474.48, 92.5627, 0, 0, 100, 0, 0),
(5831, 6, -608.157, -3497.97, 94.3281, 0, 0, 100, 0, 0),
(5831, 5, -631.250, -3524.16, 93.1640, 0, 0, 100, 0, 0),
(5831, 4, -649.281, -3550.45, 91.7890, 0, 0, 100, 0, 0),
(5831, 3, -664.382, -3573.64, 91.7890, 0, 0, 100, 0, 0),
(5831, 2, -685.513, -3594.81, 91.8542, 0, 0, 100, 0, 0),
(5831, 1, -702.322, -3593.87, 93.8325, 0, 583101, 100, 0, 0);
DELETE FROM dbscripts_on_creature_movement WHERE id = 583101;
INSERT INTO dbscripts_on_creature_movement  (id, delay, command, datalong, datalong2, buddy_entry, search_radius, data_flags, dataint, dataint2, dataint3, dataint4, x, y, z, o, comments) VALUES
(583101,0,25,1,0,0,0,0,0,0,0,0,0,0,0,0,'Swiftmane - RUN ON');