-- console errors fixed 
DELETE FROM dbscripts_on_relay WHERE id IN(10196,10197);
INSERT INTO dbscripts_on_relay (id, delay, priority, command, datalong, datalong2, datalong3, buddy_entry, search_radius, data_flags, dataint, dataint2, dataint3, dataint4, x, y, z, o, comments) VALUES
(10196,0,0,0,19000,0,0,0,0,2,0,0,0,0,0,0,0,0,'Grella/Sky Sergeant Doryn - Random Text'),
(10197,0,0,0,19001,0,0,0,0,2,0,0,0,0,0,0,0,0,'Gahk - Random Text');
DELETE FROM dbscript_random_templates WHERE id IN (19001,19000);
INSERT INTO dbscript_random_templates (id, type, target_id, chance, comments) VALUES
(19001,0,2000018000,0,'Gahk c.23300 Revered Aura Reaction'),
(19001,0,2000018001,0,'Gahk c.23300 Revered Aura Reaction'),
(19001,0,2000018002,0,'Gahk c.23300 Revered Aura Reaction'),
(19001,0,2000018003,0,'Gahk c.23300 Revered Aura Reaction'),
(19001,0,2000018004,0,'Gahk c.23300 Revered Aura Reaction'),
(19001,0,2000018005,0,'Gahk c.23300 Revered Aura Reaction'),
(19001,0,2000018006,0,'Gahk c.23300 Revered Aura Reaction'),
(19001,0,2000018007,0,'Gahk c.23300 Revered Aura Reaction'),
(19001,0,2000018008,0,'Gahk c.23300 Revered Aura Reaction'),
(19001,0,2000018009,0,'Gahk c.23300 Revered Aura Reaction'),
(19001,0,2000018010,0,'Gahk c.23300 Revered Aura Reaction'),
(19001,0,2000018011,0,'Gahk c.23300 Revered Aura Reaction'),
(19001,0,2000018012,0,'Gahk c.23300 Revered Aura Reaction'),
(19001,0,2000018013,0,'Gahk c.23300 Revered Aura Reaction'),
(19001,0,2000018014,0,'Gahk c.23300 Revered Aura Reaction'),
(19001,0,2000018015,0,'Gahk c.23300 Revered Aura Reaction'),
(19001,0,2000018016,0,'Gahk c.23300 Revered Aura Reaction'),
(19001,0,2000018017,0,'Gahk c.23300 Revered Aura Reaction'),
(19001,0,2000018018,0,'Gahk c.23300 Revered Aura Reaction'),
--
(19000,0,2000018019,0,'Skyguard Revered Aura Reaction'),
(19000,0,2000018020,0,'Skyguard Revered Aura Reaction'),
(19000,0,2000018021,0,'Skyguard Revered Aura Reaction'),
(19000,0,2000018022,0,'Skyguard Revered Aura Reaction'),
(19000,0,2000018023,0,'Skyguard Revered Aura Reaction'),
(19000,0,2000018024,0,'Skyguard Revered Aura Reaction'),
(19000,0,2000018025,0,'Skyguard Revered Aura Reaction'),
(19000,0,2000018026,0,'Skyguard Revered Aura Reaction'),
(19000,0,2000018027,0,'Skyguard Revered Aura Reaction'),
(19000,0,2000018028,0,'Skyguard Revered Aura Reaction'),
(19000,0,2000018029,0,'Skyguard Revered Aura Reaction'),
(19000,0,2000018030,0,'Skyguard Revered Aura Reaction'),
(19000,0,2000018031,0,'Skyguard Revered Aura Reaction'),
(19000,0,2000018032,0,'Skyguard Revered Aura Reaction'),
(19000,0,2000018033,0,'Skyguard Revered Aura Reaction'),
(19000,0,2000018034,0,'Skyguard Revered Aura Reaction'),
(19000,0,2000018035,0,'Skyguard Revered Aura Reaction'),
(19000,0,2000018036,0,'Skyguard Revered Aura Reaction'),
(19000,0,2000018037,0,'Skyguard Revered Aura Reaction'),
(19000,0,2000018038,0,'Skyguard Revered Aura Reaction'),
(19000,0,2000018039,0,'Skyguard Revered Aura Reaction');
DELETE FROM dbscript_string WHERE entry BETWEEN 2000018000 AND 2000018039;
INSERT INTO dbscript_string (entry, content_default, sound, type, language, emote, comment) VALUES
(2000018000,'Yous all listen ta $n!',0,0,0,0,'Gahk c.23300 Revered Aura Reaction'),
(2000018001,'We glad, little $g brother : sister; $n here.',0,0,0,0,'Gahk c.23300 Revered Aura Reaction'),
(2000018002,'Look, it $n!',0,0,0,0,'Gahk c.23300 Revered Aura Reaction'),
(2000018003,'Little $n crush all da demons.',0,0,0,0,'Gahk c.23300 Revered Aura Reaction'),
(2000018004,'How $n today?',0,0,0,0,'Gahk c.23300 Revered Aura Reaction'),
(2000018005,'Gahk owe little $n much thanks.',0,0,0,0,'Gahk c.23300 Revered Aura Reaction'),
(2000018006,'Gahk like $n!',0,0,0,0,'Gahk c.23300 Revered Aura Reaction'),
(2000018007,'Gahk hope $n stay a while.  $n visit Gahk later.',0,0,0,0,'Gahk c.23300 Revered Aura Reaction'),
(2000018008,'Da Gronn... da Legion... $n beat dem all!',0,0,0,0,'Gahk c.23300 Revered Aura Reaction'),
(2000018009,'Da dragons get scared when yous say $n''s name.',0,0,0,0,'Gahk c.23300 Revered Aura Reaction'),
(2000018010,'Da crystals sing da perdy song when little $n here.',0,0,0,0,'Gahk c.23300 Revered Aura Reaction'),
(2000018011,'Da crystals make $n smarter.',0,0,0,0,'Gahk c.23300 Revered Aura Reaction'),
(2000018012,'$n, slay dragon?',0,0,0,0,'Gahk c.23300 Revered Aura Reaction'),
(2000018013,'$n, Gahk''s friend.',0,0,0,0,'Gahk c.23300 Revered Aura Reaction'),
(2000018014,'$n!  Da crystals sing about you!',0,0,0,0,'Gahk c.23300 Revered Aura Reaction'),
(2000018015,'$n take out forge camp all by $g himself : herself;!',0,0,0,0,'Gahk c.23300 Revered Aura Reaction'),
(2000018016,'$n here... we not worry ''bout Burning Legion any more.',0,0,0,0,'Gahk c.23300 Revered Aura Reaction'),
(2000018017,'$n da mighty $c is my little $g brother : sister;!',0,0,0,0,'Gahk c.23300 Revered Aura Reaction'),
(2000018018,'Thanks, $n.',0,0,0,0,'Gahk c.23300 Revered Aura Reaction'),
--
(2000018019,'$G Mister : Lady; $n, what an unexpected pleasure, $g sir : ma''am;.',0,0,0,0,'Skyguard Revered Aura Reaction'),
(2000018020,'$n is an officer and a $g gentleman : gentlewoman;.',0,0,0,0,'Skyguard Revered Aura Reaction'),
(2000018021,'$n, do you feel the need -- the need for speed?',0,0,0,0,'Skyguard Revered Aura Reaction'),
(2000018022,'$n, how''s your mount holding up?  Pretty rough up there these days?',0,0,0,0,'Skyguard Revered Aura Reaction'),
(2000018023,'$n, you are the Skyguard''s best; make us proud!',0,0,0,0,'Skyguard Revered Aura Reaction'),
(2000018024,'Ace pilot $n, 12 o''clock!',0,0,0,0,'Skyguard Revered Aura Reaction'),
(2000018025,'A-TEN-HUT, officer $n on the deck!',0,0,0,0,'Skyguard Revered Aura Reaction'),
(2000018026,'Buzz the landing pad lately, $n?',0,0,0,0,'Skyguard Revered Aura Reaction'),
(2000018027,'Good hunting up there, $n!',0,0,0,0,'Skyguard Revered Aura Reaction'),
(2000018028,'Heh, the skies aren''t so friendly with $n flying them!',0,0,0,0,'Skyguard Revered Aura Reaction'),
(2000018029,'Hey, it''s our ace flyer, $n!',0,0,0,0,'Skyguard Revered Aura Reaction'),
(2000018030,'I heard that $n is gunning to be the captain of the air group.',0,0,0,0,'Skyguard Revered Aura Reaction'),
(2000018031,'I''d be honored to have you on my wing anytime, $n.',0,0,0,0,'Skyguard Revered Aura Reaction'),
(2000018032,'Look who''s here.  It''s $n, our top gun.',0,0,0,0,'Skyguard Revered Aura Reaction'),
(2000018033,'Maybe one day $n will teach us a few of $g his : her; tricks?',0,0,0,0,'Skyguard Revered Aura Reaction'),
(2000018034,'Rider $n, good to see you.',0,0,0,0,'Skyguard Revered Aura Reaction'),
(2000018035,'The list of Skyguard members is long and distinguished.  $n tops that list.',0,0,0,0,'Skyguard Revered Aura Reaction'),
(2000018036,'They say that $n has never been shot down.',0,0,0,0,'Skyguard Revered Aura Reaction'),
(2000018037,'Well one thing''s for sure, $n''s not a nugget any more!',0,0,0,0,'Skyguard Revered Aura Reaction'),
(2000018038,'Well, if it isn''t our resident $g flyboy : flygirl;, $n.  How''s it going, ace?',0,0,0,0,'Skyguard Revered Aura Reaction'),
(2000018039,'With $n on the job, we have nothing to worry about.',0,0,0,0,'Skyguard Revered Aura Reaction');
