-- Indu'le Village & Lake Indu'le - Dragonblight

-- Corrupted Rager 21223
-- immune to frost spells
UPDATE creature_template SET InhabitType = 3, SchoolImmuneMask = 16 WHERE entry = 21223;
-- Moved to WoTLK Range 571x
UPDATE creature SET guid = 5712890 WHERE guid = 117840;
UPDATE creature SET guid = 5712891 WHERE guid = 117841;
UPDATE creature SET guid = 5712892 WHERE guid = 117842;
UPDATE creature SET guid = 5712893 WHERE guid = 117843;
UPDATE creature SET guid = 5712894 WHERE guid = 117844;
UPDATE creature SET guid = 5712895 WHERE guid = 117845;
UPDATE creature SET guid = 5712896 WHERE guid = 117846;
UPDATE creature SET guid = 5712897 WHERE guid = 117847;
UPDATE creature SET guid = 5712898 WHERE guid = 117848;
UPDATE creature SET guid = 5712899 WHERE guid = 117849;
UPDATE creature SET guid = 5712900 WHERE guid = 117850;
UPDATE creature SET guid = 5712901 WHERE guid = 117859;
UPDATE creature SET guid = 5712902 WHERE guid = 117861;
UPDATE creature SET guid = 5712903 WHERE guid = 117862;
UPDATE creature SET guid = 5712904 WHERE guid = 117863;
UPDATE creature SET guid = 5712905 WHERE guid = 117864;
UPDATE creature SET guid = 5712906 WHERE guid = 117865;
UPDATE creature SET guid = 5712907 WHERE guid = 117868;
UPDATE creature SET guid = 5712908 WHERE guid = 117869;
UPDATE creature SET guid = 5712909 WHERE guid = 117871;
UPDATE creature SET guid = 5712910 WHERE guid = 117872;
UPDATE creature SET position_x = 3055.345947, position_y = 1420.452637, position_z = 134.522964 WHERE guid = 5712892;
UPDATE creature SET position_x = 3003.742188, position_y = 1381.737671, position_z = 129.120377 WHERE guid = 5712894;
UPDATE creature SET position_x = 3038.599609, position_y = 1383.142456, position_z = 128.895874 WHERE guid = 5712900;
UPDATE creature SET position_x = 3042.900879, position_y = 1297.650024, position_z = 139.114029 WHERE guid = 5712909;

-- Mage-Commander Evenstar 26873
UPDATE creature SET guid = 5712911 WHERE guid = 119545;
UPDATE creature_template SET NpcFlags = 2, DynamicFlags = 0 WHERE entry = 26873;

-- Focus Wizard 26816
-- Moved to WoTLK Range 571x
UPDATE creature SET guid = 5712912 WHERE guid = 113940;
UPDATE creature SET guid = 5712913 WHERE guid = 113943;
UPDATE creature SET guid = 5712914 WHERE guid = 113944;
UPDATE creature SET guid = 5712915 WHERE guid = 113945;
UPDATE creature SET guid = 5712916 WHERE guid = 113951;
UPDATE creature SET guid = 5712917 WHERE guid = 113953;
UPDATE creature SET guid = 5712918 WHERE guid = 113954;
UPDATE creature SET guid = 5712919 WHERE guid = 113955;
UPDATE creature SET guid = 5712920 WHERE guid = 113964;
UPDATE creature SET guid = 5712921 WHERE guid = 113965;
UPDATE creature SET guid = 5712922 WHERE guid = 113966;
UPDATE creature SET guid = 5712923 WHERE guid = 113967;
UPDATE creature SET guid = 5712924 WHERE guid = 113968;
UPDATE creature SET guid = 5712925 WHERE guid = 113969;
UPDATE creature SET guid = 5712926 WHERE guid = 113970;
UPDATE creature SET guid = 5712927 WHERE guid = 113973;
UPDATE creature SET guid = 5712928 WHERE guid = 113995;
UPDATE creature SET guid = 5712929 WHERE guid = 113996;
UPDATE creature SET guid = 5712930 WHERE guid = 113997;
UPDATE creature SET guid = 5712931 WHERE guid = 113998;
UPDATE creature SET guid = 5712932 WHERE guid = 113999;
UPDATE creature SET guid = 5712933 WHERE guid = 114000;
UPDATE creature SET guid = 5712934 WHERE guid = 114001;
UPDATE creature SET guid = 5712935 WHERE guid = 114002;
UPDATE creature SET guid = 5712936 WHERE guid = 114003; 
UPDATE creature SET guid = 5712937 WHERE guid = 114004;
UPDATE creature SET guid = 5712938 WHERE guid = 114005;
UPDATE creature SET guid = 5712939 WHERE guid = 114006;
UPDATE creature SET guid = 5712940 WHERE guid = 114007;
UPDATE creature SET guid = 5712941 WHERE guid = 114008;
UPDATE creature SET guid = 5712942 WHERE guid = 114009;
UPDATE creature SET guid = 5712943 WHERE guid = 114010;
UPDATE creature SET guid = 5712944 WHERE guid = 114011;
UPDATE creature SET guid = 5712945 WHERE guid = 114012;
UPDATE creature SET guid = 5712946 WHERE guid = 114013;
UPDATE creature SET guid = 5712947 WHERE guid = 114014;
UPDATE creature SET guid = 5712948 WHERE guid = 114015;
UPDATE creature SET guid = 5712949 WHERE guid = 114016;
UPDATE creature SET guid = 5712950 WHERE guid = 114017;
UPDATE creature SET guid = 5712951 WHERE guid = 114018;
UPDATE creature SET guid = 5712952 WHERE guid = 114019;
UPDATE creature SET guid = 5712953 WHERE guid = 114020;
UPDATE creature SET guid = 5712954 WHERE guid = 114026;
UPDATE creature SET guid = 5712955 WHERE guid = 114027;
UPDATE creature SET guid = 5712956 WHERE guid = 114028;
UPDATE creature SET guid = 5712957 WHERE guid = 114029;
UPDATE creature SET guid = 5712958 WHERE guid = 114030;
UPDATE creature SET guid = 5712959 WHERE guid = 114031;
UPDATE creature SET guid = 5712960 WHERE guid = 114032;
UPDATE creature SET guid = 5712961 WHERE guid = 114033;
UPDATE creature SET guid = 5712962 WHERE guid = 114034;
UPDATE creature SET guid = 5712963 WHERE guid = 114035;
UPDATE creature SET guid = 5712964 WHERE guid = 114037;
UPDATE creature SET guid = 5712965 WHERE guid = 114038;
UPDATE creature SET guid = 5712966 WHERE guid = 114039;
UPDATE creature SET guid = 5712967 WHERE guid = 114040;
UPDATE creature SET guid = 5712968 WHERE guid = 114041;
UPDATE creature SET guid = 5712969 WHERE guid = 114042;
UPDATE creature SET guid = 5712970 WHERE guid = 114043; 
UPDATE creature SET guid = 5712971 WHERE guid = 114048;
UPDATE creature SET guid = 5712972 WHERE guid = 114049;
UPDATE creature SET guid = 5712973 WHERE guid = 114050;
UPDATE creature SET guid = 5712974 WHERE guid = 114051;
UPDATE creature SET guid = 5712975 WHERE guid = 114052;
UPDATE creature SET guid = 5712976 WHERE guid = 114054;
UPDATE creature SET guid = 5712977 WHERE guid = 114055;
UPDATE creature SET guid = 5712978 WHERE guid = 114056;
UPDATE creature SET guid = 5712979 WHERE guid = 114057;
UPDATE creature SET guid = 5712980 WHERE guid = 114058;
UPDATE creature SET guid = 5712981 WHERE guid = 114059;
UPDATE creature SET guid = 5712982 WHERE guid = 114060;
UPDATE creature SET guid = 5712983 WHERE guid = 114061;
UPDATE creature SET guid = 5712984 WHERE guid = 114062;
UPDATE creature SET guid = 5712985 WHERE guid = 114063;
UPDATE creature SET guid = 5712986 WHERE guid = 114064;
UPDATE creature SET guid = 5712987 WHERE guid = 114065;
UPDATE creature SET guid = 5712988 WHERE guid = 114069;
UPDATE creature SET guid = 5712989 WHERE guid = 114073;
UPDATE creature SET guid = 5712990 WHERE guid = 114074;
UPDATE creature_template SET DynamicFlags = 0, InhabitType = 3 WHERE entry = 26816;
DELETE FROM creature_addon WHERE guid IN (SELECT guid FROM creature WHERE id = 26816);
DELETE FROM creature_template_addon WHERE entry = 26816;
INSERT INTO creature_template_addon (entry, mount, bytes1, b2_0_sheath, b2_1_pvp_state, emote, moveflags, auras) VALUES 
(26816,0,0,1,0,0,0,NULL);
-- death must be static
UPDATE creature SET spawndist = 0, MovementType = 0 WHERE guid IN (5712913,5712914,5712915,5712917,5712918,5712919);
-- Individual addons
DELETE FROM creature_addon WHERE guid IN (5712913,5712914,5712915,5712917,5712918,5712919);
INSERT INTO creature_addon (guid, mount, bytes1, b2_0_sheath, b2_1_pvp_state, emote, moveflags, auras) VALUES 
(5712913,0,0,1,0,0,0,29266),
(5712914,0,0,1,0,0,0,29266),
(5712915,0,0,1,0,0,0,29266),
(5712917,0,0,1,0,0,0,29266),
(5712918,0,0,1,0,0,0,29266),
(5712919,0,0,1,0,0,0,29266);
DELETE FROM dbscripts_on_relay WHERE id = 20183;
INSERT INTO dbscripts_on_relay (id, delay, command, datalong, datalong2, datalong3, buddy_entry, search_radius, data_flags, dataint, dataint2, dataint3, dataint4, x, y, z, o, comments) VALUES
(20183,0,42,0,0,0,0,0,0,0,0,0,0,0,0,0,0,'26816 - drop equip');

-- Dragonblight Mage Hunter 26280
-- Moved to WoTLK Range 571x
UPDATE creature SET guid = 5712991 WHERE guid = 111717;
UPDATE creature SET guid = 5712992 WHERE guid = 111727;
UPDATE creature SET guid = 5712993 WHERE guid = 111728;
UPDATE creature SET guid = 5712994 WHERE guid = 111731;
UPDATE creature SET guid = 5712995 WHERE guid = 111732;
UPDATE creature SET guid = 5712996 WHERE guid = 111733;
UPDATE creature SET guid = 5712997 WHERE guid = 111734;
UPDATE creature SET guid = 5712998 WHERE guid = 111735;
UPDATE creature SET guid = 5712999 WHERE guid = 111736;
UPDATE creature SET guid = 5713000 WHERE guid = 111737;
UPDATE creature SET guid = 5713001 WHERE guid = 111738;
UPDATE creature SET guid = 5713002 WHERE guid = 111743;
UPDATE creature SET guid = 5713003 WHERE guid = 111744;
UPDATE creature SET guid = 5713004 WHERE guid = 111747;
UPDATE creature SET guid = 5713005 WHERE guid = 111749;
UPDATE creature SET guid = 5713006 WHERE guid = 111750;
UPDATE creature SET guid = 5713007 WHERE guid = 111753;
UPDATE creature SET guid = 5713008 WHERE guid = 111754;
UPDATE creature SET guid = 5713009 WHERE guid = 111755;
UPDATE creature SET guid = 5713010 WHERE guid = 111756;
UPDATE creature SET guid = 5713011 WHERE guid = 111757;
UPDATE creature SET guid = 5713012 WHERE guid = 111758;
UPDATE creature SET guid = 5713013 WHERE guid = 111759;
UPDATE creature SET guid = 5713014 WHERE guid = 111760;
UPDATE creature SET guid = 5713015 WHERE guid = 111761;
UPDATE creature SET guid = 5713016 WHERE guid = 111762;
UPDATE creature SET guid = 5713017 WHERE guid = 111763;
UPDATE creature SET guid = 5713018 WHERE guid = 111764;
UPDATE creature SET guid = 5713019 WHERE guid = 111765;
UPDATE creature SET guid = 5713020 WHERE guid = 111766;
UPDATE creature SET guid = 5713021 WHERE guid = 111767;
UPDATE creature SET guid = 5713022 WHERE guid = 111768;
UPDATE creature SET guid = 5713023 WHERE guid = 111769;
UPDATE creature SET guid = 5713024 WHERE guid = 111770;
UPDATE creature SET guid = 5713025 WHERE guid = 111771;
UPDATE creature SET guid = 5713026 WHERE guid = 111772;
UPDATE creature SET guid = 5713027 WHERE guid = 111773;
UPDATE creature SET guid = 5713028 WHERE guid = 111774;
UPDATE creature SET guid = 5713029 WHERE guid = 111775;
UPDATE creature SET guid = 5713030 WHERE guid = 111776;
UPDATE creature SET guid = 5713031 WHERE guid = 111777;
UPDATE creature SET guid = 5713032 WHERE guid = 111778;
UPDATE creature SET guid = 5713033 WHERE guid = 111779;
UPDATE creature SET guid = 5713034 WHERE guid = 111788;
UPDATE creature SET guid = 5713035 WHERE guid = 111789;
UPDATE creature SET guid = 5713036 WHERE guid = 111790;
UPDATE creature SET guid = 5713037 WHERE guid = 111791;
UPDATE creature SET guid = 5713038 WHERE guid = 111792;
UPDATE creature SET guid = 5713039 WHERE guid = 111793;
UPDATE creature SET guid = 5713040 WHERE guid = 111794;
UPDATE creature SET guid = 5713041 WHERE guid = 111795;
UPDATE creature SET guid = 5713042 WHERE guid = 111796;
UPDATE creature SET guid = 5713043 WHERE guid = 111797;
UPDATE creature SET guid = 5713044 WHERE guid = 111798;
UPDATE creature SET guid = 5713045 WHERE guid = 111799;
UPDATE creature SET guid = 5713046 WHERE guid = 111800;
UPDATE creature SET guid = 5713047 WHERE guid = 111801;
UPDATE creature SET guid = 5713048 WHERE guid = 111802;
UPDATE creature SET guid = 5713049 WHERE guid = 111803;
UPDATE creature SET guid = 5713050 WHERE guid = 111804;
UPDATE creature SET guid = 5713051 WHERE guid = 111805;
UPDATE creature SET guid = 5713052 WHERE guid = 111806;
UPDATE creature SET guid = 5713053 WHERE guid = 111807;
UPDATE creature SET guid = 5713054 WHERE guid = 111808;
UPDATE creature SET guid = 5713055 WHERE guid = 111809;
UPDATE creature SET guid = 5713056 WHERE guid = 111810;
UPDATE creature SET guid = 5713057 WHERE guid = 111811;
UPDATE creature SET guid = 5713058 WHERE guid = 111812;
UPDATE creature SET guid = 5713059 WHERE guid = 111813;
UPDATE creature SET guid = 5713060 WHERE guid = 111814;
UPDATE creature SET guid = 5713061 WHERE guid = 111815;
UPDATE creature SET guid = 5713062 WHERE guid = 111816;
UPDATE creature SET guid = 5713063 WHERE guid = 111817;
UPDATE creature SET guid = 5713064 WHERE guid = 111818;
UPDATE creature SET guid = 5713065 WHERE guid = 111819;
UPDATE creature SET guid = 5713066 WHERE guid = 111820;
UPDATE creature SET guid = 5713067 WHERE guid = 111822;
UPDATE creature SET guid = 5713068 WHERE guid = 111823;
UPDATE creature SET guid = 5713069 WHERE guid = 111824;
UPDATE creature SET guid = 5713070 WHERE guid = 111825;
UPDATE creature SET guid = 5713071 WHERE guid = 111826;
UPDATE creature SET guid = 5713072 WHERE guid = 111827;
UPDATE creature SET guid = 5713073 WHERE guid = 111834;
UPDATE creature SET guid = 5713074 WHERE guid = 111836;
UPDATE creature SET guid = 5713075 WHERE guid = 111837;
UPDATE creature SET guid = 5713076 WHERE guid = 111838;
UPDATE creature SET guid = 5713077 WHERE guid = 111839;
UPDATE creature SET guid = 5713078 WHERE guid = 111840;
UPDATE creature SET guid = 5713079 WHERE guid = 111841;
UPDATE creature SET guid = 5713080 WHERE guid = 111845;
UPDATE creature SET guid = 5713081 WHERE guid = 111848;
UPDATE creature_template SET DynamicFlags = 0, InhabitType = 3 WHERE entry = 26280;
DELETE FROM creature_addon WHERE guid IN (SELECT guid FROM creature WHERE id = 26280);
DELETE FROM creature_template_addon WHERE entry = 26280;
INSERT INTO creature_template_addon (entry, mount, bytes1, b2_0_sheath, b2_1_pvp_state, emote, moveflags, auras) VALUES 
(26280,0,0,1,0,0,0,NULL);
-- death must be static
UPDATE creature SET spawndist = 0, MovementType = 0 WHERE guid IN (5712994,5712995,5712996,5712999,5713000,5713001,5713003);
-- Individual addons
DELETE FROM creature_addon WHERE guid IN (5712994,5712995,5712996,5712999,5713000,5713001,5713003);
INSERT INTO creature_addon (guid, mount, bytes1, b2_0_sheath, b2_1_pvp_state, emote, moveflags, auras) VALUES 
(5712994,0,0,1,0,0,0,29266),
(5712995,0,0,1,0,0,0,29266),
(5712996,0,0,1,0,0,0,29266),
(5712999,0,0,1,0,0,0,29266),
(5713000,0,0,1,0,0,0,29266),
(5713001,0,0,1,0,0,0,29266),
(5713003,0,0,1,0,0,0,29266);

-- Indu'le Fisherman 26343
-- Moved to WoTLK Range 571x
UPDATE creature SET guid = 5713082 WHERE guid = 117852;
UPDATE creature SET guid = 5713083 WHERE guid = 117854;
UPDATE creature SET guid = 5713084 WHERE guid = 117856;
UPDATE creature SET guid = 5713085 WHERE guid = 117858;
UPDATE creature SET guid = 5713086 WHERE guid = 117867;
UPDATE creature SET guid = 5713087 WHERE guid = 117870;
UPDATE creature SET guid = 5713088 WHERE guid = 117873;
UPDATE creature SET guid = 5713089 WHERE guid = 117874;
UPDATE creature SET guid = 5713090 WHERE guid = 117877;
UPDATE creature SET guid = 5713091 WHERE guid = 117878;
UPDATE creature SET guid = 5713092 WHERE guid = 117879;
UPDATE creature SET position_z = 148.85 WHERE guid = 5713088;
UPDATE creature SET position_z = 148.85 WHERE guid = 5713084;
UPDATE creature SET position_x = 3069.813965, position_y = 1484.801025, position_z = 148.912008, orientation = 4.206244 WHERE guid = 5713090;
UPDATE creature SET position_x = 3108.258057, position_y = 1466.728027, position_z = 148.853851, orientation = 3.874631, spawndist = 0, MovementType = 0 WHERE guid = 5713091;
-- missing added
DELETE FROM creature_addon WHERE guid BETWEEN 5713093 AND 5713096;
DELETE FROM creature_movement WHERE id BETWEEN 5713093 AND 5713096;
DELETE FROM game_event_creature WHERE guid BETWEEN 5713093 AND 5713096;
DELETE FROM game_event_creature_data WHERE guid BETWEEN 5713093 AND 5713096;
DELETE FROM creature_battleground WHERE guid BETWEEN 5713093 AND 5713096;
DELETE FROM creature_linking WHERE guid BETWEEN 5713093 AND 5713096
OR master_guid BETWEEN 5713093 AND 5713096;
DELETE FROM creature WHERE guid BETWEEN 5713093 AND 5713096;
INSERT INTO creature (guid, id, map, spawnMask, phaseMask, modelid, equipment_id, position_x, position_y, position_z, orientation, spawntimesecsmin, spawntimesecsmax, spawndist, currentwaypoint, curhealth, curmana, DeathState, MovementType) VALUES
(5713093,26343,571,1,1,0,0,2959.29,1401.29,148.985,0.05235988,300,300,0,0,9291,3231,0,0),
(5713094,26343,571,1,1,0,0,2975.9,1368.49,149.619,0.052359882,300,300,0,0,9291,3231,0,0),
(5713095,26343,571,1,1,0,0,2981.42,1492.33,151.537,3.717551,300,300,0,0,9291,3231,0,0),
(5713096,26343,571,1,1,0,0,3053.27,1597.43,156.842,3.351032,300,300,0,0,9291,3231,0,0);
DELETE FROM creature_addon WHERE guid IN (SELECT guid FROM creature WHERE id = 26343);
DELETE FROM creature_template_addon WHERE entry = 26343;
INSERT INTO creature_template_addon (entry, mount, bytes1, b2_0_sheath, b2_1_pvp_state, emote, moveflags, auras) VALUES 
(26343,0,0,1,0,0,0,NULL);
-- individual addons
DELETE FROM creature_addon WHERE guid IN (5713095,5713096);
INSERT INTO creature_addon (guid, mount, bytes1, b2_0_sheath, b2_1_pvp_state, emote, moveflags, auras) VALUES 
(5713095,0,0,1,0,0,0,46583),
(5713096,0,0,1,0,0,0,46583);

-- Deranged Indu'le Villager 26411
-- Moved to WoTLK Range 571x
UPDATE creature SET guid = 5713097 WHERE guid = 100036;
UPDATE creature SET guid = 5713098 WHERE guid = 100037;
UPDATE creature SET guid = 5713099 WHERE guid = 100038;
UPDATE creature SET guid = 5713100 WHERE guid = 100039;
UPDATE creature SET guid = 5713101 WHERE guid = 100040;
UPDATE creature SET guid = 5713102 WHERE guid = 100041;
UPDATE creature SET guid = 5713103 WHERE guid = 100042;
UPDATE creature SET guid = 5713104 WHERE guid = 100043;
UPDATE creature SET guid = 5713105 WHERE guid = 100044;
UPDATE creature SET guid = 5713106 WHERE guid = 100047;
UPDATE creature SET guid = 5713107 WHERE guid = 100048;
UPDATE creature SET guid = 5713108 WHERE guid = 100049;
UPDATE creature SET position_x = 3176.688965, position_y = 1516.702026, position_z = 152.485489, orientation = 2.303835 WHERE guid = 5713107;
UPDATE creature SET position_x = 3246.200439, position_y = 1505.575684, position_z = 170.046585, orientation = 4.885970 WHERE guid = 5713104;
-- missing added
DELETE FROM creature_addon WHERE guid BETWEEN 5713109 AND 5713112;
DELETE FROM creature_movement WHERE id BETWEEN 5713109 AND 5713112;
DELETE FROM game_event_creature WHERE guid BETWEEN 5713109 AND 5713112;
DELETE FROM game_event_creature_data WHERE guid BETWEEN 5713109 AND 5713112;
DELETE FROM creature_battleground WHERE guid BETWEEN 5713109 AND 5713112;
DELETE FROM creature_linking WHERE guid BETWEEN 5713109 AND 5713112
OR master_guid BETWEEN 5713109 AND 5713112;
DELETE FROM creature WHERE guid BETWEEN 5713109 AND 5713112;
INSERT INTO creature (guid, id, map, spawnMask, phaseMask, modelid, equipment_id, position_x, position_y, position_z, orientation, spawntimesecsmin, spawntimesecsmax, spawndist, currentwaypoint, curhealth, curmana, DeathState, MovementType) VALUES
(5713109,26411,571,1,1,0,0,2974.06,1598.67,154.154,3.281219,300,300,0,0,9291,0,0,0),
(5713110,26411,571,1,1,0,0,3226.57,1281.26,165.706,4.607669,300,300,0,0,9291,0,0,0),
(5713111,26411,571,1,1,0,0,2920.22,1281.8,151.668,5.8679,300,300,0,0,9291,0,0,0),
(5713112,26411,571,1,1,0,0,2958.4,1446.34,151.625,2.47993,300,300,0,0,9291,0,0,0);
UPDATE creature SET spawndist = 5, MovementType = 1 WHERE guid IN (5713097,5713098,5713099,5713100,5713101,5713102,5713103,5713105,5713106,5713107,5713108,5713109,5713110,5713111,5713112);
-- waypoints
UPDATE creature SET spawndist = 0, MovementType = 2 WHERE guid = 5713104;
DELETE FROM creature_movement WHERE id = 5713104;
INSERT INTO creature_movement (id,point,position_x,position_y,position_z,orientation,waittime,script_id) VALUES
(5713104,1,3248.03,1497.93,169.31,4.9441,0,0),
(5713104,2,3250.27,1477.72,168.622,4.8592,0,0),
(5713104,3,3250.86,1457.92,170.607,4.8043,0,0),
(5713104,4,3250.26,1476.71,168.663,1.58023,0,0),
(5713104,5,3248.4,1496.96,169.103,1.71375,0,0),
(5713104,6,3244.4,1513.44,169.878,1.85512,0,0),
(5713104,7,3238.46,1521.07,170.388,2.33422,0,0),
(5713104,8,3226.96,1535.28,171.107,1.79779,0,0),
(5713104,9,3236.95,1522.91,170.518,5.39727,0,0),
(5713104,10,3244.34,1513.67,169.882,4.80763,0,0);

-- Indu'le Mystic 26336 
-- Moved to WoTLK Range 571x
UPDATE creature SET guid = 5713113 WHERE guid = 117362;
UPDATE creature SET guid = 5713114 WHERE guid = 117367;
UPDATE creature SET position_x = 3148.415039, position_y = 1488.366943, position_z = 152.263168, orientation = 1.986972 WHERE guid = 5713114;
-- missing added
DELETE FROM creature_addon WHERE guid BETWEEN 5713115 AND 5713117;
DELETE FROM creature_movement WHERE id BETWEEN 5713115 AND 5713117;
DELETE FROM game_event_creature WHERE guid BETWEEN 5713115 AND 5713117;
DELETE FROM game_event_creature_data WHERE guid BETWEEN 5713115 AND 5713117;
DELETE FROM creature_battleground WHERE guid BETWEEN 5713115 AND 5713117;
DELETE FROM creature_linking WHERE guid BETWEEN 5713115 AND 5713117
OR master_guid BETWEEN 5713115 AND 5713117;
DELETE FROM creature WHERE guid BETWEEN 5713115 AND 5713117;
INSERT INTO creature (guid, id, map, spawnMask, phaseMask, modelid, equipment_id, position_x, position_y, position_z, orientation, spawntimesecsmin, spawntimesecsmax, spawndist, currentwaypoint, curhealth, curmana, DeathState, MovementType) VALUES
(5713115,26336,571,1,1,0,0,2912.26,1487.03,156.878,6.161012,300,300,0,0,7432,7332,0,0),
(5713116,26336,571,1,1,0,0,3066.5,1574.24,157.502,3.961897,300,300,0,0,7432,7332,0,0),
(5713117,26336,571,1,1,0,0,2920.67,1292.76,151.795,1.9905,300,300,0,0,7432,7332,0,0); -- linked
DELETE FROM creature_addon WHERE guid IN (SELECT guid FROM creature WHERE id = 26336);
DELETE FROM creature_template_addon WHERE entry = 26336;
INSERT INTO creature_template_addon (entry, mount, bytes1, b2_0_sheath, b2_1_pvp_state, emote, moveflags, auras) VALUES 
(26336,0,0,1,0,0,0,NULL);
-- individual addons
DELETE FROM creature_addon WHERE guid BETWEEN 5713113 AND 5713116;
INSERT INTO creature_addon (guid, mount, bytes1, b2_0_sheath, b2_1_pvp_state, emote, moveflags, auras) VALUES 
(5713113,0,0,1,0,0,0,39550),
(5713114,0,0,1,0,0,0,39550),
(5713115,0,0,1,0,0,0,39550),
(5713116,0,0,1,0,0,0,39550);

-- Indu'le Warrior 26344
-- Moved to WoTLK Range 571x
UPDATE creature SET guid = 5713118 WHERE guid = 117891;
UPDATE creature SET guid = 5713119 WHERE guid = 117892;
UPDATE creature SET guid = 5713120 WHERE guid = 117893;
UPDATE creature SET guid = 5713121 WHERE guid = 117894;
UPDATE creature SET guid = 5713122 WHERE guid = 117895;
UPDATE creature SET guid = 5713123 WHERE guid = 117896;
UPDATE creature SET guid = 5713124 WHERE guid = 117897;
UPDATE creature SET guid = 5713125 WHERE guid = 117898;
UPDATE creature SET guid = 5713126 WHERE guid = 117899;
UPDATE creature SET guid = 5713127 WHERE guid = 117900;
UPDATE creature SET guid = 5713128 WHERE guid = 117901;
-- missing added
DELETE FROM creature_addon WHERE guid BETWEEN 5713129 AND 5713136;
DELETE FROM creature_movement WHERE id BETWEEN 5713129 AND 5713136;
DELETE FROM game_event_creature WHERE guid BETWEEN 5713129 AND 5713136;
DELETE FROM game_event_creature_data WHERE guid BETWEEN 5713129 AND 5713136;
DELETE FROM creature_battleground WHERE guid BETWEEN 5713129 AND 5713136;
DELETE FROM creature_linking WHERE guid BETWEEN 5713129 AND 5713136
OR master_guid BETWEEN 5713129 AND 5713136;
DELETE FROM creature WHERE guid BETWEEN 5713129 AND 5713136;
INSERT INTO creature (guid, id, map, spawnMask, phaseMask, modelid, equipment_id, position_x, position_y, position_z, orientation, spawntimesecsmin, spawntimesecsmax, spawndist, currentwaypoint, curhealth, curmana, DeathState, MovementType) VALUES
(5713129,26344,571,1,1,0,0,2923.2,1294.11,151.711,1.9905,300,300,0,0,9291,0,0,0),
(5713130,26344,571,1,1,0,0,2920.25,1418.06,151.309,2.169403,300,300,0,0,9291,0,0,0),
(5713131,26344,571,1,1,0,0,2918.86,1423.59,151.49,5.096361,300,300,0,0,9291,0,0,0),
(5713132,26344,571,1,1,0,0,2921.46,1450.63,156.876,4.694936,300,300,0,0,9291,0,0,0),
(5713133,26344,571,1,1,0,0,2901.81,1471.93,156.878,1.623156,300,300,0,0,9291,0,0,0),
(5713134,26344,571,1,1,0,0,2937.97,1555.59,150.983,5.969026,300,300,0,0,9291,0,0,0),
(5713135,26344,571,1,1,0,0,2942.39,1568.98,150.602,5.899213,300,300,0,0,9291,0,0,0),
(5713136,26344,571,1,1,0,0,3236.52,1422.54,150.966,5.864306,300,300,0,0,9291,0,0,0);
DELETE FROM creature_addon WHERE guid IN (SELECT guid FROM creature WHERE id = 26344);
DELETE FROM creature_template_addon WHERE entry = 26344;
INSERT INTO creature_template_addon (entry, mount, bytes1, b2_0_sheath, b2_1_pvp_state, emote, moveflags, auras) VALUES 
(26344,0,0,1,0,0,0,NULL);
-- individual addons
DELETE FROM creature_addon WHERE guid IN (5713119,5713120,5713121,5713122,5713124,5713125,5713128,5713133,5713134,5713135,5713136);
INSERT INTO creature_addon (guid, mount, bytes1, b2_0_sheath, b2_1_pvp_state, emote, moveflags, auras) VALUES 
(5713119,0,0,1,0,375,0,NULL),
(5713120,0,0,1,0,375,0,NULL),
(5713121,0,0,1,0,375,0,NULL),
(5713122,0,0,1,0,375,0,NULL),
(5713124,0,0,1,0,375,0,NULL),
(5713125,0,0,1,0,375,0,NULL),
(5713128,0,0,1,0,375,0,NULL),
(5713133,0,1,1,0,0,0,NULL),
(5713134,0,0,1,0,375,0,NULL),
(5713135,0,0,1,0,375,0,NULL),
(5713136,0,0,1,0,375,0,NULL);
-- waypoints
UPDATE creature SET spawndist = 0, MovementType = 2 WHERE guid IN (5713118,5713123,5713126,5713127,5713129,5713130,5713132);
DELETE FROM creature_movement WHERE id IN (5713118,5713123,5713126,5713127,5713129,5713130,5713132);
INSERT INTO creature_movement (id,point,position_x,position_y,position_z,orientation,waittime,script_id) VALUES
-- 5713118
(5713118,1,3189.88,1315.27,158.569,4.38078,30000,2634401),
-- 5713123
(5713123,1,2904.95,1511.16,156.952,4.29351,30000,2634401),
-- 5713126
(5713126,1,3180.59,1463.69,151.856,1.41372,30000,2634401),
-- 5713127
(5713127,1,3194.54,1443.11,151.36,5.44543,30000,2634401),
-- 5713129
(5713129,1,2920.28,1300.8,152.933,1.85572,0,0),
(5713129,2,2918.51,1308.06,155.206,1.72613,0,0),
(5713129,3,2918.06,1315.53,157.759,1.6201,0,0),
(5713129,4,2918.01,1324.52,159.825,1.52586,0,0),
(5713129,5,2918.53,1338.94,160.903,1.52978,0,0),
(5713129,6,2919.26,1352.24,160.77,1.51408,0,0),
(5713129,7,2920.5,1364.32,159.522,1.45517,0,0),
(5713129,8,2921.78,1375.36,157.675,1.45517,0,0),
(5713129,9,2921.99,1383.05,155.579,1.59654,0,0),
(5713129,10,2922.67,1395.21,152.586,1.42376,0,0),
(5713129,11,2926.19,1405.21,151.483,1.10567,0,0),
(5713129,12,2935.06,1416.79,151.28,0.905392,0,0),
(5713129,13,2944.57,1423.31,151.371,0.622649,0,0),
(5713129,14,2956.16,1432.37,151.349,0.779728,0,0),
(5713129,15,2963.75,1442.7,151.339,1.05069,0,0),
(5713129,16,2969.23,1452.87,151.351,1.20777,0,0),
(5713129,17,2969.91,1464.18,151.413,1.63974,0,0),
(5713129,18,2969.42,1471.17,151.468,1.65545,0,0),
(5713129,19,2967.91,1480.19,151.42,1.8675,0,0),
(5713129,20,2962.61,1493.29,151.698,2.00102,0,0),
(5713129,21,2956.53,1505.9,151.524,2.00102,0,0),
(5713129,22,2951.37,1520.68,151.316,1.83609,0,0),
(5713129,23,2949.66,1533.4,150.946,1.62403,0,0),
(5713129,24,2950.47,1544.09,151.377,1.39234,0,0),
(5713129,25,2953.03,1553.29,151.214,1.21562,0,0),
(5713129,26,2957.99,1561.55,151.738,0.901464,0,0),
(5713129,27,2966.71,1570.21,153.642,0.732604,0,0),
(5713129,28,2976.17,1577.25,155.191,0.603013,0,0),
(5713129,29,2985.89,1581.99,155.795,0.33205,0,0),
(5713129,30,2996.44,1583.45,156.431,0.0375259,0,0),
(5713129,31,3009.74,1581.67,157.157,6.16363,0,0),
(5713129,32,3021.38,1582.58,157.089,0.104286,0,0),
(5713129,33,3038,1583.79,157.502,0.0610888,0,0),
(5713129,34,3052.12,1583.47,157.324,6.23039,0,0),
(5713129,35,3060.67,1581.27,157.43,5.97514,0,0),
(5713129,36,3074.78,1573.74,157.413,5.79892,0,0),
(5713129,37,3084.85,1568.05,157.438,5.74787,0,0),
(5713129,38,3092.08,1561.83,157.371,5.43371,0,0),
(5713129,39,3096.58,1553.55,157.369,5.14705,0,0),
(5713129,40,3098.1,1542.91,156.955,4.84467,0,0),
(5713129,41,3099.81,1527,155.355,4.91928,0,0),
(5713129,42,3103.58,1512.31,153.906,5.0528,0,0),
(5713129,43,3109.28,1497.89,152.25,5.26878,0,0),
(5713129,44,3116.89,1488.45,151.853,5.47298,0,0),
(5713129,45,3126.06,1479.41,151.63,5.53581,0,0),
(5713129,46,3131.85,1472.12,151.153,5.31197,0,0),
(5713129,47,3136.46,1464.05,150.837,5.20987,0,0),
(5713129,48,3142.4,1453.16,150.198,5.20987,0,0),
(5713129,49,3144.71,1455.5,150.277,2.08791,0,0),
(5713129,50,3138.9,1465.76,150.935,2.03294,0,0),
(5713129,51,3132.62,1476.28,151.394,2.19002,0,0),
(5713129,52,3123.34,1487.07,152.077,2.3471,0,0),
(5713129,53,3114.72,1497.07,152.135,2.2018,0,0),
(5713129,54,3107.55,1512.28,153.957,1.96618,0,0),
(5713129,55,3103.44,1525.55,155.349,1.79339,0,0),
(5713129,56,3101.78,1539.78,156.823,1.67558,0,0),
(5713129,57,3100.08,1552.98,157.374,1.94654,0,0),
(5713129,58,3094.85,1563.41,157.336,2.13897,0,0),
(5713129,59,3082.64,1573.4,157.484,2.61806,0,0),
(5713129,60,3067.86,1581.77,157.397,2.71623,0,0),
(5713129,61,3054.02,1587.09,157.303,2.92044,0,0),
(5713129,62,3042.43,1588.09,157.013,3.1914,0,0),
(5713129,63,3031.95,1587.45,157.049,3.22674,0,0),
(5713129,64,3018.2,1585.42,156.82,3.27779,0,0),
(5713129,65,3007.37,1584.79,156.612,3.12071,0,0),
(5713129,66,2994.74,1586.36,155.805,3.07752,0,0),
(5713129,67,2985.24,1584.79,155.678,3.52912,0,0),
(5713129,68,2974.5,1579.81,154.943,3.71762,0,0),
(5713129,69,2964.11,1572.08,153.202,3.90611,0,0),
(5713129,70,2953.41,1560.25,151.176,4.07497,0,0),
(5713129,71,2948.26,1548.23,151.225,4.48337,0,0),
(5713129,72,2946.37,1536.13,151.322,4.69543,0,0),
(5713129,73,2947.22,1522.52,151.354,4.87606,0,0),
(5713129,74,2950.21,1510.76,151.517,5.09597,0,0),
(5713129,75,2957.23,1496.26,151.613,5.19022,0,0),
(5713129,76,2962.5,1484.21,151.626,5.12739,0,0),
(5713129,77,2965.34,1475.69,151.33,5.00172,0,0),
(5713129,78,2966.69,1464.83,151.343,4.77396,0,0),
(5713129,79,2966.83,1453.85,151.113,4.67972,0,0),
(5713129,80,2962.45,1445.06,151.367,4.16529,0,0),
(5713129,81,2954.89,1435.96,151.439,3.83542,0,0),
(5713129,82,2942.19,1426.2,151.39,3.76474,0,0),
(5713129,83,2930.34,1416.71,151.001,3.88647,0,0),
(5713129,84,2922.5,1406.15,151.458,4.25561,0,0),
(5713129,85,2918.79,1395.7,152.509,4.55798,0,0),
(5713129,86,2919.16,1381.67,156.385,4.75874,0,0),
(5713129,87,2917.9,1366.46,159.623,4.55846,0,0),
(5713129,88,2916.13,1353.13,160.777,4.59381,0,0),
(5713129,89,2915.1,1340.56,160.858,4.67234,0,0),
(5713129,90,2914.45,1324.21,159.96,4.67234,0,0),
(5713129,91,2914.71,1312.07,156.747,4.77837,0,0),
(5713129,92,2917.41,1300.52,152.615,5.03755,0,0),
(5713129,93,2925.28,1284.88,151.346,5.21819,0,0),
(5713129,94,2933.26,1275.38,150.8,5.56768,0,0),
(5713129,95,2944.27,1266.37,150.587,5.62659,0,0),
(5713129,96,2957.89,1257.16,150.326,5.73654,0,0),
(5713129,97,2971.25,1249.1,149.522,5.74047,0,0),
(5713129,98,2984.83,1241.32,149.154,5.89754,0,0),
(5713129,99,3002.41,1237.71,149.521,6.11745,0,0),
(5713129,100,3011.37,1237.61,149.27,0.0581026,0,0),
(5713129,101,3024.9,1239.46,149.128,0.199474,0,0),
(5713129,102,3035.09,1241.96,149.813,0.278014,0,0),
(5713129,103,3053.69,1247.57,151.205,0.305503,0,0),
(5713129,104,3069.14,1252.47,154.759,0.329065,0,0),
(5713129,105,3079.57,1254.86,157.079,0.411532,0,0),
(5713129,106,3090.1,1262.8,158.512,0.796377,0,0),
(5713129,107,3101.81,1274.07,158.578,0.737472,0,0),
(5713129,108,3115.72,1283.63,158.441,0.588247,0,0),
(5713129,109,3126.84,1293.37,158.449,0.823866,0,0),
(5713129,110,3135.32,1303.41,158.469,0.945603,0,0),
(5713129,111,3142.86,1315.19,158.487,1.0477,0,0),
(5713129,112,3151.42,1331.06,158.295,1.10661,0,0),
(5713129,113,3155.69,1340.92,157.101,1.14588,0,0),
(5713129,114,3161.16,1350.59,155.449,1.1341,0,0),
(5713129,115,3166.79,1364.84,151.9,1.50324,0,0),
(5713129,116,3166.28,1372.52,150.74,1.72315,0,0),
(5713129,117,3163.02,1386.14,149.88,1.80561,0,0),
(5713129,118,3160.22,1397,149.305,1.82525,0,0),
(5713129,119,3158.85,1403.4,150.938,1.69959,0,0),
(5713129,120,3158.51,1413.67,151.638,1.59748,0,0),
(5713129,121,3157.66,1425.52,151.246,1.76634,0,0),
(5713129,122,3151.09,1442.39,150.344,1.94306,0,0),
(5713129,123,3148.76,1440.55,150.208,3.96939,0,0),
(5713129,124,3152.52,1428.38,150.68,5.05323,0,0),
(5713129,125,3154.45,1420.83,151.206,4.81762,0,0),
(5713129,126,3154.76,1405.44,151.1,4.83333,0,0),
(5713129,127,3156.54,1395.56,149.164,4.93542,0,0),
(5713129,128,3159.93,1381.47,150.055,4.90008,0,0),
(5713129,129,3162.59,1369.4,150.807,4.90401,0,0),
(5713129,130,3162.85,1363.47,152.208,4.60163,0,0),
(5713129,131,3157.26,1350.53,155.296,4.24428,0,0),
(5713129,132,3150.65,1338.2,157.646,4.20109,0,0),
(5713129,133,3141.68,1322.55,158.582,4.19323,0,0),
(5713129,134,3133.68,1310.48,158.579,4.09899,0,0),
(5713129,135,3125.9,1298.85,158.645,4.12647,0,0),
(5713129,136,3114.41,1288.6,158.44,3.81232,0,0),
(5713129,137,3102.63,1280.41,158.459,3.77697,0,0),
(5713129,138,3091.19,1271.16,158.442,3.85944,0,0),
(5713129,139,3082.24,1263.3,158.119,3.86337,0,0),
(5713129,140,3072.63,1258.64,156.048,3.49816,0,0),
(5713129,141,3053.34,1252.63,151.553,3.46281,0,0),
(5713129,142,3037.02,1246.55,150.214,3.50208,0,0),
(5713129,143,3023.33,1243.05,149.372,3.37642,0,0),
(5713129,144,3010.95,1241.42,149.263,3.21149,0,0),
(5713129,145,2997.82,1242.64,149.521,3.03477,0,0),
(5713129,146,2986.26,1244.89,149.368,2.80308,0,0),
(5713129,147,2973.77,1252.64,149.495,2.6028,0,0),
(5713129,148,2959.72,1260.61,150.472,2.65385,0,0),
(5713129,149,2947.1,1267.95,150.701,2.54782,0,0),
(5713129,150,2936.73,1276.11,150.944,2.48892,0,0),
(5713129,151,2930.27,1283.94,151.31,2.26115,0,0),
(5713129,152,2923.61,1293.66,151.681,2.09622,0,0),
-- 5713130
(5713130,1,2924.69,1409.81,151.262,4.82501,0,0),
(5713130,2,2920.97,1399.01,151.81,4.2556,0,0),
(5713130,3,2915.81,1397.11,152.333,2.740167,30000,2634401),
(5713130,4,2920.39,1398.96,151.829,0.504633,0,0),
(5713130,5,2924.6,1408.84,151.332,1.71493,0,0),
(5713130,6,2920.25,1418.06,151.309,2.169403,15000,2634402),
-- 5713132
(5713132,1,2921.46,1450.63,156.876,4.694936,30000,2634401);
DELETE FROM dbscripts_on_creature_movement WHERE id BETWEEN 2634401 AND 2634402;
INSERT INTO dbscripts_on_creature_movement (id, delay, command, datalong, datalong2, datalong3, buddy_entry, search_radius, data_flags, dataint, dataint2, dataint3, dataint4, x, y, z, o, comments) VALUES
(2634401,2000,42,0,0,0,0,0,0x04,1905,0,0,0,0,0,0,0,''),
(2634401,3000,1,234,0,0,0,0,0,0,0,0,0,0,0,0,0,''),
(2634401,27000,1,0,0,0,0,0,0,0,0,0,0,0,0,0,0,''),
(2634401,28000,42,0,0,0,0,0,0x04,6680,0,0,0,0,0,0,0,''),
(2634402,3000,15,33227,0,0,0,0,0,0,0,0,0,0,0,0,0,''),
(2634402,7000,15,33227,0,0,0,0,0,0,0,0,0,0,0,0,0,''),
(2634402,11000,15,33227,0,0,0,0,0,0,0,0,0,0,0,0,0,'');
-- link
DELETE FROM creature_linking WHERE guid = 5713117;
INSERT INTO creature_linking (guid, master_guid, flag) VALUES
(5713117, 5713129, 1+2+515);
