-- q.12848 'The Endless Hunger'

-- Acherus Soul Prison
DELETE FROM dbscripts_on_go_template_use WHERE id IN (191577,191580,191581,191582,191583,191584,191585,191586,191587,191588,191589,191590);
INSERT INTO dbscripts_on_go_template_use (id,delay,command,datalong,datalong2,datalong3,buddy_entry,search_radius,data_flags,dataint,dataint2,dataint3,dataint4,x,y,z,o,comments) VALUES
-- 191577
(191577,0,18,0,0,0,29521,5,7,0,0,0,0,0,0,0,0,'Acherus Soul Prison - despawn anchor'),
(191577,900,31,29567,10,0,0,0,0,0,0,0,0,0,0,0,0,'Acherus Soul Prison - spawn check'),
(191577,1000,36,0,0,0,29567,10,3,0,0,0,0,0,0,0,0,'buddy: - face Player'),
(191577,1001,28,0,0,0,29567,10,7,0,0,0,0,0,0,0,0,'buddy: - stand'),
(191577,2000,0,20208,0,0,29567,10,3,0,0,0,0,0,0,0,0,'buddy - random text #1'),
(191577,6000,3,0,0,0,29567,10,7,0,0,0,0,2461.39,-5570.92,415.664,100,'buddy: - move'),
(191577,9000,1,69,0,0,29567,10,7,0,0,0,0,0,0,0,0,'buddy: - emote'),
(191577,10000,1,0,0,0,29567,10,7,0,0,0,0,0,0,0,0,'buddy: - stand'),
(191577,11000,15,51519,0,0,29567,10,7,0,0,0,0,0,0,0,0,'buddy: - cast 51519'),
(191577,11200,42,0,0,0,29567,10,7,38707,0,0,0,0,0,0,0,'equip'),
(191577,13000,36,0,0,0,29567,10,3,0,0,0,0,0,0,0,0,'buddy: - face Player'),
(191577,13500,0,20209,0,0,29567,10,3,0,0,0,0,0,0,0,0,'buddy - random text #2'),
(191577,16000,22,2102,0x01 | 0x10,0,29567,10,7,0,0,0,0,0,0,0,0,'buddy - temp Faction'),
(191577,16500,26,0,0,0,29567,10,3,0,0,0,0,0,0,0,0,'buddy - attack Player'),
(191577,89900,41,0,0,0,29521,5,7 | 0x40,0,0,0,0,0,0,0,0,'Acherus Soul Prison - respawn Unworthy Initiate Anchor'),
(191577,90000,43,0,0,0,191577,6,0x04,0,0,0,0,0,0,0,0,'go Reset'),
-- 191580
(191580,0,18,0,0,0,29521,5,7,0,0,0,0,0,0,0,0,'Acherus Soul Prison - despawn anchor'),
(191580,900,31,29566,10,0,0,0,0,0,0,0,0,0,0,0,0,'Acherus Soul Prison - spawn check'),
(191580,1000,36,0,0,0,29566,10,3,0,0,0,0,0,0,0,0,'buddy: - face Player'),
(191580,1001,28,0,0,0,29566,10,7,0,0,0,0,0,0,0,0,'buddy: - stand'),
(191580,2000,0,20208,0,0,29566,10,3,0,0,0,0,0,0,0,0,'buddy - random text #1'),
(191580,6000,3,0,0,0,29566,10,7,0,0,0,0,2470.32,-5574.53,415.346,100,'buddy: - move'),
(191580,9000,1,381,0,0,29566,10,7,0,0,0,0,0,0,0,0,'buddy: - emote'),
(191580,10000,28,0,0,0,29566,10,7,0,0,0,0,0,0,0,0,'buddy: - stand'),
(191580,11000,15,51519,0,0,29566,10,7,0,0,0,0,0,0,0,0,'buddy: - cast 51519'),
(191580,11200,42,0,0,0,29566,10,7,38707,0,0,0,0,0,0,0,'equip'),
(191580,13000,36,0,0,0,29566,10,3,0,0,0,0,0,0,0,0,'buddy: - face Player'),
(191580,13500,0,20209,0,0,29566,10,3,0,0,0,0,0,0,0,0,'buddy - random text #2'),
(191580,16000,22,2102,0x01 | 0x10,0,29566,10,7,0,0,0,0,0,0,0,0,'buddy - temp Faction'),
(191580,16500,26,0,0,0,29566,10,3,0,0,0,0,0,0,0,0,'buddy - attack Player'),
(191580,89900,41,0,0,0,29521,5,7 | 0x40,0,0,0,0,0,0,0,0,'Acherus Soul Prison - respawn Unworthy Initiate Anchor'),
(191580,90000,43,0,0,0,191580,6,0x04,0,0,0,0,0,0,0,0,'go Reset'),
-- 191581
(191581,0,18,0,0,0,29521,5,7,0,0,0,0,0,0,0,0,'Acherus Soul Prison - despawn anchor'),
(191581,900,31,29566,10,0,0,0,0,0,0,0,0,0,0,0,0,'Acherus Soul Prison - spawn check'),
(191581,1000,36,0,0,0,29566,10,3,0,0,0,0,0,0,0,0,'buddy: - face Player'),
(191581,1001,28,0,0,0,29566,10,7,0,0,0,0,0,0,0,0,'buddy: - stand'),
(191581,2000,0,20208,0,0,29566,10,3,0,0,0,0,0,0,0,0,'buddy - random text #1'),
(191581,6000,3,0,0,0,29566,10,7,0,0,0,0,2473.42,-5574.92,415.664,100,'buddy: - move'),
(191581,9000,1,69,0,0,29566,10,7,0,0,0,0,0,0,0,0,'buddy: - emote'),
(191581,10000,1,0,0,0,29566,10,7,0,0,0,0,0,0,0,0,'buddy: - stand'),
(191581,11000,15,51519,0,0,29566,10,7,0,0,0,0,0,0,0,0,'buddy: - cast 51519'),
(191581,11200,42,0,0,0,29566,10,7,38707,0,0,0,0,0,0,0,'equip'),
(191581,13000,36,0,0,0,29566,10,3,0,0,0,0,0,0,0,0,'buddy: - face Player'),
(191581,13500,0,20209,0,0,29566,10,3,0,0,0,0,0,0,0,0,'buddy - random text #2'),
(191581,16000,22,2102,0x01 | 0x10,0,29566,10,7,0,0,0,0,0,0,0,0,'buddy - temp Faction'),
(191581,16500,26,0,0,0,29566,10,3,0,0,0,0,0,0,0,0,'buddy - attack Player'),
(191581,89900,41,0,0,0,29521,5,7 | 0x40,0,0,0,0,0,0,0,0,'Acherus Soul Prison - respawn Unworthy Initiate Anchor'),
(191581,90000,43,0,0,0,191581,6,0x04,0,0,0,0,0,0,0,0,'go Reset'),
-- 191582
(191582,0,18,0,0,0,29521,5,7,0,0,0,0,0,0,0,0,'Acherus Soul Prison - despawn anchor'),
(191582,900,31,29567,10,0,0,0,0,0,0,0,0,0,0,0,0,'Acherus Soul Prison - spawn check'),
(191582,1000,36,0,0,0,29567,10,3,0,0,0,0,0,0,0,0,'buddy: - face Player'),
(191582,1001,28,0,0,0,29567,10,7,0,0,0,0,0,0,0,0,'buddy: - stand'),
(191582,2000,0,20208,0,0,29567,10,3,0,0,0,0,0,0,0,0,'buddy - random text #1'),
(191582,6000,3,0,0,0,29567,10,7,0,0,0,0,2478.9,-5581.37,415.45,100,'buddy: - move'),
(191582,9000,1,381,0,0,29567,10,7,0,0,0,0,0,0,0,0,'buddy: - emote'),
(191582,10000,28,0,0,0,29567,10,7,0,0,0,0,0,0,0,0,'buddy: - stand'),
(191582,11000,15,51519,0,0,29567,10,7,0,0,0,0,0,0,0,0,'buddy: - cast 51519'),
(191582,11200,42,0,0,0,29567,10,7,38707,0,0,0,0,0,0,0,'equip'),
(191582,13000,36,0,0,0,29567,10,3,0,0,0,0,0,0,0,0,'buddy: - face Player'),
(191582,13500,0,20209,0,0,29567,10,3,0,0,0,0,0,0,0,0,'buddy - random text #2'),
(191582,16000,22,2102,0x01 | 0x10,0,29567,10,7,0,0,0,0,0,0,0,0,'buddy - temp Faction'),
(191582,16500,26,0,0,0,29567,10,3,0,0,0,0,0,0,0,0,'buddy - attack Player'),
(191582,89900,41,0,0,0,29521,5,7 | 0x40,0,0,0,0,0,0,0,0,'Acherus Soul Prison - respawn Unworthy Initiate Anchor'),
(191582,90000,43,0,0,0,191582,6,0x04,0,0,0,0,0,0,0,0,'go Reset'),
-- 191583
(191583,0,18,0,0,0,29521,5,7,0,0,0,0,0,0,0,0,'Acherus Soul Prison - despawn anchor'),
(191583,900,31,29567,10,0,0,0,0,0,0,0,0,0,0,0,0,'Acherus Soul Prison - spawn check'),
(191583,1000,36,0,0,0,29567,10,3,0,0,0,0,0,0,0,0,'buddy: - face Player'),
(191583,1001,28,0,0,0,29567,10,7,0,0,0,0,0,0,0,0,'buddy: - stand'),
(191583,2000,0,20208,0,0,29567,10,3,0,0,0,0,0,0,0,0,'buddy - random text #1'),
(191583,6000,3,0,0,0,29567,10,7,0,0,0,0,2482.74,-5592.36,415.664,100,'buddy: - move'),
(191583,9000,1,381,0,0,29567,10,7,0,0,0,0,0,0,0,0,'buddy: - emote'),
(191583,10000,28,0,0,0,29567,10,7,0,0,0,0,0,0,0,0,'buddy: - stand'),
(191583,11000,15,51519,0,0,29567,10,7,0,0,0,0,0,0,0,0,'buddy: - cast 51519'),
(191583,11200,42,0,0,0,29567,10,7,38707,0,0,0,0,0,0,0,'equip'),
(191583,13000,36,0,0,0,29567,10,3,0,0,0,0,0,0,0,0,'buddy: - face Player'),
(191583,13500,0,20209,0,0,29567,10,3,0,0,0,0,0,0,0,0,'buddy - random text #2'),
(191583,16000,22,2102,0x01 | 0x10,0,29567,10,7,0,0,0,0,0,0,0,0,'buddy - temp Faction'),
(191583,16500,26,0,0,0,29567,10,3,0,0,0,0,0,0,0,0,'buddy - attack Player'),
(191583,89900,41,0,0,0,29521,5,7 | 0x40,0,0,0,0,0,0,0,0,'Acherus Soul Prison - respawn Unworthy Initiate Anchor'),
(191583,90000,43,0,0,0,191583,6,0x04,0,0,0,0,0,0,0,0,'go Reset'),
-- 191584
(191584,0,18,0,0,0,29521,5,7,0,0,0,0,0,0,0,0,'Acherus Soul Prison - despawn anchor'),
(191584,900,31,29519,10,0,0,0,0,0,0,0,0,0,0,0,0,'Acherus Soul Prison - spawn check'),
(191584,1000,36,0,0,0,29519,10,3,0,0,0,0,0,0,0,0,'buddy: - face Player'),
(191584,1001,28,0,0,0,29519,10,7,0,0,0,0,0,0,0,0,'buddy: - stand'),
(191584,2000,0,20208,0,0,29519,10,3,0,0,0,0,0,0,0,0,'buddy - random text #1'),
(191584,6000,3,0,0,0,29519,10,7,0,0,0,0,2477.04,-5605.73,415.26,100,'buddy: - move'),
(191584,9000,1,381,0,0,29519,10,7,0,0,0,0,0,0,0,0,'buddy: - emote'),
(191584,10000,28,0,0,0,29519,10,7,0,0,0,0,0,0,0,0,'buddy: - stand'),
(191584,11000,15,51519,0,0,29519,10,7,0,0,0,0,0,0,0,0,'buddy: - cast 51519'),
(191584,11200,42,0,0,0,29519,10,7,38707,0,0,0,0,0,0,0,'equip'),
(191584,13000,36,0,0,0,29519,10,3,0,0,0,0,0,0,0,0,'buddy: - face Player'),
(191584,13500,0,20209,0,0,29519,10,3,0,0,0,0,0,0,0,0,'buddy - random text #2'),
(191584,16000,22,2102,0x01 | 0x10,0,29519,10,7,0,0,0,0,0,0,0,0,'buddy - temp Faction'),
(191584,16500,26,0,0,0,29519,10,3,0,0,0,0,0,0,0,0,'buddy - attack Player'),
(191584,89900,41,0,0,0,29521,5,7 | 0x40,0,0,0,0,0,0,0,0,'Acherus Soul Prison - respawn Unworthy Initiate Anchor'),
(191584,90000,43,0,0,0,191584,6,0x04,0,0,0,0,0,0,0,0,'go Reset'),
-- 191585
(191585,0,18,0,0,0,29521,5,7,0,0,0,0,0,0,0,0,'Acherus Soul Prison - despawn anchor'),
(191585,900,31,29520,10,0,0,0,0,0,0,0,0,0,0,0,0,'Acherus Soul Prison - spawn check'),
(191585,1000,36,0,0,0,29520,10,3,0,0,0,0,0,0,0,0,'buddy: - face Player'),
(191585,1001,28,0,0,0,29520,10,7,0,0,0,0,0,0,0,0,'buddy: - stand'),
(191585,2000,0,20208,0,0,29520,10,3,0,0,0,0,0,0,0,0,'buddy - random text #1'),
(191585,6000,3,0,0,0,29520,10,7,0,0,0,0,2455.468,-5612.823,415.1823,100,'buddy: - move'),
(191585,9000,1,381,0,0,29520,10,7,0,0,0,0,0,0,0,0,'buddy: - emote'),
(191585,10000,28,0,0,0,29520,10,7,0,0,0,0,0,0,0,0,'buddy: - stand'),
(191585,11000,15,51519,0,0,29520,10,7,0,0,0,0,0,0,0,0,'buddy: - cast 51519'),
(191585,11200,42,0,0,0,29520,10,7,38707,0,0,0,0,0,0,0,'equip'),
(191585,13000,36,0,0,0,29520,10,3,0,0,0,0,0,0,0,0,'buddy: - face Player'),
(191585,13500,0,20209,0,0,29520,10,3,0,0,0,0,0,0,0,0,'buddy - random text #2'),
(191585,16000,22,2102,0x01 | 0x10,0,29520,10,7,0,0,0,0,0,0,0,0,'buddy - temp Faction'),
(191585,16500,26,0,0,0,29520,10,3,0,0,0,0,0,0,0,0,'buddy - attack Player'),
(191585,89900,41,0,0,0,29521,5,7 | 0x40,0,0,0,0,0,0,0,0,'Acherus Soul Prison - respawn Unworthy Initiate Anchor'),
(191585,90000,43,0,0,0,191585,6,0x04,0,0,0,0,0,0,0,0,'go Reset'),
-- 191586
(191586,0,18,0,0,0,29521,5,7,0,0,0,0,0,0,0,0,'Acherus Soul Prison - despawn anchor'),
(191586,900,31,29519,10,0,0,0,0,0,0,0,0,0,0,0,0,'Acherus Soul Prison - spawn check'),
(191586,1000,36,0,0,0,29519,10,3,0,0,0,0,0,0,0,0,'buddy: - face Player'),
(191586,1001,28,0,0,0,29519,10,7,0,0,0,0,0,0,0,0,'buddy: - stand'),
(191586,2000,0,20208,0,0,29519,10,3,0,0,0,0,0,0,0,0,'buddy - random text #1'),
(191586,6000,3,0,0,0,29519,10,7,0,0,0,0,2449.23,-5612.84,415.664,100,'buddy: - move'),
(191586,9000,1,69,0,0,29519,10,7,0,0,0,0,0,0,0,0,'buddy: - emote'),
(191586,10000,1,0,0,0,29519,10,7,0,0,0,0,0,0,0,0,'buddy: - stand'),
(191586,11000,15,51519,0,0,29519,10,7,0,0,0,0,0,0,0,0,'buddy: - cast 51519'),
(191586,11200,42,0,0,0,29519,10,7,38707,0,0,0,0,0,0,0,'equip'),
(191586,13000,36,0,0,0,29519,10,3,0,0,0,0,0,0,0,0,'buddy: - face Player'),
(191586,13500,0,20209,0,0,29519,10,3,0,0,0,0,0,0,0,0,'buddy - random text #2'),
(191586,16000,22,2102,0x01 | 0x10,0,29519,10,7,0,0,0,0,0,0,0,0,'buddy - temp Faction'),
(191586,16500,26,0,0,0,29519,10,3,0,0,0,0,0,0,0,0,'buddy - attack Player'),
(191586,89900,41,0,0,0,29521,5,7 | 0x40,0,0,0,0,0,0,0,0,'Acherus Soul Prison - respawn Unworthy Initiate Anchor'),
(191586,90000,43,0,0,0,191586,6,0x04,0,0,0,0,0,0,0,0,'go Reset'),
-- 191587
(191587,0,18,0,0,0,29521,5,7,0,0,0,0,0,0,0,0,'Acherus Soul Prison - despawn anchor'),
(191587,900,31,29519,10,0,0,0,0,0,0,0,0,0,0,0,0,'Acherus Soul Prison - spawn check'),
(191587,1000,36,0,0,0,29519,10,3,0,0,0,0,0,0,0,0,'buddy: - face Player'),
(191587,1001,28,0,0,0,29519,10,7,0,0,0,0,0,0,0,0,'buddy: - stand'),
(191587,2000,0,20208,0,0,29519,10,3,0,0,0,0,0,0,0,0,'buddy - random text #1'),
(191587,6000,3,0,0,0,29519,10,7,0,0,0,0,2442.49,-5607.55,415.664,100,'buddy: - move'),
(191587,9000,1,69,0,0,29519,10,7,0,0,0,0,0,0,0,0,'buddy: - emote'),
(191587,10000,1,0,0,0,29519,10,7,0,0,0,0,0,0,0,0,'buddy: - stand'),
(191587,11000,15,51519,0,0,29519,10,7,0,0,0,0,0,0,0,0,'buddy: - cast 51519'),
(191587,11200,42,0,0,0,29519,10,7,38707,0,0,0,0,0,0,0,'equip'),
(191587,13000,36,0,0,0,29519,10,3,0,0,0,0,0,0,0,0,'buddy: - face Player'),
(191587,13500,0,20209,0,0,29519,10,3,0,0,0,0,0,0,0,0,'buddy - random text #2'),
(191587,16000,22,2102,0x01 | 0x10,0,29519,10,7,0,0,0,0,0,0,0,0,'buddy - temp Faction'),
(191587,16500,26,0,0,0,29519,10,3,0,0,0,0,0,0,0,0,'buddy - attack Player'),
(191587,89900,41,0,0,0,29521,5,7 | 0x40,0,0,0,0,0,0,0,0,'Acherus Soul Prison - respawn Unworthy Initiate Anchor'),
(191587,90000,43,0,0,0,191587,6,0x04,0,0,0,0,0,0,0,0,'go Reset'),
-- 191588
(191588,0,18,0,0,0,29521,5,7,0,0,0,0,0,0,0,0,'Acherus Soul Prison - despawn anchor'),
(191588,900,31,29566,10,0,0,0,0,0,0,0,0,0,0,0,0,'Acherus Soul Prison - spawn check'),
(191588,1000,36,0,0,0,29566,10,3,0,0,0,0,0,0,0,0,'buddy: - face Player'),
(191588,1001,28,0,0,0,29566,10,7,0,0,0,0,0,0,0,0,'buddy: - stand'),
(191588,2000,0,20208,0,0,29566,10,3,0,0,0,0,0,0,0,0,'buddy - random text #1'),
(191588,6000,3,0,0,0,29566,10,7,0,0,0,0,2441.22,-5604.51,415.664,100,'buddy: - move'),
(191588,9000,1,69,0,0,29566,10,7,0,0,0,0,0,0,0,0,'buddy: - emote'),
(191588,10000,1,0,0,0,29566,10,7,0,0,0,0,0,0,0,0,'buddy: - stand'),
(191588,11000,15,51519,0,0,29566,10,7,0,0,0,0,0,0,0,0,'buddy: - cast 51519'),
(191588,11200,42,0,0,0,29566,10,7,38707,0,0,0,0,0,0,0,'equip'),
(191588,13000,36,0,0,0,29566,10,3,0,0,0,0,0,0,0,0,'buddy: - face Player'),
(191588,13500,0,20209,0,0,29566,10,3,0,0,0,0,0,0,0,0,'buddy - random text #2'),
(191588,16000,22,2102,0x01 | 0x10,0,29566,10,7,0,0,0,0,0,0,0,0,'buddy - temp Faction'),
(191588,16500,26,0,0,0,29566,10,3,0,0,0,0,0,0,0,0,'buddy - attack Player'),
(191588,89900,41,0,0,0,29521,5,7 | 0x40,0,0,0,0,0,0,0,0,'Acherus Soul Prison - respawn Unworthy Initiate Anchor'),
(191588,90000,43,0,0,0,191588,6,0x04,0,0,0,0,0,0,0,0,'go Reset'),
-- 191589
(191589,0,18,0,0,0,29521,5,7,0,0,0,0,0,0,0,0,'Acherus Soul Prison - despawn anchor'),
(191589,900,31,29520,10,0,0,0,0,0,0,0,0,0,0,0,0,'Acherus Soul Prison - spawn check'),
(191589,1000,36,0,0,0,29520,10,3,0,0,0,0,0,0,0,0,'buddy: - face Player'),
(191589,1001,28,0,0,0,29520,10,7,0,0,0,0,0,0,0,0,'buddy: - stand'),
(191589,2000,0,20208,0,0,29520,10,3,0,0,0,0,0,0,0,0,'buddy - random text #1'),
(191589,6000,3,0,0,0,29520,10,7,0,0,0,0,2437.48,-5590.3,415.664,100,'buddy: - move'),
(191589,9000,1,381,0,0,29520,10,7,0,0,0,0,0,0,0,0,'buddy: - emote'),
(191589,10000,28,0,0,0,29520,10,7,0,0,0,0,0,0,0,0,'buddy: - stand'),
(191589,11000,15,51519,0,0,29520,10,7,0,0,0,0,0,0,0,0,'buddy: - cast 51519'),
(191589,11200,42,0,0,0,29520,10,7,38707,0,0,0,0,0,0,0,'equip'),
(191589,13000,36,0,0,0,29520,10,3,0,0,0,0,0,0,0,0,'buddy: - face Player'),
(191589,13500,0,20209,0,0,29520,10,3,0,0,0,0,0,0,0,0,'buddy - random text #2'),
(191589,16000,22,2102,0x01 | 0x10,0,29520,10,7,0,0,0,0,0,0,0,0,'buddy - temp Faction'),
(191589,16500,26,0,0,0,29520,10,3,0,0,0,0,0,0,0,0,'buddy - attack Player'),
(191589,89900,41,0,0,0,29521,5,7 | 0x40,0,0,0,0,0,0,0,0,'Acherus Soul Prison - respawn Unworthy Initiate Anchor'),
(191589,90000,43,0,0,0,191589,6,0x04,0,0,0,0,0,0,0,0,'go Reset'),
-- 191590
(191590,0,18,0,0,0,29521,5,7,0,0,0,0,0,0,0,0,'Acherus Soul Prison - despawn anchor'),
(191590,900,31,29565,10,0,0,0,0,0,0,0,0,0,0,0,0,'Acherus Soul Prison - spawn check'),
(191590,1000,36,0,0,0,29565,10,3,0,0,0,0,0,0,0,0,'buddy: - face Player'),
(191590,1001,28,0,0,0,29565,10,7,0,0,0,0,0,0,0,0,'buddy: - stand'),
(191590,2000,0,20208,0,0,29565,10,3,0,0,0,0,0,0,0,0,'buddy - random text #1'),
(191590,6000,3,0,0,0,29565,10,7,0,0,0,0,2439.15,-5585.74,415.664,100,'buddy: - move'),
(191590,9000,1,381,0,0,29565,10,7,0,0,0,0,0,0,0,0,'buddy: - emote'),
(191590,10000,28,0,0,0,29565,10,7,0,0,0,0,0,0,0,0,'buddy: - stand'),
(191590,11000,15,51519,0,0,29565,10,7,0,0,0,0,0,0,0,0,'buddy: - cast 51519'),
(191590,11200,42,0,0,0,29565,10,7,38707,0,0,0,0,0,0,0,'equip'),
(191590,13000,36,0,0,0,29565,10,3,0,0,0,0,0,0,0,0,'buddy: - face Player'),
(191590,13500,0,20209,0,0,29565,10,3,0,0,0,0,0,0,0,0,'buddy - random text #2'),
(191590,16000,22,2102,0x01 | 0x10,0,29565,10,7,0,0,0,0,0,0,0,0,'buddy - temp Faction'),
(191590,16500,26,0,0,0,29565,10,3,0,0,0,0,0,0,0,0,'buddy - attack Player'),
(191590,89900,41,0,0,0,29521,5,7 | 0x40,0,0,0,0,0,0,0,0,'Acherus Soul Prison - respawn Unworthy Initiate Anchor'),
(191590,90000,43,0,0,0,191590,6,0x04,0,0,0,0,0,0,0,0,'go Reset');
DELETE FROM dbscript_random_templates WHERE id IN (20208,20209);
INSERT INTO dbscript_random_templates (id, type, target_id, chance, comments) VALUES
(20208,0,2000020719,0,'Unworthy Initiate - Random Text 1-1'),
(20208,0,2000020720,0,'Unworthy Initiate - Random Text 1-2'),
(20208,0,2000020721,0,'Unworthy Initiate - Random Text 1-3'),
(20208,0,2000020722,0,'Unworthy Initiate - Random Text 1-4'),
(20208,0,2000020723,0,'Unworthy Initiate - Random Text 1-5'),
(20208,0,2000020724,0,'Unworthy Initiate - Random Text 1-6'),
(20208,0,2000020725,0,'Unworthy Initiate - Random Text 1-7'),
(20208,0,2000020726,0,'Unworthy Initiate - Random Text 1-8'),
(20209,0,2000020727,0,'Unworthy Initiate - Random Text 2-1'),
(20209,0,2000020728,0,'Unworthy Initiate - Random Text 2-2'),
(20209,0,2000020729,0,'Unworthy Initiate - Random Text 2-3'),
(20209,0,2000020730,0,'Unworthy Initiate - Random Text 2-4'),
(20209,0,2000020731,0,'Unworthy Initiate - Random Text 2-5'),
(20209,0,2000020732,0,'Unworthy Initiate - Random Text 2-6'),
(20209,0,2000020733,0,'Unworthy Initiate - Random Text 2-7'),
(20209,0,2000020734,0,'Unworthy Initiate - Random Text 2-8');
DELETE FROM dbscript_string WHERE entry BETWEEN 2000020719 AND 2000020734;
INSERT INTO dbscript_string (entry, content_default, sound, type, language, emote, comment) VALUES
(2000020719,'I was a soldier of the Light once... Look at what I have become... ',0,0,0,1,NULL),
(2000020720,'I will win my freedom and leave this cursed place!',0,0,0,1,NULL),
(2000020721,'There can be only one survivor!',0,0,0,1,NULL),
(2000020722,'You will allow me a weapon and armor, yes?',0,0,0,1,NULL),
(2000020723,'You are hopelessly outmatched, $r.',0,0,0,1,NULL),
(2000020724,'I will dismantle this festering hellhole!',0,0,0,1,NULL),
(2000020725,'They brand me unworthy? I will show them unworthy!',0,0,0,1,NULL),
(2000020726,'You have made a grave error, fiend!',0,0,0,1,NULL),
(2000020727,'It ends here!',0,0,0,397,NULL),
(2000020728,'Sate your hunger on cold steel, $r!',0,0,0,397,NULL),
(2000020729,'There is no hope for our future...',0,0,0,397,NULL),
(2000020730,'Let your fears consume you!',0,0,0,397,NULL),
(2000020731,'Death is the only cure!',0,0,0,397,NULL),
(2000020732,'HAH! You can barely hold a blade! Yours will be a quick death.',0,0,0,397,NULL),
(2000020733,'To battle!',0,0,0,397,NULL),
(2000020734,'And now you die!',0,0,0,397,NULL);
-- Unworthy Initiate 29520
UPDATE creature SET spawntimesecsmin = 10, spawntimesecsmax = 10 WHERE id IN (29519,29520,29565,29566,29567);
-- Unworthy Initiate Anchor 29521
UPDATE creature_template SET InhabitType = 4 WHERE entry = 29521;
-- links
DELETE FROM creature_linking WHERE master_guid IN (561971,561972,561973,561974,561975,561988,561989,561990,561991,561992,561993,561994);
INSERT INTO creature_linking (guid,master_guid,flag)VALUES
(561977,561971,128),(561985,561972,128),(561979,561973,128),(561984,561974,128),(561986,561975,128),(561980,561988,128),
(561978,561989,128),(561983,561990,128),(561981,561991,128),(561976,561992,128),(561982,561993,128),(561987,561994,128);
