-- redone
DELETE FROM gameobject WHERE id=1723;
INSERT INTO gameobject (guid, id, map, spawnMask, phaseMask, position_x, position_y, position_z, orientation, rotation0, rotation1, rotation2, rotation3, spawntimesecsmin, spawntimesecsmax, animprogress, state) VALUES
(29602,1723,0,1,1, -874.0614013671875, -979.78961181640625, 30.34769630432128906, 0.890116631984710693, 0, 0, 0.430510520935058593, 0.902585566043853759, 2, 5, 100, 1),
(29605,1723,0,1,1, -904.67266845703125, -973.2706298828125, 30.34785270690917968, 3.700104713439941406, 0, 0, -0.96126079559326171, 0.275640487670898437, 2, 5, 100, 1), -- 29605, exists
(29608,1723,0,1,1, -942.49981689453125, -1009.0653076171875, 30.34785652160644531, 3.612837791442871093, 0, 0, -0.97236919403076171, 0.233448356389999389, 2, 5, 100, 1),
(29611,1723,0,1,1, -922.70379638671875, -1002.160400390625, 30.34785652160644531, 5.201082706451416015, 0, 0, -0.51503753662109375, 0.857167601585388183, 2, 5, 100, 1),
(29618,1723,0,1,1, -895.92462158203125, -1028.620849609375, 30.34785652160644531, 3.735006093978881835, 0, 0, -0.95630455017089843, 0.292372345924377441, 2, 5, 100, 1),

(29619,1723,0,1,1, -912.22930908203125, -1042.35546875, 30.34785652160644531, 2.303830623626708984, 0, 0, 0.913544654846191406, 0.406738430261611938, 2, 5, 100, 1),
(29620,1723,0,1,1, -879.27056884765625, -1003.034912109375, 30.34785270690917968, 1.780233979225158691, 0, 0, 0.7771453857421875, 0.629321098327636718, 2, 5, 100, 1),
(29622,1723,0,1,1, -897.23870849609375, -961.19195556640625, 30.3460693359375, 1.466075778007507324, 0, 0, 0.669130325317382812, 0.74314504861831665, 2, 5, 100, 1), -- 29622, exists
(29625,1723,0,1,1, -906.83514404296875, -1006.82489013671875, 30.34785270690917968, 1.989672422409057617, 0, 0, 0.838669776916503906, 0.544640243053436279, 2, 5, 100, 1),

(29627,1723,0,1,1, -935.593994140625, -985.0616455078125, 30.34785652160644531, 2.844882726669311523, 0, 0, 0.989015579223632812, 0.147811368107795715, 2, 5, 100, 1),
(29635,1723,0,1,1, -916.096923828125, -974.2947998046875, 30.34785270690917968, 5.742135047912597656, 0, 0, -0.26723766326904296, 0.96363067626953125, 2, 5, 100, 1), -- 29635, exists
(29637,1723,0,1,1, -904.904541015625, -950.0662841796875, 30.79017066955566406, 4.9218292236328125, 0, 0, -0.62932014465332031, 0.77714616060256958, 2, 5, 100, 1),
(29639,1723,0,1,1, -910.7392578125, -1026.5595703125, 30.34785652160644531, 3.24634718894958496, 0, 0, -0.99862861633300781, 0.052353221923112869, 2, 5, 100, 1),

(29645,1723,0,1,1, -881.2978515625, -985.34844970703125, 30.34785270690917968, 0.750490784645080566, 0, 0, 0.3665008544921875, 0.93041771650314331, 2, 5, 100, 1),
(29646,1723,0,1,1, -925.70550537109375, -944.53985595703125, 31.26860618591308593, 2.391098499298095703, 0, 0, 0.930417060852050781, 0.366502493619918823, 2, 5, 100, 1), -- 29646, exists
(29651,1723,0,1,1, -895.21905517578125, -1006.313720703125, 30.34785270690917968, 2.391098499298095703, 0, 0, 0.930417060852050781, 0.366502493619918823, 2, 5, 100, 1),
(29654,1723,0,1,1, -914.48492431640625, -987.06768798828125, 30.34785270690917968, 0.017452461645007133, 0, 0, 0.008726119995117187, 0.999961912631988525, 2, 5, 100, 1),

(29656,1723,0,1,1, -933.91448974609375, -1017.13909912109375, 30.34785652160644531, 4.48549652099609375, 0, 0, -0.7826080322265625, 0.622514784336090087, 2, 5, 100, 1), -- 29656, exists
(29657,1723,0,1,1, -906.77130126953125, -999.2921142578125, 30.34785270690917968, 3.839725255966186523, 0, 0, -0.93969249725341796, 0.34202045202255249, 2, 5, 100, 1),
(29659,1723,0,1,1, -883.6712646484375, -1021.39190673828125, 30.34785270690917968, 1.588248729705810546, 0, 0, 0.713250160217285156, 0.700909554958343505, 2, 5, 100, 1),
(29661,1723,0,1,1, -933.45550537109375, -964.12969970703125, 30.34785652160644531, 3.595378875732421875, 0, 0, -0.97437000274658203, 0.224951311945915222, 2, 5, 100, 1);

DELETE FROM pool_gameobject WHERE pool_entry IN (29653,29654,29655,29656,29657);
INSERT INTO pool_gameobject (`guid`, `pool_entry`, `chance`, `description`) VALUES
(29602, 29653, 0, 'Hillsbrad Foothills - Mudsnout Blossom (1723) - Group 1'),
(29605, 29653, 0, 'Hillsbrad Foothills - Mudsnout Blossom (1723) - Group 1'),
(29608, 29653, 0, 'Hillsbrad Foothills - Mudsnout Blossom (1723) - Group 1'),
(29611, 29653, 0, 'Hillsbrad Foothills - Mudsnout Blossom (1723) - Group 1'),
(29618, 29653, 0, 'Hillsbrad Foothills - Mudsnout Blossom (1723) - Group 1'),

(29619, 29654, 0, 'Hillsbrad Foothills - Mudsnout Blossom (1723) - Group 2'),
(29620, 29654, 0, 'Hillsbrad Foothills - Mudsnout Blossom (1723) - Group 2'),
(29622, 29654, 0, 'Hillsbrad Foothills - Mudsnout Blossom (1723) - Group 2'),
(29625, 29654, 0, 'Hillsbrad Foothills - Mudsnout Blossom (1723) - Group 2'),

(29627, 29655, 0, 'Hillsbrad Foothills - Mudsnout Blossom (1723) - Group 3'),
(29635, 29655, 0, 'Hillsbrad Foothills - Mudsnout Blossom (1723) - Group 3'),
(29637, 29655, 0, 'Hillsbrad Foothills - Mudsnout Blossom (1723) - Group 3'),
(29639, 29655, 0, 'Hillsbrad Foothills - Mudsnout Blossom (1723) - Group 3'),

(29645, 29656, 0, 'Hillsbrad Foothills - Mudsnout Blossom (1723) - Group 4'),
(29646, 29656, 0, 'Hillsbrad Foothills - Mudsnout Blossom (1723) - Group 4'),
(29651, 29656, 0, 'Hillsbrad Foothills - Mudsnout Blossom (1723) - Group 4'),
(29654, 29656, 0, 'Hillsbrad Foothills - Mudsnout Blossom (1723) - Group 4'),

(29656, 29657, 0, 'Hillsbrad Foothills - Mudsnout Blossom (1723) - Group 5'),
(29657, 29657, 0, 'Hillsbrad Foothills - Mudsnout Blossom (1723) - Group 5'),
(29659, 29657, 0, 'Hillsbrad Foothills - Mudsnout Blossom (1723) - Group 5'),
(29661, 29657, 0, 'Hillsbrad Foothills - Mudsnout Blossom (1723) - Group 5');

DELETE FROM pool_template WHERE entry IN (29653,29654,29655,29656,29657);
INSERT INTO pool_template (`entry`, `max_limit`, `description`) VALUES
(29653, 1, 'Hillsbrad Foothills - Mudsnout Blossom (1723) - Group 1'),
(29654, 1, 'Hillsbrad Foothills - Mudsnout Blossom (1723) - Group 2'),
(29655, 1, 'Hillsbrad Foothills - Mudsnout Blossom (1723) - Group 3'),
(29656, 1, 'Hillsbrad Foothills - Mudsnout Blossom (1723) - Group 4'),
(29657, 1, 'Hillsbrad Foothills - Mudsnout Blossom (1723) - Group 5');
