-- q.11876 'Help Those That Cannot Help Themselves'
DELETE FROM dbscripts_on_go_template_use WHERE id = 188022;
DELETE FROM dbscripts_on_go_template_use WHERE id BETWEEN 188024 AND 188044;
INSERT INTO dbscripts_on_go_template_use (id, delay, priority, command, datalong, datalong2, datalong3, buddy_entry, search_radius, data_flags, dataint, dataint2, dataint3, dataint4, datafloat, x, y, z, o, speed, condition_id, comments) VALUES
(188022,100,0,31,25850,20,0,0,0,0,0,0,0,0,0,0,0,0,0,0,0,'search for 25850'),
(188022,1000,0,28,0,0,0,25850,20,7,0,0,0,0,0,0,0,0,0,0,0,'STATE_STAND'),
(188022,2500,0,36,0,0,0,25850,20,3,0,0,0,0,0,0,0,0,0,0,0,'buddy face Player'),
(188022,3000,0,0,0,0,0,25850,20,7,25046,0,0,0,0,0,0,0,0,0,0,''),
(188022,3001,0,15,46200,0,0,0,0,4,0,0,0,0,0,0,0,0,0,0,0,'q. credit'),
(188022,5000,0,3,0,700,0,25850,20,7,0,0,0,0,0,3299.35,5363.28,41.8167,3.66393,0,0,'move'),
(188022,5001,0,18,5000,0,0,25850,20,7,0,0,0,0,0,0,0,0,0,0,0,'desp'),
--
(188024,100,0,31,25850,20,0,0,0,0,0,0,0,0,0,0,0,0,0,0,0,'search for 25850'),
(188024,1000,0,28,0,0,0,25850,20,7,0,0,0,0,0,0,0,0,0,0,0,'STATE_STAND'),
(188024,2500,0,36,0,0,0,25850,20,3,0,0,0,0,0,0,0,0,0,0,0,'buddy face Player'),
(188024,3000,0,0,0,0,0,25850,20,7,25046,0,0,0,0,0,0,0,0,0,0,''),
(188024,3001,0,15,46200,0,0,0,0,4,0,0,0,0,0,0,0,0,0,0,0,'q. credit'),
(188024,5000,0,3,0,700,0,25850,20,7,0,0,0,0,0,3299.35,5363.28,41.8167,3.66393,0,0,'move'),
(188024,5001,0,18,5000,0,0,25850,20,7,0,0,0,0,0,0,0,0,0,0,0,'desp'),
--
(188025,100,0,31,25850,20,0,0,0,0,0,0,0,0,0,0,0,0,0,0,0,'search for 25850'),
(188025,1000,0,28,0,0,0,25850,20,7,0,0,0,0,0,0,0,0,0,0,0,'STATE_STAND'),
(188025,2500,0,36,0,0,0,25850,20,3,0,0,0,0,0,0,0,0,0,0,0,'buddy face Player'),
(188025,3000,0,0,0,0,0,25850,20,7,25046,0,0,0,0,0,0,0,0,0,0,''),
(188025,3001,0,15,46200,0,0,0,0,4,0,0,0,0,0,0,0,0,0,0,0,'q. credit'),
(188025,5000,0,3,0,700,0,25850,20,7,0,0,0,0,0,3362.58,5456,60.0403,5.69271,0,0,'move'),
(188025,5001,0,18,5000,0,0,25850,20,7,0,0,0,0,0,0,0,0,0,0,0,'desp'),
--
(188026,100,0,31,25850,20,0,0,0,0,0,0,0,0,0,0,0,0,0,0,0,'search for 25850'),
(188026,1000,0,28,0,0,0,25850,20,7,0,0,0,0,0,0,0,0,0,0,0,'STATE_STAND'),
(188026,2500,0,36,0,0,0,25850,20,3,0,0,0,0,0,0,0,0,0,0,0,'buddy face Player'),
(188026,3000,0,0,0,0,0,25850,20,7,25046,0,0,0,0,0,0,0,0,0,0,''),
(188026,3001,0,15,46200,0,0,0,0,4,0,0,0,0,0,0,0,0,0,0,0,'q. credit'),
(188026,5000,0,3,0,700,0,25850,20,7,0,0,0,0,0,3446.66,5462.18,61.6627,6.1993,0,0,'move'),
(188026,5001,0,18,5000,0,0,25850,20,7,0,0,0,0,0,0,0,0,0,0,0,'desp'),
--
(188027,100,0,31,25850,20,0,0,0,0,0,0,0,0,0,0,0,0,0,0,0,'search for 25850'),
(188027,1000,0,28,0,0,0,25850,20,7,0,0,0,0,0,0,0,0,0,0,0,'STATE_STAND'),
(188027,2500,0,36,0,0,0,25850,20,3,0,0,0,0,0,0,0,0,0,0,0,'buddy face Player'),
(188027,3000,0,0,0,0,0,25850,20,7,25046,0,0,0,0,0,0,0,0,0,0,''),
(188027,3001,0,15,46200,0,0,0,0,4,0,0,0,0,0,0,0,0,0,0,0,'q. credit'),
(188027,5000,0,3,0,700,0,25850,20,7,0,0,0,0,0,3419.23,5416.17,54.9207,1.35731,0,0,'move'),
(188027,5001,0,18,5000,0,0,25850,20,7,0,0,0,0,0,0,0,0,0,0,0,'desp'),
--
(188028,100,0,31,25850,20,0,0,0,0,0,0,0,0,0,0,0,0,0,0,0,'search for 25850'),
(188028,1000,0,28,0,0,0,25850,20,7,0,0,0,0,0,0,0,0,0,0,0,'STATE_STAND'),
(188028,2500,0,36,0,0,0,25850,20,3,0,0,0,0,0,0,0,0,0,0,0,'buddy face Player'),
(188028,3000,0,0,0,0,0,25850,20,7,25046,0,0,0,0,0,0,0,0,0,0,''),
(188028,3001,0,15,46200,0,0,0,0,4,0,0,0,0,0,0,0,0,0,0,0,'q. credit'),
(188028,5000,0,3,0,700,0,25850,20,7,0,0,0,0,0,3178.18,5411.58,57.057,5.59453,0,0,'move'),
(188028,5001,0,18,5000,0,0,25850,20,7,0,0,0,0,0,0,0,0,0,0,0,'desp'),
--
(188029,100,0,31,25850,20,0,0,0,0,0,0,0,0,0,0,0,0,0,0,0,'search for 25850'),
(188029,1000,0,28,0,0,0,25850,20,7,0,0,0,0,0,0,0,0,0,0,0,'STATE_STAND'),
(188029,2500,0,36,0,0,0,25850,20,3,0,0,0,0,0,0,0,0,0,0,0,'buddy face Player'),
(188029,3000,0,0,0,0,0,25850,20,7,25046,0,0,0,0,0,0,0,0,0,0,''),
(188029,3001,0,15,46200,0,0,0,0,4,0,0,0,0,0,0,0,0,0,0,0,'q. credit'),
(188029,5000,0,3,0,700,0,25850,20,7,0,0,0,0,0,3309.39,5270.96,37.4582,2.87312,0,0,'move'),
(188029,5001,0,18,5000,0,0,25850,20,7,0,0,0,0,0,0,0,0,0,0,0,'desp'),
--
(188030,100,0,31,25850,20,0,0,0,0,0,0,0,0,0,0,0,0,0,0,0,'search for 25850'),
(188030,1000,0,28,0,0,0,25850,20,7,0,0,0,0,0,0,0,0,0,0,0,'STATE_STAND'),
(188030,2500,0,36,0,0,0,25850,20,3,0,0,0,0,0,0,0,0,0,0,0,'buddy face Player'),
(188030,3000,0,0,0,0,0,25850,20,7,25046,0,0,0,0,0,0,0,0,0,0,''),
(188030,3001,0,15,46200,0,0,0,0,4,0,0,0,0,0,0,0,0,0,0,0,'q. credit'),
(188030,5000,0,3,0,700,0,25850,20,7,0,0,0,0,0,3454.62,5226.88,30.3313,5.59452,0,0,'move'),
(188030,5001,0,18,5000,0,0,25850,20,7,0,0,0,0,0,0,0,0,0,0,0,'desp'),
--
(188031,100,0,31,25850,20,0,0,0,0,0,0,0,0,0,0,0,0,0,0,0,'search for 25850'),
(188031,1000,0,28,0,0,0,25850,20,7,0,0,0,0,0,0,0,0,0,0,0,'STATE_STAND'),
(188031,2500,0,36,0,0,0,25850,20,3,0,0,0,0,0,0,0,0,0,0,0,'buddy face Player'),
(188031,3000,0,0,0,0,0,25850,20,7,25046,0,0,0,0,0,0,0,0,0,0,''),
(188031,3001,0,15,46200,0,0,0,0,4,0,0,0,0,0,0,0,0,0,0,0,'q. credit'),
(188031,5000,0,3,0,700,0,25850,20,7,0,0,0,0,0,3473.22,5307.9,40.8232,6.09324,0,0,'move'),
(188031,5001,0,18,5000,0,0,25850,20,7,0,0,0,0,0,0,0,0,0,0,0,'desp'),
--
(188032,100,0,31,25850,20,0,0,0,0,0,0,0,0,0,0,0,0,0,0,0,'search for 25850'),
(188032,1000,0,28,0,0,0,25850,20,7,0,0,0,0,0,0,0,0,0,0,0,'STATE_STAND'),
(188032,2500,0,36,0,0,0,25850,20,3,0,0,0,0,0,0,0,0,0,0,0,'buddy face Player'),
(188032,3000,0,0,0,0,0,25850,20,7,25046,0,0,0,0,0,0,0,0,0,0,''),
(188032,3001,0,15,46200,0,0,0,0,4,0,0,0,0,0,0,0,0,0,0,0,'q. credit'),
(188032,5000,0,3,0,700,0,25850,20,7,0,0,0,0,0,3497.57,5200.39,26.4596,4.26326,0,0,'move'),
(188032,5001,0,18,5000,0,0,25850,20,7,0,0,0,0,0,0,0,0,0,0,0,'desp'),
--
(188033,100,0,31,25850,20,0,0,0,0,0,0,0,0,0,0,0,0,0,0,0,'search for 25850'),
(188033,1000,0,28,0,0,0,25850,20,7,0,0,0,0,0,0,0,0,0,0,0,'STATE_STAND'),
(188033,2500,0,36,0,0,0,25850,20,3,0,0,0,0,0,0,0,0,0,0,0,'buddy face Player'),
(188033,3000,0,0,0,0,0,25850,20,7,25046,0,0,0,0,0,0,0,0,0,0,''),
(188033,3001,0,15,46200,0,0,0,0,4,0,0,0,0,0,0,0,0,0,0,0,'q. credit'),
(188033,5000,0,3,0,700,0,25850,20,7,0,0,0,0,0,3580.01,5312.17,25.1742,5.73195,0,0,'move'),
(188033,5001,0,18,5000,0,0,25850,20,7,0,0,0,0,0,0,0,0,0,0,0,'desp'),
--
(188034,100,0,31,25850,20,0,0,0,0,0,0,0,0,0,0,0,0,0,0,0,'search for 25850'),
(188034,1000,0,28,0,0,0,25850,20,7,0,0,0,0,0,0,0,0,0,0,0,'STATE_STAND'),
(188034,2500,0,36,0,0,0,25850,20,3,0,0,0,0,0,0,0,0,0,0,0,'buddy face Player'),
(188034,3000,0,0,0,0,0,25850,20,7,25046,0,0,0,0,0,0,0,0,0,0,''),
(188034,3001,0,15,46200,0,0,0,0,4,0,0,0,0,0,0,0,0,0,0,0,'q. credit'),
(188034,5000,0,3,0,700,0,25850,20,7,0,0,0,0,0,3584.18,5186.49,27.8103,3.12836,0,0,'move'),
(188034,5001,0,18,5000,0,0,25850,20,7,0,0,0,0,0,0,0,0,0,0,0,'desp'),
--
(188035,100,0,31,25850,20,0,0,0,0,0,0,0,0,0,0,0,0,0,0,0,'search for 25850'),
(188035,1000,0,28,0,0,0,25850,20,7,0,0,0,0,0,0,0,0,0,0,0,'STATE_STAND'),
(188035,2500,0,36,0,0,0,25850,20,3,0,0,0,0,0,0,0,0,0,0,0,'buddy face Player'),
(188035,3000,0,0,0,0,0,25850,20,7,25046,0,0,0,0,0,0,0,0,0,0,''),
(188035,3001,0,15,46200,0,0,0,0,4,0,0,0,0,0,0,0,0,0,0,0,'q. credit'),
(188035,5000,0,3,0,700,0,25850,20,7,0,0,0,0,0,3612,5235.54,26.2156,3.77631,0,0,'move'),
(188035,5001,0,18,5000,0,0,25850,20,7,0,0,0,0,0,0,0,0,0,0,0,'desp'),
--
(188036,100,0,31,25850,20,0,0,0,0,0,0,0,0,0,0,0,0,0,0,0,'search for 25850'),
(188036,1000,0,28,0,0,0,25850,20,7,0,0,0,0,0,0,0,0,0,0,0,'STATE_STAND'),
(188037,2500,0,36,0,0,0,25850,20,3,0,0,0,0,0,0,0,0,0,0,0,'buddy face Player'),
(188036,3000,0,0,0,0,0,25850,20,7,25046,0,0,0,0,0,0,0,0,0,0,''),
(188036,3001,0,15,46200,0,0,0,0,4,0,0,0,0,0,0,0,0,0,0,0,'q. credit'),
(188036,5000,0,3,0,700,0,25850,20,7,0,0,0,0,0,3713.86,5141.2,26.4649,6.0791,0,0,'move'),
(188036,5001,0,18,5000,0,0,25850,20,7,0,0,0,0,0,0,0,0,0,0,0,'desp'),
--
(188037,100,0,31,25850,20,0,0,0,0,0,0,0,0,0,0,0,0,0,0,0,'search for 25850'),
(188037,1000,0,28,0,0,0,25850,20,7,0,0,0,0,0,0,0,0,0,0,0,'STATE_STAND'),
(188038,2500,0,36,0,0,0,25850,20,3,0,0,0,0,0,0,0,0,0,0,0,'buddy face Player'),
(188037,3000,0,0,0,0,0,25850,20,7,25046,0,0,0,0,0,0,0,0,0,0,''),
(188037,3001,0,15,46200,0,0,0,0,4,0,0,0,0,0,0,0,0,0,0,0,'q. credit'),
(188037,5000,0,3,0,700,0,25850,20,7,0,0,0,0,0,3697.41,5369.45,35.9247,1.67455,0,0,'move'),
(188037,5001,0,18,5000,0,0,25850,20,7,0,0,0,0,0,0,0,0,0,0,0,'desp'),
--
(188038,100,0,31,25850,20,0,0,0,0,0,0,0,0,0,0,0,0,0,0,0,'search for 25850'),
(188038,1000,0,28,0,0,0,25850,20,7,0,0,0,0,0,0,0,0,0,0,0,'STATE_STAND'),
(188039,2500,0,36,0,0,0,25850,20,3,0,0,0,0,0,0,0,0,0,0,0,'buddy face Player'),
(188038,3000,0,0,0,0,0,25850,20,7,25046,0,0,0,0,0,0,0,0,0,0,''),
(188038,3001,0,15,46200,0,0,0,0,4,0,0,0,0,0,0,0,0,0,0,0,'q. credit'),
(188038,5000,0,3,0,700,0,25850,20,7,0,0,0,0,0,3759.02,5221.55,25.32,4.6726,0,0,'move'),
(188038,5001,0,18,5000,0,0,25850,20,7,0,0,0,0,0,0,0,0,0,0,0,'desp'),
--
(188039,100,0,31,25850,20,0,0,0,0,0,0,0,0,0,0,0,0,0,0,0,'search for 25850'),
(188039,1000,0,28,0,0,0,25850,20,7,0,0,0,0,0,0,0,0,0,0,0,'STATE_STAND'),
(188039,2500,0,36,0,0,0,25850,20,3,0,0,0,0,0,0,0,0,0,0,0,'buddy face Player'),
(188039,3000,0,0,0,0,0,25850,20,7,25046,0,0,0,0,0,0,0,0,0,0,''),
(188039,3001,0,15,46200,0,0,0,0,4,0,0,0,0,0,0,0,0,0,0,0,'q. credit'),
(188039,5000,0,3,0,700,0,25850,20,7,0,0,0,0,0,3849.19,5355.75,26.2609,6.09634,0,0,'move'),
(188039,5001,0,18,5000,0,0,25850,20,7,0,0,0,0,0,0,0,0,0,0,0,'desp'),
--
(188040,100,0,31,25850,20,0,0,0,0,0,0,0,0,0,0,0,0,0,0,0,'search for 25850'),
(188040,1000,0,28,0,0,0,25850,20,7,0,0,0,0,0,0,0,0,0,0,0,'STATE_STAND'),
(188040,2500,0,36,0,0,0,25850,20,3,0,0,0,0,0,0,0,0,0,0,0,'buddy face Player'),
(188040,3000,0,0,0,0,0,25850,20,7,25046,0,0,0,0,0,0,0,0,0,0,''),
(188040,3001,0,15,46200,0,0,0,0,4,0,0,0,0,0,0,0,0,0,0,0,'q. credit'),
(188040,5000,0,3,0,700,0,25850,20,7,0,0,0,0,0,3711.01,5472.49,38.0436,1.77665,0,0,'move'),
(188040,5001,0,18,5000,0,0,25850,20,7,0,0,0,0,0,0,0,0,0,0,0,'desp'),
--
(188041,100,0,31,25850,20,0,0,0,0,0,0,0,0,0,0,0,0,0,0,0,'search for 25850'),
(188041,1000,0,28,0,0,0,25850,20,7,0,0,0,0,0,0,0,0,0,0,0,'STATE_STAND'),
(188041,2500,0,36,0,0,0,25850,20,3,0,0,0,0,0,0,0,0,0,0,0,'buddy face Player'),
(188041,3000,0,0,0,0,0,25850,20,7,25046,0,0,0,0,0,0,0,0,0,0,''),
(188041,3001,0,15,46200,0,0,0,0,4,0,0,0,0,0,0,0,0,0,0,0,'q. credit'),
(188041,5000,0,3,0,700,0,25850,20,7,0,0,0,0,0,3805.27,5536.42,41.6955,1.56066,0,0,'move'),
(188041,5001,0,18,5000,0,0,25850,20,7,0,0,0,0,0,0,0,0,0,0,0,'desp'),
--
(188042,100,0,31,25850,20,0,0,0,0,0,0,0,0,0,0,0,0,0,0,0,'search for 25850'),
(188042,1000,0,28,0,0,0,25850,20,7,0,0,0,0,0,0,0,0,0,0,0,'STATE_STAND'),
(188042,2500,0,36,0,0,0,25850,20,3,0,0,0,0,0,0,0,0,0,0,0,'buddy face Player'),
(188042,3000,0,0,0,0,0,25850,20,7,25046,0,0,0,0,0,0,0,0,0,0,''),
(188042,3001,0,15,46200,0,0,0,0,4,0,0,0,0,0,0,0,0,0,0,0,'q. credit'),
(188042,5000,0,3,0,700,0,25850,20,7,0,0,0,0,0,3899.58,5375.65,24.2348,3.46918,0,0,'move'),
(188042,5001,0,18,5000,0,0,25850,20,7,0,0,0,0,0,0,0,0,0,0,0,'desp'),
--
(188043,100,0,31,25850,20,0,0,0,0,0,0,0,0,0,0,0,0,0,0,0,'search for 25850'),
(188043,1000,0,28,0,0,0,25850,20,7,0,0,0,0,0,0,0,0,0,0,0,'STATE_STAND'),
(188043,2500,0,36,0,0,0,25850,20,3,0,0,0,0,0,0,0,0,0,0,0,'buddy face Player'),
(188043,3000,0,0,0,0,0,25850,20,7,25046,0,0,0,0,0,0,0,0,0,0,''),
(188043,3001,0,15,46200,0,0,0,0,4,0,0,0,0,0,0,0,0,0,0,0,'q. credit'),
(188043,5000,0,3,0,700,0,25850,20,7,0,0,0,0,0,4062.82,5402.11,28.7337,5.80181,0,0,'move'),
(188043,5001,0,18,5000,0,0,25850,20,7,0,0,0,0,0,0,0,0,0,0,0,'desp'),
--
(188044,100,0,31,25850,20,0,0,0,0,0,0,0,0,0,0,0,0,0,0,0,'search for 25850'),
(188044,1000,0,28,0,0,0,25850,20,7,0,0,0,0,0,0,0,0,0,0,0,'STATE_STAND'),
(188044,2500,0,36,0,0,0,25850,20,3,0,0,0,0,0,0,0,0,0,0,0,'buddy face Player'),
(188044,3000,0,0,0,0,0,25850,20,7,25046,0,0,0,0,0,0,0,0,0,0,''),
(188044,3001,0,15,46200,0,0,0,0,4,0,0,0,0,0,0,0,0,0,0,0,'q. credit'),
(188044,5000,0,3,0,700,0,25850,20,7,0,0,0,0,0,4055.24,5549.79,39.9905,1.5803,0,0,'move'),
(188044,5001,0,18,5000,0,0,25850,20,7,0,0,0,0,0,0,0,0,0,0,0,'desp');
-- Mammoth trap - old hack removed
UPDATE gameobject_template SET data2 = 0 WHERE entry = 188022;
UPDATE gameobject_template SET data2 = 0 WHERE entry BETWEEN 188024 AND 188044;
-- each guid must have asigned unique relay for object
DELETE FROM creature_spawn_data WHERE guid IN
(511906,511907,511908,511909,511910,511911,511912,511913,511914,511915,511916,511917,511918,511919,511920,511921,511922,511923,511924,511925,511926,511927);
INSERT INTO creature_spawn_data(Guid,Id) VALUES
(511906,20009),(511907,20010),(511908,20011),(511909,20012),
(511910,20013),(511911,20014),(511912,20015),(511913,20016),
(511914,20017),(511915,20018),(511916,20019),(511917,20020),
(511918,20021),(511919,20022),(511920,20023),(511921,20024),
(511922,20025),(511923,20026),(511924,20027),(511925,20028),
(511926,20029),(511927,20030);
DELETE FROM creature_spawn_data_template WHERE entry BETWEEN 20009 AND 20030;
INSERT INTO creature_spawn_data_template (Entry, RelayId) VALUES 
(20009, 20612),(20010, 20613),(20011, 20614),(20012, 20615),
(20013, 20621),(20014, 20622),(20015, 20624),(20016, 20632),
(20017, 20620),(20018, 20631),(20019, 20629),(20020, 20616),
(20021, 20626),(20022, 20630),(20023, 20619),(20024, 20618),
(20025, 20633),(20026, 20623),(20027, 20628),(20028, 20625),
(20029, 20627),(20030, 20617);
-- Part of Trapped Mammoth Calf 25850:
DELETE FROM dbscripts_on_relay WHERE id BETWEEN 20612 AND 20633;
INSERT INTO dbscripts_on_relay (id, delay, command, datalong, datalong2, datalong3, buddy_entry, search_radius, data_flags, dataint, dataint2, dataint3, dataint4, x, y, z, o, comments) VALUES
(20612,100,11,0,0,0,188022,10,7,0,0,0,0,0,0,0,0,'Part of Trapped Mammoth Calf 25850: lock object'),
(20613,100,11,0,0,0,188024,10,7,0,0,0,0,0,0,0,0,'Part of Trapped Mammoth Calf 25850: lock object'),
(20614,100,11,0,0,0,188025,10,7,0,0,0,0,0,0,0,0,'Part of Trapped Mammoth Calf 25850: lock object'),
(20615,100,11,0,0,0,188026,10,7,0,0,0,0,0,0,0,0,'Part of Trapped Mammoth Calf 25850: lock object'),
(20616,100,11,0,0,0,188027,10,7,0,0,0,0,0,0,0,0,'Part of Trapped Mammoth Calf 25850: lock object'),
(20617,100,11,0,0,0,188028,10,7,0,0,0,0,0,0,0,0,'Part of Trapped Mammoth Calf 25850: lock object'),
(20618,100,11,0,0,0,188029,10,7,0,0,0,0,0,0,0,0,'Part of Trapped Mammoth Calf 25850: lock object'),
(20619,100,11,0,0,0,188030,10,7,0,0,0,0,0,0,0,0,'Part of Trapped Mammoth Calf 25850: lock object'),
(20620,100,11,0,0,0,188031,10,7,0,0,0,0,0,0,0,0,'Part of Trapped Mammoth Calf 25850: lock object'),
(20621,100,11,0,0,0,188032,10,7,0,0,0,0,0,0,0,0,'Part of Trapped Mammoth Calf 25850: lock object'),
(20622,100,11,0,0,0,188033,10,7,0,0,0,0,0,0,0,0,'Part of Trapped Mammoth Calf 25850: lock object'),
(20623,100,11,0,0,0,188034,10,7,0,0,0,0,0,0,0,0,'Part of Trapped Mammoth Calf 25850: lock object'),
(20624,100,11,0,0,0,188035,10,7,0,0,0,0,0,0,0,0,'Part of Trapped Mammoth Calf 25850: lock object'),
(20625,100,11,0,0,0,188036,10,7,0,0,0,0,0,0,0,0,'Part of Trapped Mammoth Calf 25850: lock object'),
(20626,100,11,0,0,0,188037,10,7,0,0,0,0,0,0,0,0,'Part of Trapped Mammoth Calf 25850: lock object'),
(20627,100,11,0,0,0,188038,10,7,0,0,0,0,0,0,0,0,'Part of Trapped Mammoth Calf 25850: lock object'),
(20628,100,11,0,0,0,188039,10,7,0,0,0,0,0,0,0,0,'Part of Trapped Mammoth Calf 25850: lock object'),
(20629,100,11,0,0,0,188040,10,7,0,0,0,0,0,0,0,0,'Part of Trapped Mammoth Calf 25850: lock object'),
(20630,100,11,0,0,0,188041,10,7,0,0,0,0,0,0,0,0,'Part of Trapped Mammoth Calf 25850: lock object'),
(20631,100,11,0,0,0,188042,10,7,0,0,0,0,0,0,0,0,'Part of Trapped Mammoth Calf 25850: lock object'),
(20632,100,11,0,0,0,188043,10,7,0,0,0,0,0,0,0,0,'Part of Trapped Mammoth Calf 25850: lock object'),
(20633,100,11,0,0,0,188044,10,7,0,0,0,0,0,0,0,0,'Part of Trapped Mammoth Calf 25850: lock object');
