-- Zol'Heb & Gundrak (outside) - Zul'Drak

-- Doodad_InstanceNewPortal_Purple_Skull01 192635
DELETE FROM gameobject WHERE guid IN (514776);
INSERT INTO gameobject (guid, id, map, spawnMask, phaseMask, position_x, position_y, position_z, orientation, rotation0, rotation1, rotation2, rotation3, spawntimesecsmin, spawntimesecsmax, animprogress, state) VALUES
(514776,192635,571,1,1,6700.194,-4662.38,446.7864,-2.373644,0,0,-0.9271832,0.3746083,300,300,255,1);

-- Doodad_InstanceNewPortal_Purple01 192170
DELETE FROM gameobject WHERE guid IN (514779);
INSERT INTO gameobject (guid, id, map, spawnMask, phaseMask, position_x, position_y, position_z, orientation, rotation0, rotation1, rotation2, rotation3, spawntimesecsmin, spawntimesecsmax, animprogress, state) VALUES
(514779,192170,571,1,1,6700.194,-4662.38,446.7864,-2.373644,0,0,-0.9271832,0.3746083,300,300,255,1);

-- Gundrak Raptor Egg 194126
DELETE FROM `spawn_group` WHERE id = 30024;
INSERT INTO `spawn_group` (`Id`, `Name`, `Type`, `MaxCount`, `WorldState`, `Flags`) VALUES
(30024, 'Zul\'Drak - Gundrak Raptor Egg 194126', 1, 35, 0, 0);
DELETE FROM `spawn_group_spawn` WHERE id = 30024;
INSERT INTO `spawn_group_spawn` (`Id`, `Guid`, `SlotId`) VALUES
(30024,510697,-1),(30024,510698,-1),(30024,510699,-1),(30024,510700,-1),(30024,510701,-1),
(30024,510702,-1),(30024,510703,-1),(30024,510704,-1),(30024,510705,-1),(30024,510706,-1),
(30024,510707,-1),(30024,510708,-1),(30024,510709,-1),(30024,510710,-1),(30024,510711,-1),
(30024,510712,-1),(30024,510713,-1),(30024,510714,-1),(30024,510715,-1),(30024,510716,-1),
(30024,510717,-1),(30024,510718,-1),(30024,510719,-1),(30024,510720,-1),(30024,510721,-1),
(30024,510722,-1),(30024,510723,-1),(30024,510724,-1),(30024,510725,-1),(30024,510726,-1),
(30024,510727,-1),(30024,510728,-1),(30024,510729,-1),(30024,510730,-1),(30024,510731,-1),
(30024,510732,-1),(30024,510733,-1),(30024,510734,-1),(30024,513122,-1),(30024,513123,-1),
(30024,513124,-1),(30024,513125,-1),(30024,513126,-1),(30024,513127,-1),(30024,513130,-1),
(30024,513132,-1),(30024,513133,-1),(30024,513134,-1),(30024,513135,-1),(30024,513136,-1),
(30024,513137,-1),(30024,513138,-1),(30024,513139,-1),(30024,513140,-1),(30024,513141,-1),
(30024,513142,-1),(30024,513143,-1),(30024,513144,-1),(30024,513145,-1),(30024,513146,-1),
(30024,513147,-1),(30024,513148,-1),(30024,513149,-1),(30024,513150,-1),(30024,513151,-1),
(30024,513152,-1),(30024,513153,-1),(30024,513154,-1),(30024,513155,-1),(30024,513459,-1),
(30024,514398,-1),(30024,514654,-1),(30024,514655,-1),(30024,514656,-1),(30024,514657,-1);

-- Akali 28952
DELETE FROM `creature_addon` WHERE `guid` IN (SELECT `guid` FROM `creature` where `id` = 28952);
DELETE FROM `creature_template_addon` WHERE `entry` = 28952;
INSERT INTO `creature_template_addon` (`entry`, `mount`, `bytes1`, `b2_0_sheath`, `b2_1_pvp_state`, `emote`, `moveflags`, `auras`) VALUES
(28952,0,0,1,0,0,0,52841);
UPDATE creature SET spawndist = 0, MovementType = 0 WHERE guid = 523822;

-- Gundrak Brute 29236 
-- missing added
DELETE FROM creature_addon WHERE guid BETWEEN 535263 AND 535273;
DELETE FROM creature_movement WHERE id BETWEEN 535263 AND 535273;
DELETE FROM game_event_creature WHERE guid BETWEEN 535263 AND 535273;
DELETE FROM game_event_creature_data WHERE guid BETWEEN 535263 AND 535273;
DELETE FROM creature_battleground WHERE guid BETWEEN 535263 AND 535273;
DELETE FROM creature_linking WHERE guid BETWEEN 535263 AND 535273
OR master_guid BETWEEN 535263 AND 535273;
DELETE FROM creature WHERE guid BETWEEN 535263 AND 535273;
DELETE FROM creature WHERE guid = 535315; -- NeW
INSERT INTO creature (guid, id, map, spawnMask, phaseMask, modelid, equipment_id, position_x, position_y, position_z, orientation, spawntimesecsmin, spawntimesecsmax, spawndist, currentwaypoint, curhealth, curmana, DeathState, MovementType) VALUES
(535263,29236,571,1,1,0,0,6537.343,-4217.994,473.8781,2.323571,300,300,0,0,0,0,0,0),
(535264,29236,571,1,1,0,0,6604.7227,-4534.0513,455.08887,3.5953,300,300,0,0,0,0,0,0),
(535265,29236,571,1,1,0,0,6671.837,-4539.1426,451.06625,5.6723,300,300,0,0,0,0,0,0),
(535266,29236,571,1,1,0,0,6600.5503,-4464.816,450.64664,2.0943,300,300,0,0,0,0,0,0),
(535267,29236,571,1,1,0,0,6527.592,-4482.4077,458.2123,0.2443,300,300,0,0,0,0,0,0),
(535268,29236,571,1,1,0,0,6670.079,-4470.999,451.34726,0.7853,300,300,0,0,0,0,0,0),
(535269,29236,571,1,1,0,0,6792.909,-4356.3315,450.60138,4.1538,300,300,0,0,0,0,0,0),
(535270,29236,571,1,1,0,0,6859.705,-4282.356,451.91272,0.8203,300,300,0,0,0,0,0,0),
(535271,29236,571,1,1,0,0,6788.4087,-4472.9434,440.9516,0,300,300,0,0,0,0,0,4),
(535272,29236,571,1,1,0,0,6861.7085,-4353.413,451.2029,5.5152,300,300,0,0,0,0,0,0),
(535273,29236,571,1,1,0,0,6580.2744,-4375.862,449.34845,1.5707,300,300,1,0,0,0,0,1), -- for duel
(535315,29236,571,1,1,0,0,6579.34,-4362.49,449.265,4.78523,300,300,1,0,0,0,0,1); -- for duel
-- waypoints
UPDATE creature SET position_x = 6852.3623, position_y = -4651.994, position_z = 450.59436, spawndist = 0, MovementType = 4 WHERE guid = 524002;
UPDATE creature SET position_x = 6225.274, position_y = -3908.2449, position_z = 457.02463, spawndist = 0, MovementType = 4 WHERE guid = 524005;
DELETE FROM creature_movement WHERE id IN (524005,535271,524002);
INSERT INTO creature_movement (`id`,`point`,`positionx`,`positiony`,`positionz`,`orientation`,`waittime`,`scriptid`) VALUES
-- 524005
(524005,1,6225.274,-3908.2449,457.02463,100,0,0),
(524005,2,6239.05,-3921.7466,457.02008,100,0,0),
(524005,3,6255.3833,-3937.4094,457.02008,100,0,0),
(524005,4,6271.607,-3953.9133,457.02008,100,0,0),
(524005,5,6292.3413,-3975.2305,457.02008,100,0,0),
(524005,6,6306.0127,-3988.8503,457.02008,100,0,0),
(524005,7,6319.734,-4002.005,457.02008,100,0,0),
(524005,8,6336.6104,-4018.7964,457.02008,100,0,0),
(524005,9,6350.401,-4032.0786,457.02008,100,0,0),
(524005,10,6364.4214,-4046.284,457.0221,100,0,0),
(524005,11,6375.8345,-4057.927,457.02036,100,0,0),
(524005,12,6386.9644,-4068.9133,457.02008,100,0,0),
(524005,13,6398.2607,-4079.322,457.02008,100,0,0),
(524005,14,6408.8447,-4089.4758,456.94028,100,0,0),
-- 535271
(535271,1,6788.4087,-4472.9434,440.9516,100,0,0),
(535271,2,6776.6807,-4460.8726,440.9509,100,0,0),
(535271,3,6766.2197,-4450.266,440.96936,100,0,0),
(535271,4,6754.026,-4437.479,440.96936,100,0,0),
(535271,5,6743.03,-4421.114,440.84192,100,0,0),
(535271,6,6731.58,-4410.007,440.96802,100,0,0),
(535271,7,6711.8965,-4394.7275,440.95255,100,0,0),
(535271,8,6695.318,-4377.6504,440.96936,100,0,0),
-- 524002
(524002,1,6852.3623,-4651.994,450.59436,100,0,0),
(524002,2,6871.3994,-4632.8516,450.58185,100,0,0),
(524002,3,6891.64,-4610.8696,450.70685,100,0,0),
(524002,4,6912.7817,-4589.7344,450.61774,100,0,0),
(524002,5,6933.621,-4568.813,450.79684,100,0,0),
(524002,6,6953.081,-4549.233,450.59436,100,0,0),
(524002,7,6970.055,-4533.445,450.64285,100,0,0);
-- RP: 2 fighting each other
DELETE FROM `creature_spawn_data` WHERE `Guid` IN (535273,535315);
INSERT INTO `creature_spawn_data` (`Guid`, `Id`) VALUES
(535273,20033),(535315,20034);

-- Gundrak Savage 29235 & Gundrak Fire-eater 29237
-- missing added
DELETE FROM creature_addon WHERE guid BETWEEN 535274 AND 535306;
DELETE FROM creature_movement WHERE id BETWEEN 535274 AND 535306;
DELETE FROM game_event_creature WHERE guid BETWEEN 535274 AND 535306;
DELETE FROM game_event_creature_data WHERE guid BETWEEN 535274 AND 535306;
DELETE FROM creature_battleground WHERE guid BETWEEN 535274 AND 535306;
DELETE FROM creature_linking WHERE guid BETWEEN 535274 AND 535306
OR master_guid BETWEEN 535274 AND 535306;
DELETE FROM creature WHERE guid BETWEEN 535274 AND 535306;
INSERT INTO creature (guid, id, map, spawnMask, phaseMask, modelid, equipment_id, position_x, position_y, position_z, orientation, spawntimesecsmin, spawntimesecsmax, spawndist, currentwaypoint, curhealth, curmana, DeathState, MovementType) VALUES
(535274,29235,571,1,1,0,0,6807.1084,-4449.402,440.71936,4.0325,300,300,0,0,0,0,0,0),
(535275,29237,571,1,1,0,0,6808.0093,-4447.5654,440.86804,4.0344,300,300,0,0,0,0,0,0),
(535276,29235,571,1,1,0,0,6582.975,-4560.2485,450.62006,5.71771,300,300,0,0,0,0,0,0),
(535277,29237,571,1,1,0,0,6584.44,-4558.49,450.523,5.71771,300,300,0,0,0,0,0,0),
(535278,29235,571,1,1,0,0,6586.2324,-4392.827,449.34845,1.83259,300,300,0,0,0,0,0,0),
(535279,29235,571,1,1,0,0,6553.0845,-4364.779,449.34845,0,300,300,0,0,0,0,0,0),
(535280,29235,571,1,1,0,0,6602.612,-4373.2603,449.34845,2.9496,300,300,0,0,0,0,0,0),
(535281,29235,571,1,1,0,0,6637.6235,-4341.2793,453.16748,1.9896,300,300,0,0,0,0,0,0),
(535282,29235,571,1,1,0,0,6660.3257,-4318.7397,453.12674,2.6005,300,300,0,0,0,0,0,0),
(535283,29235,571,1,1,0,0,6749.15,-4383.7256,440.85605,3.9618,300,300,0,0,0,0,0,0),
(535284,29235,571,1,1,0,0,6762.623,-4397.916,440.87817,3.8920,300,300,0,0,0,0,0,0),
(535285,29235,571,1,1,0,0,6697.178,-4429.1943,440.6827,0.8203,300,300,0,0,0,0,0,0),
(535286,29235,571,1,1,0,0,6711.2495,-4443.255,440.68512,0.8028,300,300,0,0,0,0,0,0),
(535287,29237,571,1,1,0,0,6571.1787,-4342.799,449.34845,5.0440,300,300,0,0,0,0,0,0),
(535288,29237,571,1,1,0,0,6602.498,-4347.171,449.34845,3.9095,300,300,0,0,0,0,0,0),
(535289,29237,571,1,1,0,0,6562.9497,-4390.5947,449.34845,0.9075,300,300,0,0,0,0,0,0),
(535290,29237,571,1,1,0,0,6529.277,-4409.2827,458.2124,0.8028,300,300,0,0,0,0,0,0),
(535291,29237,571,1,1,0,0,6641.9097,-4477.85,474.52335,0.66322,300,300,0,0,0,0,0,0),
(535292,29237,571,1,1,0,0,6618.4316,-4483.032,469.184,2.2863,300,300,0,0,0,0,0,0),
(535293,29237,571,1,1,0,0,6656.609,-4484.141,456.552,0.8203,300,300,0,0,0,0,0,0),
(535294,29237,571,1,1,0,0,6661.0103,-4497.944,474.52335,0.6981,300,300,0,0,0,0,0,0),
(535295,29237,571,1,1,0,0,6656.02,-4522.545,469.184,5.4628,300,300,0,0,0,0,0,0),
(535296,29237,571,1,1,0,0,6620.933,-4518.2764,474.52335,4.0491,300,300,0,0,0,0,0,0),
(535297,29237,571,1,1,0,0,6510.0713,-4511.6133,458.21225,5.4628,300,300,0,0,0,0,0,0),
(535298,29237,571,1,1,0,0,6528.7314,-4436.0063,458.21237,5.5501,300,300,0,0,0,0,0,0),
(535299,29237,571,1,1,0,0,6512.26,-4393.147,458.2124,0.7155,300,300,0,0,0,0,0,0),
(535300,29237,571,1,1,0,0,6484.496,-4538.5273,458.21225,5.4977,300,300,0,0,0,0,0,0),
(535301,29237,571,1,1,0,0,6807.9165,-4339.7607,456.55936,3.9793,300,300,0,0,0,0,0,0),
(535302,29237,571,1,1,0,0,6822.6626,-4345.3096,474.52844,3.7175,300,300,0,0,0,0,0,0),
(535303,29237,571,1,1,0,0,6845.9463,-4338.3477,469.1891,5.3058,300,300,0,0,0,0,0,0),
(535304,29237,571,1,1,0,0,6801.0063,-4326.3726,474.52844,3.9444,300,300,0,0,0,0,0,0),
(535305,29237,571,1,1,0,0,6806.438,-4302.25,469.1891,2.4958,300,300,0,0,0,0,0,0),
(535306,29237,571,1,1,0,0,6839.8843,-4304.639,474.52844,0.7853,300,300,0,0,0,0,0,0);
-- individual addons
DELETE FROM creature_addon WHERE guid BETWEEN 535281 AND 535286;
INSERT INTO creature_addon (guid, mount, bytes1, b2_0_sheath, b2_1_pvp_state, emote, moveflags, auras) VALUES 
(535281,0,0,1,0,333,0,NULL),
(535282,0,0,1,0,333,0,NULL),
(535283,0,0,1,0,333,0,NULL),
(535284,0,0,1,0,333,0,NULL),
(535285,0,0,1,0,333,0,NULL),
(535286,0,0,1,0,333,0,NULL);
DELETE FROM `creature_spawn_data` WHERE `Guid` IN (
535278,535279,535280,535286,535287,535288,535289,535290,535291,535292,535293,535294,535295,524014,524012,535296,535297,535298,535299,
535300,524008,524009,524010,535301,535302,535303,535304,535305,535306);
INSERT INTO `creature_spawn_data` (`Guid`, `Id`) VALUES
(535278,20033),(535279,20033),(535280,20033),
(535287,20033),(535288,20033),(535289,20033),
(535290,20034),(535291,20034),(535292,20034),
(535293,20034),(535294,20034),(535295,20034),
(524012,20034),(524014,20034),(535296,20034),
(535297,20034),(535298,20034),(535299,20034),
(535300,20034),(524008,20034),(524009,20034),
(524010,20034),(535301,20034),(535302,20034),
(535303,20034),(535304,20034),(535305,20034),
(535306,20034);
DELETE FROM dbscripts_on_relay WHERE id IN (20702);
INSERT INTO dbscripts_on_relay (id, delay, command, datalong, datalong2, datalong3, buddy_entry, search_radius, data_flags, dataint, dataint2, dataint3, dataint4, x, y, z, o, comments) VALUES
(20702,0,21,1,0,0,0,0,0x04,0,0,0,0,0,0,0,0,'Part of Gundrak Fire-eater 29237 EAI: self active'),
(20702,1,15,54293,0,0,0,0,0,0,0,0,0,0,0,0,0,'Part of Gundrak Fire-eater 29237 EAI: cast Flame Breath'),
(20702,5000,35,6,0,0,0,0,0x04,0,0,0,0,0,0,0,0,'Part of Gundrak Fire-eater 29237 EAI: send event 6'),
(20702,5100,21,0,0,0,0,0,0x04,0,0,0,0,0,0,0,0,'Part of Gundrak Fire-eater 29237 EAI: self unactive');
-- Patrol 1
UPDATE creature SET spawndist = 0, MovementType = 0 WHERE guid IN (523990,524011);
DELETE FROM `spawn_group` WHERE id = 30020;
INSERT INTO `spawn_group` (`Id`, `Name`, `Type`, `MaxCount`, `WorldState`, `Flags`) VALUES
(30020, 'Zul\'Drak - Gundrak Savage 29235 & Gundrak Fire-eater 29237 - Patrol 1', 0, 0, 0, 1);
DELETE FROM `spawn_group_spawn` WHERE id = 30020;
INSERT INTO `spawn_group_spawn` (`Id`, `Guid`, `SlotId`) VALUES
(30020, 523990, 0), -- Gundrak Savage 29235
(30020, 524011, 1); -- Gundrak Fire-eater 29237
DELETE FROM `spawn_group_formation` WHERE id = 30020;
INSERT INTO `spawn_group_formation` (`Id`, `FormationType`, `FormationSpread`, `FormationOptions`, `PathId`, `MovementType`, `Comment`) VALUES
(30020, 2, 2, 0, 30020, 4, 'Zul\'Drak - Gundrak Savage 29235 & Gundrak Fire-eater 29237 - Patrol 1');
DELETE FROM `waypoint_path_name` WHERE PathId = 30020;
INSERT INTO `waypoint_path_name` (`PathId`, `Name`) VALUES
(30020,'Zul\'Drak - Gundrak Savage 29235 & Gundrak Fire-eater 29237 - Patrol 1');
DELETE FROM `waypoint_path` WHERE PathId = 30020;
INSERT INTO `waypoint_path` (`PathId`, `Point`, `PositionX`, `PositionY`,`PositionZ`, `Orientation`, `WaitTime`, `ScriptId`) VALUES
(30020,1,6283.705,-3961.8533,457.02008,100,0,0),
(30020,2,6311.6816,-3990.472,457.02008,100,0,0),
(30020,3,6331.8716,-4008.9346,457.02008,100,0,0),
(30020,4,6354.188,-4030.8938,457.02008,100,0,0),
(30020,5,6372.02,-4048.5747,457.02036,100,0,0),
(30020,6,6386.3613,-4062.2349,457.02036,100,0,0),
(30020,7,6405.738,-4081.7214,456.94028,100,0,0),
(30020,8,6414.198,-4095.744,457.5084,100,0,0),
(30020,9,6400.237,-4088.9219,456.94028,100,0,0),
(30020,10,6382.9756,-4072.0742,457.02008,100,0,0),
(30020,11,6371.98,-4060.9583,457.02036,100,0,0),
(30020,12,6361.485,-4050.4185,457.1471,100,0,0),
(30020,13,6346.1484,-4035.3938,457.17175,100,0,0),
(30020,14,6325.9004,-4014.3125,457.02008,100,0,0),
(30020,15,6306.165,-3994.9045,457.02008,100,0,0),
(30020,16,6278.718,-3965.6082,457.02008,100,0,0),
(30020,17,6262.139,-3946.817,457.02008,100,0,0),
(30020,18,6241.3735,-3927.4175,457.02008,100,0,0),
(30020,19,6221.641,-3911.5586,457.02463,100,0,0),
(30020,20,6215.6094,-3898.4011,458.9461,100,0,0),
(30020,21,6227.7856,-3902.9993,457.10202,100,0,0),
(30020,22,6245.187,-3922.77,457.02008,100,0,0),
(30020,23,6265.6143,-3942.4592,457.02008,100,0,0);
-- Patrol 2
DELETE FROM `spawn_group` WHERE id = 30021;
INSERT INTO `spawn_group` (`Id`, `Name`, `Type`, `MaxCount`, `WorldState`, `Flags`) VALUES
(30021, 'Zul\'Drak - Gundrak Savage 29235 & Gundrak Fire-eater 29237 - Patrol 2', 0, 0, 0, 1);
DELETE FROM `spawn_group_spawn` WHERE id = 30021;
INSERT INTO `spawn_group_spawn` (`Id`, `Guid`, `SlotId`) VALUES
(30021, 535274, 0), -- Gundrak Savage 29235
(30021, 535275, 1); -- Gundrak Fire-eater 29237
DELETE FROM `spawn_group_formation` WHERE id = 30021;
INSERT INTO `spawn_group_formation` (`Id`, `FormationType`, `FormationSpread`, `FormationOptions`, `PathId`, `MovementType`, `Comment`) VALUES
(30021, 2, 2, 0, 30021, 4, 'Zul\'Drak - Gundrak Savage 29235 & Gundrak Fire-eater 29237 - Patrol 2');
DELETE FROM `waypoint_path_name` WHERE PathId = 30021;
INSERT INTO `waypoint_path_name` (`PathId`, `Name`) VALUES
(30021,'Zul\'Drak - Gundrak Savage 29235 & Gundrak Fire-eater 29237 - Patrol 2');
DELETE FROM `waypoint_path` WHERE PathId = 30021;
INSERT INTO `waypoint_path` (`PathId`, `Point`, `PositionX`, `PositionY`,`PositionZ`, `Orientation`, `WaitTime`, `ScriptId`) VALUES
(30021,1,6807.1084,-4449.402,440.71936,100,0,0),
(30021,2,6793.4673,-4438.6704,440.7009,100,0,0),
(30021,3,6777.4785,-4421.5405,440.71936,100,0,0),
(30021,4,6759.477,-4403.1665,440.61584,100,0,0),
(30021,5,6739.453,-4383.3574,440.61584,100,0,0),
(30021,6,6726.1704,-4369.2754,440.70255,100,0,0),
(30021,7,6710.4375,-4353.5356,440.71936,100,0,0),
(30021,8,6695.962,-4343.21,440.71936,100,0,0),
(30021,9,6683.8027,-4346.727,440.71936,100,0,0),
(30021,10,6672.0767,-4356.8267,440.71936,100,0,0),
(30021,11,6662.0454,-4369.2344,440.71936,100,0,0),
(30021,12,6660.906,-4381.0317,440.71936,100,0,0),
(30021,13,6673.2065,-4396.3735,440.71936,100,0,0),
(30021,14,6689.8516,-4412.93,440.71936,100,0,0),
(30021,15,6711.546,-4435.5054,440.71936,100,0,0),
(30021,16,6728.5454,-4452.4766,440.71936,100,0,0),
(30021,17,6745.134,-4468.817,440.71936,100,0,0),
(30021,18,6764.3306,-4486.1836,440.71936,100,0,0);
-- Patrol 3
DELETE FROM `spawn_group` WHERE id = 30022;
INSERT INTO `spawn_group` (`Id`, `Name`, `Type`, `MaxCount`, `WorldState`, `Flags`) VALUES
(30022, 'Zul\'Drak - Gundrak Savage 29235 & Gundrak Fire-eater 29237 - Patrol 3', 0, 0, 0, 1);
DELETE FROM `spawn_group_spawn` WHERE id = 30022;
INSERT INTO `spawn_group_spawn` (`Id`, `Guid`, `SlotId`) VALUES
(30022, 535276, 0), -- Gundrak Savage 29235
(30022, 535277, 1); -- Gundrak Fire-eater 29237
DELETE FROM `spawn_group_formation` WHERE id = 30022;
INSERT INTO `spawn_group_formation` (`Id`, `FormationType`, `FormationSpread`, `FormationOptions`, `PathId`, `MovementType`, `Comment`) VALUES
(30022, 2, 2, 0, 30022, 2, 'Zul\'Drak - Gundrak Savage 29235 & Gundrak Fire-eater 29237 - Patrol 3');
DELETE FROM `waypoint_path_name` WHERE PathId = 30022;
INSERT INTO `waypoint_path_name` (`PathId`, `Name`) VALUES
(30022,'Zul\'Drak - Gundrak Savage 29235 & Gundrak Fire-eater 29237 - Patrol 3');
DELETE FROM `waypoint_path` WHERE PathId = 30022;
INSERT INTO `waypoint_path` (`PathId`, `Point`, `PositionX`, `PositionY`,`PositionZ`, `Orientation`, `WaitTime`, `ScriptId`) VALUES
(30022,1,6582.975,-4560.2485,450.62006,100,0,0),
(30022,2,6604.941,-4574.531,450.64285,100,0,0),
(30022,3,6644.9634,-4558.528,453.76785,100,0,0),
(30022,4,6683.812,-4555.2515,450.64285,100,0,0),
(30022,5,6699.639,-4524.932,450.64285,100,0,0),
(30022,6,6703.858,-4507.9277,450.72498,100,0,0),
(30022,7,6699.078,-4489.404,450.8933,100,0,0),
(30022,8,6687.711,-4465.9824,450.59436,100,0,0),
(30022,9,6670.4473,-4450.651,450.59436,100,0,0),
(30022,10,6643.8115,-4445.103,451.8677,100,0,0),
(30022,11,6609.789,-4438.5337,450.64285,100,0,0),
(30022,12,6585.2524,-4455.0664,450.68826,100,0,0),
(30022,13,6579.9087,-4488.89,452.65082,100,0,0),
(30022,14,6578.87,-4536.5767,450.7934,100,0,0);
-- Patrol 4
UPDATE creature SET spawndist = 0, MovementType = 0 WHERE guid IN (523989,524013);
DELETE FROM `spawn_group` WHERE id = 30023;
INSERT INTO `spawn_group` (`Id`, `Name`, `Type`, `MaxCount`, `WorldState`, `Flags`) VALUES
(30023, 'Zul\'Drak - Gundrak Savage 29235 & Gundrak Fire-eater 29237 - Patrol 4', 0, 0, 0, 1);
DELETE FROM `spawn_group_spawn` WHERE id = 30023;
INSERT INTO `spawn_group_spawn` (`Id`, `Guid`, `SlotId`) VALUES
(30023, 523989, 0), -- Gundrak Savage 29235
(30023, 524013, 1); -- Gundrak Fire-eater 29237
DELETE FROM `spawn_group_formation` WHERE id = 30023;
INSERT INTO `spawn_group_formation` (`Id`, `FormationType`, `FormationSpread`, `FormationOptions`, `PathId`, `MovementType`, `Comment`) VALUES
(30023, 2, 2, 0, 30023, 2, 'Zul\'Drak - Gundrak Savage 29235 & Gundrak Fire-eater 29237 - Patrol 4');
DELETE FROM `waypoint_path_name` WHERE PathId = 30023;
INSERT INTO `waypoint_path_name` (`PathId`, `Name`) VALUES
(30023,'Zul\'Drak - Gundrak Savage 29235 & Gundrak Fire-eater 29237 - Patrol 4');
DELETE FROM `waypoint_path` WHERE PathId = 30023;
INSERT INTO `waypoint_path` (`PathId`, `Point`, `PositionX`, `PositionY`,`PositionZ`, `Orientation`, `WaitTime`, `ScriptId`) VALUES
(30023,1,6807.212,-4259.523,450.92914,100,0,0),
(30023,2,6849.3677,-4258.5073,450.93814,100,0,0),
(30023,3,6868.0757,-4272.702,451.00827,100,0,0),
(30023,4,6879.505,-4290.7754,452.48215,100,0,0),
(30023,5,6881.869,-4317.1235,454.45804,100,0,0),
(30023,6,6876.144,-4350.196,451.7321,100,0,0),
(30023,7,6860.553,-4370.3203,450.8477,100,0,0),
(30023,8,6838.0215,-4375.0786,450.64285,100,0,0),
(30023,9,6801.7026,-4370.5425,450.80142,100,0,0),
(30023,10,6784.5312,-4363.1494,450.64285,100,0,0),
(30023,11,6763.5146,-4342.273,450.6199,100,0,0),
(30023,12,6750.2437,-4324.655,450.60202,100,0,0),
(30023,13,6746.1816,-4308.7754,450.60202,100,0,0),
(30023,14,6751.2456,-4290.061,451.0281,100,0,0),
(30023,15,6760.8154,-4271.3833,451.89627,100,0,0),
(30023,16,6777.0454,-4259.7915,451.04584,100,0,0);

-- Akali Subduer 28988
-- missing added
DELETE FROM creature_addon WHERE guid BETWEEN 535307 AND 535313;
DELETE FROM creature_movement WHERE id BETWEEN 535307 AND 535313;
DELETE FROM game_event_creature WHERE guid BETWEEN 535307 AND 535313;
DELETE FROM game_event_creature_data WHERE guid BETWEEN 535307 AND 535313;
DELETE FROM creature_battleground WHERE guid BETWEEN 535307 AND 535313;
DELETE FROM creature_linking WHERE guid BETWEEN 535307 AND 535313
OR master_guid BETWEEN 535307 AND 535313;
DELETE FROM creature WHERE guid BETWEEN 535307 AND 535313;
INSERT INTO creature (guid, id, map, spawnMask, phaseMask, modelid, equipment_id, position_x, position_y, position_z, orientation, spawntimesecsmin, spawntimesecsmax, spawndist, currentwaypoint, curhealth, curmana, DeathState, MovementType) VALUES
(535307,28988,571,1,1,0,0,6809.321,-4567.8306,440.71936,1.0255,300,300,0,0,0,0,0,0),
(535308,28988,571,1,1,0,0,6795.6855,-4525.8755,440.6777,0.0174,300,300,0,0,0,0,0,0),
(535309,28988,571,1,1,0,0,6778.1055,-4505.45,440.6777,5.9341,300,300,0,0,0,0,0,0),
(535310,28988,571,1,1,0,0,6814.4624,-4503.21,442.32272,6.2308,300,300,0,0,0,0,0,0),
(535311,28988,571,1,1,0,0,6858.112,-4457.3374,439.95914,4.6774,300,300,0,0,0,0,0,0),
(535312,28988,571,1,1,0,0,6823.6123,-4471.8535,440.6777,4.9741,300,300,0,0,0,0,0,0),
(535313,28988,571,1,1,0,0,6839.837,-4497.1475,442.32272,4.9392,300,300,0,0,0,0,0,0);
UPDATE creature SET spawndist = 0, MovementType = 0 WHERE guid IN (
523830,523829,535307,535308,535309,523835,523834,535311,523833,523831,535313,523827,523832);
DELETE FROM `creature_spawn_data` WHERE `Guid` IN (
523830,523829,535307,535308,535309,535310,523835,523834,535311,535312,523833,523831,535313,523827,523832);
INSERT INTO `creature_spawn_data` (`Guid`, `Id`) VALUES
(523830,20033),(523829,20033),(535307,20033),
(535308,20033),(535309,20033),(535310,20033),
(523835,20033),(523834,20033),(535311,20033),
(535312,20033),(523833,20033),(523831,20033),
(535313,20033),(523827,20033),(523832,20033);
-- waypoints
UPDATE creature SET spawndist = 0, MovementType = 2 WHERE guid = 523828;
DELETE FROM creature_movement WHERE id IN (523828);
INSERT INTO creature_movement (`id`,`point`,`positionx`,`positiony`,`positionz`,`orientation`,`waittime`,`scriptid`) VALUES
-- 523828
(523828,1,6884.107,-4520.678,440.89383,100,0,0),
(523828,2,6880.5664,-4557.2886,440.71936,100,0,0),
(523828,3,6869.105,-4568.366,440.71936,100,0,0),
(523828,4,6842.444,-4571.6924,440.71936,100,0,0),
(523828,5,6809.321,-4567.8306,440.71936,100,0,0),
(523828,6,6795.6665,-4555.2803,440.71936,100,0,0),
(523828,7,6789.5913,-4522.651,440.71936,100,0,0),
(523828,8,6796.8066,-4500.4453,440.71936,100,0,0),
(523828,9,6810.742,-4484.5137,440.71936,100,0,0),
(523828,10,6839.2314,-4483.315,440.71936,100,0,0),
(523828,11,6872.261,-4482.46,440.71936,100,0,0);

-- Gundrak Bat Rider 29332
DELETE FROM `creature_addon` WHERE `guid` IN (SELECT `guid` FROM `creature` where `id` = 29332);
DELETE FROM `creature_template_addon` WHERE `entry` = 29332;
INSERT INTO `creature_template_addon` (`entry`, `mount`, `bytes1`, `b2_0_sheath`, `b2_1_pvp_state`, `emote`, `moveflags`, `auras`) VALUES
(29332,9074,0,1,0,0,0,NULL);
DELETE FROM `creature_spawn_data` WHERE `Guid` IN (
524397,524403,524400,524398,524401,524399,524405,524404,524402);
INSERT INTO `creature_spawn_data` (`Guid`, `Id`) VALUES
(524397,3),(524403,3),(524400,3),
(524398,3),(524401,3),(524399,3),
(524405,3),(524404,3),(524402,3);
-- waypoints
UPDATE creature SET position_x = 6665.2007, position_y = -4340.999, position_z = 495.80698, spawndist = 0, MovementType = 3 WHERE guid = 524397;
UPDATE creature SET position_x = 6646.0835, position_y = -4746.0503, position_z = 497.22574, spawndist = 0, MovementType = 3 WHERE guid = 524403;
UPDATE creature SET position_x = 6793.303, position_y = -4655.815, position_z = 487.68436, spawndist = 0, MovementType = 3 WHERE guid = 524400;
UPDATE creature SET position_x = 6782.3306, position_y = -4438.363, position_z = 505.88538, spawndist = 0, MovementType = 3 WHERE guid = 524398;
UPDATE creature SET position_x = 6692.6143, position_y = -4375.9077, position_z = 476.41504, spawndist = 0, MovementType = 3 WHERE guid = 524401;
UPDATE creature SET position_x = 6788.6733, position_y = -4439.94, position_z = 476.37228, spawndist = 0, MovementType = 3 WHERE guid = 524399;
UPDATE creature SET position_x = 6820.191, position_y = -4409.9214, position_z = 474.6015, spawndist = 0, MovementType = 3 WHERE guid = 524405;
UPDATE creature SET position_x = 6974.671, position_y = -4456.1294, position_z = 490.24008, spawndist = 0, MovementType = 3 WHERE guid = 524404;
UPDATE creature SET position_x = 6789.161, position_y = -4391.1724, position_z = 495.49017, spawndist = 0, MovementType = 3 WHERE guid = 524402;
DELETE FROM creature_movement WHERE id IN (524397,524403,524400,524398,524401,524399,524405,524404,524402);
INSERT INTO creature_movement (`id`,`point`,`positionx`,`positiony`,`positionz`,`orientation`,`waittime`,`scriptid`) VALUES
-- 524397
(524397,1,6665.2007,-4340.999,495.80698,100,0,0),
(524397,2,6510.014,-4338.3877,495.80698,100,0,0),
(524397,3,6546.891,-4212.1484,495.80695,100,0,0),
(524397,4,6602.6763,-4176.8525,495.80698,100,0,0),
(524397,5,6704.3926,-4175.519,495.80698,100,0,0),
(524397,6,6763.7563,-4250.8237,495.80698,100,0,0),
-- 524403
(524403,1,6646.0835,-4746.0503,497.22574,100,0,0),
(524403,2,6786.8296,-4653.706,497.22574,100,0,0),
(524403,3,6830.4478,-4731.8896,497.22577,100,0,0),
(524403,4,6840.583,-4818.786,495.47577,100,0,0),
(524403,5,6758.79,-4937.402,517.6702,100,0,0),
-- 524400
(524400,1,6793.303,-4655.815,487.68436,100,0,0),
(524400,2,6755.519,-4741.057,479.6011,100,0,0),
(524400,3,6716.291,-4696.557,497.6843,100,0,0),
(524400,4,6690.226,-4591.5737,497.6843,100,0,0),
(524400,5,6627.1704,-4518.443,497.6843,100,0,0),
(524400,6,6679.51,-4482.6763,497.6843,100,0,0),
-- 524398
(524398,1,6782.3306,-4438.363,505.88538,100,0,0),
(524398,2,6650.489,-4512.6978,505.88538,100,0,0),
(524398,3,6646.5454,-4398.2603,505.88538,100,0,0),
(524398,4,6732.0947,-4312.4653,505.88538,100,0,0),
(524398,5,6821.129,-4324.4883,505.88535,100,0,0),
-- 524401
(524401,1,6692.6143,-4375.9077,476.41504,100,0,0),
(524401,2,6782.5444,-4469.0444,476.41504,100,0,0),
(524401,3,6752.298,-4512.696,476.41504,100,0,0),
(524401,4,6675.868,-4509.415,487.38724,100,0,0),
(524401,5,6585.312,-4423.757,485.63724,100,0,0),
(524401,6,6571.0938,-4355.416,478.74838,100,0,0),
(524401,7,6643.145,-4328.6904,475.05396,100,0,0),
-- 524399
(524399,1,6788.6733,-4439.94,476.37228,100,0,0),
(524399,2,6865.329,-4440.8843,476.3723,100,0,0),
(524399,3,6851.565,-4368.6533,490.51108,100,0,0),
(524399,4,6787.628,-4312.262,492.59454,100,0,0),
(524399,5,6719.723,-4313.467,476.37228,100,0,0),
(524399,6,6704.8115,-4366.5303,476.37228,100,0,0),
-- 524405
(524405,1,6820.191,-4409.9214,474.6015,100,0,0),
(524405,2,6801.454,-4485.621,472.85156,100,0,0),
(524405,3,6705.2485,-4481.2646,477.21265,100,0,0),
(524405,4,6653.9326,-4436.6772,478.8516,100,0,0),
(524405,5,6629.2275,-4374.326,478.99045,100,0,0),
(524405,6,6686.0205,-4308.767,472.8516,100,0,0),
(524405,7,6730.88,-4316.74,474.10153,100,0,0),
(524405,8,6778.456,-4358.164,474.26816,100,0,0),
-- 524404
(524404,1,6974.671,-4456.1294,490.24008,100,0,0),
(524404,2,6895.5283,-4514.577,490.24008,100,0,0),
(524404,3,6797.9136,-4645.9663,500.12897,100,0,0),
(524404,4,6830.3774,-4727.32,500.15677,100,0,0),
(524404,5,6976.1616,-4599.5254,503.87894,100,0,0),
(524404,6,7071.2476,-4528.912,490.24008,100,0,0),
(524404,7,7019.012,-4444.901,490.24005,100,0,0),
-- 524402
(524402,1,6789.161,-4391.1724,495.49017,100,0,0),
(524402,2,6916.9316,-4466.597,495.49017,100,0,0),
(524402,3,6985.6367,-4423.8374,495.49017,100,0,0),
(524402,4,6955.332,-4346.4556,495.49017,100,0,0),
(524402,5,6747.3657,-4299.064,495.4902,100,0,0);

-- Zul'Drak Bat 28233
UPDATE creature SET position_x = 6947.712402, position_y = -4155.174805, position_z = 451.283844 WHERE guid = 521963;

-- Gundrak Raptor 29334
-- missing added
DELETE FROM creature_addon WHERE guid = 535314;
DELETE FROM creature_movement WHERE id = 535314;
DELETE FROM game_event_creature WHERE guid = 535314;
DELETE FROM game_event_creature_data WHERE guid = 535314;
DELETE FROM creature_battleground WHERE guid = 535314;
DELETE FROM creature_linking WHERE guid = 535314
OR master_guid = 535314;
DELETE FROM creature WHERE guid = 535314;
INSERT INTO creature (guid, id, map, spawnMask, phaseMask, modelid, equipment_id, position_x, position_y, position_z, orientation, spawntimesecsmin, spawntimesecsmax, spawndist, currentwaypoint, curhealth, curmana, DeathState, MovementType) VALUES
(535314,29334,571,1,1,0,0,6591.611,-4582.882,450.6438,5.2032,300,300,15,0,0,0,0,1);
UPDATE creature SET spawndist = 15, MovementType = 1 WHERE id = 29334;
UPDATE creature SET position_x = 6391.604492, position_y = -4356.881836, position_z = 452.191071 WHERE guid = 524476;
UPDATE creature SET position_x = 6425.436035, position_y = -4321.976562, position_z = 451.917633 WHERE guid = 524480;
UPDATE creature SET position_x = 6497.916992, position_y = -4332.113770, position_z = 450.582855 WHERE guid = 524478;
UPDATE creature SET position_x = 6313.109375, position_y = -4414.875977, position_z = 450.868744 WHERE guid = 524472;
UPDATE creature SET position_x = 6214.601562, position_y = -4459.968750, position_z = 452.261780 WHERE guid = 524467;
UPDATE creature SET position_x = 6313.275879, position_y = -4540.814941, position_z = 454.606873 WHERE guid = 524475;
UPDATE creature SET position_x = 6455.269531, position_y = -4656.030273, position_z = 452.951202 WHERE guid = 524462;
UPDATE creature SET position_x = 6526.547852, position_y = -4714.384766, position_z = 450.556091 WHERE guid = 524463;
UPDATE creature SET position_x = 6737.800781, position_y = -4229.998535, position_z = 454.162598 WHERE guid = 524482;
UPDATE creature SET position_x = 6851.699219, position_y = -4178.714355, position_z = 452.883575 WHERE guid = 524483;

-- ELM General Purpose Bunny Large 24110
DELETE FROM `creature_spawn_data` WHERE `Guid` IN (505087,505089,505085,505086);
INSERT INTO `creature_spawn_data` (`Guid`, `Id`) VALUES
(505087,20034),(505089,20034),(505085,20034),(505086,20034);
-- target corrected
DELETE FROM spell_script_target WHERE entry IN (52838,52833,52834,52837,52844);
INSERT INTO spell_script_target (entry, type, targetEntry, inverseEffectMask) VALUES
(52833, 1, 28952, 0),
(52834, 1, 28952, 0),
(52844, 1, 28952, 0),
(52837, 1, 26298, 0),
(52838, 1, 26298, 0);

-- ELM General Purpose Bunny (scale x0.01) Large 26298
-- waypoints
UPDATE creature SET spawndist = 0, MovementType = 2 WHERE guid IN (513014,513013,513016,513015);
DELETE FROM creature_movement WHERE id IN (513014,513013,513016,513015);
INSERT INTO creature_movement (`id`,`point`,`positionx`,`positiony`,`positionz`,`orientation`,`waittime`,`scriptid`) VALUES
(513014,1,6862.62,-4549.94,442.323,100,100,2629801),
(513013,1,6863.9,-4503.23,442.323,100,100,2629802),
(513016,1,6817.88,-4549.02,443.087,100,100,2629803),
(513015,1,6817.47,-4503.56,443.177,100,100,2629804);
DELETE FROM dbscripts_on_creature_movement WHERE id IN (2629801,2629802,2629803,2629804);
INSERT INTO dbscripts_on_creature_movement (id, delay, command, datalong, datalong2, datalong3, buddy_entry, search_radius, data_flags, dataint, dataint2, dataint3, dataint4, x, y, z, o, comments) VALUES
(2629801,0,15,52838,0,0,26298,513007,1|0x10,0,0,0,0,0,0,0,0,'Cast 52838 on buddy 1'),
(2629802,0,15,52837,0,0,26298,513006,1|0x10,0,0,0,0,0,0,0,0,'Cast 52837 on buddy 2'),
(2629803,1,31,28952,0,0,0,0,0,0,0,0,0,0,0,0,0,'search for 28952'),
(2629803,10,15,52833,0,0,28952,100,1,0,0,0,0,0,0,0,0,'Cast 52833 on buddy 3'),
(2629804,1,31,28952,0,0,0,0,0,0,0,0,0,0,0,0,0,'search for 28952'),
(2629804,10,15,52834,0,0,28952,100,1,0,0,0,0,0,0,0,0,'Cast 52833 on buddy 3');
