-- The Avalanche - Sholazar Basin

-- all redone
-- Snowblind Ghoul 28218
-- Frostbitten Corpse 28220
DELETE FROM creature_addon WHERE guid IN (SELECT guid FROM creature WHERE id IN (28218,28220));
DELETE FROM creature_movement WHERE id IN (SELECT guid FROM creature WHERE id IN (28218,28220));
DELETE FROM game_event_creature WHERE guid IN (SELECT guid FROM creature WHERE id IN (28218,28220));
DELETE FROM game_event_creature_data WHERE guid IN (SELECT guid FROM creature WHERE id IN (28218,28220));
DELETE FROM creature_battleground WHERE guid IN (SELECT guid FROM creature WHERE id IN (28218,28220));
DELETE FROM creature_linking WHERE guid IN (SELECT guid FROM creature WHERE id IN (28218,28220))
OR master_guid IN (SELECT guid FROM creature WHERE id IN (28218,28220));
DELETE FROM creature WHERE id IN (28218,28220);

SET @CGUID := 521627;
INSERT INTO creature (guid, id, map, spawnMask, phaseMask, position_x, position_y, position_z, orientation, spawntimesecsmin, spawntimesecsmax, spawndist, MovementType) VALUES
-- Snowblind Ghoul 28218
(@CGUID+1  ,28218,571,1,1,6226.32,4135.44,-9.46317,4.33624,120,120,10,1),
(@CGUID+2  ,28218,571,1,1,6026.45,3843.12,-0.668164,3.23522,120,120,10,1),
(@CGUID+3  ,28218,571,1,1,6248.97,4095.78,8.26233,1.32819,120,120,10,1),
(@CGUID+4  ,28218,571,1,1,6226.85,4063.13,11.8696,4.54533,120,120,10,1),
(@CGUID+5  ,28218,571,1,1,6270.55,4090.97,12.6091,5.28366,120,120,10,1),
(@CGUID+6  ,28218,571,1,1,6234.5,4068.56,12.8718,6.24529,120,120,10,1),
(@CGUID+7  ,28218,571,1,1,6044.28,3833.72,14.413,2.60682,120,120,10,1),
(@CGUID+8  ,28218,571,1,1,6181.49,3982.27,14.9608,5.36409,120,120,10,1),
(@CGUID+9  ,28218,571,1,1,6000.15,3790.95,15.4118,0.469327,120,120,10,1),
(@CGUID+10 ,28218,571,1,1,5989.38,3770.02,18.5868,2.87671,120,120,10,1),
(@CGUID+11 ,28218,571,1,1,6020.64,3802.19,19.3509,3.47076,120,120,10,1),
(@CGUID+12 ,28218,571,1,1,6210.3,4000.09,23.0876,3.30144,120,120,10,1),
(@CGUID+13 ,28218,571,1,1,6231.66,4032.57,24.3235,1.68352,120,120,10,1),
(@CGUID+14 ,28218,571,1,1,6040.28,3807.19,26.1885,2.71246,120,120,10,1),
(@CGUID+15 ,28218,571,1,1,6018.12,3785.76,26.4044,1.28353,120,120,10,1),
(@CGUID+16 ,28218,571,1,1,6034.46,3800.27,26.6269,4.81024,120,120,10,1),
(@CGUID+17 ,28218,571,1,1,6008.71,3768.57,28.0539,2.90916,120,120,10,1),
(@CGUID+18 ,28218,571,1,1,6264.44,4050.54,29.9691,0.914207,120,120,10,1),
(@CGUID+19 ,28218,571,1,1,6023.56,3780.91,31.8616,3.24563,120,120,10,1),
(@CGUID+20 ,28218,571,1,1,6227.61,3997.46,33.6697,3.45438,120,120,10,1),
(@CGUID+21 ,28218,571,1,1,6022,3753.63,38.06,3.02899,120,120,10,1),
(@CGUID+22 ,28218,571,1,1,5993.27,3704.88,39.5766,2.50806,120,120,10,1),
(@CGUID+23 ,28218,571,1,1,6065.26,3818.29,40.8797,5.37249,120,120,10,1),
(@CGUID+24 ,28218,571,1,1,6249.74,3999.76,41.0094,4.44207,120,120,10,1),
(@CGUID+25 ,28218,571,1,1,6042.85,3788.28,41.5361,6.14308,120,120,10,1),
(@CGUID+26 ,28218,571,1,1,6233.99,3986.45,43.0809,0.392838,120,120,10,1),
(@CGUID+27 ,28218,571,1,1,6220.2,3976.15,43.4612,6.17167,120,120,10,1),
(@CGUID+28 ,28218,571,1,1,6077.74,3822.51,44.3165,2.39833,120,120,10,1),
(@CGUID+29 ,28218,571,1,1,6009.9,3716.23,44.627,3.8405,120,120,10,1),
(@CGUID+30 ,28218,571,1,1,6237.41,3984.82,45.9007,1.15654,120,120,10,1),
(@CGUID+31 ,28218,571,1,1,6032.85,3752.09,45.9374,3.08003,120,120,10,1),
(@CGUID+32 ,28218,571,1,1,6033.15,3752.31,46.1603,3.04474,120,120,10,1),
(@CGUID+33 ,28218,571,1,1,6053.26,3784.32,48.1671,6.2324,120,120,10,1),
(@CGUID+34 ,28218,571,1,1,5985.06,3651.48,48.4036,4.77201,120,120,10,1),
(@CGUID+35 ,28218,571,1,1,5995.87,3677.12,48.9391,4.10406,120,120,10,1),
(@CGUID+36 ,28218,571,1,1,6231.78,3974.78,49.0018,1.36919,120,120,10,1),
(@CGUID+37 ,28218,571,1,1,6083.72,3816.83,49.342,4.07104,120,120,10,1),
(@CGUID+38 ,28218,571,1,1,6203.81,3948.68,49.7489,5.91687,120,120,10,1),
(@CGUID+39 ,28218,571,1,1,6000.31,3683.03,49.9767,3.02123,120,120,10,1),
(@CGUID+40 ,28218,571,1,1,6233.1,3973.61,50.2017,1.29598,120,120,10,1),
(@CGUID+41 ,28218,571,1,1,6232.93,3973.72,50.2587,1.30403,120,120,10,1),
(@CGUID+42 ,28218,571,1,1,6059.37,3786.42,51.017,2.86155,120,120,10,1),
(@CGUID+43 ,28218,571,1,1,6056.06,3780.89,51.3334,1.90613,120,120,10,1),
(@CGUID+44 ,28218,571,1,1,6188.42,3931.19,51.6649,0.679223,120,120,10,1),
(@CGUID+45 ,28218,571,1,1,6042.19,3750.5,54.4048,3.90019,120,120,10,1),
(@CGUID+46 ,28218,571,1,1,6201.73,3938.34,54.4389,4.73534,120,120,10,1),
(@CGUID+47 ,28218,571,1,1,6014.77,3698.27,55.1833,6.18634,120,120,10,1),
(@CGUID+48 ,28218,571,1,1,6053.37,3765.11,56.7909,2.11708,120,120,10,1),
(@CGUID+49 ,28218,571,1,1,6058.8,3770.58,57.2765,1.11109,120,120,10,1),
(@CGUID+50 ,28218,571,1,1,6001.59,3624.45,59.3169,6.08368,120,120,10,1),
(@CGUID+51 ,28218,571,1,1,6101.5,3812.39,59.5236,2.06632,120,120,10,1),
(@CGUID+52 ,28218,571,1,1,6206.02,3934.85,59.8663,4.84914,120,120,10,1),
(@CGUID+53 ,28218,571,1,1,6050.66,3752.61,60.4562,6.14308,120,120,10,1),
(@CGUID+54 ,28218,571,1,1,6220.65,3946.31,61.5346,2.39004,120,120,10,1),
(@CGUID+55 ,28218,571,1,1,6047.41,3740.75,62.4719,1.04596,120,120,10,1),
(@CGUID+56 ,28218,571,1,1,6123.37,3827.49,63.2169,1.36919,120,120,10,1),
(@CGUID+57 ,28218,571,1,1,6011.72,3647.39,64.817,1.3069,120,120,10,1),
(@CGUID+58 ,28218,571,1,1,6013.86,3632.76,66.1445,3.58559,120,120,10,1),
(@CGUID+59 ,28218,571,1,1,6060.48,3754.39,66.4596,2.52623,120,120,10,1),
(@CGUID+60 ,28218,571,1,1,6042.44,3721.75,67.3087,2.64974,120,120,10,1),
(@CGUID+61 ,28218,571,1,1,6217.11,3929.17,71.5245,3.14159,120,120,10,1),
(@CGUID+62 ,28218,571,1,1,6348.25,4028.16,71.7643,0.482154,120,120,10,1),
(@CGUID+63 ,28218,571,1,1,6309.04,4011.22,71.9297,1.50533,120,120,10,1),
(@CGUID+64 ,28218,571,1,1,6034.4,3692.78,72.1258,2.71771,120,120,10,1),
(@CGUID+65 ,28218,571,1,1,6289.68,3991.9,72.2449,2.60352,120,120,10,1),
(@CGUID+66 ,28218,571,1,1,6225.89,3936.32,73.1515,2.70196,120,120,10,1),
(@CGUID+67 ,28218,571,1,1,6027.35,3663.52,73.167,0.244742,120,120,10,1),
(@CGUID+68 ,28218,571,1,1,6249.87,3966.56,73.7211,4.08822,120,120,10,1),
(@CGUID+69 ,28218,571,1,1,6293.06,3982.26,73.8298,6.14018,120,120,10,1),
(@CGUID+70 ,28218,571,1,1,6283.91,3973.09,74.2724,0.362137,120,120,10,1),
(@CGUID+71 ,28218,571,1,1,6238.06,3947.31,75.0469,2.62329,120,120,10,1),
(@CGUID+72 ,28218,571,1,1,6334.01,3998.35,75.3988,4.88219,120,120,10,1),
(@CGUID+73 ,28218,571,1,1,6035.16,3679.93,75.8292,1.94417,120,120,10,1),
(@CGUID+74 ,28218,571,1,1,6256.42,3960.8,76.3203,2.95492,120,120,10,1),
(@CGUID+75 ,28218,571,1,1,6066.67,3745.18,77.2899,2.88193,120,120,10,1),
(@CGUID+76 ,28218,571,1,1,6242.21,3945.96,77.5243,5.95619,120,120,10,1),
(@CGUID+77 ,28218,571,1,1,6043.6,3697.26,77.7456,2.13116,120,120,10,1),
(@CGUID+78 ,28218,571,1,1,6252.54,3953.46,77.8403,6.21772,120,120,10,1),
(@CGUID+79 ,28218,571,1,1,6342.09,3999.58,78.4554,5.15987,120,120,10,1),
(@CGUID+80 ,28218,571,1,1,6070.11,3749.99,78.7947,2.79268,120,120,10,1),
(@CGUID+81 ,28218,571,1,1,6227.43,3929.68,78.9315,2.12411,120,120,10,1),
(@CGUID+82 ,28218,571,1,1,6042.16,3685.29,80.3046,3.14448,120,120,10,1),
(@CGUID+83 ,28218,571,1,1,6156.99,3896.65,81.7482,2.19945,120,120,10,1),
(@CGUID+84 ,28218,571,1,1,6042.23,3610.93,82.6139,1.7634,120,120,10,1),
(@CGUID+85 ,28218,571,1,1,6235.63,3931.77,83.6565,0.817155,120,120,10,1),
(@CGUID+86 ,28218,571,1,1,6175.1,3907.13,84.5062,5.36898,120,120,10,1),
(@CGUID+87 ,28218,571,1,1,6188.51,3907.78,86.8126,2.74042,120,120,10,1),
(@CGUID+88 ,28218,571,1,1,6045.85,3645.88,87.9334,2.49965,120,120,10,1),
(@CGUID+89 ,28218,571,1,1,6176.62,3889.28,88.1978,2.41422,120,120,10,1),
(@CGUID+90 ,28218,571,1,1,6051.71,3621.16,90.0968,3.23349,120,120,10,1),
(@CGUID+91 ,28218,571,1,1,6225.34,3915.96,90.4207,1.77868,120,120,10,1),
(@CGUID+92 ,28218,571,1,1,6050.65,3674.63,90.5888,3.06145,120,120,10,1),
(@CGUID+93 ,28218,571,1,1,6184.35,3884.64,90.7957,4.19324,120,120,10,1),
(@CGUID+94 ,28218,571,1,1,6242.75,3928.6,91.5538,0.812344,120,120,10,1),
(@CGUID+95 ,28218,571,1,1,6148.7,3811.68,96.4931,1.40099,120,120,10,1),
(@CGUID+96 ,28218,571,1,1,6144.02,3789.37,98.1056,2.46919,120,120,10,1),
(@CGUID+97 ,28218,571,1,1,6112.81,3775.59,98.142,3.82493,120,120,10,1),
(@CGUID+98 ,28218,571,1,1,6094.34,3747.63,100.835,2.88879,120,120,10,1),
(@CGUID+99 ,28218,571,1,1,6266.49,3942.5,104.744,3.00439,120,120,10,1),
(@CGUID+100,28218,571,1,1,6290.41,3946.94,109.436,5.32912,120,120,10,1),
(@CGUID+101,28218,571,1,1,6280.49,3938.06,110.913,2.01364,120,120,10,1),
(@CGUID+102,28218,571,1,1,6302.75,3946.1,111.186,5.3264,120,120,10,1),
(@CGUID+103,28218,571,1,1,6326.43,3959.67,111.277,5.61771,120,120,10,1),
(@CGUID+104,28218,571,1,1,6101.59,3716.04,117.39,5.53302,120,120,10,1),
(@CGUID+105,28218,571,1,1,6119.03,3701.65,126.046,3.98988,120,120,10,1),
(@CGUID+106,28218,571,1,1,6237.26,3893.63,130.181,3.60524,120,120,10,1),
(@CGUID+107,28218,571,1,1,6088.96,3672.78,131.363,3.11523,120,120,10,1),
(@CGUID+108,28218,571,1,1,6175.97,3785.48,133.327,3.26851,120,120,10,1),
(@CGUID+109,28218,571,1,1,6098,3672.93,133.393,4.65277,120,120,10,1),
(@CGUID+110,28218,571,1,1,6199.53,3853.17,134.578,5.10958,120,120,10,1),
(@CGUID+111,28218,571,1,1,6187.65,3819.96,134.931,4.26367,120,120,10,1),
(@CGUID+112,28218,571,1,1,6247.96,3882.19,135.624,0.569577,120,120,10,1),
(@CGUID+113,28218,571,1,1,6216.46,3855.26,136.151,5.03846,120,120,10,1),
(@CGUID+114,28218,571,1,1,6241.3,3875.38,136.383,6.24899,120,120,10,1),
(@CGUID+115,28218,571,1,1,6201.3,3800.99,138.349,3.87586,120,120,10,1),
(@CGUID+116,28218,571,1,1,6253.49,3877.41,139.645,5.38088,120,120,10,1),
(@CGUID+117,28218,571,1,1,6108.44,3660.14,139.959,4.11654,120,120,10,1),
(@CGUID+118,28218,571,1,1,6168.01,3762.8,141.506,5.29606,120,120,10,1),
(@CGUID+119,28218,571,1,1,6216.82,3804.71,144.373,2.22036,120,120,10,1),
(@CGUID+120,28218,571,1,1,6264.04,3875.75,144.592,1.47686,120,120,10,1),
(@CGUID+121,28218,571,1,1,6191.16,3777.36,146.893,1.34524,120,120,10,1),
(@CGUID+122,28218,571,1,1,6166.67,3750,147.086,0.913774,120,120,10,1),
(@CGUID+123,28218,571,1,1,6178.03,3761.25,147.373,2.68537,120,120,10,1),
(@CGUID+124,28218,571,1,1,6245.33,3850.12,147.739,2.58392,120,120,10,1),
(@CGUID+125,28218,571,1,1,6201.23,3782.33,149.771,5.65238,120,120,10,1),
(@CGUID+126,28218,571,1,1,6145.65,3718.82,150.023,4.04604,120,120,10,1),
(@CGUID+127,28218,571,1,1,6146.93,3718.8,150.482,4.0683,120,120,10,1),
(@CGUID+128,28218,571,1,1,6146.06,3716.96,150.648,4.06342,120,120,10,1),
(@CGUID+129,28218,571,1,1,6146.85,3716.66,150.666,4.08295,120,120,10,1),
(@CGUID+130,28218,571,1,1,6163.17,3736.23,153.681,4.23651,120,120,10,1),
(@CGUID+131,28218,571,1,1,6160.14,3732.64,153.892,3.65505,120,120,10,1),
(@CGUID+132,28218,571,1,1,6184.16,3753.9,154.612,5.52563,120,120,10,1),
(@CGUID+133,28218,571,1,1,6170.41,3735.05,159.219,3.63276,120,120,10,1),
(@CGUID+134,28218,571,1,1,6164.52,3725.91,160.906,0.864925,120,120,10,1),
(@CGUID+135,28218,571,1,1,6296.61,3874.86,173.447,1.57568,120,120,10,1),
(@CGUID+136,28218,571,1,1,6301.14,3874.55,175.871,6.09652,120,120,10,1),
(@CGUID+137,28218,571,1,1,6270.11,3837.21,176.567,3.04377,120,120,10,1),
(@CGUID+138,28218,571,1,1,6320.81,3899.44,177.194,4.41205,120,120,10,1),
(@CGUID+139,28218,571,1,1,6312.12,3869.35,182.259,1.70496,120,120,10,1),
(@CGUID+140,28218,571,1,1,6266.7,3826.77,182.969,1.55322,120,120,10,1),
(@CGUID+141,28218,571,1,1,6249.65,3787.64,206.051,3.39723,120,120,10,1),
(@CGUID+142,28218,571,1,1,6242.06,3782.52,206.052,2.41422,120,120,10,1),
(@CGUID+143,28218,571,1,1,6273.06,3798.44,210.898,3.19828,120,120,10,1),
(@CGUID+144,28218,571,1,1,6251.56,3778.65,215.412,1.27747,120,120,10,1),
(@CGUID+145,28218,571,1,1,6286.07,3790.3,224.741,1.6794,120,120,0,0);

SET @AGUID := 521772;
INSERT INTO creature (guid, id, map, spawnMask, phaseMask, position_x, position_y, position_z, orientation, spawntimesecsmin, spawntimesecsmax, spawndist, MovementType) VALUES
-- Frostbitten Corpse 28220
(@AGUID+1  ,28220,571,1,1,6235.01,4129.69,-6.45842,2.64256,120,120,10,1),
(@AGUID+2  ,28220,571,1,1,6218.82,4115.89,-6.01005,5.8724,120,120,10,1),
(@AGUID+3  ,28220,571,1,1,6243.4,4124.9,-4.15584,2.44123,120,120,10,1),
(@AGUID+4  ,28220,571,1,1,6236.14,4105.47,1.66211,1.06522,120,120,10,1),
(@AGUID+5  ,28220,571,1,1,5998.85,3808.58,4.17684,4.73485,120,120,10,1),
(@AGUID+6  ,28220,571,1,1,6217.75,4078.26,5.03263,4.07885,120,120,10,1),
(@AGUID+7  ,28220,571,1,1,6197.58,4029.42,6.81124,0.779873,120,120,10,1),
(@AGUID+8  ,28220,571,1,1,6021.49,3816.5,10.8385,6.09645,120,120,10,1),
(@AGUID+9  ,28220,571,1,1,6031.63,3821.43,14.799,1.96236,120,120,10,1),
(@AGUID+10 ,28220,571,1,1,6035.88,3824.19,15.4218,0.297026,120,120,10,1),
(@AGUID+11 ,28220,571,1,1,6238.05,4055.23,16.5475,3.88834,120,120,10,1),
(@AGUID+12 ,28220,571,1,1,6039.4,3822.65,18.3396,4.08979,120,120,10,1),
(@AGUID+13 ,28220,571,1,1,5979.34,3744.3,18.9031,0.943508,120,120,10,1),
(@AGUID+14 ,28220,571,1,1,6225.87,4040.39,18.9395,3.92434,120,120,10,1),
(@AGUID+15 ,28220,571,1,1,6176.36,3967.9,20.0246,3.43831,120,120,10,1),
(@AGUID+16 ,28220,571,1,1,6001.79,3752.66,28.631,1.23237,120,120,10,1),
(@AGUID+17 ,28220,571,1,1,6000.25,3748.36,28.9455,0.191648,120,120,10,1),
(@AGUID+18 ,28220,571,1,1,6218.83,3985.88,34.5355,5.87419,120,120,10,1),
(@AGUID+19 ,28220,571,1,1,6012.43,3741.53,36.2449,3.29261,120,120,10,1),
(@AGUID+20 ,28220,571,1,1,6220.5,3983.5,37.8963,2.67804,120,120,10,1),
(@AGUID+21 ,28220,571,1,1,5978.72,3682.06,38.9717,2.39695,120,120,10,1),
(@AGUID+22 ,28220,571,1,1,6019.3,3744.11,39.5077,1.32913,120,120,10,1),
(@AGUID+23 ,28220,571,1,1,5970.33,3650.57,42.1654,3.32147,120,120,10,1),
(@AGUID+24 ,28220,571,1,1,6208.14,3966.83,42.1914,1.51707,120,120,10,1),
(@AGUID+25 ,28220,571,1,1,5974.13,3652.32,43.2917,4.42,120,120,10,1),
(@AGUID+26 ,28220,571,1,1,6017.2,3730.75,43.6614,1.66269,120,120,10,1),
(@AGUID+27 ,28220,571,1,1,6047.5,3787.76,43.7705,2.51703,120,120,10,1),
(@AGUID+28 ,28220,571,1,1,6032.85,3752.09,45.9374,3.08003,120,120,10,1),
(@AGUID+29 ,28220,571,1,1,6236.77,3983.96,46.0931,1.2126,120,120,10,1),
(@AGUID+30 ,28220,571,1,1,6033.15,3752.31,46.1603,3.04474,120,120,10,1),
(@AGUID+31 ,28220,571,1,1,6198.67,3948.72,46.4556,5.33261,120,120,10,1),
(@AGUID+32 ,28220,571,1,1,6037.6,3756.35,48.5361,3.80229,120,120,10,1),
(@AGUID+33 ,28220,571,1,1,6041.74,3766.28,48.5551,2.99956,120,120,10,1),
(@AGUID+34 ,28220,571,1,1,6233.52,3976.49,48.6998,1.30497,120,120,10,1),
(@AGUID+35 ,28220,571,1,1,6067.4,3800.11,48.7843,2.43985,120,120,10,1),
(@AGUID+36 ,28220,571,1,1,6231.46,3974.49,49.0496,1.39217,120,120,10,1),
(@AGUID+37 ,28220,571,1,1,6040.19,3758.83,49.7125,2.41008,120,120,10,1),
(@AGUID+38 ,28220,571,1,1,6231.47,3973.26,49.7165,1.39601,120,120,10,1),
(@AGUID+39 ,28220,571,1,1,6230.99,3972.72,49.8135,1.42572,120,120,10,1),
(@AGUID+40 ,28220,571,1,1,5990.49,3631.01,53.5483,4.80729,120,120,10,1),
(@AGUID+41 ,28220,571,1,1,6076.65,3799.11,53.9491,4.92185,120,120,10,1),
(@AGUID+42 ,28220,571,1,1,6033.62,3733.36,54.5609,1.00392,120,120,10,1),
(@AGUID+43 ,28220,571,1,1,6071.85,3792.09,54.9515,2.29679,120,120,10,1),
(@AGUID+44 ,28220,571,1,1,6087.01,3804.01,56.4317,2.53734,120,120,10,1),
(@AGUID+45 ,28220,571,1,1,6102.05,3818.17,56.8321,1.74253,120,120,10,1),
(@AGUID+46 ,28220,571,1,1,6206.28,3938.62,57.5329,5.116,120,120,10,1),
(@AGUID+47 ,28220,571,1,1,6064.83,3778.74,57.6007,3.37212,120,120,10,1),
(@AGUID+48 ,28220,571,1,1,6201.1,3933.17,57.8923,4.92263,120,120,10,1),
(@AGUID+49 ,28220,571,1,1,5999.65,3639.97,57.9213,1.5366,120,120,10,1),
(@AGUID+50 ,28220,571,1,1,6053.26,3759.11,58.8774,2.00866,120,120,10,1),
(@AGUID+51 ,28220,571,1,1,6010.46,3675.94,59.1225,0.731508,120,120,10,1),
(@AGUID+52 ,28220,571,1,1,6210.95,3940.44,59.4437,2.79476,120,120,10,1),
(@AGUID+53 ,28220,571,1,1,6060.63,3765.14,60.9384,3.87724,120,120,10,1),
(@AGUID+54 ,28220,571,1,1,6127.91,3834.78,61.4772,4.78872,120,120,10,1),
(@AGUID+55 ,28220,571,1,1,6314.15,4044.27,64.4127,5.91138,120,120,10,1),
(@AGUID+56 ,28220,571,1,1,6225.85,3948.15,64.6061,2.88785,120,120,10,1),
(@AGUID+57 ,28220,571,1,1,6020.63,3675.2,66.4272,4.34059,120,120,10,1),
(@AGUID+58 ,28220,571,1,1,6027.46,3687.73,68.1799,1.1137,120,120,10,1),
(@AGUID+59 ,28220,571,1,1,6263.7,3987.94,68.8777,5.32374,120,120,10,1),
(@AGUID+60 ,28220,571,1,1,6264.08,3987.66,69.0378,0.371149,120,120,10,1),
(@AGUID+61 ,28220,571,1,1,6042.2,3716.81,69.2176,2.11925,120,120,10,1),
(@AGUID+62 ,28220,571,1,1,6020.1,3635,69.9333,4.56635,120,120,10,1),
(@AGUID+63 ,28220,571,1,1,6279.61,3989.89,71.2563,0.475879,120,120,10,1),
(@AGUID+64 ,28220,571,1,1,6070.58,3760.38,71.3867,5.67758,120,120,10,1),
(@AGUID+65 ,28220,571,1,1,6308.85,4012.75,71.8048,3.52264,120,120,10,1),
(@AGUID+66 ,28220,571,1,1,6295.93,4000.49,72.1362,5.80294,120,120,10,1),
(@AGUID+67 ,28220,571,1,1,6314.39,4003.04,72.897,3.00199,120,120,10,1),
(@AGUID+68 ,28220,571,1,1,6281.23,3975.58,73.5632,2.20922,120,120,10,1),
(@AGUID+69 ,28220,571,1,1,6061.65,3742.18,73.7602,0.405533,120,120,10,1),
(@AGUID+70 ,28220,571,1,1,6038.95,3699.44,73.8364,4.30775,120,120,10,1),
(@AGUID+71 ,28220,571,1,1,6028.38,3661.66,74.2614,3.83783,120,120,10,1),
(@AGUID+72 ,28220,571,1,1,6272.21,3969.22,74.5697,2.26216,120,120,10,1),
(@AGUID+73 ,28220,571,1,1,6245.83,3956.01,75.4741,2.19241,120,120,10,1),
(@AGUID+74 ,28220,571,1,1,6270.36,3964.64,76.3092,2.6325,120,120,10,1),
(@AGUID+75 ,28220,571,1,1,6063.88,3741.2,76.6421,5.08019,120,120,10,1),
(@AGUID+76 ,28220,571,1,1,6261.97,3959.61,77.4568,3.8102,120,120,10,1),
(@AGUID+77 ,28220,571,1,1,6035.61,3662.53,79.9004,5.2508,120,120,10,1),
(@AGUID+78 ,28220,571,1,1,6040.59,3626.68,82.8035,1.89286,120,120,10,1),
(@AGUID+79 ,28220,571,1,1,6235.09,3931.19,83.9744,5.95001,120,120,10,1),
(@AGUID+80 ,28220,571,1,1,6044.63,3649.43,87.0141,4.19979,120,120,10,1),
(@AGUID+81 ,28220,571,1,1,6203.67,3916.7,87.4193,5.97255,120,120,10,1),
(@AGUID+82 ,28220,571,1,1,6199.79,3913.07,87.6466,5.43976,120,120,10,1),
(@AGUID+83 ,28220,571,1,1,6050.46,3684.92,88.3038,2.59448,120,120,10,1),
(@AGUID+84 ,28220,571,1,1,6200.46,3907.71,88.7234,1.83165,120,120,10,1),
(@AGUID+85 ,28220,571,1,1,6167.01,3866.96,90.9559,3.88439,120,120,10,1),
(@AGUID+86 ,28220,571,1,1,6205.53,3903.69,91.2758,0.614006,120,120,10,1),
(@AGUID+87 ,28220,571,1,1,6247.36,3933.55,92.1259,0.613871,120,120,10,1),
(@AGUID+88 ,28220,571,1,1,6084.29,3751.01,93.4971,6.15689,120,120,10,1),
(@AGUID+89 ,28220,571,1,1,6166.67,3854.17,93.9727,4.29301,120,120,10,1),
(@AGUID+90 ,28220,571,1,1,6183.35,3877.38,95.5797,4.17049,120,120,10,1),
(@AGUID+91 ,28220,571,1,1,6090.09,3757.57,96.1721,2.16319,120,120,10,1),
(@AGUID+92 ,28220,571,1,1,6157.07,3826.32,96.1745,0.737749,120,120,10,1),
(@AGUID+93 ,28220,571,1,1,6127.15,3789.35,97.8769,4.19324,120,120,10,1),
(@AGUID+94 ,28220,571,1,1,6113.71,3783.29,97.9595,3.06535,120,120,10,1),
(@AGUID+95 ,28220,571,1,1,6251.71,3931.27,98.0592,2.4336,120,120,10,1),
(@AGUID+96 ,28220,571,1,1,6254.41,3916.01,109.316,3.04669,120,120,10,1),
(@AGUID+97 ,28220,571,1,1,6116.34,3733.05,112.456,2.89188,120,120,10,1),
(@AGUID+98 ,28220,571,1,1,6273.32,3930.58,112.889,2.14254,120,120,10,1),
(@AGUID+99 ,28220,571,1,1,6301.54,3932.28,114.303,6.02755,120,120,10,1),
(@AGUID+100,28220,571,1,1,6081.59,3713.17,117.209,1.11126,120,120,10,1),
(@AGUID+101,28220,571,1,1,6316.37,3930.57,117.482,5.1839,120,120,10,1),
(@AGUID+102,28220,571,1,1,6270.83,3916.84,118.393,3.33114,120,120,0,0);
SET @BGUID := 535436;
INSERT INTO creature (guid, id, map, spawnMask, phaseMask, position_x, position_y, position_z, orientation, spawntimesecsmin, spawntimesecsmax, spawndist, MovementType) VALUES
(@BGUID+1 ,28220,571,1,1,6259.33,3902.98,122.819,2.10267,120,120,10,1),
(@BGUID+2 ,28220,571,1,1,6280.73,3906.45,126.307,0.846621,120,120,10,1),
(@BGUID+3 ,28220,571,1,1,6094.64,3682.99,126.956,1.24256,120,120,10,1),
(@BGUID+4 ,28220,571,1,1,6260.98,3894.13,131.686,3.26595,120,120,10,1),
(@BGUID+5 ,28220,571,1,1,6122.8,3689.63,133.225,1.18412,120,120,10,1),
(@BGUID+6 ,28220,571,1,1,6131.13,3700.7,133.525,6.25838,120,120,10,1),
(@BGUID+7 ,28220,571,1,1,6225.52,3874.92,133.603,2.37001,120,120,10,1),
(@BGUID+8 ,28220,571,1,1,6201.66,3863.65,133.671,0.919091,120,120,10,1),
(@BGUID+9 ,28220,571,1,1,6184.43,3797.25,133.683,5.61683,120,120,10,1),
(@BGUID+10,28220,571,1,1,6218.33,3871.67,134.482,3.33918,120,120,10,1),
(@BGUID+11,28220,571,1,1,6176.98,3783.95,134.768,5.34456,120,120,10,1),
(@BGUID+12,28220,571,1,1,6198.34,3841.78,135.359,1.66367,120,120,10,1),
(@BGUID+13,28220,571,1,1,6100.75,3666.81,136.582,5.6635,120,120,10,1),
(@BGUID+14,28220,571,1,1,6209.3,3818.44,136.649,2.9056,120,120,10,1),
(@BGUID+15,28220,571,1,1,6237.89,3869,137.665,2.2615,120,120,10,1),
(@BGUID+16,28220,571,1,1,6217.25,3824.65,137.82,1.41882,120,120,10,1),
(@BGUID+17,28220,571,1,1,6224.02,3823.38,141.488,0.921828,120,120,10,1),
(@BGUID+18,28220,571,1,1,6154.64,3744.08,142.507,2.46273,120,120,10,1),
(@BGUID+19,28220,571,1,1,6140.46,3725.91,142.576,1.22843,120,120,10,1),
(@BGUID+20,28220,571,1,1,6177.79,3769.9,143.254,2.81335,120,120,10,1),
(@BGUID+21,28220,571,1,1,6165.87,3753.92,144.6,3.07577,120,120,10,1),
(@BGUID+22,28220,571,1,1,6204.28,3787.5,147.641,1.37225,120,120,10,1),
(@BGUID+23,28220,571,1,1,6154.32,3733.83,149.534,4.2125,120,120,10,1),
(@BGUID+24,28220,571,1,1,6155.14,3734.01,149.833,4.16611,120,120,10,1),
(@BGUID+25,28220,571,1,1,6155.16,3732.96,150.609,4.13495,120,120,10,1),
(@BGUID+26,28220,571,1,1,6153.51,3728.66,151.592,4.10054,120,120,10,1),
(@BGUID+27,28220,571,1,1,6148.3,3717.32,151.622,4.08022,120,120,10,1),
(@BGUID+28,28220,571,1,1,6150.78,3721.06,152.584,5.88599,120,120,10,1),
(@BGUID+29,28220,571,1,1,6171.1,3738.68,156.385,2.14472,120,120,10,1),
(@BGUID+30,28220,571,1,1,6289.25,3884.51,165.293,1.69116,120,120,10,1),
(@BGUID+31,28220,571,1,1,6174.13,3723.93,168.636,3.80013,120,120,10,1),
(@BGUID+32,28220,571,1,1,6256.18,3830.24,171.451,1.55908,120,120,10,1),
(@BGUID+33,28220,571,1,1,6300.02,3884.16,171.517,4.32699,120,120,10,1),
(@BGUID+34,28220,571,1,1,6264.98,3837.77,172.49,4.45676,120,120,10,1),
(@BGUID+35,28220,571,1,1,6256.3,3828.84,172.912,1.82643,120,120,10,1),
(@BGUID+36,28220,571,1,1,6239.58,3809.13,173.043,4.71239,120,120,10,1),
(@BGUID+37,28220,571,1,1,6313.18,3898.65,173.565,2.0161,120,120,10,1),
(@BGUID+38,28220,571,1,1,6299.7,3861.25,180.305,0.92178,120,120,10,1),
(@BGUID+39,28220,571,1,1,6282.72,3837.64,183.915,2.68231,120,120,10,1),
(@BGUID+40,28220,571,1,1,6270.12,3810.9,198.15,5.71144,120,120,0,0);
-- Spawn groups
-- Group 1
UPDATE creature SET position_x = 6294.4067, position_y = 3741.226, position_z = 280.5352, spawndist = 0, MovementType = 0 WHERE guid = @CGUID+128;
UPDATE creature SET position_x = 6365.79, position_y = 3713.25, position_z = 348.385, spawndist = 0, MovementType = 0 WHERE guid = @CGUID+127;
UPDATE creature SET position_x = 6368.23, position_y = 3723.02, position_z = 347.112, spawndist = 0, MovementType = 0 WHERE guid = @CGUID+126;
UPDATE creature SET position_x = 6365.5, position_y = 3734.77, position_z = 341.796,  spawndist = 0, MovementType = 0 WHERE guid = @CGUID+129;
UPDATE creature SET position_x = 6375.33, position_y = 3728.11, position_z = 351.031, spawndist = 0, MovementType = 0 WHERE guid = @CGUID+130;
UPDATE creature SET position_x = 6359.74, position_y = 3719.73, position_z = 341.69, spawndist = 0, MovementType = 0 WHERE guid = @BGUID+25;
UPDATE creature SET position_x = 6358, position_y = 3710.76, position_z = 343.325, spawndist = 0, MovementType = 0 WHERE guid = @BGUID+23;
UPDATE creature SET position_x = 6348.95, position_y = 3713.96, position_z = 335.359, spawndist = 0, MovementType = 0 WHERE guid = @BGUID+24;
UPDATE creature SET position_x = 6355.73, position_y = 3716.04, position_z = 339.839, spawndist = 0, MovementType = 0 WHERE guid = @BGUID+27;
UPDATE creature SET position_x = 6355.09, position_y = 3745.59, position_z = 331.401, spawndist = 0, MovementType = 0 WHERE guid = @AGUID+75;
DELETE FROM `spawn_group` WHERE id = 32504;
INSERT INTO `spawn_group` (`Id`, `Name`, `Type`, `MaxCount`, `WorldState`, `Flags`) VALUES
(32504, 'Sholazar Basin - Snowblind Ghoul 28218 x5 & Frostbitten Corpse 28220 x5 - Patrol 1', 0, 0, 0, 0x02);
DELETE FROM `spawn_group_spawn` WHERE id = 32504;
INSERT INTO `spawn_group_spawn` (`Id`, `Guid`, `SlotId`) VALUES
(32504, @CGUID+128, 0),
(32504, @CGUID+127, 1),
(32504, @CGUID+126, 3),
(32504, @CGUID+129, 5),
(32504, @CGUID+130, 7),
(32504, @BGUID+25, 9),
(32504, @BGUID+23, 2),
(32504, @BGUID+24, 4),
(32504, @BGUID+27, 6),
(32504, @AGUID+75, 8);
DELETE FROM `spawn_group_formation` WHERE id = 32504;
INSERT INTO `spawn_group_formation` (`Id`, `FormationType`, `FormationSpread`, `FormationOptions`, `PathId`, `MovementType`, `Comment`) VALUES
(32504, 0, 3, 0, 32504, 2, 'Sholazar Basin - Snowblind Ghoul 28218 x5 & Frostbitten Corpse 28220 x5 - Patrol 1');
DELETE FROM `waypoint_path_name` WHERE PathId = 32504;
INSERT INTO `waypoint_path_name` (`PathId`, `Name`) VALUES
(32504,'Sholazar Basin - Snowblind Ghoul 28218 x5 & Frostbitten Corpse 28220 x5 - Patrol 1');
DELETE FROM `waypoint_path` WHERE PathId = 32504;
INSERT INTO `waypoint_path` (`PathId`, `Point`, `PositionX`, `PositionY`,`PositionZ`, `Orientation`, `WaitTime`, `ScriptId`) VALUES
(32504,1 ,6294.4067,3741.226,280.5352,100,4000,0),
(32504,2 ,6263.608,3745.3364,253.12434,100,0,0),
(32504,3 ,6243.1025,3729.5508,245.27504,100,0,0),
(32504,4 ,6227.214,3711.7969,240.9305,100,0,0),
(32504,5 ,6205.2266,3693.803,226.92528,100,0,0),
(32504,6 ,6190.0454,3687.8281,211.79732,100,0,0),
(32504,7 ,6177.5527,3710.629,183.85104,100,0,0),
(32504,8 ,6173.118,3722.3098,169.43332,100,0,0),
(32504,9 ,6157.033,3722.3235,156.75925,100,0,0),
(32504,10,6125.2046,3685.736,135.31595,100,0,0),
(32504,11,6106.4062,3702.2158,121.77973,100,0,0),
(32504,12,6101.576,3730.3274,111.9726,100,0,0),
(32504,13,6085.2515,3745.4792,96.34059,100,0,0),
(32504,14,6061.434,3755.7415,66.43324,100,0,0),
(32504,15,6028.799,3755.5603,42.109776,100,0,0),
(32504,16,6006.9414,3763.371,28.410013,100,100,2821801);
DELETE FROM dbscripts_on_creature_movement WHERE id = 2821801;
INSERT INTO dbscripts_on_creature_movement (id, delay, command, datalong, datalong2, datalong3, buddy_entry, search_radius, data_flags, dataint, dataint2, dataint3, dataint4, x, y, z, o, comments) VALUES
(2821801,1,35,6,100,0,0,0,0,0,0,0,0,0,0,0,0,'Hive\'Regal Hunter-Killer - send Event AI 6');
DELETE FROM creature_spawn_data_template WHERE `Entry` IN (20059);
INSERT INTO creature_spawn_data_template (Entry,SpawnFlags,RelayId,Name) VALUES
(20059,1,30500,'- SPAWN FLAG RUN, Relayid 30500');
DELETE FROM `creature_spawn_data` WHERE guid IN (@CGUID+128,@CGUID+127,@CGUID+126,@CGUID+129,@CGUID+130,@BGUID+25,@BGUID+23,@BGUID+24,@BGUID+27,@AGUID+75);
INSERT INTO `creature_spawn_data` (`guid`, `id`) VALUES 
(@CGUID+128, 20059),(@CGUID+127, 20059),(@CGUID+126, 20059),(@CGUID+129, 20059),(@CGUID+130, 20059),
(@BGUID+25, 20059),(@BGUID+23, 20059),(@BGUID+24, 20059),(@BGUID+27, 20059),(@AGUID+75, 20059);

-- Group 2
UPDATE creature SET position_x = 6309.3237, position_y = 3751.912, position_z = 290.75223, orientation = 3.36619, spawndist = 0, MovementType = 0 WHERE guid = @CGUID+26;
UPDATE creature SET position_x = 6311.06, position_y = 3756.04, position_z = 291.546, spawndist = 0, MovementType = 0 WHERE guid = @CGUID+30;
UPDATE creature SET position_x = 6315.39, position_y = 3755.4, position_z = 295.687, spawndist = 0, MovementType = 0 WHERE guid = @CGUID+36 ;
UPDATE creature SET position_x = 6317.04, position_y = 3760.17, position_z = 296.573, spawndist = 0, MovementType = 0 WHERE guid = @CGUID+41;
UPDATE creature SET position_x = 6311.53, position_y = 3763.32, position_z = 290.997, spawndist = 0, MovementType = 0 WHERE guid = @CGUID+43;
UPDATE creature SET position_x = 6316.22, position_y = 3750.6, position_z = 297.313, spawndist = 0, MovementType = 0 WHERE guid = @AGUID+29;
UPDATE creature SET position_x = 6311.16, position_y = 3746.09, position_z = 293.776, spawndist = 0, MovementType = 0 WHERE guid = @AGUID+34;
UPDATE creature SET position_x = 6305.41, position_y = 3745.26, position_z = 288.809, spawndist = 0, MovementType = 0 WHERE guid = @AGUID+36;
UPDATE creature SET position_x = 6314.1, position_y = 3750.59, position_z = 295.4, spawndist = 0, MovementType = 0 WHERE guid = @AGUID+38;
UPDATE creature SET position_x = 6319.55, position_y = 3756.4, position_z = 299.319, spawndist = 0, MovementType = 0 WHERE guid = @AGUID+39;
DELETE FROM `spawn_group` WHERE id = 32505;
INSERT INTO `spawn_group` (`Id`, `Name`, `Type`, `MaxCount`, `WorldState`, `Flags`) VALUES
(32505, 'Sholazar Basin - Snowblind Ghoul 28218 x5 & Frostbitten Corpse 28220 x5 - Patrol 2', 0, 0, 0, 0x02);
DELETE FROM `spawn_group_spawn` WHERE id = 32505;
INSERT INTO `spawn_group_spawn` (`Id`, `Guid`, `SlotId`) VALUES
(32505, @CGUID+26, 0),
(32505, @CGUID+30, 1),
(32505, @AGUID+29, 2),
(32505, @AGUID+34, 3),
(32505, @CGUID+41, 4),
(32505, @AGUID+36, 5),
(32505, @CGUID+36, 6),
(32505, @AGUID+38, 7),
(32505, @AGUID+39, 8),
(32505, @CGUID+43, 9);
DELETE FROM `spawn_group_formation` WHERE id = 32505;
INSERT INTO `spawn_group_formation` (`Id`, `FormationType`, `FormationSpread`, `FormationOptions`, `PathId`, `MovementType`, `Comment`) VALUES
(32505, 0, 3, 0, 32505, 2, 'Sholazar Basin - Snowblind Ghoul 28218 x5 & Frostbitten Corpse 28220 x5 - Patrol 2');
DELETE FROM `waypoint_path_name` WHERE PathId = 32505;
INSERT INTO `waypoint_path_name` (`PathId`, `Name`) VALUES
(32505,'Sholazar Basin - Snowblind Ghoul 28218 x5 & Frostbitten Corpse 28220 x5 - Patrol 2');
DELETE FROM `waypoint_path` WHERE PathId = 32505;
INSERT INTO `waypoint_path` (`PathId`, `Point`, `PositionX`, `PositionY`,`PositionZ`, `Orientation`, `WaitTime`, `ScriptId`) VALUES
(32505,1  ,6309.3237,3751.912,290.75223,3.36619,0,0),
(32505,2  ,6268.4414,3747.836,255.82881,100,0,0),
(32505,3  ,6245.9673,3762.0637,226.5555,100,0,0),
(32505,4  ,6265.8438,3795.3994,208.87413,100,0,0),
(32505,5  ,6270.333,3820.543,190.27446,100,0,0),
(32505,6  ,6268.14,3846.4202,167.53986,100,0,0),
(32505,7  ,6263.79,3873.0771,146.39645,100,0,0),
(32505,8  ,6265.785,3894.1963,132.79062,100,0,0),
(32505,9  ,6254.087,3916.2454,108.748665,100,0,0),
(32505,10 ,6229.89,3934.441,77.406784,100,0,0),
(32505,11 ,6207.2266,3945.0925,53.743454,100,0,0),
(32505,12 ,6231.2173,3980.468,45.95185,100,0,0),
(32505,13 ,6245.4956,4009.6814,36.83804,100,0,0),
(32505,14 ,6232.9336,4039.1191,22.292208,100,0,0),
(32505,15 ,6242.3853,4031.882,28.648708,100,0,0),
(32505,16 ,6229.028,4055.2756,14.592867,100,100,2821801);
DELETE FROM `creature_spawn_data` WHERE guid IN (@CGUID+26,@CGUID+30,@AGUID+29,@AGUID+34,@CGUID+41,@AGUID+36,@CGUID+36,@AGUID+38,@AGUID+39,@CGUID+43);
INSERT INTO `creature_spawn_data` (`guid`, `id`) VALUES 
(@CGUID+26, 20059),(@CGUID+30, 20059),(@AGUID+29, 20059),(@AGUID+34, 20059),(@CGUID+41, 20059),
(@AGUID+36, 20059),(@CGUID+36, 20059),(@AGUID+38, 20059),(@AGUID+39, 20059),(@CGUID+43, 20059);

-- Group 3
UPDATE creature SET position_x = 6322.4785, position_y = 3680.4536, position_z = 332.23456, orientation = 1.952, spawndist = 0, MovementType = 0 WHERE guid = @CGUID+32;
UPDATE creature SET position_x = 6321.84, position_y = 3678.4, position_z = 332.854, spawndist = 0, MovementType = 0 WHERE guid = @CGUID+31;
UPDATE creature SET position_x = 6325.71, position_y = 3677.65, position_z = 335.502, spawndist = 0, MovementType = 0 WHERE guid = @CGUID+75;
UPDATE creature SET position_x = 6329.98, position_y = 3678.14, position_z = 337.916, spawndist = 0, MovementType = 0 WHERE guid = @CGUID+33;
UPDATE creature SET position_x = 6327.45, position_y = 3681.98, position_z = 334.191, spawndist = 0, MovementType = 0 WHERE guid = @CGUID+48;
UPDATE creature SET position_x = 6318.46, position_y = 3681.96, position_z = 329.117, spawndist = 0, MovementType = 0 WHERE guid = @AGUID+30;
UPDATE creature SET position_x = 6322.51, position_y = 3687.36, position_z = 328.528, spawndist = 0, MovementType = 0 WHERE guid = @AGUID+28;
UPDATE creature SET position_x = 6326.7, position_y = 3689.43, position_z = 330.12, spawndist = 0, MovementType = 0 WHERE guid = @AGUID+37;
UPDATE creature SET position_x = 6332.63, position_y = 3687.77, position_z = 334.493, spawndist = 0, MovementType = 0 WHERE guid = @AGUID+46;
UPDATE creature SET position_x = 6326.47, position_y = 3695.4, position_z = 326.725, spawndist = 0, MovementType = 0 WHERE guid = @AGUID+20;
DELETE FROM `spawn_group` WHERE id = 32506;
INSERT INTO `spawn_group` (`Id`, `Name`, `Type`, `MaxCount`, `WorldState`, `Flags`) VALUES
(32506, 'Sholazar Basin - Snowblind Ghoul 28218 x5 & Frostbitten Corpse 28220 x5 - Patrol 3', 0, 0, 0, 0x02);
DELETE FROM `spawn_group_spawn` WHERE id = 32506;
INSERT INTO `spawn_group_spawn` (`Id`, `Guid`, `SlotId`) VALUES
(32506, @CGUID+32, 0),
(32506, @AGUID+30, 1),
(32506, @CGUID+31, 2),
(32506, @CGUID+75, 3),
(32506, @AGUID+28, 4),
(32506, @AGUID+37, 5),
(32506, @AGUID+46, 6),
(32506, @AGUID+20, 7),
(32506, @CGUID+33, 8),
(32506, @CGUID+48, 9);
DELETE FROM `spawn_group_formation` WHERE id = 32506;
INSERT INTO `spawn_group_formation` (`Id`, `FormationType`, `FormationSpread`, `FormationOptions`, `PathId`, `MovementType`, `Comment`) VALUES
(32506, 0, 3, 0, 32506, 2, 'Sholazar Basin - Snowblind Ghoul 28218 x5 & Frostbitten Corpse 28220 x5 - Patrol 3');
DELETE FROM `waypoint_path_name` WHERE PathId = 32506;
INSERT INTO `waypoint_path_name` (`PathId`, `Name`) VALUES
(32506,'Sholazar Basin - Snowblind Ghoul 28218 x5 & Frostbitten Corpse 28220 x5 - Patrol 3');
DELETE FROM `waypoint_path` WHERE PathId = 32506;
INSERT INTO `waypoint_path` (`PathId`, `Point`, `PositionX`, `PositionY`,`PositionZ`, `Orientation`, `WaitTime`, `ScriptId`) VALUES
(32506,1 ,6322.4785,3680.4536,332.23456,1.952,0,0),
(32506,2 ,6283.679,3733.3833,274.74445,100,0,0),
(32506,3 ,6261.096,3747.881,249.50655,100,0,0),
(32506,4 ,6249.3027,3751.9697,236.85066,100,0,0),
(32506,5 ,6251.075,3777.0452,216.24864,100,0,0),
(32506,6 ,6259.8394,3806.0842,195.20322,100,0,0),
(32506,7 ,6260.8003,3831.9368,173.8469,100,0,0),
(32506,8 ,6262.4805,3851.8584,159.36317,100,0,0),
(32506,9 ,6248.5464,3858.4114,145.97096,100,0,0),
(32506,10,6214.6665,3827.698,136.67928,100,0,0),
(32506,11,6204.358,3798.7258,140.38803,100,0,0),
(32506,12,6178.647,3766.256,145.62318,100,0,0),
(32506,13,6160.8203,3731.6692,155.03513,100,0,0),
(32506,14,6144.175,3700.873,146.79428,100,0,0),
(32506,15,6116.655,3673.4993,136.78238,100,0,0),
(32506,16,6102.712,3686.2427,127.09866,100,0,0),
(32506,17,6096.7993,3711.9805,118.029724,100,0,0),
(32506,18,6100.8677,3752.6729,100.47381,100,0,0),
(32506,19,6076.006,3755.494,83.631485,100,0,0),
(32506,20,6054.9814,3751.53,63.905285,100,0,0),
(32506,21,6029.506,3752.7805,43.341286,100,0,0),
(32506,22,5996.7734,3756.4917,25.568716,100,100,2821801);
DELETE FROM `creature_spawn_data` WHERE guid IN (@CGUID+32,@AGUID+30,@CGUID+31,@CGUID+75,@AGUID+28,@AGUID+37,@AGUID+46,@AGUID+20,@CGUID+33,@CGUID+48);
INSERT INTO `creature_spawn_data` (`guid`, `id`) VALUES 
(@CGUID+32,20059),(@AGUID+30,20059),(@CGUID+31,20059),(@CGUID+75,20059),(@AGUID+28,20059),
(@AGUID+37,20059),(@AGUID+46,20059),(@AGUID+20,20059),(@CGUID+33,20059),(@CGUID+48,20059);

-- Risen Reaver 28242
-- missing added
DELETE FROM creature_addon WHERE guid IN (520833);
DELETE FROM creature_movement WHERE id IN (520833);
DELETE FROM game_event_creature WHERE guid IN (520833);
DELETE FROM game_event_creature_data WHERE guid IN (520833);
DELETE FROM creature_battleground WHERE guid IN (520833);
DELETE FROM creature_linking WHERE guid IN (520833)
OR master_guid IN (520833);
DELETE FROM creature WHERE guid IN (520833);
INSERT INTO creature (guid, id, map, spawnMask, phaseMask, position_x, position_y, position_z, orientation, spawntimesecsmin, spawntimesecsmax, spawndist, MovementType) VALUES
(520833,28242,571,1,1,6094.1084,3748.559,100.12758,0,300,300,0,4); -- linear
UPDATE creature SET position_x = 6022.507, position_y = 3650.4219, position_z = 71.413574, spawndist = 0, MovementType = 4 WHERE guid = 521994; -- linear
UPDATE creature SET position_x = 6124.4854, position_y = 3782.2356, position_z = 98.14198, spawndist = 0, MovementType = 4 WHERE guid = 521992; -- linear
UPDATE creature SET position_x = 6179.314, position_y = 3696.159, position_z = 197.88118, spawndist = 0, MovementType = 4 WHERE guid = 521993; -- linear
UPDATE creature SET position_x = 6209.697, position_y = 3827.471, position_z = 136.5345, spawndist = 0, MovementType = 4 WHERE guid = 521989; -- linear
UPDATE creature SET position_x = 6251.7603, position_y = 3777.5422, position_z = 216.18187, spawndist = 0, MovementType = 4 WHERE guid = 521991; -- linear
UPDATE creature SET position_x = 6300.8247, position_y = 3933.1992, position_z = 113.71269, spawndist = 0, MovementType = 4 WHERE guid = 521995; -- linear
UPDATE creature SET position_x = 6304.4307, position_y = 4002.7258, position_z = 72.55225, spawndist = 0, MovementType = 4 WHERE guid = 521990; -- linear
UPDATE creature SET position_x = 6254.6724, position_y = 4097.069, position_z = 9.122672, spawndist = 0, MovementType = 4 WHERE guid = 521988; -- linear
-- waypoints
DELETE FROM creature_movement WHERE Id IN (521994,521992,520833,521993,521989,521991,521995,521990,521988);
INSERT INTO creature_movement (id, point, positionx, positiony, positionz, orientation, waittime, scriptid) VALUES
-- 521994
(521994,1,6022.507,3650.4219,71.413574,100,1000,0),
(521994,2,6009.4346,3685.0747,55.6029,100,0,0),
(521994,3,6011.182,3723.1238,42.45241,100,0,0),
(521994,4,6032.615,3753.6272,45.50083,100,0,0),
(521994,5,6053.3853,3771.54,53.69274,100,0,0),
(521994,6,6078.0425,3799.2327,54.64557,100,1000,0),
-- 521992
(521992,1,6124.4854,3782.2356,98.14198,100,1000,0),
(521992,2,6100.037,3759.9387,98.552666,100,0,0),
(521992,3,6086.476,3753.192,94.86049,100,0,0),
(521992,4,6073.6895,3749.7844,82.49489,100,0,0),
(521992,5,6058.2446,3748.4736,67.9883,100,0,0),
(521992,6,6032.964,3745.468,48.694435,100,0,0),
(521992,7,6018.308,3752.7244,36.419044,100,0,0),
(521992,8,5989.237,3773.619,17.349401,100,1000,0),
-- 520833
(520833,1,6094.1084,3748.559,100.12758,100,1000,0),
(520833,2,6086.639,3748.6172,96.26784,100,0,0),
(520833,3,6073.6895,3749.709,82.36891,100,0,0),
(520833,4,6063.5117,3764.545,62.89271,100,0,0),
(520833,5,6069.888,3788.4363,55.788635,100,0,0),
(520833,6,6089.3213,3810.8481,54.321518,100,1000,0),
-- 521993
(521993,1,6179.314,3696.159,197.88118,100,1000,0),
(521993,2,6178.449,3708.6128,186.84152,100,0,0),
(521993,3,6174.4053,3718.361,173.80344,100,0,0),
(521993,4,6163.4253,3736.6887,153.56561,100,0,0),
(521993,5,6171.5063,3756.2024,146.52101,100,1000,0),
-- 521989
(521989,1,6209.697,3827.471,136.5345,100,1000,0),
(521989,2,6207.3257,3799.9836,141.22238,100,0,0),
(521989,3,6187.9873,3779.2512,143.66351,100,0,0),
(521989,4,6168.6733,3748.0383,148.95558,100,0,0),
(521989,5,6151.4834,3722.2144,152.67734,100,0,0),
(521989,6,6146.2285,3703.3455,149.12619,100,0,0),
(521989,7,6143.953,3690.2004,144.71971,100,0,0),
(521989,8,6121.6445,3674.557,138.01883,100,1000,0),
-- 521991
(521991,1,6251.7603,3777.5422,216.18187,100,1000,0),
(521991,2,6270.205,3806.6545,202.24956,100,0,0),
(521991,3,6274.4233,3825.1172,189.15373,100,0,0),
(521991,4,6257.532,3827.9688,174.61996,100,1000,0),
-- 521995
(521995,1,6300.8247,3933.1992,113.71269,100,1000,0),
(521995,2,6267.0044,3930.8955,110.622536,100,0,0),
(521995,3,6251.3877,3923.8564,102.44349,100,0,0),
(521995,4,6242.19,3927.9548,91.68665,100,0,0),
(521995,5,6243.4165,3940.4133,82.79458,100,0,0),
(521995,6,6262.3022,3965.6858,75.308495,100,0,0),
(521995,7,6286.9834,3991.7432,71.99203,100,0,0),
(521995,8,6311.003,4013.2297,71.910164,100,0,0),
(521995,9,6344.4272,4015.9224,72.369995,100,1000,0),
-- 521990
(521990,1 ,6304.4307,4002.7258,72.55225,100,1000,0),
(521990,2 ,6283.249,3982.1575,73.069176,100,0,0),
(521990,3 ,6258.002,3958.495,76.97915,100,0,0),
(521990,4 ,6245.4775,3944.208,80.51357,100,0,0),
(521990,5 ,6236.5005,3939.1033,79.10488,100,0,0),
(521990,6 ,6227.329,3938.2131,72.78935,100,0,0),
(521990,7 ,6215.9414,3938.5903,63.976852,100,0,0),
(521990,8 ,6208.643,3945.6863,54.30693,100,0,0),
(521990,9 ,6222.425,3963.9565,50.11467,100,0,0),
(521990,10,6233.013,3983.5156,44.841988,100,0,0),
(521990,11,6242.3945,4006.0144,36.964382,100,0,0),
(521990,12,6244.437,4021.9448,32.71487,100,1000,0),
-- 521988
(521988,1,6254.6724,4097.069,9.122672,100,1000,0),
(521988,2,6232.7803,4058.1902,14.693819,100,0,0),
(521988,3,6225.808,4027.6711,22.792603,100,0,0),
(521988,4,6218.9097,4008.0496,24.709595,100,0,0),
(521988,5,6191.524,3976.644,23.505146,100,1000,0);

-- Cerberon 28207 & Glonn 28211
-- missing added
DELETE FROM creature_addon WHERE guid IN (520840,521116);
DELETE FROM creature_movement WHERE id IN (520840,521116);
DELETE FROM game_event_creature WHERE guid IN (520840,521116);
DELETE FROM game_event_creature_data WHERE guid IN (520840,521116);
DELETE FROM creature_battleground WHERE guid IN (520840,521116);
DELETE FROM creature_linking WHERE guid IN (520840,521116)
OR master_guid IN (520840,521116);
DELETE FROM creature WHERE guid IN (520840,521116);
INSERT INTO creature (guid, id, map, spawnMask, phaseMask, position_x, position_y, position_z, orientation, spawntimesecsmin, spawntimesecsmax, spawndist, MovementType) VALUES
(520840,28207,571,1,1,6181.818,3892.109,88.45886,0,300,300,0,0),
(521116,28211,571,1,1,6181.818,3892.109,88.45886,0,300,300,0,0);

-- Bythius the Flesh-Shaper 28212
UPDATE creature SET position_x = 6181.818, position_y = 3892.109, position_z = 88.45886, spawndist = 0, MovementType = 0 WHERE id = 28212; -- linear
DELETE FROM creature_movement WHERE Id = 521621;
DELETE FROM `spawn_group` WHERE id = 32507;
INSERT INTO `spawn_group` (`Id`, `Name`, `Type`, `MaxCount`, `WorldState`, `Flags`) VALUES
(32507, 'Sholazar Basin - Bythius the Flesh-Shaper 28212 & Cerberon 28207 & Glonn 28211 - Patrol', 0, 0, 0, 0x02);
DELETE FROM `spawn_group_spawn` WHERE id = 32507;
INSERT INTO `spawn_group_spawn` (`Id`, `Guid`, `SlotId`) VALUES
(32507, 521621, 0),
(32507, 520840, 1),
(32507, 521116, 2);
DELETE FROM `spawn_group_formation` WHERE id = 32507;
INSERT INTO `spawn_group_formation` (`Id`, `FormationType`, `FormationSpread`, `FormationOptions`, `PathId`, `MovementType`, `Comment`) VALUES
(32507, 0, 2, 0, 32507, 4, 'Sholazar Basin - Bythius the Flesh-Shaper 28212 & Cerberon 28207 & Glonn 28211 - Patrol');
DELETE FROM `waypoint_path_name` WHERE PathId = 32507;
INSERT INTO `waypoint_path_name` (`PathId`, `Name`) VALUES
(32507,'Sholazar Basin - Bythius the Flesh-Shaper 28212 & Cerberon 28207 & Glonn 28211 - Patrol');
DELETE FROM `waypoint_path` WHERE PathId = 32507;
INSERT INTO `waypoint_path` (`PathId`, `Point`, `PositionX`, `PositionY`,`PositionZ`, `Orientation`, `WaitTime`, `ScriptId`) VALUES
(32507,1,6181.818,3892.109,88.45886,100,1000,0),
(32507,2,6166.2695,3868.0396,90.698654,100,0,0),
(32507,3,6162.4736,3834.5305,96.19728,100,0,0),
(32507,4,6154.6465,3809.3542,97.80389,100,0,0),
(32507,5,6126.7734,3784.2405,98.14198,100,0,0),
(32507,6,6104.4736,3761.4934,99.23919,100,0,0),
(32507,7,6092.3813,3732.4739,111.802185,100,0,0),
(32507,8,6093.8193,3697.6428,121.51955,100,1000,0);
-- texts
UPDATE broadcast_text SET ChatTypeID = 1 WHERE Id IN (27537,27538,27539);

-- Frosthowl Screecher 28170
DELETE FROM creature_addon WHERE guid IN (521409,521417,521415,521414,521433,521432,521393,521430,521434,521416,521396,521410,521413,521428,521420,521405,521402,521399,521403,521401,521400,521404,521421,521423);
DELETE FROM creature_movement WHERE Id IN (521409,521417,521415,521414,521433,521432,521393,521430,521434,521416,521396,521410,521413,521428,521420,521405,521402,521399,521403,521401,521400,521404,521421,521423);
DELETE FROM game_event_creature WHERE guid IN (521409,521417,521415,521414,521433,521432,521393,521430,521434,521416,521396,521410,521413,521428,521420,521405,521402,521399,521403,521401,521400,521404,521421,521423);
DELETE FROM game_event_creature_data WHERE guid IN (521409,521417,521415,521414,521433,521432,521393,521430,521434,521416,521396,521410,521413,521428,521420,521405,521402,521399,521403,521401,521400,521404,521421,521423);
DELETE FROM creature_battleground WHERE guid IN (521409,521417,521415,521414,521433,521432,521393,521430,521434,521416,521396,521410,521413,521428,521420,521405,521402,521399,521403,521401,521400,521404,521421,521423);
DELETE FROM creature_linking WHERE guid IN (521409,521417,521415,521414,521433,521432,521393,521430,521434,521416,521396,521410,521413,521428,521420,521405,521402,521399,521403,521401,521400,521404,521421,521423)
 OR master_guid IN (521409,521417,521415,521414,521433,521432,521393,521430,521434,521416,521396,521410,521413,521428,521420,521405,521402,521399,521403,521401,521400,521404,521421,521423);
DELETE FROM creature WHERE guid IN (521409,521417,521415,521414,521433,521432,521393,521430,521434,521416,521396,521410,521413,521428,521420,521405,521402,521399,521403,521401,521400,521404,521421,521423);
UPDATE creature SET position_x = 6075.540039, position_y = 3706.437988, position_z = 196.779282, spawndist = 0, MovementType = 3 WHERE guid = 521435;
UPDATE creature SET position_x = 6100.114746, position_y = 3753.679443, position_z = 176.221069, spawndist = 0, MovementType = 3 WHERE guid = 521438;
UPDATE creature SET position_x = 6127.100098, position_y = 3834.857910, position_z = 184.66232, spawndist = 0, MovementType = 3 WHERE guid = 521395;
UPDATE creature SET position_x = 6121.073730, position_y = 3823.501221, position_z = 154.05664, spawndist = 0, MovementType = 3 WHERE guid = 521427;
UPDATE creature SET position_x = 6115.162598, position_y = 3907.485107, position_z = 166.75447, spawndist = 0, MovementType = 3 WHERE guid = 521437;
UPDATE creature SET position_x = 6134.818848, position_y = 3905.949463, position_z = 190.41345, spawndist = 0, MovementType = 3 WHERE guid = 521439;
UPDATE creature SET position_x = 6095.508301, position_y = 3697.033447, position_z = 171.43575, spawndist = 0, MovementType = 3 WHERE guid = 521436;
UPDATE creature SET position_x = 6176.963379, position_y = 3893.370850, position_z = 180.82408, spawndist = 0, MovementType = 3 WHERE guid = 521431;
UPDATE creature SET position_x = 6223.120605, position_y = 3783.832520, position_z = 214.602539, spawndist = 0, MovementType = 3 WHERE guid = 521429;
UPDATE creature SET position_x = 6173.419922, position_y = 3718.595947, position_z = 221.93893, spawndist = 0, MovementType = 3 WHERE guid = 521394;
UPDATE creature SET position_x = 6260.79, position_y = 3838.19, position_z = 204.871, spawndist = 0, MovementType = 3 WHERE guid = 521424;
UPDATE creature SET position_x = 6254.45, position_y = 3862.83, position_z = 213.356, spawndist = 0, MovementType = 3 WHERE guid = 521407;
-- waypoints
DELETE FROM creature_movement WHERE Id IN (521435,521438,521395,521427,521437,521436,521431,521429,521394,521439,521424,521393,521407);
INSERT INTO creature_movement (id, point, positionx, positiony, positionz, orientation, waittime, scriptid) VALUES
-- 521435
(521435,1,6114.29,3693.05,196.779282,100,0,0),
(521435,2,6102.19,3733.69,196.779282,100,0,0),
(521435,3,6062.05,3672.56,196.779282,100,0,0),
(521435,4,6052.2,3713.66,196.779282 ,100,0,0),
(521435,5,6098.78,3746.51,196.779282,100,0,0),
(521435,6,6117.29,3713.13,196.779282,100,0,0),
(521435,7,6054.69,3691.09,196.779282,100,0,0),
(521435,8,6103.13,3677.89,196.779282,100,0,0),
(521435,9,6055.59,3740.4,196.779282 ,100,0,0),
-- 521438
(521438,1,6137.71,3771.72,176.221069,100,0,0),
(521438,2,6083.66,3771.36,176.221069,100,0,0),
(521438,3,6128.62,3782.48,176.221069,100,0,0),
(521438,4,6140.04,3737.34,176.221069,100,0,0),
(521438,5,6099.55,3727.63,176.221069,100,0,0),
(521438,6,6139.68,3781.4,176.221069 ,100,0,0),
(521438,7,6102.47,3742.3,176.221069 ,100,0,0),
(521438,8,6140.79,3725.46,176.221069,100,0,0),
(521438,9,6091.11,3734.75,176.221069,100,0,0),
-- 521395
(521395,1,6151.28,3851.13,184.66232,100,0,0),
(521395,2,6136.93,3894.26,184.66232,100,0,0),
(521395,3,6088.19,3851.09,184.66232,100,0,0),
(521395,4,6147.28,3890.17,184.66232,100,0,0),
(521395,5,6103.32,3855.57,184.66232,100,0,0),
(521395,6,6145.35,3833.43,184.66232,100,0,0),
(521395,7,6123.98,3858.03,184.66232,100,0,0),
(521395,8,6078.73,3852.65,184.66232,100,0,0),
-- 521427
(521427,1,6091.23,3868.61,154.05664,100,0,0),
(521427,2,6096.11,3831.95,154.05664,100,0,0),
(521427,3,6137.17,3806.41,154.05664,100,0,0),
(521427,4,6126.49,3852.27,154.05664,100,0,0),
(521427,5,6081.37,3839.15,154.05664,100,0,0),
(521427,6,6136.35,3838.99,154.05664,100,0,0),
(521427,7,6116.54,3794.82,154.05664,100,0,0),
-- 521437
(521437,1,6135.64,3874.67,166.75447,100,0,0),
(521437,2,6177.28,3885.23,166.75447,100,0,0),
(521437,3,6163.88,3929.57,166.75447,100,0,0),
(521437,4,6123.38,3900.6, 166.75447,100,0,0),
(521437,5,6137.15,3861,   166.75447,100,0,0),
(521437,6,6179.04,3867.06,166.75447,100,0,0),
(521437,7,6156.28,3910.77,166.75447,100,0,0),
(521437,8,6159.76,3938.25,166.75447,100,0,0),
-- 521439
(521439,1,6133.78,3872.37,190.41345,100,0,0),
(521439,2,6169.99,3876.05,190.41345,100,0,0),
(521439,3,6183.83,3906.5, 190.41345,100,0,0),
(521439,4,6155.9,3921.05, 190.41345,100,0,0),
(521439,5,6132.87,3894.08,190.41345,100,0,0),
(521439,6,6167.26,3873.4, 190.41345,100,0,0),
(521439,7,6145,3923.37,   190.41345,100,0,0),
(521439,8,6196.24,3881.45,190.41345,100,0,0),
-- 521436
(521436,1,6127.09,3710.82,171.43575,100,0,0),
(521436,2,6155.58,3711.36,171.43575,100,0,0),
(521436,3,6152.6,3741.94,171.43575 ,100,0,0),
(521436,4,6117.18,3752.57,171.43575,100,0,0),
(521436,5,6120.48,3708.91,171.43575,100,0,0),
(521436,6,6137.65,3746.08,171.43575,100,0,0),
(521436,7,6145.14,3715.51,171.43575,100,0,0),
(521436,8,6120.45,3687.68,171.43575,100,0,0),
(521436,9,6112.05,3721.55,171.43575,100,0,0),
-- 521431
(521431,1,6170.52,3868.25,180.82408,100,0,0),
(521431,2,6141.92,3864.15,180.82408,100,0,0),
(521431,3,6194.06,3864.94,180.82408,100,0,0),
(521431,4,6236.12,3892.34,180.82408,100,0,0),
(521431,5,6222.57,3922.01,180.82408,100,0,0),
(521431,6,6176.06,3922.38,180.82408,100,0,0),
(521431,7,6220.96,3879.91,180.82408,100,0,0),
(521431,8,6181.32,3863.9, 180.82408,100,0,0),
-- 521429
(521429,1,6170.32,3825.18,214.602539,100,0,0),
(521429,2,6157.12,3779.92,214.602539,100,0,0),
(521429,3,6198.32,3787.45,214.602539,100,0,0),
(521429,4,6210.68,3829.5 ,214.602539,100,0,0),
(521429,5,6226.61,3791.1 ,214.602539,100,0,0),
(521429,6,6188.42,3782.62,214.602539,100,0,0),
(521429,7,6157.71,3839.1 ,214.602539,100,0,0),
(521429,8,6190.84,3861.62,214.602539,100,0,0),
-- 521394
(521394,1,6185.97,3728.15,221.93893,100,0,0),
(521394,2,6178.02,3769.43,221.93893,100,0,0),
(521394,3,6151.3,3789.71, 221.93893,100,0,0),
(521394,4,6108.61,3768.86,221.93893,100,0,0),
(521394,5,6088.04,3729.08,221.93893,100,0,0),
(521394,6,6100.74,3701.53,221.93893,100,0,0),
(521394,7,6110.44,3754.73,221.93893,100,0,0),
(521394,8,6077.65,3761.86,221.93893,100,0,0),
(521394,9,6161.43,3776.56,221.93893,100,0,0),
-- 521424
(521424,1 ,6260.79,3838.19,204.871,100,0,0),
(521424,2 ,6254.5,3864.18, 204.871,100,0,0),
(521424,3 ,6273.85,3841.75,204.871,100,0,0),
(521424,4 ,6242.97,3822.65,204.871,100,0,0),
(521424,5 ,6241.74,3867.01,204.871,100,0,0),
(521424,6 ,6218.05,3861.88,204.871,100,0,0),
(521424,7 ,6222.24,3828.67,204.871,100,0,0),
(521424,8 ,6260.47,3829.2, 204.871,100,0,0),
(521424,9 ,6271.87,3874.45,204.871,100,0,0),
(521424,10,6288.28,3877.19,204.871,100,0,0),
(521424,11,6282.36,3854.71,204.871,100,0,0),
-- 521407
(521407,1,6254.45,3862.83,213.356,100,0,0),
(521407,2,6215.48,3887.72,213.356,100,0,0),
(521407,3,6246.15,3890.22,213.356,100,0,0),
(521407,4,6246.17,3870.83,213.356,100,0,0),
(521407,5,6223.06,3869.56,213.356,100,0,0),
(521407,6,6254.18,3860.23,213.356,100,0,0),
(521407,7,6253.94,3893.71,213.356,100,0,0),
(521407,8,6235.14,3851.19,213.356,100,0,0);
-- Spawn groups
-- group 1
UPDATE creature SET position_x = 6284.604, position_y = 3504.7654, position_z = 560.10675, spawndist = 0, MovementType = 0, spawntimesecsmin = 30, spawntimesecsmax = 30 WHERE guid IN (521411,521412,521422);
DELETE FROM `spawn_group` WHERE id = 32508;
INSERT INTO `spawn_group` (`Id`, `Name`, `Type`, `MaxCount`, `WorldState`, `Flags`) VALUES
(32508, 'Sholazar Basin - Frosthowl Screecher 28170 x3 - Patrol 1', 0, 0, 0, 0x02);
DELETE FROM `spawn_group_spawn` WHERE id = 32508;
INSERT INTO `spawn_group_spawn` (`Id`, `Guid`, `SlotId`) VALUES
(32508, 521411, 0),
(32508, 521412, 1),
(32508, 521422, 2);
DELETE FROM `spawn_group_formation` WHERE id = 32508;
INSERT INTO `spawn_group_formation` (`Id`, `FormationType`, `FormationSpread`, `FormationOptions`, `PathId`, `MovementType`, `Comment`) VALUES
(32508, 1, 2, 0, 32508, 2, 'Sholazar Basin - Frosthowl Screecher 28170 x3 - Patrol 1');
DELETE FROM `waypoint_path_name` WHERE PathId = 32508;
INSERT INTO `waypoint_path_name` (`PathId`, `Name`) VALUES
(32508,'Sholazar Basin - Frosthowl Screecher 28170 x3 - Patrol 1');
DELETE FROM `waypoint_path` WHERE PathId = 32508;
INSERT INTO `waypoint_path` (`PathId`, `Point`, `PositionX`, `PositionY`,`PositionZ`, `Orientation`, `WaitTime`, `ScriptId`) VALUES
(32508,1 ,6284.604,3504.7654,560.10675 ,100,0,0),
(32508,2 ,6280.973,3615.165,432.604    ,100,0,0),
(32508,3 ,6277.3423,3725.5647,305.10126,100,0,0),
(32508,4 ,6248.7705,3746.9827,289.21237,100,0,0),
(32508,5 ,6203.7314,3791.7573,274.15686,100,0,0),
(32508,6 ,6194.2554,3838.898,252.10124 ,100,0,0),
(32508,7 ,6266.7456,3882.8528,190.24022,100,0,0),
(32508,8 ,6283.409,3916.1204,175.4346  ,100,0,0),
(32508,9 ,6293.35,3961.13,139.29575    ,100,0,0),
(32508,10,6273.6147,3990.7444,120.24021,100,0,0),
(32508,11,6200.258,3989.4307,72.29577  ,100,0,0),
(32508,12,6158.809,4012.4055,36.184647 ,100,0,0),
(32508,13,6155.618,4047.9604,17.57354  ,100,0,0),
(32508,14,6122.49,4115.9434,-0.648686  ,100,0,0),
(32508,15,6071.8394,4096.406,-9.454242 ,100,0,0),
(32508,16,6036.819,4052.9302,-9.454242 ,100,0,0),
(32508,17,6000.529,4042.1926,-9.454242 ,100,0,0),
(32508,18,5914.2134,4062.644,-9.454242 ,100,0,0),
(32508,19,5827.3965,4150.9053,59.573563,100,0,0),
(32508,20,5827.3965,4150.9053,59.573563,100,100,2821801); -- desp all
-- group 2
UPDATE creature SET position_x = 6233.8022, position_y = 3593.501, position_z = 348.54825, spawndist = 0, MovementType = 0, spawntimesecsmin = 30, spawntimesecsmax = 30 WHERE guid IN (521418,521397,521398);
DELETE FROM `spawn_group` WHERE id = 32509;
INSERT INTO `spawn_group` (`Id`, `Name`, `Type`, `MaxCount`, `WorldState`, `Flags`) VALUES
(32509, 'Sholazar Basin - Frosthowl Screecher 28170 x3 - Patrol 2', 0, 0, 0, 0x02);
DELETE FROM `spawn_group_spawn` WHERE id = 32509;
INSERT INTO `spawn_group_spawn` (`Id`, `Guid`, `SlotId`) VALUES
(32509, 521418, 0),
(32509, 521397, 1),
(32509, 521398, 2);
DELETE FROM `spawn_group_formation` WHERE id = 32509;
INSERT INTO `spawn_group_formation` (`Id`, `FormationType`, `FormationSpread`, `FormationOptions`, `PathId`, `MovementType`, `Comment`) VALUES
(32509, 3, 2, 0, 32509, 2, 'Sholazar Basin - Frosthowl Screecher 28170 x3 - Patrol 2');
DELETE FROM `waypoint_path_name` WHERE PathId = 32509;
INSERT INTO `waypoint_path_name` (`PathId`, `Name`) VALUES
(32509,'Sholazar Basin - Frosthowl Screecher 28170 x3 - Patrol 2');
DELETE FROM `waypoint_path` WHERE PathId = 32509;
INSERT INTO `waypoint_path` (`PathId`, `Point`, `PositionX`, `PositionY`,`PositionZ`, `Orientation`, `WaitTime`, `ScriptId`) VALUES
(32509,1 ,6233.8022,3593.501,348.54825  ,100,0,0),
(32509,2 ,6205.568,3620.7148,328.1964   ,100,0,0),
(32509,3 ,6160.034,3641.4128,310.14084  ,100,0,0),
(32509,4 ,6058.0938,3728.5557,248.14085 ,100,0,0),
(32509,5 ,6079.375,3796.7634,98.891014  ,100,0,0),
(32509,6 ,6096.9976,3836.573,69.4188    ,100,0,0),
(32509,7 ,6097.242,3956.0051,69.4188    ,100,0,0),
(32509,8 ,6081.418,4075.0977,69.4188    ,100,0,0),
(32509,9 ,5986.6357,4208.3057,146.25214 ,100,0,0),
(32509,10,5986.6357,4208.3057,146.25214,100,100,2821801); -- desp all
-- group 3
UPDATE creature SET position_x = 6398.72, position_y = 3695.9006, position_z = 482.9593, spawndist = 0, MovementType = 0, spawntimesecsmin = 30, spawntimesecsmax = 30 WHERE guid IN (521419,521406,521408);
DELETE FROM `spawn_group` WHERE id = 32510;
INSERT INTO `spawn_group` (`Id`, `Name`, `Type`, `MaxCount`, `WorldState`, `Flags`) VALUES
(32510, 'Sholazar Basin - Frosthowl Screecher 28170 x3 - Patrol 3', 0, 0, 0, 0x02);
DELETE FROM `spawn_group_spawn` WHERE id = 32510;
INSERT INTO `spawn_group_spawn` (`Id`, `Guid`, `SlotId`) VALUES
(32510, 521419, 0),
(32510, 521406, 1),
(32510, 521408, 2);
DELETE FROM `spawn_group_formation` WHERE id = 32510;
INSERT INTO `spawn_group_formation` (`Id`, `FormationType`, `FormationSpread`, `FormationOptions`, `PathId`, `MovementType`, `Comment`) VALUES
(32510, 3, 2, 0, 32510, 2, 'Sholazar Basin - Frosthowl Screecher 28170 x3 - Patrol 3');
DELETE FROM `waypoint_path_name` WHERE PathId = 32510;
INSERT INTO `waypoint_path_name` (`PathId`, `Name`) VALUES
(32510,'Sholazar Basin - Frosthowl Screecher 28170 x3 - Patrol 3');
DELETE FROM `waypoint_path` WHERE PathId = 32510;
INSERT INTO `waypoint_path` (`PathId`, `Point`, `PositionX`, `PositionY`,`PositionZ`, `Orientation`, `WaitTime`, `ScriptId`) VALUES
(32510,1 ,6398.72,3695.9006,482.9593    ,100,0,0),
(32510,2 ,6338.0312,3710.7327,394.03027 ,100,0,0),
(32510,3 ,6277.3423,3725.5647,305.10126 ,100,0,0),
(32510,4 ,6248.7705,3746.9827,289.21237 ,100,0,0),
(32510,5 ,6203.7314,3791.7573,274.15686 ,100,0,0),
(32510,6 ,6194.2554,3838.898,252.10124  ,100,0,0),
(32510,7 ,6266.7456,3882.8528,190.24022 ,100,0,0),
(32510,8 ,6283.409,3916.1204,175.4346   ,100,0,0),
(32510,9 ,6293.35,3961.13,128.21243     ,100,0,0),
(32510,10,6273.6147,3990.7444,105.68465 ,100,0,0),
(32510,11,6200.258,3989.4307,40.879105 ,100,0,0),
(32510,12,6158.809,4012.4055,14.073533 ,100,0,0),
(32510,13,6155.618,4047.9604,17.57354  ,100,0,0),
(32510,14,6122.49,4115.9434,-18.815353 ,100,0,0),
(32510,15,6071.8394,4096.406,-40.204247,100,0,0),
(32510,16,6036.819,4052.9302,-42.7598  ,100,0,0),
(32510,17,6000.529,4042.1926,-9.454242 ,100,0,0),
(32510,18,5914.2134,4062.644,-9.454242 ,100,0,0),
(32510,19,5827.3965,4150.9053,59.573563,100,0,0),
(32510,20,5827.3965,4150.9053,59.573563,100,0,2821801); -- desp all
DELETE FROM `creature_spawn_data` WHERE guid IN
(521435,521438,521395,521437,521427,521439,521431,521429,521394,521436,521407,521424,521411,521412,521422,521418,521397,521398,521419,521406,521408);
INSERT INTO `creature_spawn_data` (`guid`, `id`) VALUES 
(521435,1),(521438,1),(521395,1),(521427,1),(521437,1),(521439,1),
(521436,1),(521431,1),(521429,1),(521394,1),(521407,1),(521424,1),
(521411,1),(521412,1),(521422,1),(521418,1),(521397,1),(521398,1),
(521419,1),(521406,1),(521408,1);
