-- Exodar Emissary - Updated
-- Exodar Emissary Patrol
DELETE FROM creature_addon WHERE guid IN (113332,113227,113334,113337,84093,110968,110957);
DELETE FROM creature_movement WHERE id IN (113332,113227,113334,113337,84093,110968,110957);
DELETE FROM game_event_creature WHERE guid IN (113332,113227,113334,113337,84093,110968,110957);
DELETE FROM game_event_creature_data WHERE guid IN (113332,113227,113334,113337,84093,110968,110957);
DELETE FROM creature_battleground WHERE guid IN (113332,113227,113334,113337,84093,110968,110957);
DELETE FROM creature_linking WHERE guid IN (113332,113227,113334,113337,84093,110968,110957);
DELETE FROM creature where guid IN (113332,113227,113334,113337,84093,110968,110957);
-- Make them sync with TDB
UPDATE creature SET guid = 190504, id = 15103 WHERE guid = 84091;
UPDATE creature SET guid = 190505, id = 15103 WHERE guid = 84092;
DELETE FROM game_event_creature WHERE guid IN (84091,84092);
DELETE FROM game_event_creature_data WHERE guid IN (190504,190505);
INSERT INTO game_event_creature_data (guid, event, `entry_id`) VALUES
-- https://www.wowhead.com/tbc/npc=15103/stormpike-emissary
(190504,18, 15103),
(190505,18, 15103),
-- https://www.wowhead.com/tbc/npc=15102/silverwing-emissary
(190504,19, 15102),
(190505,19, 15102),
-- https://www.wowhead.com/tbc/npc=14991/league-of-arathor-emissary
(190504,20, 14991),
(190505,20, 14991),
-- https://www.wowhead.com/tbc/npc=22013/eye-of-the-storm-emissary
(190504,21, 22013),
(190505,21, 22013),
-- https://www.wowhead.com/wotlk/npc=30566/strand-of-the-ancients-emissary
(190504,25, 30566),
(190505,25, 30566),
-- https://www.wowhead.com/wotlk/npc=34950/isle-of-conquest-emissary
(190504,38, 30566),
(190505,38, 30566);
-- Spawn Groups
UPDATE creature SET position_x = -3964.45, position_y = -11640.5, position_z = -138.885, spawndist = 0, MovementType = 0 WHERE guid IN (190504,190505);
DELETE FROM `spawn_group` WHERE id = 19939;
INSERT INTO `spawn_group` (`Id`, `Name`, `Type`, `MaxCount`, `WorldState`, `Flags`) VALUES
(19939, 'Exodar - Battleground Emissary x2 - Patrol', 0, 0, 20549, 0x02 | 0x08);
DELETE FROM `spawn_group_spawn` WHERE id = 19939;
INSERT INTO `spawn_group_spawn` (`Id`, `Guid`, `SlotId`) VALUES
(19939, 190504, 0),
(19939, 190505, 1);
DELETE FROM `spawn_group_formation` WHERE id = 19939;
INSERT INTO `spawn_group_formation` (`Id`, `FormationType`, `FormationSpread`, `FormationOptions`, `PathId`, `MovementType`, `Comment`) VALUES
(19939, 1, 2, 0, 19939, 2, 'Exodar - Battleground Emissary x2 - Patrol');
DELETE FROM `waypoint_path` WHERE PathId = 19939;
INSERT INTO `waypoint_path` (`PathId`, `Point`, `PositionX`, `PositionY`,`PositionZ`, `Orientation`, `WaitTime`, `ScriptId`) VALUES
(19939,1,-3964.45,-11640.5,-138.885,100,0,0),
(19939,2,-3977.58,-11670.5,-139.101,100,0,0),
(19939,3,-4004.9,-11674.4,-136.258,100,0,0),
(19939,4,-4040.58,-11678.3,-135.551,100,0,0),
(19939,5,-4084.33,-11680.2,-142.4,100,0,0),
(19939,6,-4122.19,-11676.7,-142.825,100,0,0),
(19939,7,-4142.92,-11653,-138.991,100,0,0),
(19939,8,-4148.69,-11618.2,-139.283,100,0,0),
(19939,9,-4138.79,-11590.3,-139.249,100,0,0),
(19939,10,-4119.15,-11546.3,-135.956,100,0,0),
(19939,11,-4085.58,-11518.1,-135.447,100,0,0),
(19939,12,-4068.37,-11500.5,-134.835,100,0,0),
(19939,13,-4056.03,-11488.4,-141.254,100,0,0),
(19939,14,-4018.48,-11464.7,-137.378,100,0,0),
(19939,15,-3976.18,-11439.8,-136.797,100,0,0),
(19939,16,-3928.11,-11436.4,-134.023,100,0,0),
(19939,17,-3892.42,-11433.1,-132.707,100,0,0),
(19939,18,-3848.74,-11450.4,-132.263,100,0,0),
(19939,19,-3826.28,-11455.8,-138.489,100,0,0),
(19939,20,-3819.67,-11478.8,-138.495,100,0,0),
(19939,21,-3833.27,-11513.5,-138.786,100,0,0),
(19939,22,-3846.51,-11539.5,-139.024,100,0,0),
(19939,23,-3865.31,-11561.5,-133.02,100,0,0),
(19939,24,-3883.13,-11597.2,-135.418,100,0,0),
(19939,25,-3895.45,-11620.5,-137.825,100,0,0),
(19939,26,-3929.28,-11612.4,-138.556,100,0,0);
DELETE FROM `waypoint_path_name` WHERE PathId = 19939;
INSERT INTO `waypoint_path_name` (`PathId`, `Name`) VALUES
(19939,'Exodar - Battleground Emissary x2 - Patrol');

-- Using same mothod we can reduce spawn numbers for all static spawns
-- we can remove all same xyz spawns now
DELETE FROM creature_addon WHERE guid IN 
(138778,111003,111004,138724,138731,113433,113338,138767,138766,84088,84089,138760,138757,113333,113339,138765,138764,138761,138758,
112825,112839,138776,138777,138506,138507,112748,112795,138779,138780,84087,84086,110938,110939,138508,138509);
DELETE FROM creature_movement WHERE Id IN 
(138778,111003,111004,138724,138731,113433,113338,138767,138766,84088,84089,138760,138757,113333,113339,138765,138764,138761,138758,
112825,112839,138776,138777,138506,138507,112748,112795,138779,138780,84087,84086,110938,110939,138508,138509);
DELETE FROM game_event_creature WHERE guid IN 
(138778,111003,111004,138724,138731,113433,113338,138767,138766,84088,84089,138760,138757,113333,113339,138765,138764,138761,138758,
112825,112839,138776,138777,138506,138507,112748,112795,138779,138780,84087,84086,110938,110939,138508,138509);
DELETE FROM game_event_creature_data WHERE guid IN 
(138778,111003,111004,138724,138731,113433,113338,138767,138766,84088,84089,138760,138757,113333,113339,138765,138764,138761,138758,
112825,112839,138776,138777,138506,138507,112748,112795,138779,138780,84087,84086,110938,110939,138508,138509);
DELETE FROM creature_battleground WHERE guid IN 
(138778,111003,111004,138724,138731,113433,113338,138767,138766,84088,84089,138760,138757,113333,113339,138765,138764,138761,138758,
112825,112839,138776,138777,138506,138507,112748,112795,138779,138780,84087,84086,110938,110939,138508,138509);
DELETE FROM creature_linking WHERE guid IN 
(138778,111003,111004,138724,138731,113433,113338,138767,138766,84088,84089,138760,138757,113333,113339,138765,138764,138761,138758,
112825,112839,138776,138777,138506,138507,112748,112795,138779,138780,84087,84086,110938,110939,138508,138509)
 OR master_guid IN (138778,111003,111004,138724,138731,113433,113338,138767,138766,84088,84089,138760,138757,113333,113339,138765,138764,138761,138758,
112825,112839,138776,138777,138506,138507,112748,112795,138779,138780,84087,84086,110938,110939,138508,138509);
DELETE FROM creature WHERE guid IN 
(138778,111003,111004,138724,138731,113433,113338,138767,138766,84088,84089,138760,138757,113333,113339,138765,138764,138761,138758,
112825,112839,138776,138777,138506,138507,112748,112795,138779,138780,84087,84086,110938,110939,138508,138509);
-- Make them sync with TDB
UPDATE creature SET guid = 190217, id = 15103 WHERE guid = 112820;
UPDATE creature SET guid = 190216, id = 15103 WHERE guid = 112818;
UPDATE creature SET guid = 190280, id = 15103 WHERE guid = 138810;
UPDATE creature SET guid = 190281, id = 15103 WHERE guid = 138809;
UPDATE creature SET guid = 190273, id = 15103 WHERE guid = 138807;
UPDATE creature SET guid = 190272, id = 15103 WHERE guid = 138808;
UPDATE creature SET guid = 190224, id = 15103 WHERE guid = 138805;
UPDATE creature SET guid = 190225, id = 15103 WHERE guid = 138806;
UPDATE creature SET guid = 190209, id = 15103 WHERE guid = 138812;
UPDATE creature SET guid = 190208, id = 15103 WHERE guid = 138811;
DELETE FROM game_event_creature WHERE guid IN (112820,112818,138810,138809,138808,138807,138805,138806,138812,138811);
DELETE FROM game_event_creature_data WHERE guid IN (190217,190216,190280,190281,190273,190272,190224,190225,190209,190208);
INSERT INTO game_event_creature_data (guid, event, `entry_id`) VALUES
-- https://www.wowhead.com/tbc/npc=15103/stormpike-emissary
(190217,18, 15103),
(190216,18, 15103),
(190280,18, 15103),
(190281,18, 15103),
(190273,18, 15103),
(190272,18, 15103),
(190224,18, 15103),
(190225,18, 15103),
(190209,18, 15103),
(190208,18, 15103),
-- https://www.wowhead.com/tbc/npc=15102/silverwing-emissary
(190217,19, 15102),
(190216,19, 15102),
(190280,19, 15102),
(190281,19, 15102),
(190273,19, 15102),
(190272,19, 15102),
(190224,19, 15102),
(190225,19, 15102),
(190209,19, 15102),
(190208,19, 15102),
-- https://www.wowhead.com/tbc/npc=14991/league-of-arathor-emissary
(190217,20, 14991),
(190216,20, 14991),
(190280,20, 14991),
(190281,20, 14991),
(190273,20, 14991),
(190272,20, 14991),
(190224,20, 14991),
(190225,20, 14991),
(190209,20, 14991),
(190208,20, 14991),
-- https://www.wowhead.com/tbc/npc=22013/eye-of-the-storm-emissary
(190217,21, 22013),
(190216,21, 22013),
(190280,21, 22013),
(190281,21, 22013),
(190273,21, 22013),
(190272,21, 22013),
(190224,21, 22013),
(190225,21, 22013),
(190209,21, 22013),
(190208,21, 22013),
-- Wotlk ONLY
-- https://www.wowhead.com/wotlk/npc=30566/strand-of-the-ancients-emissary
(190217,25, 30566),
(190216,25, 30566),
(190280,25, 30566),
(190281,25, 30566),
(190273,25, 30566),
(190272,25, 30566),
(190224,25, 30566),
(190225,25, 30566),
(190209,25, 30566),
(190208,25, 30566),
-- https://www.wowhead.com/wotlk/npc=34950/isle-of-conquest-emissary
(190217,38, 34950),
(190216,38, 34950),
(190280,38, 34950),
(190281,38, 34950),
(190273,38, 34950),
(190272,38, 34950),
(190224,38, 34950),
(190225,38, 34950),
(190209,38, 34950),
(190208,38, 34950);
-- Spawn Groups
DELETE FROM `spawn_group` WHERE id = 19938;
INSERT INTO `spawn_group` (`Id`, `Name`, `Type`, `MaxCount`, `WorldState`, `Flags`) VALUES
(19938, 'Exodar - Battleground Emissary x2 - Static ', 0, 0, 20549, 0x02 | 0x08); -- TBC will have WorldState = 19998
DELETE FROM `spawn_group_spawn` WHERE id = 19938;
INSERT INTO `spawn_group_spawn` (`Id`, `Guid`, `SlotId`) VALUES
(19938,190217, -1),
(19938,190216, -1),
(19938,190280, -1),
(19938,190281, -1),
(19938,190273, -1),
(19938,190272, -1),
(19938,190224, -1),
(19938,190225, -1),
(19938,190209, -1),
(19938,190208, -1);
