-- Chicken Escapee 28161
DELETE FROM creature_addon WHERE guid IN 
(521410,521622,535519,528109,528110,528111,528112,534095,534096,534097,534098,535511,535512,535513,535514,535515,535516,535517,535518);
DELETE FROM creature_movement WHERE Id IN 
(521410,521622,535519,528109,528110,528111,528112,534095,534096,534097,534098,535511,535512,535513,535514,535515,535516,535517,535518);
DELETE FROM game_event_creature WHERE guid IN 
(521410,521622,535519,528109,528110,528111,528112,534095,534096,534097,534098,535511,535512,535513,535514,535515,535516,535517,535518);
DELETE FROM game_event_creature_data WHERE guid IN 
(521410,521622,535519,528109,528110,528111,528112,534095,534096,534097,534098,535511,535512,535513,535514,535515,535516,535517,535518);
DELETE FROM creature_battleground WHERE guid IN 
(521410,521622,535519,528109,528110,528111,528112,534095,534096,534097,534098,535511,535512,535513,535514,535515,535516,535517,535518);
DELETE FROM creature_linking WHERE guid IN 
(521410,521622,535519,528109,528110,528111,528112,534095,534096,534097,534098,535511,535512,535513,535514,535515,535516,535517,535518) 
OR master_guid IN 
(521410,521622,535519,528109,528110,528111,528112,534095,534096,534097,534098,535511,535512,535513,535514,535515,535516,535517,535518);
DELETE FROM creature WHERE guid IN 
(521410,521622,535519,528109,528110,528111,528112,534095,534096,534097,534098,535511,535512,535513,535514,535515,535516,535517,535518);
INSERT INTO creature (guid, id, map, spawnMask, phaseMask, position_x, position_y, position_z, orientation, spawntimesecsmin, spawntimesecsmax, spawndist, MovementType) VALUES
(521410,28161,571,1,1,5212.826,4487.583,-90.88036,0,30,30,0,4), -- linear
(521622,28161,571,1,1,5264.93,4402.5,-94.7876,0,30,30,0,0),
(535519,28161,571,1,1,5264.93,4402.5,-94.7876,0,30,30,0,0),
(528109,28161,571,1,1,5264.93,4402.5,-94.7876,0,30,30,0,0),
(528110,28161,571,1,1,5264.93,4402.5,-94.7876,0,30,30,0,0),
(528111,28161,571,1,1,5264.93,4402.5,-94.7876,0,30,30,0,0),
(528112,28161,571,1,1,5136.019,4469.252,-96.95787,0,30,30,0,0),
(534095,28161,571,1,1,5136.019,4469.252,-96.95787,0,30,30,0,0),
(534096,28161,571,1,1,5136.019,4469.252,-96.95787,0,30,30,0,0),
(534097,28161,571,1,1,5136.019,4469.252,-96.95787,0,30,30,0,0),
(534098,28161,571,1,1,5136.019,4469.252,-96.95787,0,30,30,0,0),
(535511,28161,571,1,1,5282,4422.78,-97.3332,0,30,30,0,4), -- linear
(535512,28161,571,1,1,5214.89,4427.99,-96.8824,0,30,30,0,4), -- linear
(535513,28161,571,1,1,5324.69,4602.43,-133.859,0,30,30,0,4), -- linear
(535514,28161,571,1,1,5195.78,4349.111,-94.55534,0,30,30,0,4), -- linear
(535515,28161,571,1,1,5243.24,4644.85,-135.774,0,30,30,0,4), -- linear
(535516,28161,571,1,1,5221.72,4381.43,-94.3379,0,30,30,0,4), -- linear
(535517,28161,571,1,1,5175.69,4373.71,-95.2397,0,30,30,0,4), -- linear
(535518,28161,571,1,1,5116.61,4447.64,-97.7326,0,30,30,0,4); -- linear
UPDATE creature SET position_x = 5282.401, position_y = 4476.233, position_z = -90.77661, spawndist = 0, MovementType = 4 WHERE guid = 521366; -- linear
UPDATE creature SET position_x = 5298.1, position_y = 4489.5, position_z = -93.7049, spawndist = 0, MovementType = 4 WHERE guid = 521367; -- linear
UPDATE creature SET position_x = 5164.8, position_y = 4477.46, position_z = -97.0237, spawndist = 0, MovementType = 4 WHERE guid = 521368; -- linear
UPDATE creature SET position_x = 5254.17, position_y = 4483.92, position_z = -84.2785, spawndist = 0, MovementType = 4 WHERE guid = 521369; -- linear
UPDATE creature SET position_x = 5197.073, position_y = 4492.456, position_z = -89.6655, spawndist = 0, MovementType = 4 WHERE guid = 521369; -- linear
UPDATE creature SET position_x = 5197.073, position_y = 4492.456, position_z = -89.6655, spawndist = 0, MovementType = 4 WHERE guid = 521370; -- linear
UPDATE creature SET position_x = 5172.37, position_y = 4536.85, position_z = -97.4905, spawndist = 0, MovementType = 4 WHERE guid = 521371; -- linear
UPDATE creature SET position_x = 5190.03, position_y = 4567.08, position_z = -101.24, spawndist = 0, MovementType = 4 WHERE guid = 521372; -- linear
UPDATE creature SET position_x = 5196.32, position_y = 4512.37, position_z = -89.7006, spawndist = 0, MovementType = 4 WHERE guid = 521373; -- linear
UPDATE creature SET position_x = 5264.52, position_y = 4522.88, position_z = -84.478, spawndist = 0, MovementType = 4 WHERE guid = 521374; -- linear
UPDATE creature SET position_x = 5210.268, position_y = 4544.772, position_z = -93.37037, spawndist = 0, MovementType = 4 WHERE guid = 521375; -- linear
-- for summoned
DELETE FROM creature_movement_template WHERE Entry IN (28161);
INSERT INTO creature_movement_template (Entry, PathId, Point, PositionX, PositionY, PositionZ, Orientation, WaitTime, ScriptId) VALUES
-- path 1
(28161,1,1 ,5229.379,4538.682,-89.87037,100,0,0),
(28161,1,2 ,5208.069,4558.022,-95.49537,100,0,0),
(28161,1,3 ,5211.422,4587.285,-106.0953,100,0,0),
(28161,1,4 ,5196.354,4611.285,-119.4471,100,0,0),
(28161,1,5 ,5225.866,4636.383,-134.7082,100,0,0),
(28161,1,6 ,5260.399,4632.756,-135.1864,100,0,0),
(28161,1,7 ,5257.84,4670.9,-135.4187,100,0,0),
(28161,1,8 ,5236.21,4654.7,-136.148 ,100,0,0),
(28161,1,9 ,5223.29,4639.17,-135.174,100,0,0),
(28161,1,10,5187.54,4635.38,-133.191,100,0,0),
(28161,1,11,5160.86,4615.48,-129.945,100,0,0),
(28161,1,12,5153.01,4599.86,-131.515,100,0,0),
(28161,1,13,5130.41,4588.18,-130.757,100,0,0),
(28161,1,14,5120.37,4578.95,-124.149,100,0,0),
(28161,1,15,5115.97,4570.41,-116.355,100,0,0),
(28161,1,16,5112.75,4552.69,-105.745,100,0,0),
(28161,1,17,5114.32,4542.01,-101.445,100,0,0),
(28161,1,18,5127.812,4529.74,-98.99368,100,0,0),
(28161,1,19,5083.039,4518.226,-99.0146,100,100,1),
-- path 2
(28161,2,1 ,5245.084,4507.294,-83.35202,100,0,0),
(28161,2,2 ,5243.818,4509.878,-82.85202,100,0,0),
(28161,2,3 ,5235.598,4506.866,-82.60202,100,0,0),
(28161,2,4 ,5201.025,4491.151,-90.00536,100,0,0),
(28161,2,5 ,5194.458,4482.859,-91.5405 ,100,0,0),
(28161,2,6 ,5202.412,4488.148,-90.00536,100,0,0),
(28161,2,7 ,5204.323,4489.455,-90.00536,100,0,0),
(28161,2,8 ,5196.049,4484.633,-90.5405 ,100,0,0),
(28161,2,9 ,5163.318,4469.058,-96.96893,100,0,0),
(28161,2,10,5149.137,4464.163,-96.79728,100,0,0),
(28161,2,11,5156.527,4467.069,-96.96893,100,0,0),
(28161,2,12,5128.146,4451.133,-97.7272,100,0,0),
(28161,2,13,5170.843,4446.543,-95.5405,100,0,0),
(28161,2,14,5176.55,4430.26,-94.0548,100,0,0),
(28161,2,15,5169.8,4423.97,-94.4957 ,100,0,0),
(28161,2,16,5157.25,4432.23,-95.4629,100,0,0),
(28161,2,17,5166.87,4436.48,-94.8276,100,0,0),
(28161,2,18,5164.83,4417.74,-95.2867,100,0,0),
(28161,2,19,5166.29,4426.12,-94.6878,100,0,0),
(28161,2,20,5158.34,4438.94,-95.4827,100,0,0),
(28161,2,21,5164.48,4442.44,-95.3891,100,0,0),
(28161,2,22,5172.67,4435.71,-94.4686,100,100,1),
-- path 3
(28161,3,1,5288.345,4508.406,-89.97479,100,0,0),
(28161,3,2,5298.348,4492.1,-93.65161  ,100,0,0),
(28161,3,3,5291.729,4474.646,-93.15161,100,0,0),
(28161,3,4,5281.934,4456.28,-95.60025 ,100,0,0),
(28161,3,5,5290.959,4439.702,-96.97525,100,0,0),
(28161,3,6,5326.78,4442.837,-108.4286 ,100,0,0),
(28161,3,7,5346.757,4454.092,-125.7464,100,0,0),
(28161,3,8,5374.375,4443.188,-133.8239,100,0,0),
(28161,3,9,5398.656,4417.405,-139.5992,100,100,1),
-- path 4
(28161,4,1 ,5252.916,4505.121,-85.35202,100,0,0),
(28161,4,2 ,5261.859,4512.479,-84.85202,100,0,0),
(28161,4,3 ,5299.69,4509.158,-92.59979 ,100,0,0),
(28161,4,4 ,5306.679,4502.992,-90.43626,100,0,0),
(28161,4,5 ,5298.51,4501.572,-90.22479 ,100,0,0),
(28161,4,6 ,5293.772,4499.71,-92.15161 ,100,0,0),
(28161,4,7 ,5298.114,4491.483,-93.65161,100,0,0),
(28161,4,8 ,5294.784,4482.705,-93.27661,100,0,0),
(28161,4,9 ,5280.458,4447.114,-95.97525,100,0,0),
(28161,4,10,5276.328,4447.646,-95.72525,100,0,0),
(28161,4,11,5290.547,4421.873,-97.19376,100,0,0),
(28161,4,12,5312.407,4426.332,-97.2524 ,100,0,0),
(28161,4,13,5282.066,4440.025,-95.97525,100,0,0),
(28161,4,14,5313.815,4442.382,-105.4286,100,0,0),
(28161,4,15,5312.976,4441.627,-105.6786,100,0,0),
(28161,4,16,5322.195,4442.428,-107.8036,100,0,0),
(28161,4,17,5330.773,4445.152,-109.0536,100,0,0),
(28161,4,18,5335.871,4447.964,-116.6214,100,0,0),
(28161,4,19,5340.877,4450.788,-123.7464,100,0,0),
(28161,4,20,5348.701,4453.324,-125.9964,100,0,0),
(28161,4,21,5384.202,4443.68,-136.1989 ,100,100,1),
-- path 5
(28161,5,1 ,5253.458,4510.261,-85.35202,100,0,0),
(28161,5,2 ,5261.859,4512.479,-84.85202,100,0,0),
(28161,5,3 ,5299.662,4509.27,-92.59979 ,100,0,0),
(28161,5,4 ,5280.391,4509.641,-87.34979,100,0,0),
(28161,5,5 ,5288.941,4507.433,-90.22479,100,0,0),
(28161,5,6 ,5311.577,4479.013,-91.80364,100,0,0),
(28161,5,7 ,5298.114,4491.483,-93.65161,100,0,0),
(28161,5,8 ,5294.784,4482.705,-93.27661,100,0,0),
(28161,5,9 ,5280.458,4447.114,-95.97525,100,0,0),
(28161,5,10,5287.111,4465.999,-95.60025,100,0,0),
(28161,5,11,5277.226,4431.207,-96.06876,100,0,0),
(28161,5,12,5287.212,4446.595,-95.85025,100,0,0),
(28161,5,13,5292.604,4439.846,-97.22525,100,0,0),
(28161,5,14,5327.65,4437.56,-108.5536  ,100,0,0),
(28161,5,15,5312.963,4441.572,-105.6786,100,0,0),
(28161,5,16,5322.195,4442.428,-107.8036,100,0,0),
(28161,5,17,5330.773,4445.152,-109.0536,100,0,0),
(28161,5,18,5335.871,4447.964,-116.6214,100,0,0),
(28161,5,19,5340.877,4450.788,-123.7464,100,0,0),
(28161,5,20,5348.701,4453.324,-125.9964,100,0,0),
(28161,5,21,5384.202,4443.68,-136.1989,100,100,1),
-- path 6
(28161,6,1 ,5252.513,4513.911,-85.35202,100,0,0),
(28161,6,2 ,5279.665,4513.676,-85.59979,100,0,0),
(28161,6,3 ,5301.461,4499.723,-90.55364,100,0,0),
(28161,6,4 ,5296.164,4509.019,-91.84979,100,0,0),
(28161,6,5 ,5288.941,4507.433,-90.22479,100,0,0),
(28161,6,6 ,5310.295,4476.512,-92.80364,100,0,0),
(28161,6,7 ,5298.114,4491.483,-93.65161,100,0,0),
(28161,6,8 ,5294.784,4482.705,-93.27661,100,0,0),
(28161,6,9 ,5280.458,4447.114,-95.97525,100,0,0),
(28161,6,10,5287.111,4465.999,-95.60025,100,0,0),
(28161,6,11,5277.226,4431.207,-96.06876,100,0,0),
(28161,6,12,5287.212,4446.595,-95.85025,100,0,0),
(28161,6,13,5292.604,4439.846,-97.22525,100,0,0),
(28161,6,14,5327.65,4437.56,-108.5536  ,100,0,0),
(28161,6,15,5312.963,4441.572,-105.6786,100,0,0),
(28161,6,16,5322.195,4442.428,-107.8036,100,0,0),
(28161,6,17,5330.773,4445.152,-109.0536,100,0,0),
(28161,6,18,5335.871,4447.964,-116.6214,100,0,0),
(28161,6,19,5340.877,4450.788,-123.7464,100,0,0),
(28161,6,20,5348.701,4453.324,-125.9964,100,100,1),
-- path 7
(28161,7,1 ,5250.446,4507.278,-85.35202,100,0,0),
(28161,7,2 ,5261.859,4512.479,-84.85202,100,0,0),
(28161,7,3 ,5299.674,4508.879,-92.59979,100,0,0),
(28161,7,4 ,5305.979,4497.864,-90.42864,100,0,0),
(28161,7,5 ,5288.941,4507.433,-90.22479,100,0,0),
(28161,7,6 ,5293.777,4499.542,-92.15161,100,0,0),
(28161,7,7 ,5298.114,4491.483,-93.65161,100,0,0),
(28161,7,8 ,5294.784,4482.705,-93.27661,100,0,0),
(28161,7,9 ,5280.458,4447.114,-95.97525,100,0,0),
(28161,7,10,5287.111,4465.999,-95.60025,100,0,0),
(28161,7,11,5277.226,4431.207,-96.06876,100,0,0),
(28161,7,12,5287.212,4446.595,-95.85025,100,0,0),
(28161,7,13,5292.604,4439.846,-97.22525,100,0,0),
(28161,7,14,5327.65,4437.56,-108.5536  ,100,0,0),
(28161,7,15,5312.963,4441.572,-105.6786,100,0,0),
(28161,7,16,5322.195,4442.428,-107.8036,100,0,0),
(28161,7,17,5330.773,4445.152,-109.0536,100,0,0),
(28161,7,18,5335.871,4447.964,-116.6214,100,0,0),
(28161,7,19,5340.877,4450.788,-123.7464,100,0,0),
(28161,7,20,5348.701,4453.324,-125.9964,100,0,0),
(28161,7,21,5384.202,4443.68,-136.1989,100,100,1);
-- waypoints for static spawns
DELETE FROM creature_movement WHERE Id BETWEEN 521366 AND 521375;
DELETE FROM creature_movement WHERE Id IN 
(521410,521622,535519,528109,528110,528111,528112,534095,534096,534097,534098,535511,535512,535513,535514,535515,535516,535517,535518);
INSERT INTO creature_movement (id, point, positionx, positiony, positionz, orientation, waittime, scriptid) VALUES
-- 521366
(521366,1 ,5282.401,4476.233,-90.77661,100,0,0),
(521366,2 ,5294.537,4480.892,-92.90161,100,0,0),
(521366,3 ,5285.485,4467.368,-95.52661,100,0,0),
(521366,4 ,5283.424,4449.881,-95.85025,100,0,0),
(521366,5 ,5265.016,4405.311,-94.90937,100,0,0),
(521366,6 ,5238.489,4389.797,-94.44533,100,0,0),
(521366,7 ,5234.343,4368.875,-95.57033,100,0,0),
(521366,8 ,5255.849,4362.517,-98.74365,100,0,0),
(521366,9 ,5269.49,4327.42,-98.3275   ,100,0,0),
(521366,10,5289.21,4331.16,-101.741   ,100,0,0),
(521366,11,5304.441,4340.862,-106.7479,100,0,0), 
(521366,12,5296.062,4364.173,-106.1307,100,0,0),
(521366,13,5271.2,4380.41,-96.74683   ,100,0,0),
(521366,14,5284.727,4395.864,-96.74683,100,0,0),
(521366,15,5287.714,4422.203,-97.44376,100,0,0),
(521366,16,5313.057,4429.403,-96.6274 ,100,0,0),
(521366,17,5305.808,4440.983,-101.1786,100,0,0),
(521366,18,5326.747,4442.481,-108.4286,100,0,0),
(521366,19,5322.805,4458.749,-107.5536,100,0,0),
(521366,20,5290.084,4446.979,-96.22525,100,0,0),
(521366,21,5260.309,4425.141,-95.78437,100,0,0),
-- 521367
(521367,1 ,5298.1,4489.5,-93.7049  ,100,0,0),
(521367,2 ,5294.6,4494.21,-93.6429 ,100,0,0),
(521367,3 ,5299.82,4497.81,-92.2242,100,0,0),
(521367,4 ,5303.88,4491.29,-93.7057,100,0,0),
(521367,5 ,5293.63,4491.96,-93.526 ,100,0,0),
(521367,6 ,5294.97,4480.65,-93.0797,100,0,0),
(521367,7 ,5303.89,4484.12,-93.536 ,100,0,0),
(521367,8 ,5300.83,4487.22,-93.7052,100,0,0),
(521367,9 ,5295.98,4483.57,-93.7572,100,0,0),
(521367,10,5302.41,4494.95,-93.0271,100,0,0),
-- 521368
(521368,1,5164.8,4477.46,-97.0237 ,100,0,0),
(521368,2,5168.28,4487.68,-96.8928,100,0,0),
(521368,3,5153.77,4483.89,-95.8313,100,0,0),
(521368,4,5146.68,4471.53,-97.0183,100,0,0),
(521368,5,5156.99,4481.13,-96.4491,100,0,0),
(521368,6,5152.77,4466.22,-97.0163,100,0,0),
(521368,7,5164.38,4469.76,-97.0404,100,0,0),
(521368,8,5153.71,4475.43,-96.8751,100,0,0),
(521368,9,5147.65,4481.55,-95.7663,100,0,0),
-- 521369
(521369,1,5254.17,4483.92,-84.2785,100,0,0),
(521369,2,5255.71,4478.27,-84.3306,100,0,0),
(521369,3,5259.15,4483.13,-83.9049,100,0,0),
(521369,4,5265.45,4483.64,-81.3836,100,0,0),
(521369,5,5268.81,4477.03,-83.1886,100,0,0),
(521369,6,5267.12,4479.32,-82.3822,100,0,0),
(521369,7,5259.5,4474.59,-84.3262 ,100,0,0),
(521369,8,5260.4,4479.54,-83.9489 ,100,0,0),
(521369,9,5258.33,4476.66,-84.3143,100,0,0),
-- 521370
(521370,1 ,5197.073,4492.456,-89.6655 ,100,0,0),
(521370,2 ,5189.444,4504.332,-89.23949,100,0,0),
(521370,3 ,5205.162,4504.283,-90.00773,100,0,0),
(521370,4 ,5195.469,4480.877,-91.4155 ,100,0,0),
(521370,5 ,5181.948,4479.927,-96.4155 ,100,0,0),
(521370,6 ,5167.64,4494.508,-96.5405  ,100,0,0),
(521370,7 ,5157.136,4524.311,-97.96604,100,0,0),
(521370,8 ,5138.743,4528.867,-99.09104,100,0,0),
(521370,9 ,5118.75,4525,-98.86868     ,100,0,0),
(521370,10,5127.252,4536.697,-99.10674,100,0,0),
(521370,11,5145.122,4530.881,-99.09104,100,0,0),
(521370,12,5155.145,4540.741,-96.8633 ,100,0,0),
(521370,13,5166.7,4550.449,-100.5845  ,100,0,0),
(521370,14,5169.942,4558.633,-104.7095,100,0,0),
(521370,15,5183.042,4545.578,-97.33451,100,0,0),
(521370,16,5167.332,4522.324,-96.23949,100,0,0),
(521370,17,5166.44,4503.846,-95.84104 ,100,0,0),
(521370,18,5177.542,4494.564,-95.4155 ,100,0,0),
(521370,19,5174.371,4475.789,-96.9155 ,100,0,0),
(521370,20,5192.071,4484.858,-91.7905 ,100,0,0),
-- 521371
(521371,1,5172.37,4536.85,-97.4905,100,0,0),
(521371,2,5163.45,4543.75,-98.6386,100,0,0),
(521371,3,5172.55,4546.7,-99.2953 ,100,0,0),
(521371,4,5172.62,4539.79,-97.6176,100,0,0),
(521371,5,5177.42,4540.1,-97.6269 ,100,0,0),
(521371,6,5176.51,4544.45,-98.5681,100,0,0),
(521371,7,5174.5,4541,-98.1094    ,100,0,0),
(521371,8,5167.52,4542.73,-98.7035,100,0,0),
-- 521372
(521372,1,5190.03,4567.08,-101.24 ,100,0,0),
(521372,2,5185.47,4573.67,-103.303,100,0,0),
(521372,3,5186.81,4570.11,-102.679,100,0,0),
(521372,4,5175.6,4578.66,-102.48  ,100,0,0),
(521372,5,5169.77,4572.16,-105.12 ,100,0,0),
(521372,6,5176.41,4567.23,-103.627,100,0,0),
(521372,7,5187.69,4569.39,-102.29 ,100,0,0),
(521372,8,5193.61,4574.97,-102.344,100,0,0),
-- 521373
(521373,1,5196.32,4512.37,-89.7006,100,0,0),
(521373,2,5198.2,4521.94,-89.9874 ,100,0,0),
(521373,3,5195.66,4518.72,-89.8118,100,0,0),
(521373,4,5199.04,4516.2,-90.1071 ,100,0,0),
(521373,5,5194.06,4515.04,-89.5219,100,0,0),
(521373,6,5189.87,4510.47,-88.7087,100,0,0),
(521373,7,5197.97,4507.31,-89.8696,100,0,0),
(521373,8,5202.72,4513.62,-90.0227,100,0,0),
(521373,9,5198.34,4513.91,-90.0008,100,0,0),
-- 521374
(521374,1,5264.52,4522.88,-84.478 ,100,0,0),
(521374,2,5257.21,4521.93,-85.0779,100,0,0),
(521374,3,5259.64,4530.26,-85.262 ,100,0,0),
(521374,4,5250.74,4527.79,-84.5217,100,0,0),
(521374,5,5261.78,4523.89,-84.6216,100,0,0),
(521374,6,5256.31,4527.77,-84.5486,100,0,0),
(521374,7,5259.05,4524.07,-84.8624,100,0,0),
(521374,8,5253.78,4517.6,-85.3835 ,100,0,0),
-- 521375
(521375,1 ,5210.268,4544.772,-93.37037,100,0,0),
(521375,2 ,5200.892,4578.242,-101.4703,100,0,0),
(521375,3 ,5222.806,4576.202,-98.09527,100,0,0),
(521375,4 ,5238.099,4585.693,-94.44839,100,0,0),
(521375,5 ,5266.283,4587.827,-99.19839,100,0,0),
(521375,6 ,5250.844,4581.07,-98.94839 ,100,0,0),
(521375,7 ,5228.15,4579.763,-97.09527 ,100,0,0),
(521375,8 ,5216.233,4584.4,-103.9703  ,100,0,0),
(521375,9 ,5206.191,4561.975,-96.37037,100,0,0),
(521375,10,5225.066,4536.131,-89.87037,100,0,0),
(521375,11,5239.133,4557.992,-89.91937,100,0,0),
(521375,12,5263.416,4559.827,-89.91937,100,0,0),
(521375,13,5263.546,4572.545,-87.57339,100,0,0),
(521375,14,5241.98,4552.631,-90.41937 ,100,0,0),
(521375,15,5235.23,4540.443,-89.54437 ,100,0,0),
(521375,16,5211.613,4532.925,-89.88273,100,0,0),
-- 521410
(521410,1,5212.826,4487.583,-90.88036,100,0,0),
(521410,2,5228.66,4464.603,-96.76727 ,100,0,0),
(521410,3,5217.621,4461.166,-96.76727,100,0,0),
(521410,4,5233.907,4425.018,-96.78437,100,0,0),
(521410,5,5199.343,4438.037,-95.7905 ,100,0,0),
(521410,6,5229.3,4451.726,-96.76727  ,100,0,0),
(521410,7,5217.359,4467.596,-96.75536,100,0,0),
(521410,8,5226.218,4473.729,-96.75536,100,0,0),
(521410,9,5217.381,4482.629,-92.25536,100,0,0),
-- 535511
(535511,1 ,5282,4422.78,-97.3332   ,100,0,0),
(535511,2 ,5285.28,4429.8,-96.5402 ,100,0,0),
(535511,3 ,5278.5,4429.18,-96.2638 ,100,0,0),
(535511,4 ,5284.52,4433.27,-96.2234,100,0,0),
(535511,5 ,5282.2,4426.04,-96.7848 ,100,0,0),
(535511,6 ,5284,4415.77,-97.3238   ,100,0,0),
(535511,7 ,5283.88,4420.25,-97.7264,100,0,0),
(535511,8 ,5292.74,4420.36,-96.4215,100,0,0),
(535511,9 ,5286.9,4417.11,-97.0163 ,100,0,0),
(535511,10,5284.26,4424.98,-97.0453,100,0,0),
-- 535512
(535512,1 ,5214.89,4427.99,-96.8824,100,0,0),
(535512,2 ,5203.99,4432.31,-96.0389,100,0,0),
(535512,3 ,5209.54,4426.14,-96.5741,100,0,0),
(535512,4 ,5205.44,4429.91,-96.1371,100,0,0),
(535512,5 ,5208.09,4432.11,-96.5699,100,0,0),
(535512,6 ,5213.32,4428.44,-96.8341,100,0,0),
(535512,7 ,5214.75,4438.39,-96.9612,100,0,0),
(535512,8 ,5230.15,4427.54,-96.8817,100,0,0),
(535512,9 ,5225.48,4420.67,-96.7222,100,0,0),
(535512,10,5228.98,4425.17,-96.8976,100,0,0),
(535512,11,5221.29,4427.99,-96.9475,100,0,0),
-- 535513
(535513,1 ,5324.69,4602.43,-133.859,100,0,0),
(535513,2 ,5331.82,4603.2,-132.734 ,100,0,0),
(535513,3 ,5325.88,4616.49,-133.572,100,0,0),
(535513,4 ,5324,4615.95,-133.721   ,100,0,0),
(535513,5 ,5331.17,4614.58,-132.547,100,0,0),
(535513,6 ,5325.65,4609.29,-133.581,100,0,0),
(535513,7 ,5321.02,4599.01,-133.315,100,0,0),
(535513,8 ,5313.86,4603.59,-133.164,100,0,0),
(535513,9 ,5320,4605.84,-134.026   ,100,0,0),
(535513,10,5320.82,4611.57,-134.069,100,0,0),
(535513,11,5325.96,4609.61,-133.473,100,0,0),
-- 535514
(535514,1 ,5195.78,4349.111,-94.55534 ,100,0,0),
(535514,2 ,5232.464,4370.283,-95.32638,100,0,0),
(535514,3 ,5208.367,4387.054,-95.07638,100,0,0),
(535514,4 ,5202.585,4425.205,-95.45231,100,0,0),
(535514,5 ,5242.634,4418.741,-95.53437,100,0,0),
(535514,6 ,5227.055,4392.721,-94.07638,100,0,0),
(535514,7 ,5255.873,4384.875,-95.07033,100,0,0),
(535514,8 ,5259.989,4370.446,-97.32033,100,0,0),
(535514,9 ,5239.3,4354.097,-98.36865  ,100,0,0),
(535514,10,5212.478,4331.352,-94.88878,100,0,0),
-- 535515
(535515,1,5243.24,4644.85,-135.774,100,0,0),
(535515,2,5243.01,4654.6,-136.082 ,100,0,0),
(535515,3,5233.15,4647.54,-135.983,100,0,0),
(535515,4,5238.19,4639.91,-135.407,100,0,0),
(535515,5,5249.18,4639.94,-135.27 ,100,0,0),
(535515,6,5250.22,4632.67,-134.386,100,0,0),
(535515,7,5251.36,4637.75,-135.142,100,0,0),
(535515,8,5244.6,4636.97,-135.007 ,100,0,0),
(535515,9,5250.37,4650.33,-135.668,100,0,0),
-- 535516
(535516,1,5221.72,4381.43,-94.3379,100,0,0),
(535516,2,5231.7,4380.97,-94.1825 ,100,0,0),
(535516,3,5227.1,4372.26,-94.8615 ,100,0,0),
(535516,4,5226.48,4377.19,-94.4352,100,0,0),
(535516,5,5216.04,4374.7,-94.8043 ,100,0,0),
(535516,6,5211.27,4383.25,-95.0018,100,0,0),
(535516,7,5216.92,4381.3,-94.5941 ,100,0,0),
(535516,8,5229.82,4391.85,-94.1537,100,0,0),
(535516,9,5222.66,4387.1,-94.1104 ,100,0,0),
-- 535517
(535517,1 ,5175.69,4373.71,-95.2397,100,0,0),
(535517,2 ,5178.45,4383.73,-95.3085,100,0,0),
(535517,3 ,5175.14,4385.56,-95.2238,100,0,0),
(535517,4 ,5169.83,4379.15,-95.4867,100,0,0),
(535517,5 ,5163.8,4378.12,-96.0571 ,100,0,0),
(535517,6 ,5161.03,4385.34,-95.7416,100,0,0),
(535517,7 ,5166.49,4386.55,-95.2803,100,0,0),
(535517,8 ,5172.93,4393.71,-94.9906,100,0,0),
(535517,9 ,5166.85,4400.32,-95.0158,100,0,0),
(535517,10,5160.08,4396.33,-95.6819,100,0,0),
-- 535518
(535518,1 ,5116.61,4447.64,-97.7326,100,0,0),
(535518,2 ,5125.81,4442.71,-97.5869,100,0,0),
(535518,3 ,5116.53,4444.37,-97.6235,100,0,0),
(535518,4 ,5107.83,4434.27,-95.7044,100,0,0),
(535518,5 ,5093.01,4440.38,-94.3371,100,0,0),
(535518,6 ,5096.19,4445.6,-95.1764 ,100,0,0),
(535518,7 ,5092.51,4447.62,-95.0218,100,0,0),
(535518,8 ,5104.83,4445.01,-96.1718,100,0,0),
(535518,9 ,5113.88,4455.11,-97.9477,100,0,0),
(535518,10,5116.32,4446.35,-97.6884,100,0,0);
DELETE FROM creature_spawn_data WHERE guid BETWEEN 521366 AND 521375;
DELETE FROM creature_spawn_data WHERE guid IN 
(521410,521622,535519,528109,528110,528111,528112,534095,534096,534097,534098,535511,535512,535513,535514,535515,535516,535517,535518);
INSERT INTO creature_spawn_data (guid, Id) VALUES
(521366,1),(521367,1),(521368,1),(521369,1),(521370,1),(521371,1),(521372,1),
(521373,1),(521374,1),(521375,1),(521410,1),(521622,1),(535519,1),(528109,1),
(528110,1),(528111,1),(528112,1),(534095,1),(534096,1),(534097,1),(534098,1),
(535511,1),(535512,1),(535513,1),(535514,1),(535515,1),(535516,1),(535517,1),
(535518,1);
-- Spawn Groups
-- group 1
DELETE FROM `spawn_group` WHERE id = 32572;
INSERT INTO `spawn_group` (`Id`, `Name`, `Type`, `MaxCount`, `WorldState`, `Flags`) VALUES
(32572, 'Sholazar Basin - Chicken Escapee 28161 x5 - Patrol 1', 0, 0, 0, 0);
DELETE FROM `spawn_group_spawn` WHERE id = 32572;
INSERT INTO `spawn_group_spawn` (`Id`, `Guid`, `SlotId`) VALUES
(32572, 521622, 0),
(32572, 535519, 1),
(32572, 528109, 2),
(32572, 528110, 3),
(32572, 528111, 4);
DELETE FROM `spawn_group_formation` WHERE id = 32572;
INSERT INTO `spawn_group_formation` (`Id`, `FormationType`, `FormationSpread`, `FormationOptions`, `PathId`, `MovementType`, `Comment`) VALUES
(32572, 0, 2, 0, 32572, 4, 'Sholazar Basin - Sapphire Hive Drone 28085 x3 - Patrol 30'); -- linear
DELETE FROM `waypoint_path_name` WHERE PathId = 32572;
INSERT INTO `waypoint_path_name` (`PathId`, `Name`) VALUES
(32572,'Sholazar Basin - Sapphire Hive Drone 28085 x3 - Patrol 30');
DELETE FROM `waypoint_path` WHERE PathId = 32572;
INSERT INTO `waypoint_path` (`PathId`, `Point`, `PositionX`, `PositionY`,`PositionZ`, `Orientation`, `WaitTime`, `ScriptId`) VALUES
(32572,1 ,5264.93,4402.5,-94.7876,100,0,0),
(32572,2 ,5286.593,4466.359,-95.60025,100,0,0),
(32572,3 ,5299.141,4489.844,-93.65161,100,0,0),
(32572,4 ,5289.447,4507.228,-90.22479,100,0,0),
(32572,5 ,5268.767,4514.592,-84.59979,100,0,0),
(32572,6 ,5241.838,4528.808,-85.10202,100,0,0),
(32572,7 ,5214.471,4543.369,-92.37037,100,0,0),
(32572,8 ,5208.426,4564.562,-96.99537,100,0,0),
(32572,9 ,5187.104,4573.559,-103.0718,100,0,0),
(32572,10,5174.957,4550.086,-99.70951,100,0,0),
(32572,11,5167.954,4524.171,-96.61449,100,0,0),
(32572,12,5167.661,4486.876,-96.9155 ,100,0,0),
(32572,13,5138.974,4462.023,-96.67228,100,0,0),
(32572,14,5093.091,4465.131,-98.92393,100,0,0);
-- group 2
DELETE FROM `spawn_group` WHERE id = 32573;
INSERT INTO `spawn_group` (`Id`, `Name`, `Type`, `MaxCount`, `WorldState`, `Flags`) VALUES
(32573, 'Sholazar Basin - Chicken Escapee 28161 x5 - Patrol 1', 0, 0, 0, 0); -- linear
DELETE FROM `spawn_group_spawn` WHERE id = 32573;
INSERT INTO `spawn_group_spawn` (`Id`, `Guid`, `SlotId`) VALUES
(32573, 528112, 0),
(32573, 534095, 1),
(32573, 534096, 2),
(32573, 534097, 3),
(32573, 534098, 4);
DELETE FROM `spawn_group_formation` WHERE id = 32573;
INSERT INTO `spawn_group_formation` (`Id`, `FormationType`, `FormationSpread`, `FormationOptions`, `PathId`, `MovementType`, `Comment`) VALUES
(32573, 0, 2, 0, 32573, 4, 'Sholazar Basin - Sapphire Hive Drone 28085 x5 - Patrol 2'); -- linear
DELETE FROM `waypoint_path_name` WHERE PathId = 32573;
INSERT INTO `waypoint_path_name` (`PathId`, `Name`) VALUES
(32573,'Sholazar Basin - Sapphire Hive Drone 28085 x3 - Patrol 30');
DELETE FROM `waypoint_path` WHERE PathId = 32573;
INSERT INTO `waypoint_path` (`PathId`, `Point`, `PositionX`, `PositionY`,`PositionZ`, `Orientation`, `WaitTime`, `ScriptId`) VALUES
(32573,1 ,5136.019,4469.252,-96.95787,100,0,0),
(32573,2 ,5202.418,4489.784,-90.00536,100,0,0),
(32573,3 ,5197.716,4526.058,-89.98949,100,0,0),
(32573,4 ,5217.785,4543.151,-91.74537,100,0,0),
(32573,5 ,5246.557,4526.873,-84.72702,100,0,0),
(32573,6 ,5258.157,4505.422,-85.22702,100,0,0),
(32573,7 ,5235.471,4498.677,-83.63036,100,0,0),
(32573,8 ,5221.014,4501.534,-86.13273,100,0,0),
(32573,9 ,5213.413,4486.808,-90.88036,100,0,0),
(32573,10,5223.464,4469.645,-96.75536,100,0,0),
(32573,11,5223.845,4435.026,-96.76727,100,0,0),
(32573,12,5208.19,4401.453,-96.07731 ,100,0,0),
(32573,13,5180.043,4367.891,-96.23006,100,0,0),
(32573,14,5153.041,4346.008,-99.68273,100,0,0);
