-- Zul'drak Sentinel 32447
-- missing spawn added
DELETE FROM creature_addon WHERE guid IN (535524,535525,535526);
DELETE FROM creature_movement WHERE id IN (535524,535525,535526);
DELETE FROM game_event_creature WHERE guid IN (535524,535525,535526);
DELETE FROM game_event_creature_data WHERE guid IN (535524,535525,535526);
DELETE FROM creature_battleground WHERE guid IN (535524,535525,535526);
DELETE FROM creature_linking WHERE guid IN (535524,535525,535526);
DELETE FROM creature where guid IN (535524,535525,535526);
INSERT INTO creature (guid, id, map, spawnMask, phaseMask, position_x, position_y, position_z, orientation, spawntimesecsmin, spawntimesecsmax, spawndist, MovementType) VALUES
(535524,32447,571,1,1,5415.606,-2839.2556,276.58307,2.113,1800,1800,0,4), -- linear (30min resp timer)
(535525,32447,571,1,1,5289.55,-2043.2262,246.03973,0.103,1800,1800,0,4), -- linear (30min resp timer)
(535526,32447,571,1,1,5934.842,-2618.4814,292.3852,6.272,1800,1800,0,4); -- linear (30min resp timer)
-- 535527 - one more spawn missing
DELETE FROM creature_movement WHERE id IN (535524,535525,535526);
INSERT INTO creature_movement (`id`, `Point`, `PositionX`, `PositionY`, `PositionZ`, `Orientation`, `WaitTime`, `ScriptId`) VALUES
-- 535524
(535524,1 ,5415.606,-2839.2556,276.58307,100,1000,0),
(535524,2 ,5449.451,-2875.3203,276.58307,100,0,0),
(535524,3 ,5481.414,-2908.3906,276.58307 ,100,0,0),
(535524,4 ,5505.2925,-2932.793,276.58307 ,100,0,0),
(535524,5 ,5530.185,-2956.317,276.58307  ,100,0,0),
(535524,6 ,5557.392,-2978.5637,276.58307 ,100,0,0),
(535524,7 ,5581.3306,-2968.7888,276.58307,100,0,0),
(535524,8 ,5615.485,-2955.2188,274.37842 ,100,0,0),
(535524,9 ,5631.346,-2944.3525,274.37866 ,100,0,0),
(535524,10,5648.378,-2929.2388,274.39804 ,100,0,0),
(535524,11,5654.4224,-2898.4014,274.37842,100,0,0),
(535524,12,5665.38,-2868.2817,274.37842  ,100,0,0),
(535524,13,5697.644,-2851.3704,274.51782 ,100,0,0),
(535524,14,5735.991,-2840.4192,274.51553 ,100,0,0),
(535524,15,5766.848,-2838.9011,274.0448  ,100,0,0),
(535524,16,5794.1733,-2840.8286,274.37225,100,0,0),
(535524,17,5842.7695,-2831.4531,274.37842,100,0,0),
(535524,18,5845.6987,-2794.3308,274.37842,100,0,0),
(535524,19,5843.2476,-2771.1917,274.37842,100,0,0),
(535524,20,5839.03,-2745.696,276.58307   ,100,0,0),
(535524,21,5823.419,-2726.2407,276.58307 ,100,0,0),
(535524,22,5828.609,-2693.7751,276.58307,100,1000,0),
-- 535525
(535525,1 ,5289.55,-2043.2262,246.03973,100,1000,0),
(535525,2 ,5263.7236,-2042.8873,247.49765,100,0,0),
(535525,3 ,5238.818,-2043.7057,248.3032  ,100,0,0),
(535525,4 ,5206.078,-2044.6406,248.29634 ,100,0,0),
(535525,5 ,5174.461,-2046.4972,248.29634 ,100,0,0),
(535525,6 ,5144.163,-2047.9355,248.29889 ,100,0,0),
(535525,7 ,5109.6606,-2050.3389,248.118  ,100,0,0),
(535525,8 ,5083.9697,-2051.6267,248.20554,100,0,0),
(535525,9 ,5038.269,-2052.965,248.19287  ,100,0,0),
(535525,10,4996.4346,-2052.241,248.3089  ,100,0,0),
(535525,11,4959.008,-2051.8787,248.3089  ,100,0,0),
(535525,12,4933.834,-2049.0286,248.3089  ,100,0,0),
(535525,13,4917.3247,-2049.3176,248.3089 ,100,0,0),
(535525,14,4915.606,-2020.9135,248.3089  ,100,0,0),
(535525,15,4914.6626,-1993.944,248.30743 ,100,0,0),
(535525,16,4914.5454,-1973.7633,248.28781,100,0,0),
(535525,17,4912.5366,-1947.944,248.30824 ,100,0,0),
(535525,18,4912.9873,-1915.865,248.3089  ,100,0,0),
(535525,19,4914.9937,-1885.6029,248.3089 ,100,0,0),
(535525,20,4914.6865,-1863.1744,248.3089 ,100,0,0),
(535525,21,4913.7803,-1833.3644,248.9671 ,100,0,0),
(535525,22,4910.7563,-1786.1033,248.30179,100,0,0),
(535525,23,4913.639,-1755.4442,248.3089  ,100,0,0),
(535525,24,4911.898,-1729.7003,248.30846 ,100,0,0),
(535525,25,4911.169,-1680.1969,248.3089  ,100,0,0),
(535525,26,4912.642,-1634.8828,248.3089,100,1000,0),
-- 535526
(535526,1 ,5934.842,-2618.4814,292.3852,100,1000,0),
(535526,2 ,5899.6157,-2618.6653,292.41852,100,0,0),
(535526,3 ,5865.144,-2618.5652,292.41852 ,100,0,0),
(535526,4 ,5832.815,-2617.0261,292.41852 ,100,0,0),
(535526,5 ,5798.539,-2617.1384,292.41852 ,100,0,0),
(535526,6 ,5764.798,-2617.1067,292.41852 ,100,0,0),
(535526,7 ,5730.486,-2617.394,292.4185   ,100,0,0),
(535526,8 ,5697.8296,-2617.7815,292.41852,100,0,0),
(535526,9 ,5666.3833,-2618.1243,292.41852,100,0,0),
(535526,10,5644.4775,-2618.2036,292.41852,100,0,0),
(535526,11,5618.583,-2617.64,292.41852   ,100,0,0),
(535526,12,5597.5103,-2617.5542,292.41852,100,0,0),
(535526,13,5580.0913,-2617.9905,292.41852,100,0,0),
(535526,14,5566.358,-2617.765,292.41852,100,1000,0);
-- Spawn Groups
DELETE FROM `spawn_group` WHERE id = 30027;
INSERT INTO `spawn_group` (`Id`, `Name`, `Type`, `MaxCount`, `WorldState`, `Flags`) VALUES
(30027, 'Zul\'Drak - Syreian the Bonecarver 32438 - RARE', 0, 1, 0, 0);
DELETE FROM `spawn_group_spawn` WHERE id = 30027;
INSERT INTO `spawn_group_spawn` (`Id`, `Guid`, `SlotId`) VALUES
(30027, 535524, -1),
(30027, 535525, -1),
(30027, 535526, -1);

-- Griegen 32471
-- missing spawn added
DELETE FROM creature_addon WHERE guid IN (535528,535529,535530);
DELETE FROM creature_movement WHERE id IN (535528,535529,535530);
DELETE FROM game_event_creature WHERE guid IN (535528,535529,535530);
DELETE FROM game_event_creature_data WHERE guid IN (535528,535529,535530);
DELETE FROM creature_battleground WHERE guid IN (535528,535529,535530);
DELETE FROM creature_linking WHERE guid IN (535528,535529,535530);
DELETE FROM creature where guid IN (535528,535529,535530);
INSERT INTO creature (guid, id, map, spawnMask, phaseMask, position_x, position_y, position_z, orientation, spawntimesecsmin, spawntimesecsmax, spawndist, MovementType) VALUES
(535528,32471,571,1,1,5311.4097,-1678.9457,232.74478,5.54826,28800,28800,30,1),
(535529,32471,571,1,1,5828.5093,-1912.6215,234.78413,2.9407,28800,28800,30,1);
-- 535530 - 35 available (more missing)
-- Spawn Groups
DELETE FROM `spawn_group` WHERE id = 30028;
INSERT INTO `spawn_group` (`Id`, `Name`, `Type`, `MaxCount`, `WorldState`, `Flags`) VALUES
(30028, 'Zul\'Drak - Griegen 32471 - RARE', 0, 1, 0, 0);
DELETE FROM `spawn_group_spawn` WHERE id = 30028;
INSERT INTO `spawn_group_spawn` (`Id`, `Guid`, `SlotId`) VALUES
(30028, 535528, -1),
(30028, 535529, -1);

-- Gondria 33776
UPDATE creature SET movementtype = 1, spawndist = 25 WHERE id = 33776;
DELETE FROM pool_creature_template WHERE id = 33776;
DELETE FROM pool_template WHERE entry = 1083;
-- Spawn Groups
DELETE FROM `spawn_group` WHERE id = 30029;
INSERT INTO `spawn_group` (`Id`, `Name`, `Type`, `MaxCount`, `WorldState`, `Flags`) VALUES
(30029, 'Zul\'Drak - Gondria 33776 - RARE', 0, 1, 0, 0);
DELETE FROM `spawn_group_spawn` WHERE id = 30029;
INSERT INTO `spawn_group_spawn` (`Id`, `Guid`, `SlotId`) VALUES
(30029, 533616, -1),
(30029, 533617, -1),
(30029, 533618, -1),
(30029, 533619, -1),
(30029, 533620, -1),
(30029, 533621, -1);

-- Terror Spinner 32475
-- missing spawn added
DELETE FROM creature_addon WHERE guid IN (535536,535537,535538);
DELETE FROM creature_movement WHERE id IN (535536,535537,535538);
DELETE FROM game_event_creature WHERE guid IN (535536,535537,535538);
DELETE FROM game_event_creature_data WHERE guid IN (535536,535537,535538);
DELETE FROM creature_battleground WHERE guid IN (535536,535537,535538);
DELETE FROM creature_linking WHERE guid IN (535536,535537,535538);
DELETE FROM creature where guid IN (535536,535537,535538);
INSERT INTO creature (guid, id, map, spawnMask, phaseMask, position_x, position_y, position_z, orientation, spawntimesecsmin, spawntimesecsmax, spawndist, MovementType) VALUES
(535536,32475,571,1,1,6528.0283,-4674.7446,450.52188,4.14412,28800,28800,30,1),
(535537,32475,571,1,1,6448.3936,-3661.3752,379.0511,5.00235,28800,28800,30,1),
(535538,32475,571,1,1,6244.764,-4454.901,450.6428,3.565665,28800,28800,30,1);
-- few more missing
-- Spawn Groups
DELETE FROM `spawn_group` WHERE id = 30030;
INSERT INTO `spawn_group` (`Id`, `Name`, `Type`, `MaxCount`, `WorldState`, `Flags`) VALUES
(30030, 'Zul\'Drak - Terror Spinner 32475 - RARE', 0, 1, 0, 0);
DELETE FROM `spawn_group_spawn` WHERE id = 30030;
INSERT INTO `spawn_group_spawn` (`Id`, `Guid`, `SlotId`) VALUES
(30030, 535536, -1),
(30030, 535537, -1),
(30030, 535538, -1);



