-- Icecrown Citadel - outside

-- NEW GENERICS
-- Relay
DELETE FROM dbscripts_on_relay WHERE id IN (30700);
INSERT INTO dbscripts_on_relay (id, delay, command, datalong, datalong2, datalong3, buddy_entry, search_radius, data_flags, dataint, dataint2, dataint3, dataint4, x, y, z, o, comments) VALUES
(30700,1,56,2,2,0,0,0,0x04,0,0,0,0,0,0,0,0,'GENERIC - respawn accessory');

-- Argent Commander 37965 
-- duplicates (vehicle passanger)
DELETE FROM creature_addon WHERE guid IN (534365,534370,534364,534363,534360,534369,534367,534361,534371,534362,534359);
DELETE FROM creature_movement WHERE Id IN (534365,534370,534364,534363,534360,534369,534367,534361,534371,534362,534359);
DELETE FROM game_event_creature WHERE guid IN (534365,534370,534364,534363,534360,534369,534367,534361,534371,534362,534359);
DELETE FROM game_event_creature_data WHERE guid IN (534365,534370,534364,534363,534360,534369,534367,534361,534371,534362,534359);
DELETE FROM creature_battleground WHERE guid IN (534365,534370,534364,534363,534360,534369,534367,534361,534371,534362,534359);
DELETE FROM creature_linking WHERE guid IN (534365,534370,534364,534363,534360,534369,534367,534361,534371,534362,534359)
 OR master_guid IN (534365,534370,534364,534363,534360,534369,534367,534361,534371,534362,534359);
DELETE FROM creature WHERE guid IN (534365,534370,534364,534363,534360,534369,534367,534361,534371,534362,534359);

-- Argent Warhorse 38500
-- Vehicle - Argent Crusader 38493 on Argent Warhorse 38500
-- missing npc added
DELETE FROM creature_addon WHERE guid IN (535527);
DELETE FROM creature_movement WHERE id IN (535527);
DELETE FROM game_event_creature WHERE guid IN (535527);
DELETE FROM game_event_creature_data WHERE guid IN (535527);
DELETE FROM creature_battleground WHERE guid IN (535527);
DELETE FROM creature_linking WHERE guid IN (535527);
DELETE FROM creature where guid IN (535527);
INSERT INTO creature (guid, id, map, spawnMask, phaseMask, position_x, position_y, position_z, orientation, spawntimesecsmin, spawntimesecsmax, spawndist, MovementType) VALUES
(535527,38500,571,1,1,5939.258,2048.6736,636.03973,0,180,180,0,2);
-- updates
Update creature_template set UnitFlags = 33554432, UnitFlags2 = 2048 where entry = 38500;
DELETE FROM vehicle_accessory WHERE vehicle_entry = 38500;
INSERT INTO vehicle_accessory (vehicle_entry, seat, accessory_entry, comment) VALUES
(38500,0,38493,'Argent Crusader 38493 on Argent Warhorse 38500');
UPDATE creature SET position_x = 5838.2603, position_y = 2200.9792, position_z = 636.03687, orientation = 5.655, spawndist = 0, MovementType = 0 WHERE guid = 534465;
UPDATE creature SET position_x = 5882.7803, position_y = 2135.6807, position_z = 636.0407, spawndist = 0, MovementType = 2 WHERE guid = 534464;
DELETE FROM creature_movement WHERE id IN (534464,535527);
INSERT INTO creature_movement (id, Point, PositionX, PositionY, PositionZ, Orientation, WaitTime, ScriptId) VALUES
-- 534464
(534464,1 ,5882.7803,2135.6807,636.0407 ,100,10,6),
(534464,2 ,5873.9897,2139.2917,636.04083,100,0,0),
(534464,3 ,5865.8506,2162.9446,636.0368 ,100,0,0),
(534464,4 ,5863.737,2179.052,636.0368   ,100,0,0),
(534464,5 ,5867.1284,2197.679,636.0408  ,100,0,0),
(534464,6 ,5872.9956,2207.0051,636.0408 ,100,0,0),
(534464,7 ,5883.3193,2202.0503,636.0408 ,100,0,0),
(534464,8 ,5880.7456,2190.9949,636.0408 ,100,0,0),
(534464,9 ,5876.8223,2175.3315,636.0408 ,100,0,0),
(534464,10,5879.7163,2162.7605,636.04083,100,0,0),
(534464,11,5886.9243,2144.3315,636.0407 ,100,0,0),
-- 535527
(535527,1 ,5939.258,2048.6736,636.03973 ,100,10,6),
(535527,2 ,5943.4443,2055.2952,636.03973,100,0,0),
(535527,3 ,5933.6235,2065.769,636.03973 ,100,0,0),
(535527,4 ,5923.468,2072.7778,636.03973 ,100,0,0),
(535527,5 ,5915.9595,2083.962,636.0398  ,100,0,0),
(535527,6 ,5909.994,2093.179,636.0398   ,100,0,0),
(535527,7 ,5904.7354,2090.6875,636.0398 ,100,0,0),
(535527,8 ,5903.5615,2080.408,636.03973 ,100,0,0),
(535527,9 ,5912.6797,2065.5105,636.03973,100,0,0),
(535527,10,5927.0366,2052.394,636.03973 ,100,0,0);
DELETE FROM dbscripts_on_relay WHERE id IN (20814,20815);
INSERT INTO dbscripts_on_relay (id, delay, command, datalong, datalong2, datalong3, buddy_entry, search_radius, data_flags, dataint, dataint2, dataint3, dataint4, x, y, z, o, comments) VALUES
-- 20814
(20814,1,53,0,0,0,0,0,0,34002,1,0,0,0,0,0,0,'Set worldstate variable to 1'), -- on
(20814,2,20,0,0,0,0,0,0x04,0,0,0,0,0,0,0,0,'Part of Argent Warhorse 38500 EAI: idle'),
(20814,3,25,1,100,0,0,0,0x04,0,0,0,0,0,0,0,0,'Part of Argent Warhorse 38500 EAI: Run ON'),
(20814,100,3,0,0,0,0,0,0x04,0,0,0,0,5872.796,2181.9045,636.0411,0.48869,'Part of Argent Warhorse 38500 EAI: move'),
(20814,101,3,0,0,0,38500,534465,7|0x10,0,0,0,0,5869.0146,2189.6355,636.0408,0.48869,'Part of Argent Warhorse 38500 EAI: buddy move'),
(20814,102,3,0,0,0,38493,534462,7|0x10,0,0,0,0,5863.065,2193.6284,636.0368,0.48869,'Part of Argent Warhorse 38500 EAI: buddy move'),
(20814,103,3,0,0,0,38493,534455,7|0x10,0,0,0,0,5863.915,2188.0886,636.0368,0.488692,'Part of Argent Warhorse 38500 EAI: buddy move'),
(20814,104,3,0,0,0,38493,534458,7|0x10,0,0,0,0,5865.682,2183.4028,636.0368,0.48869,'Part of Argent Warhorse 38500 EAI: buddy move'),
(20814,105,3,0,0,0,38505,534466,7|0x10,0,0,0,0,5862.2085,2184.875,636.0411,0.48869,'Part of Argent Warhorse 38500 EAI: buddy move'),
(20814,106,3,0,0,0,38505,534467,7|0x10,0,0,0,0,5861.225,2190.3142,636.0368,0.48869,'Part of Argent Warhorse 38500 EAI: buddy move'),
(20814,5000,1,333,0,0,38493,534462,7|0x10,0,0,0,0,0,0,0,0,'Part of Argent Warhorse 38500 EAI: buddy emote'),
(20814,5001,1,333,0,0,38493,534455,7|0x10,0,0,0,0,0,0,0,0,'Part of Argent Warhorse 38500 EAI: buddy emote'),
(20814,5002,1,333,0,0,38493,534458,7|0x10,0,0,0,0,0,0,0,0,'Part of Argent Warhorse 38500 EAI: buddy emote'),
(20814,5003,1,375,0,0,38505,534466,7|0x10,0,0,0,0,0,0,0,0,'Part of Argent Warhorse 38500 EAI: buddy emote'),
(20814,5004,1,375,0,0,38505,534467,7|0x10,0,0,0,0,0,0,0,0,'Part of Argent Warhorse 38500 EAI: buddy emote'),
-- 20815
(20815,1,53,0,0,0,0,0,0,34003,1,0,0,0,0,0,0,'Set worldstate variable to 1'); -- on

-- Argent Crusader 38493
-- missing npc added
DELETE FROM creature_addon WHERE guid IN (535530);
DELETE FROM creature_movement WHERE id IN (535530);
DELETE FROM game_event_creature WHERE guid IN (535530);
DELETE FROM game_event_creature_data WHERE guid IN (535530);
DELETE FROM creature_battleground WHERE guid IN (535530);
DELETE FROM creature_linking WHERE guid IN (535530);
DELETE FROM creature where guid IN (535530);
INSERT INTO creature (guid, id, map, spawnMask, phaseMask, position_x, position_y, position_z, orientation, spawntimesecsmin, spawntimesecsmax, spawndist, MovementType) VALUES
(535530,38493,571,1,1,5872.7065,2087.7258,636.1244,6.04968,30,120,0,2); -- runners (with random spawn timer)
-- updates
UPDATE creature SET position_x = 5834.1943, position_y = 2190.9326, position_z = 636.03687, orientation = 5.68977, spawndist = 0, MovementType = 0 WHERE guid = 534462;
UPDATE creature SET position_x = 5832.9834, position_y = 2178.6948, position_z = 636.0369, orientation = 0.5585, spawndist = 0, MovementType = 0 WHERE guid = 534455;
UPDATE creature SET position_x = 5849.604, position_y = 2175.5417, position_z = 636.0368, orientation = 1.692969, spawndist = 0, MovementType = 0 WHERE guid = 534458;
-- runners
UPDATE creature SET position_x = 5899.2207, position_y = 2104.6077, position_z = 636.1244, orientation = 3.31297, spawntimesecsmin = 30, spawntimesecsmax = 120, spawndist = 0, MovementType = 2 WHERE guid = 534457;
UPDATE creature SET position_x = 5885.396, position_y = 2098.066, position_z = 636.1244, orientation = 3.177459, spawntimesecsmin = 30, spawntimesecsmax = 120, spawndist = 0, MovementType = 2 WHERE guid = 534459;
UPDATE creature SET position_x = 5852.1343, position_y = 2137.4382, position_z = 636.07214, orientation = 4.8189, spawntimesecsmin = 30, spawntimesecsmax = 120, spawndist = 0, MovementType = 2 WHERE guid = 534460;
UPDATE creature SET position_x = 5863.733, position_y = 2137.2239, position_z = 636.1244, orientation = 4.27861, spawntimesecsmin = 30, spawntimesecsmax = 120, spawndist = 0, MovementType = 2 WHERE guid = 534461;
UPDATE creature SET position_x = 5868.884, position_y = 2137.1765, position_z = 636.092, orientation = 4.18687, spawntimesecsmin = 30, spawntimesecsmax = 120, spawndist = 0, MovementType = 2 WHERE guid = 534463;
DELETE FROM creature_movement WHERE id IN (534457,534459,534460,534461,535530,534463);
INSERT INTO creature_movement (id, Point, PositionX, PositionY, PositionZ, Orientation, WaitTime, ScriptId) VALUES
-- 534457
(534457,1,5838.9175,2094.1702,636.0554,100,0,0),
(534457,2,5813.1104,2083.4167,636.0555,100,0,0),
(534457,3,5777.7065,2065.4636,636.0555,100,100,1),
-- 534459
(534459,1,5844.9253,2096.6145,636.0554,100,0,0),
(534459,2,5812.5747,2078.6926,636.0555,100,0,0),
(534459,3,5779.1787,2062.8977,636.0555,100,100,1),
-- 534460
(534460,1,5831.646,2092.0312,636.0554,100,0,0),
(534460,2,5794.8306,2078.4844,636.0554,100,0,0),
(534460,3,5774.8306,2069.1165,636.0555,100,100,1),
-- 534461
(534461,1,5844.9253,2096.6145,636.0554,100,0,0),
(534461,2,5812.5747,2078.6926,636.0555,100,0,0),
(534461,3,5779.1787,2062.8977,636.0555,100,100,1),
-- 535530
(535530,1,5844.9253,2096.6145,636.0554,100,0,0),
(535530,2,5812.5747,2078.6926,636.0555,100,0,0),
(535530,3,5779.1787,2062.8977,636.0555,100,100,1),
-- 534463
(534463,1,5825.2095,2089.6199,636.0555,100,0,0),
(534463,2,5776.8213,2065.5383,636.0555,100,100,1);
-- spawn data
DELETE FROM creature_spawn_data WHERE Guid IN (534457,534459,534460,534461,535530,534463,534465,534462,534455,534458,534466,534467);
INSERT INTO creature_spawn_data (Guid, Id) VALUES
(534457,1),(534459,1),(534460,1),(534461,1),(535530,1),(534463,1),
(534465,1),(534462,1),(534455,1),(534458,1),(534466,1),(534467,1);
-- some also share spawn with Knight of the Ebon Blade 38505
DELETE FROM creature_spawn_entry WHERE guid IN (534457,534459,534460,534461,535530,534463);
INSERT INTO creature_spawn_entry (guid,entry) VALUES
(534457,38493),(534457,38505),
(534459,38493),(534459,38505),
(534460,38493),(534460,38505),
(534461,38493),(534461,38505),
(535530,38493),(535530,38505),
(534463,38493),(534463,38505);
UPDATE creature SET id = 0 WHERE guid IN (534457,534459,534460,534461,535530,534463);
DELETE FROM dbscripts_on_relay WHERE id IN (20812,20813);
INSERT INTO dbscripts_on_relay (id, delay, command, datalong, datalong2, datalong3, buddy_entry, search_radius, data_flags, dataint, dataint2, dataint3, dataint4, x, y, z, o, comments) VALUES
(20812,1,42,0,0,0,0,0,0x04,46107,49933,0,0,0,0,0,0,'Part of Argent Crusader 38493 EAI: equip'),
(20813,1,42,0,0,0,0,0,0x04,40595,49933,0,0,0,0,0,0,'Part of Argent Crusader 38493 EAI: equip');

-- Knight of the Ebon Blade 38505
-- missing npc added
DELETE FROM creature_addon WHERE guid IN (535532,535533,535534,535535,535539);
DELETE FROM creature_movement WHERE id IN (535532,535533,535534,535535,535539);
DELETE FROM game_event_creature WHERE guid IN (535532,535533,535534,535535,535539);
DELETE FROM game_event_creature_data WHERE guid IN (535532,535533,535534,535535,535539);
DELETE FROM creature_battleground WHERE guid IN (535532,535533,535534,535535,535539);
DELETE FROM creature_linking WHERE guid IN (535532,535533,535534,535535,535539);
DELETE FROM creature where guid IN (535532,535533,535534,535535,535539);
INSERT INTO creature (guid, id, map, spawnMask, phaseMask, position_x, position_y, position_z, orientation, spawntimesecsmin, spawntimesecsmax, spawndist, MovementType) VALUES
(535532,38505,571,1,1,5883.4756,2055.342,636.03973,1.239183,180,180,0,0),
(535533,38505,571,1,1,5905.6035,2055.9602,636.03973,4.802602,180,180,0,0),
(535534,38505,571,1,1,5922.673,2038.9688,636.0398,1.65806281,180,180,0,0),
(535535,38505,571,1,1,5908.6006,2034.9548,636.0398,1.6755161,180,180,0,0),
(535539,38505,571,1,1,5895.7646,2033.8889,636.0398,0.6632251,180,180,0,0);
-- Updates
UPDATE creature_addon SET auras = NULL WHERE guid IN (534467);
UPDATE creature SET position_x = 5846.1113, position_y = 2184.1233, position_z = 636.03687, orientation = 2.984513, spawndist = 0, MovementType = 0 WHERE guid = 534466;
UPDATE creature SET position_x = 5843.0337, position_y = 2189.3918, position_z = 636.03687, orientation = 4.468, spawndist = 0, MovementType = 0 WHERE guid = 534467;
-- Spawn GROUP
-- theyre 2 teams there
-- team 1
DELETE FROM `spawn_group` WHERE id = 34000;
INSERT INTO `spawn_group` (`Id`, `Name`, `Type`, `MaxCount`, `WorldState`, `Flags`) VALUES
(34000,'Icecrown - Icecrown Citadel (outside) - group 1', 0, 0, 0, 0x01); -- flag req
DELETE FROM `spawn_group_spawn` WHERE id = 34000;
INSERT INTO `spawn_group_spawn` (`Id`, `Guid`, `SlotId`) VALUES
(34000, 535527, -1),
(34000, 535533, -1),
(34000, 535534, -1),
(34000, 535535, -1),
(34000, 535539, -1);
-- team 2
DELETE FROM `spawn_group` WHERE id = 34001;
INSERT INTO `spawn_group` (`Id`, `Name`, `Type`, `MaxCount`, `WorldState`, `Flags`) VALUES
(34001,'Icecrown - Icecrown Citadel (outside) - group 2', 0, 0, 0, 0);
DELETE FROM `spawn_group_spawn` WHERE id = 34001;
INSERT INTO `spawn_group_spawn` (`Id`, `Guid`, `SlotId`) VALUES
(34001, 534464, -1),
(34001, 534465, -1),
(34001, 534462, -1),
(34001, 534455, -1),
(34001, 534458, -1),
(34001, 534466, -1),
(34001, 534467, -1);

-- Pustulent Horror 31139
UPDATE creature_template SET UnitFlags = 64, UnitFlags2 = 2048, SpeedWalk = 6/2.5, SpeedRun = 12/7.0, StaticFlags1 = 2147483648 WHERE entry = 31139;
-- updates
UPDATE creature SET position_x = 6048.263, position_y = 2283.6892, position_z = 636.12445, orientation = 3.752457, spawntimesecsmin = 120, spawntimesecsmax = 120, spawndist = 0, MovementType = 0 WHERE guid IN (529623);
UPDATE creature SET position_x = 6134.116, position_y = 2137.5696, position_z = 636.12445, orientation = 3.752457, spawntimesecsmin = 120, spawntimesecsmax = 120, spawndist = 0, MovementType = 0 WHERE guid IN (529624);
-- spawn data
DELETE FROM creature_spawn_data_template WHERE `entry` IN (20062,20063);
INSERT INTO creature_spawn_data_template (entry, RelayId,Name) VALUES
(20062,20816,'- RelayId 20816'),
(20063,20817,'- RelayId 20816');
DELETE FROM dbscripts_on_relay WHERE id BETWEEN 20816 AND 20819;
INSERT INTO dbscripts_on_relay (id, delay, command, datalong, datalong2, datalong3, buddy_entry, search_radius, data_flags, dataint, dataint2, dataint3, dataint4, x, y, z, o, comments) VALUES
(20816,1,21,1,0,0,0,0,0x04,0,0,0,0,0,0,0,0,'Active'),
(20816,2,35,5,0,0,0,0,0x04,0,0,0,0,0,0,0,0,'send Event 5'),
(20816,3,25,1,0,0,0,0,0x04,0,0,0,0,0,0,0,0,'RUN ON'),
(20817,1,21,1,0,0,0,0,0x04,0,0,0,0,0,0,0,0,'Active'),
(20817,2,35,6,0,0,0,0,0x04,0,0,0,0,0,0,0,0,'send Event 6'),
(20817,3,25,1,0,0,0,0,0x04,0,0,0,0,0,0,0,0,'RUN ON'),
-- death effect
(20818,1,31,31139,50,0,0,0,0x08,0,0,0,0,0,0,0,0,'Part of Pustulent Horror 31139 EAI: search for 31139 - terminate if alive'),
(20818,100,31,31147,50,0,0,0,0x08,0,0,0,0,0,0,0,0,'Part of Pustulent Horror 31139 EAI: search for 31147 - terminate if alive'),
(20818,200,3,0,0,0,38500,534465,7|0x10,2,0,0,0,0,0,0,0,'Part of Argent Warhorse 38500 EAI: buddy and his group - move home'),
(20818,201,53,0,0,0,0,0,0,34002,0,0,0,0,0,0,0,'Part of Pustulent Horror 31139 EAI: Set worldstate variable to 0'), -- finish event
(20819,1,31,31139,50,0,0,0,0x08,0,0,0,0,0,0,0,0,'Part of Pustulent Horror 31139 EAI: search for 31139 - terminate if alive'),
(20819,100,31,31147,50,0,0,0,0x08,0,0,0,0,0,0,0,0,'Part of Pustulent Horror 31139 EAI: search for 31147 - terminate if alive'),
(20819,201,53,0,0,0,0,0,0,34003,0,0,0,0,0,0,0,'Part of Pustulent Horror 31139 EAI: Set worldstate variable to 0'); -- finish event
DELETE FROM creature_spawn_data WHERE Guid IN 
(529623,529624,535540,535541,535542,535543,535544,535545,535546,535547,535548,535549,535550,535551,535552,535553,535554,535555);
INSERT INTO creature_spawn_data (Guid, Id) VALUES
(529623,20062),
(529624,20063),
(535540,20062),
(535541,20062),
(535542,20062),
(535543,20062),
(535544,20062),
(535545,20062),
(535546,20062),
(535547,20062),
(535548,20063),
(535549,20063),
(535550,20063),
(535551,20063),
(535552,20063),
(535553,20063),
(535554,20063),
(535555,20063);
-- spawn Group
-- group 1
DELETE FROM `spawn_group` WHERE id = 34002;
INSERT INTO `spawn_group` (`Id`, `Name`, `Type`, `MaxCount`, `WorldState`, `Flags`) VALUES
(34002,'Icecrown - Icecrown Citadel (outside) - Pustulent Horror 31139 | Vicious Geist x 8 - Patrol 1', 0, 0, 20644, 0x08);
DELETE FROM `spawn_group_spawn` WHERE id = 34002;
INSERT INTO `spawn_group_spawn` (`Id`, `Guid`, `SlotId`) VALUES
(34002, 529623, 0),
(34002, 535540, 1),
(34002, 535541, 2),
(34002, 535542, 3),
(34002, 535543, 4),
(34002, 535544, 5),
(34002, 535545, 6),
(34002, 535546, 7),
(34002, 535547, 8);
DELETE FROM `spawn_group_formation` WHERE id = 34002;
INSERT INTO `spawn_group_formation` (`Id`, `FormationType`, `FormationSpread`, `FormationOptions`, `PathId`, `MovementType`, `Comment`) VALUES
(34002, 0, 4, 0, 34002, 2, 'Icecrown - Icecrown Citadel (outside) - Pustulent Horror 31139 | Vicious Geist x 8 - Patrol 1');
DELETE FROM `waypoint_path` WHERE PathId IN (34002);
INSERT INTO `waypoint_path` (`PathId`, `Point`, `PositionX`, `PositionY`,`PositionZ`, `Orientation`, `WaitTime`, `ScriptId`) VALUES
(34002,1,6048.263,2283.6892,636.12445,100,1000,5),
(34002,3,5981.769,2251.1719,636.0408,100,0,0),
(34002,4,5944.779,2231.6858,636.0408,100,0,0),
(34002,5,5907.119,2210.1182,636.04083,100,0,0),
(34002,6,5875.8813,2195.4045,636.0408,100,0,0),
(34002,7,5855.1206,2191.2969,636.03687,100,10000,0);
DELETE FROM `waypoint_path_name` WHERE PathId IN (34002);
INSERT INTO `waypoint_path_name` (`PathId`, `Name`) VALUES
(34002,'Icecrown - Icecrown Citadel (outside) - Pustulent Horror 31139 | Vicious Geist x 8 - Patrol 1');
DELETE FROM conditions WHERE condition_entry IN (20644);
INSERT INTO conditions (condition_entry, `type`, value1, value2, value3, flags, comments) VALUES
(20644, 42, 34002, 1, 1, 0, 'Icecrown - Icecrown Citadel (outside) - Pustulent Horror 31139 | Vicious Geist x 8 - Patrol 1');
DELETE FROM worldstate_name WHERE Id=34002;
INSERT INTO worldstate_name(Id, Name) VALUES
(34002,'Icecrown - Icecrown Citadel (outside) - Pustulent Horror 31139 | Vicious Geist x 8 - Patrol 1');
-- group 2
DELETE FROM `spawn_group` WHERE id = 34003;
INSERT INTO `spawn_group` (`Id`, `Name`, `Type`, `MaxCount`, `WorldState`, `Flags`) VALUES
(34003,'Icecrown - Icecrown Citadel (outside) - Pustulent Horror 31139 | Vicious Geist x 8 - Patrol 2', 0, 0, 20645, 0x08);
DELETE FROM `spawn_group_spawn` WHERE id = 34003;
INSERT INTO `spawn_group_spawn` (`Id`, `Guid`, `SlotId`) VALUES
(34003, 529624, 0),
(34003, 535548, 1),
(34003, 535549, 2),
(34003, 535550, 3),
(34003, 535551, 4),
(34003, 535552, 5),
(34003, 535553, 6),
(34003, 535554, 7),
(34003, 535555, 8);
DELETE FROM `spawn_group_formation` WHERE id = 34003;
INSERT INTO `spawn_group_formation` (`Id`, `FormationType`, `FormationSpread`, `FormationOptions`, `PathId`, `MovementType`, `Comment`) VALUES
(34003, 0, 4, 0, 34003, 2, 'Icecrown - Icecrown Citadel (outside) - Pustulent Horror 31139 | Vicious Geist x 8 - Patrol 2');
DELETE FROM `waypoint_path` WHERE PathId IN (34003);
INSERT INTO `waypoint_path` (`PathId`, `Point`, `PositionX`, `PositionY`,`PositionZ`, `Orientation`, `WaitTime`, `ScriptId`) VALUES
(34003,1,6134.116,2137.5696,636.12445,3.752457,1000,5),
(34003,2,5983.964,2077.1843,636.0398,100,0,0),
(34003,3,5968.232,2070.1145,636.0398,100,0,0),
(34003,4,5929.5723,2062.0278,636.03973,100,0,0),
(34003,5,5904.2656,2066.3125,636.03973,100,10000,0);
DELETE FROM `waypoint_path_name` WHERE PathId IN (34003);
INSERT INTO `waypoint_path_name` (`PathId`, `Name`) VALUES
(34003,'Icecrown - Icecrown Citadel (outside) - Pustulent Horror 31139 | Vicious Geist x 8 - Patrol 2');
DELETE FROM conditions WHERE condition_entry IN (20645);
INSERT INTO conditions (condition_entry, `type`, value1, value2, value3, flags, comments) VALUES
(20645, 42, 34003, 1, 1, 0, 'Icecrown - Icecrown Citadel (outside) - Pustulent Horror 31139 | Vicious Geist x 8 - Patrol 2');
DELETE FROM worldstate_name WHERE Id=34003;
INSERT INTO worldstate_name(Id, Name) VALUES
(34003,'Icecrown - Icecrown Citadel (outside) - Pustulent Horror 31139 | Vicious Geist x 8 - Patrol 2');

-- Vicious Geist 31147
-- missing npc added
DELETE FROM creature_addon WHERE guid BETWEEN 535540 AND 535555;
DELETE FROM creature_movement WHERE id BETWEEN 535540 AND 535555;
DELETE FROM game_event_creature WHERE guid BETWEEN 535540 AND 535555;
DELETE FROM game_event_creature_data WHERE guid BETWEEN 535540 AND 535555;
DELETE FROM creature_battleground WHERE guid BETWEEN 535540 AND 535555;
DELETE FROM creature_linking WHERE guid BETWEEN 535540 AND 535555;
DELETE FROM creature where guid BETWEEN 535540 AND 535555;
INSERT INTO creature (guid, id, map, spawnMask, phaseMask, position_x, position_y, position_z, orientation, spawntimesecsmin, spawntimesecsmax, spawndist, MovementType) VALUES
-- group 1
(535540,31147,571,1,1,6048.263,2283.6892,636.12445,0,60,60,0,0),
(535541,31147,571,1,1,6048.263,2283.6892,636.12445,0,60,60,0,0),
(535542,31147,571,1,1,6048.263,2283.6892,636.12445,0,60,60,0,0),
(535543,31147,571,1,1,6048.263,2283.6892,636.12445,0,60,60,0,0),
(535544,31147,571,1,1,6048.263,2283.6892,636.12445,0,60,60,0,0),
(535545,31147,571,1,1,6048.263,2283.6892,636.12445,0,60,60,0,0),
(535546,31147,571,1,1,6048.263,2283.6892,636.12445,0,60,60,0,0),
(535547,31147,571,1,1,6048.263,2283.6892,636.12445,0,60,60,0,0),
-- group 2
(535548,31147,571,1,1,6134.116,2137.5696,636.12445,0,60,60,0,0),
(535549,31147,571,1,1,6134.116,2137.5696,636.12445,0,60,60,0,0),
(535550,31147,571,1,1,6134.116,2137.5696,636.12445,0,60,60,0,0),
(535551,31147,571,1,1,6134.116,2137.5696,636.12445,0,60,60,0,0),
(535552,31147,571,1,1,6134.116,2137.5696,636.12445,0,60,60,0,0),
(535553,31147,571,1,1,6134.116,2137.5696,636.12445,0,60,60,0,0),
(535554,31147,571,1,1,6134.116,2137.5696,636.12445,0,60,60,0,0),
(535555,31147,571,1,1,6134.116,2137.5696,636.12445,0,60,60,0,0);

-- Citadel Watcher 31787
-- missing npc added
DELETE FROM creature_addon WHERE guid = 535556;
DELETE FROM creature_movement WHERE id = 535556;
DELETE FROM game_event_creature WHERE guid = 535556;
DELETE FROM game_event_creature_data WHERE guid = 535556;
DELETE FROM creature_battleground WHERE guid = 535556;
DELETE FROM creature_linking WHERE guid = 535556;
DELETE FROM creature where guid = 535556;
INSERT INTO creature (guid, id, map, spawnMask, phaseMask, position_x, position_y, position_z, orientation, spawntimesecsmin, spawntimesecsmax, spawndist, MovementType) VALUES
(535556,31787,571,1,1,6121.3994,2309.109,636.12494,0.575958,300,300,0,0);
-- Updates
DELETE FROM creature_addon WHERE guid IN (SELECT guid FROM creature WHERE id = 31787);
DELETE FROM creature_template_addon WHERE entry IN (31787);
INSERT INTO creature_template_addon (entry, mount, stand_state, sheath_state, pvp_flags, emote, moveflags, auras) VALUES
(31787,0,0,1,0,429,0,8279);
-- Waypoints
-- all comes on random timer via EAI
UPDATE creature SET position_x = 5921.7993, position_y = 2256.2332, position_z = 636.1249, orientation = 2.094395, spawndist = 0, MovementType = 0 WHERE guid = 530970; 
UPDATE creature SET position_x = 5990.0073, position_y = 2288.6946, position_z = 636.1249, orientation = 2.094395, spawndist = 0, MovementType = 0 WHERE guid = 530978; 
UPDATE creature SET position_x = 6018.117, position_y = 2234.343, position_z = 636.12494, orientation = 5.2359876, spawndist = 0, MovementType = 0 WHERE guid = 530973; 
UPDATE creature SET position_x = 6062.0396, position_y = 2142.9844, position_z = 635.79517, orientation = 1.98609, spawndist = 0, MovementType = 0 WHERE guid = 530974; 
UPDATE creature SET position_x = 6016.5264, position_y = 2052.481, position_z = 635.9583, orientation = 5.235987, spawndist = 0, MovementType = 0 WHERE guid = 530967; 
UPDATE creature SET position_x = 6132.974, position_y = 2168.5579, position_z = 35.7952, orientation = 1.91986, spawndist = 0, MovementType = 0 WHERE guid = 530961; 
UPDATE creature SET position_x = 6058.791, position_y = 2320.7983, position_z = 636.12494, orientation = 2.09439, spawndist = 0, MovementType = 0 WHERE guid = 530960; 
UPDATE creature SET position_x = 6083.794, position_y = 2271.6516, position_z = 636.12494, orientation = 5.1725797, spawndist = 0, MovementType = 0 WHERE guid = 530965; 
UPDATE creature SET position_x = 6085.625, position_y = 2085.1985, position_z = 635.9583, orientation = 5.235987, spawndist = 0, MovementType = 0 WHERE guid = 530971; 
UPDATE creature SET position_x = 6184.033, position_y = 2172.2246, position_z = 636.51373, orientation = 0.3490658, spawndist = 0, MovementType = 0 WHERE guid = 530963; 
UPDATE creature SET position_x = 6193.428, position_y = 2150.636, position_z = 635.9583, orientation = 0.418879, spawndist = 0, MovementType = 0 WHERE guid = 530964; 
UPDATE creature SET position_x = 6152.8667, position_y = 2116.9626, position_z = 635.9583, orientation = 5.235987, spawndist = 0, MovementType = 0 WHERE guid = 530969; 
UPDATE creature SET position_x = 6223.4253, position_y = 2449.9983, position_z = 569.187, orientation = 5.09636, spawndist = 0, MovementType = 0 WHERE guid = 530968; 
UPDATE creature SET position_x = 6173.8423, position_y = 2502.7695, position_z = 568.77045, orientation = 3.71755, spawndist = 0, MovementType = 0 WHERE guid = 530972; 
UPDATE creature SET position_x = 6312.6094, position_y = 2491.597, position_z = 569.187, orientation = 5.0789, spawndist = 0, MovementType = 0 WHERE guid = 530976; 
UPDATE creature SET position_x = 6205.541, position_y = 2518.9165, position_z = 568.77045, orientation = 0.50614, spawndist = 0, MovementType = 0 WHERE guid = 530962; 
UPDATE creature SET position_x = 6271.6895, position_y = 2548.266, position_z = 568.77045, orientation = 3.682644, spawndist = 0, MovementType = 0 WHERE guid = 530977; 
UPDATE creature SET position_x = 6304.42, position_y = 2562.4084, position_z = 568.77045, orientation = 0.4537855, spawndist = 0, MovementType = 0 WHERE guid = 530966;
UPDATE creature SET position_x = 6110.0537, position_y = 2330.2659, position_z = 636.236, orientation = 0.5759586, spawndist = 0, MovementType = 0 WHERE guid = 530975;
DELETE FROM creature_movement WHERE id IN 
(530970,530978,530973,530974,530967,530961,530960,530965,535556,530971,530963,530964,530969,530968,530972,530976,530962,530977,530966,530975);
INSERT INTO creature_movement (id, Point, PositionX, PositionY, PositionZ, Orientation, WaitTime, ScriptId) VALUES
-- 530970
(530970,1 ,5921.7993,2256.2332,636.1249,100,3000,3178701),
(530970,2 ,5923.2007,2270.2166,656.3999,100,0,0),
(530970,3 ,5888.8906,2289.327,646.9278,100,0,0),
(530970,4 ,5867.8896,2272.1133,569.03973,100,0,0),
(530970,5 ,5865.226,2206.6042,539.34503,100,0,0),
(530970,6 ,5811.475,2167.5903,543.5949,100,0,0),
(530970,7 ,5849.2856,2288.268,580.81744,100,0,0),
(530970,8 ,5902.1196,2301.5051,620.0674,100,0,0),
(530970,9 ,5901.9316,2304.9214,664.37256,100,0,0),
(530970,10,5921.884,2255.6516,664.37256,100,0,0),
(530970,11,5921.8,2256.2332,636.12494,2.094395,1100,3178702),
-- 530978
(530978,1 ,5990.0073,2288.6946,636.1249,100,3000,3178701),
(530978,2 ,5989.588,2302.6768,656.3999  ,100,0,0),
(530978,3 ,5985.619,2330.8691,646.9278  ,100,0,0),
(530978,4 ,5932.5176,2314.0542,569.03973,100,0,0),
(530978,5 ,5949.014,2301.6497,539.34503 ,100,0,0),
(530978,6 ,5959.4253,2298.589,543.5949  ,100,0,0),
(530978,7 ,5982.9863,2311.4438,580.81744,100,0,0),
(530978,8 ,5983.677,2338.785,620.0674   ,100,0,0),
(530978,9 ,5994.133,2337.023,664.37256  ,100,0,0),
(530978,10,5988.596,2288.2925,664.37256,100,0,0),
(530978,11,5990.008,2288.6948,636.12494,2.094395,1100,3178702),
-- 530973
(530973,1 ,6018.117,2234.343,636.12494,100,3000,3178701),
(530973,2 ,6033.1665,2215.8704,656.3999 ,100,0,0),
(530973,3 ,6038.9854,2208.84,646.9278   ,100,0,0),
(530973,4 ,6022.7305,2189.148,613.4839  ,100,0,0),
(530973,5 ,6084.7124,2217.016,550.7613  ,100,0,0),
(530973,6 ,5987.752,2196.1472,606.76166 ,100,0,0),
(530973,7 ,6014.6104,2187.086,621.56726 ,100,0,0),
(530973,8 ,6043.5234,2204.0447,645.53937,100,0,0),
(530973,9 ,6045.5264,2219.8745,664.37256,100,0,0),
(530973,10,6017.5864,2234.94,664.37256  ,100,0,0),
(530973,11,6018.117,2234.343,636.12494,5.23598766,1100,3178702),
-- 530974
(530974,1 ,6062.0396,2142.9844,635.79517,100,3000,3178701),
(530974,2 ,6061.7114,2147.1377,653.18787,100,0,0),
(530974,3 ,6052.5947,2162.8354,656.5765 ,100,0,0),
(530974,4 ,6041.9834,2169.6438,632.0768 ,100,0,0),
(530974,5 ,6060.414,2163.7896,602.21564 ,100,0,0),
(530974,6 ,6012.817,2194.3142,600.0759  ,100,0,0),
(530974,7 ,5998.7144,2159.0461,620.32623,100,0,0),
(530974,8 ,6036.3394,2165.955,600.3781  ,100,0,0),
(530974,9 ,6063.6875,2178.9873,637.6838 ,100,0,0),
(530974,10,6021.184,2153.7825,637.6838  ,100,0,0),
(530974,11,6028.242,2148.0989,642.8504  ,100,0,0),
(530974,12,6064.272,2137.9229,663.572   ,100,0,0),
(530974,13,6062.04,2142.9844,635.7952,1.98609,1100,3178702),
-- 530967
(530967,1 ,6016.5264,2052.481,635.9583,100,3000,3178701),
(530967,2 ,6027.0566,2042.1306,652.45544,100,0,0),
(530967,3 ,6030.0176,2024.0533,646.9278 ,100,0,0),
(530967,4 ,6013.0967,2009.4584,573.15076,100,0,0),
(530967,5 ,5983.7603,2016.9291,574.8454 ,100,0,0),
(530967,6 ,5911.3267,2052.5078,546.4007 ,100,0,0),
(530967,7 ,5908.415,2010.4592,575.15155 ,100,0,0),
(530967,8 ,5997.6514,1972.9431,588.4841 ,100,0,0),
(530967,9 ,6044.872,2034.3767,664.37256 ,100,0,0),
(530967,10,6021.2095,2053.1907,664.37256,100,0,0),
(530967,11,6016.5264,2052.481,635.9583,5.235987,1100,3178702),
-- 530961
(530961,1 ,6132.974,2168.5576,635.7952,100,3000,3178701),
(530961,2 ,6125.3813,2171.8633,653.18787,100,0,0),
(530961,3 ,6116.4023,2175.173,656.5765  ,100,0,0),
(530961,4 ,6117.3613,2192.1716,632.0768 ,100,0,0),
(530961,5 ,6137.264,2209.4192,602.21564 ,100,0,0),
(530961,6 ,6127.788,2219.9436,572.9377  ,100,0,0),
(530961,7 ,6084.2075,2192.46,558.7156   ,100,0,0),
(530961,8 ,6036.3394,2165.955,600.3781  ,100,0,0),
(530961,9 ,6081.9355,2182.263,637.6838  ,100,0,0),
(530961,10,6116.9844,2202.1582,637.6838 ,100,0,0),
(530961,11,6121.347,2175.031,642.8504   ,100,0,0),
(530961,12,6133.119,2168.2375,663.572   ,100,0,0),
(530961,13,6132.974,2168.5579,635.7952  ,100,0,0),
(530961,14,6132.974,2168.5579,635.7952,1.91986,1100,3178702),
-- 530960
(530960,1 ,6058.791,2320.7983,636.12494,100,3000,3178701),
(530960,2 ,6059.5654,2329.3096,656.3999 ,100,0,0),
(530960,3 ,6068.0024,2354.4595,646.9278 ,100,0,0),
(530960,4 ,6063.313,2365.9717,569.03973 ,100,0,0),
(530960,5 ,6042.9946,2356.2312,521.6787 ,100,0,0),
(530960,6 ,6028.061,2346.978,526.17865  ,100,0,0),
(530960,7 ,6031.9043,2365.1816,580.81744,100,0,0),
(530960,8 ,6031.1313,2344.4343,620.0674 ,100,0,0),
(530960,9 ,6080.1606,2371.8801,664.37256,100,0,0),
(530960,10,6058.098,2320.5217,664.37256 ,100,0,0),
(530960,11,6058.791,2320.7983,636.12494,2.09439,1100,3178702),
-- 530965
(530965,1 ,6083.7935,2271.6514,636.1249,100,3000,3178701),
(530965,2 ,6104.216,2263.059,656.3999   ,100,0,0),
(530965,3 ,6113.5996,2257.0144,646.9278 ,100,0,0),
(530965,4 ,6113.2446,2247.3684,569.03973,100,0,0),
(530965,5 ,6084.7124,2217.016,541.9837  ,100,0,0),
(530965,6 ,6063.5063,2227.5872,577.92804,100,0,0),
(530965,7 ,6093.9707,2237.8975,580.81744,100,0,0),
(530965,8 ,6085.022,2207.0256,620.0674  ,100,0,0),
(530965,9 ,6093.901,2216.5105,664.37256 ,100,0,0),
(530965,10,6082.615,2274.0283,664.37256 ,100,0,0),
(530965,11,6083.794,2271.6516,636.12494,5.1725797,1100,3178702),
-- 535556
(535556,1 ,6121.3994,2309.109,636.12494,100,3000,3178701),
(535556,2 ,6145.6313,2305.222,656.3999  ,100,0,0),
(535556,3 ,6166.6885,2304.5686,646.9278 ,100,0,0),
(535556,4 ,6178.8223,2319.7036,569.03973,100,0,0),
(535556,5 ,6169.048,2352.1804,521.6787  ,100,0,0),
(535556,6 ,6151.401,2357.0205,526.17865 ,100,0,0),
(535556,7 ,6162.637,2306.8135,580.81744 ,100,0,0),
(535556,8 ,6151.6567,2337.1829,620.0674 ,100,0,0),
(535556,9 ,6155.2305,2308.3413,664.37256,100,0,0),
(535556,10,6124.1284,2305.4504,664.37256,100,0,0),
(535556,11,6121.3994,2309.109,636.12494,0.575958,1100,3178702),
-- 530971
(530971,1 ,6085.6245,2085.1982,635.95825,100,3000,3178701),
(530971,2 ,6097.0815,2070.2847,652.45544,100,0,0),
(530971,3 ,6082.4478,2037.8451,646.9278 ,100,0,0),
(530971,4 ,6092.58,2027.4922,573.15076  ,100,0,0),
(530971,5 ,6055.6855,2036.0573,574.8454 ,100,0,0),
(530971,6 ,6070.9907,2029.9386,588.6786 ,100,0,0),
(530971,7 ,6100.134,2003.0485,580.81744 ,100,0,0),
(530971,8 ,6116.3647,2044.1124,620.0674 ,100,0,0),
(530971,9 ,6114.7646,2071.4143,664.37256,100,0,0),
(530971,10,6087.998,2088.9636,664.37256 ,100,0,0),
(530971,11,6085.625,2085.1985,635.9583,5.235987,1100,3178702),
-- 530963
(530963,1 ,6184.033,2172.2246,636.51373,100,3000,3178701),
(530963,2 ,6204.3716,2180.124,656.3999  ,100,0,0),
(530963,3 ,6218.936,2183.7532,646.9278  ,100,0,0),
(530963,4 ,6249.9956,2194.2322,569.03973,100,0,0),
(530963,5 ,6233.9155,2225.128,521.6787  ,100,0,0),
(530963,6 ,6220.027,2241.1763,526.17865 ,100,0,0),
(530963,7 ,6200.125,2219.7307,580.81744 ,100,0,0),
(530963,8 ,6193.913,2206.5303,620.0674  ,100,0,0),
(530963,9 ,6190.643,2221.3042,664.37256 ,100,0,0),
(530963,10,6186.861,2180.2322,664.37256 ,100,0,0),
(530963,11,6184.0337,2172.2249,636.51373,0.3490658,1100,3178702),
-- 530964
(530964,1 ,6193.428,2150.636,635.9583,100,3000,3178701),
(530964,2 ,6203.229,2155.644,652.45544  ,100,0,0),
(530964,3 ,6226.2524,2170.5854,646.9278 ,100,0,0),
(530964,4 ,6251.7705,2168.866,569.03973 ,100,0,0),
(530964,5 ,6266.365,2113.4463,521.6787  ,100,0,0),
(530964,6 ,6227.034,2088.5828,518.62317 ,100,0,0),
(530964,7 ,6225.6704,2090.9036,580.81744,100,0,0),
(530964,8 ,6214.64,2106.754,620.0674    ,100,0,0),
(530964,9 ,6207.19,2110.2002,664.37256  ,100,0,0),
(530964,10,6189.2256,2153.096,664.37256 ,100,0,0),
(530964,11,6193.428,2150.636,635.9583,0.418879,1100,3178702),
-- 530969
(530969,1 ,6152.8667,2116.9626,635.9583,100,3000,3178701),
(530969,2 ,6154.2056,2116.8376,636.1243 ,100,0,0),
(530969,3 ,6167.4766,2104.52,652.45544  ,100,0,0),
(530969,4 ,6176.6133,2079.3945,646.9278 ,100,0,0),
(530969,5 ,6166.407,2068.0635,573.15076 ,100,0,0),
(530969,6 ,6137.267,2081.9636,574.8454  ,100,0,0),
(530969,7 ,6102.5054,2046.5427,588.6786 ,100,0,0),
(530969,8 ,6130.291,2007.2513,580.81744 ,100,0,0),
(530969,9 ,6158.0444,2048.0742,620.0674 ,100,0,0),
(530969,10,6212.5933,2070.2822,664.37256,100,0,0),
(530969,11,6159.797,2121.562,664.37256  ,100,0,0),
(530969,12,6152.8667,2116.9626,635.9583,5.235987,1100,3178702),
-- 530968
(530968,1 ,6223.426,2449.9983,569.187,100,3000,3178701),
(530968,2 ,6232.1,2439.4563,581.54865   ,100,0,0),
(530968,3 ,6221.6323,2429.1829,564.49286,100,0,0),
(530968,4 ,6202.9385,2433.4993,544.771  ,100,0,0),
(530968,5 ,6193.6353,2435.537,521.2705  ,100,0,0),
(530968,6 ,6205.6245,2422.689,530.4933  ,100,0,0),
(530968,7 ,6217.1035,2428.733,530.4933  ,100,0,0),
(530968,8 ,6235.5977,2417.7727,530.4933 ,100,0,0),
(530968,9 ,6248.2856,2417.8406,530.4933 ,100,0,0),
(530968,10,6246.458,2436.0188,530.4933  ,100,0,0),
(530968,11,6217.481,2419.7532,550.60443 ,100,0,0),
(530968,12,6209.0737,2428.9712,577.6602 ,100,0,0),
(530968,13,6221.0293,2453.2898,592.46423,100,0,0),
(530968,14,6223.4253,2449.9983,569.187,5.09636,1100,3178702),
-- 530972
(530972,1 ,6173.8423,2502.7695,568.77045,100,3000,3178701),
(530972,2 ,6161.9873,2485.7734,581.54865,100,0,0),
(530972,3 ,6159.1772,2470.764,564.49286 ,100,0,0),
(530972,4 ,6160.9907,2466.0728,544.771  ,100,0,0),
(530972,5 ,6149.687,2480.112,521.2705   ,100,0,0),
(530972,6 ,6131.139,2493.3042,530.4933  ,100,0,0),
(530972,7 ,6136.915,2507.0234,530.4933  ,100,0,0),
(530972,8 ,6163.915,2481.2395,530.4933  ,100,0,0),
(530972,9 ,6147.1074,2507.4954,530.4933 ,100,0,0),
(530972,10,6129.114,2511.9954,530.4933  ,100,0,0),
(530972,11,6162.393,2470.7063,550.60443 ,100,0,0),
(530972,12,6151.9414,2493.059,577.6602  ,100,0,0),
(530972,13,6173.0444,2503.7078,592.46423,100,0,0),
(530972,14,6173.8423,2502.7695,568.77045,3.71755,1100,3178702),
-- 530976
(530976,1 ,6312.6094,2491.597,569.187,100,3000,3178701),
(530976,2 ,6311.176,2478.8884,581.54865 ,100,0,0),
(530976,3 ,6306.7646,2472.4158,564.49286,100,0,0),
(530976,4 ,6296.161,2471.906,544.771    ,100,0,0),
(530976,5 ,6283.7256,2475.2002,521.2705 ,100,0,0),
(530976,6 ,6301.867,2467.0422,530.4933  ,100,0,0),
(530976,7 ,6318.3306,2457.5,530.4933    ,100,0,0),
(530976,8 ,6354.5693,2489.2617,515.02124,100,0,0),
(530976,9 ,6339.3213,2447.2922,502.43756,100,0,0),
(530976,10,6304.9873,2456.932,530.4933  ,100,0,0),
(530976,11,6330.5747,2463.371,550.60443 ,100,0,0),
(530976,12,6347.094,2492.4548,577.6602  ,100,0,0),
(530976,13,6314.2256,2491.5334,592.46423,100,0,0),
(530976,14,6312.6094,2491.597,569.187,5.0789,1100,3178702),
-- 530962
(530962,1 ,6205.5405,2518.9165,568.77045,100,3000,3178701),
(530962,2 ,6213.234,2524.556,581.54865  ,100,0,0),
(530962,3 ,6224.815,2525.652,564.49286  ,100,0,0),
(530962,4 ,6230.119,2512.2214,544.771   ,100,0,0),
(530962,5 ,6209.9595,2519.198,536.0204  ,100,0,0),
(530962,6 ,6209.889,2539.9167,546.2153  ,100,0,0),
(530962,7 ,6238.8926,2534.872,552.6872  ,100,0,0),
(530962,8 ,6243.518,2495.7915,530.4933  ,100,0,0),
(530962,9 ,6254.2095,2510.405,530.4933  ,100,0,0),
(530962,10,6259.3457,2500.4731,530.4933 ,100,0,0),
(530962,11,6236.5996,2494.3062,550.60443,100,0,0),
(530962,12,6235.7407,2531.7239,577.6602 ,100,0,0),
(530962,13,6206.2266,2521.5422,592.46423,100,0,0),
(530962,14,6205.541,2518.9165,568.77045,0.50614,1100,3178702),
-- 530977
(530977,1 ,6271.6895,2548.266,568.77045,100,3000,3178701),
(530977,2 ,6258.3906,2545.9956,581.54865,100,0,0),
(530977,3 ,6260.4204,2542.1829,564.49286,100,0,0),
(530977,4 ,6261.9663,2524.3862,544.771  ,100,0,0),
(530977,5 ,6243.2915,2536.5837,536.0204 ,100,0,0),
(530977,6 ,6250.6665,2557.72,546.2153   ,100,0,0),
(530977,7 ,6242.0684,2537.2197,552.6872 ,100,0,0),
(530977,8 ,6275.934,2501.1394,530.4933  ,100,0,0),
(530977,9 ,6269.5986,2494.339,530.4933  ,100,0,0),
(530977,10,6252.6514,2518.6682,530.4933 ,100,0,0),
(530977,11,6261.181,2524.6196,550.60443 ,100,0,0),
(530977,12,6235.7407,2531.7239,577.6602 ,100,0,0),
(530977,13,6271.0625,2549.3225,592.46423,100,0,0),
(530977,14,6271.6895,2548.266,568.77045,3.682644,1100,3178702),
-- 530966
(530966,1 ,6304.42,2562.4084,568.77045,100,3000,3178701),
(530966,2 ,6308.6367,2572.5664,581.54865,100,0,0),
(530966,3 ,6321.061,2566.2812,564.49286 ,100,0,0),
(530966,4 ,6330.9487,2560.9639,544.771  ,100,0,0),
(530966,5 ,6336.3994,2580.923,512.8258  ,100,0,0),
(530966,6 ,6339.653,2600.822,512.77106  ,100,0,0),
(530966,7 ,6361.591,2566.231,489.5483   ,100,0,0),
(530966,8 ,6351.8184,2535.054,530.4933  ,100,0,0),
(530966,9 ,6346.233,2574.9346,530.4933  ,100,0,0),
(530966,10,6333.311,2589.9153,530.4933  ,100,0,0),
(530966,11,6353.3774,2548.5261,550.60443,100,0,0),
(530966,12,6347.497,2530.5352,577.6602  ,100,0,0),
(530966,13,6304.3765,2565.1672,592.46423,100,0,0),
(530966,14,6304.42,2562.4084,568.77045,0.4537855,1100,3178702),
-- 530975
(530975,1 ,6110.0537,2330.2659,636.236,100,3000,3178701),
(530975,2 ,6119.163,2354.1262,656.3999  ,100,0,0),
(530975,3 ,6129.0825,2373.3638,646.9278 ,100,0,0),
(530975,4 ,6136.7563,2392.0657,569.03973,100,0,0),
(530975,5 ,6134.9355,2386.0356,534.5953 ,100,0,0),
(530975,6 ,6145.056,2390.47,526.17865   ,100,0,0),
(530975,7 ,6136.9897,2362.0457,580.81744,100,0,0),
(530975,8 ,6126.8555,2375.7102,620.0674 ,100,0,0),
(530975,9 ,6136.139,2343.2795,664.37256 ,100,0,0),
(530975,10,6105.065,2331.2886,664.37256 ,100,0,0),
(530975,11,6110.0537,2330.2659,636.236,0.5759586,1100,3178702);
DELETE FROM dbscripts_on_creature_movement WHERE id IN (3178701,3178702);
INSERT INTO dbscripts_on_creature_movement (id, delay, command, datalong, datalong2, datalong3, buddy_entry, search_radius, data_flags, dataint, dataint2, dataint3, dataint4, x, y, z, o, comments) VALUES
(3178701,1,25,1,0,0,0,0,0x04,0,0,0,0,0,0,0,0,'RUN ON'),
(3178701,2,1,0,0,0,0,0,0x04,0,0,0,0,0,0,0,0,'reset emote'),
(3178702,2,20,0,0,0,0,0,0x04,0,0,0,0,0,0,0,0,'idle'),
(3178702,10,1,374,0,0,0,0,0x04,0,0,0,0,0,0,0,0,'emote'),
(3178702,1000,1,429,0,0,0,0,0x04,0,0,0,0,0,0,0,0,'emote');

-- Ebon Blade Commander 37967
UPDATE creature SET position_x = 5692.983, position_y = 2161.5972, position_z = 798.115, orientation = 4.61, spawndist = 0, MovementType = 0 WHERE guid IN (534380,534381); 
DELETE FROM `spawn_group` WHERE id = 34004;
INSERT INTO `spawn_group` (`Id`, `Name`, `Type`, `MaxCount`, `WorldState`, `Flags`) VALUES
(34004,'Icecrown - Icecrown Citadel (outside) - Ebon Blade Commander 37967 x2 - Patrol 1', 0, 0, 0, 0x01);
DELETE FROM `spawn_group_spawn` WHERE id = 34004;
INSERT INTO `spawn_group_spawn` (`Id`, `Guid`, `SlotId`) VALUES
(34004, 534380, 0),
(34004, 534381, 1);
DELETE FROM `spawn_group_formation` WHERE id = 34004;
INSERT INTO `spawn_group_formation` (`Id`, `FormationType`, `FormationSpread`, `FormationOptions`, `PathId`, `MovementType`, `Comment`) VALUES
(34004, 2, 3, 0, 34004, 4, 'Icecrown - Icecrown Citadel (outside) - Ebon Blade Commander 37967 x2 - Patrol 1');
DELETE FROM `waypoint_path` WHERE PathId IN (34004);
INSERT INTO `waypoint_path` (`PathId`, `Point`, `PositionX`, `PositionY`,`PositionZ`, `Orientation`, `WaitTime`, `ScriptId`) VALUES
(34004,1,5692.983,2161.5972,798.115,100,1000,0),
(34004,2,5696.303,2201.0676,798.115,100,0,0),
(34004,3,5695.26,2245.9556,798.115,100,0,0),
(34004,4,5689.366,2282.6633,798.115,100,0,0),
(34004,5,5681.04,2315.99,798.127,100,1000,0); -- check this xyz
DELETE FROM `waypoint_path_name` WHERE PathId IN (34004);
INSERT INTO `waypoint_path_name` (`PathId`, `Name`) VALUES
(34004,'Icecrown - Icecrown Citadel (outside) - Ebon Blade Commander 37967 x2 - Patrol 1');

-- Argent Hippogryph 37968
DELETE FROM vehicle_accessory WHERE vehicle_entry = 37968;
INSERT INTO vehicle_accessory (vehicle_entry, seat, accessory_entry, comment) VALUES
(37968,0,38493,'Argent Commander 37965 on Argent Hippogryph 37968');

-- waypoints
UPDATE creature SET position_x = 5682.818, position_y = 2288.019, position_z = 833.76483, orientation = 0, spawndist = 0, MovementType = 3 WHERE guid = 534388;
UPDATE creature SET position_x = 5604.0513, position_y = 2321.3352, position_z = 831.93536, orientation = 0, spawndist = 0, MovementType = 3 WHERE guid = 534389;
UPDATE creature SET position_x = 5668.8438, position_y = 2344.073, position_z = 820.73816, orientation = 0, spawndist = 0, MovementType = 3 WHERE guid = 534390;
DELETE FROM creature_movement WHERE id IN (534388,534389,534390);
INSERT INTO creature_movement (id, Point, PositionX, PositionY, PositionZ, Orientation, WaitTime, ScriptId) VALUES
-- 534388
(534388,1,5682.818,2288.019,833.76483,100,0,0),
(534388,2,5693.1196,2250.8906,831.48706,100,0,0),
(534388,3,5707.151,2216.802,827.40375,100,0,0),
(534388,4,5749.9653,2196.8057,831.4871,100,0,0),
(534388,5,5787.886,2248.8057,816.6262,100,0,0),
(534388,6,5774.1787,2314.79,811.5704,100,0,0),
(534388,7,5716.6353,2362.8003,818.9594,100,0,0),
(534388,8,5672.136,2343.052,834.348,100,0,0),
-- 534389
(534389,1,5604.0513,2321.3352,831.93536,100,0,0),
(534389,2,5626.5454,2325.6997,829.32104,100,0,0),
(534389,3,5697.2397,2327.337,835.60205 ,100,0,0),
(534389,4,5706.6807,2253.7969,832.2121 ,100,0,0),
(534389,5,5675.405,2199.769,831.9353   ,100,0,0),
(534389,6,5658.047,2247.6199,831.93536 ,100,0,0),
(534389,7,5592.4966,2276.2969,831.93536,100,0,0),
(534389,8,5558.1816,2290.0781,831.93536,100,0,0),
-- 534390
(534390,1,5668.8438,2344.073,820.73816 ,100,0,0),
(534390,2,5689.3774,2328.7014,820.73816,100,0,0),
(534390,3,5704.9194,2258.7778,820.73816,100,0,0),
(534390,4,5705.249,2182.9844,820.73816 ,100,0,0),
(534390,5,5681.0435,2176.2534,820.73816,100,0,0),
(534390,6,5682.0454,2251.2778,820.73816,100,0,0),
(534390,7,5673.732,2292.79,820.73816   ,100,0,0),
(534390,8,5662.357,2328.394,820.73816  ,100,0,0),
(534390,9,5668.8438,2344.073,820.73816 ,100,0,0);
DELETE FROM `creature_spawn_data` WHERE guid IN (534388,534389,534390);
INSERT INTO `creature_spawn_data` (`guid`, `id`) VALUES 
(534388,1),(534389,1),(534390,1);
