-- Jotunheim - Icecrown

-- text sounds
UPDATE broadcast_text SET SoundEntriesID1 = 13533 WHERE id = 30498; -- I will take pleasure in gutting you!
UPDATE broadcast_text SET SoundEntriesID1 = 13534 WHERE id = 30499; -- I will feed you to the dogs!
UPDATE broadcast_text SET SoundEntriesID1 = 13535 WHERE id = 30500; -- Your entrails will make a fine necklace.
UPDATE broadcast_text SET SoundEntriesID1 = 13536 WHERE id = 30501; -- Die, maggot!
UPDATE broadcast_text SET SoundEntriesID1 = 13537 WHERE id = 30502; -- You come to die!
UPDATE broadcast_text SET SoundEntriesID1 = 13538 WHERE id = 30503; -- I spit on you!
UPDATE broadcast_text SET SoundEntriesID1 = 13539 WHERE id = 30504; -- Sniveling pig!
UPDATE broadcast_text SET SoundEntriesID1 = 13540 WHERE id = 30505; -- Ugglin oo bjorr!
UPDATE broadcast_text SET SoundEntriesID1 = 13541 WHERE id = 30506; -- Haraak foln!
UPDATE broadcast_text SET SoundEntriesID1 = 13537 WHERE id = 30507; -- You come to die!
UPDATE broadcast_text SET SoundEntriesID1 = 13542 WHERE id = 30508; -- I\'ll eat your heart!

-- OBJECT
-- Vrykul Banner 191820
-- missing OBJECT added
DELETE FROM game_event_gameobject WHERE guid IN (
502636,511729,511753,511789,511790,511791,511792,511793,512628,514748,514749,514750,521001,521002,521003,521004,521005,
521006,521007,521008,521009,521010,521011,521012,521013,521014,521015,521016,521017,521018,521019);
DELETE FROM gameobject_battleground WHERE guid IN (
502636,511729,511753,511789,511790,511791,511792,511793,512628,514748,514749,514750,521001,521002,521003,521004,521005
,521006,521007,521008,521009,521010,521011,521012,521013,521014,521015,521016,521017,521018,521019);
DELETE FROM gameobject WHERE guid IN (
502636,511729,511753,511789,511790,511791,511792,511793,512628,514748,514749,514750,521001,521002,521003,521004,521005,
521006,521007,521008,521009,521010,521011,521012,521013,521014,521015,521016,521017,521018,521019);
INSERT INTO gameobject (guid, id, map, spawnMask, position_x, position_y, position_z, orientation, rotation0, rotation1, rotation2, rotation3, spawntimesecsmin, spawntimesecsmax) VALUES
(502636,191820,571,1,6885.3164,3922.7969,616.27313,0.89011663,0,0,0.43051052,0.90258557,300,300),
(511729,191820,571,1,6794.8604,4042.2666,616.23535,5.532695,0,0,-0.36650085,0.9304177,300,300),
(511753,191820,571,1,7135.0425,3991.5479,582.073,4.66003,0,0,-0.7253742,0.68835473,300,300),
(511789,191820,571,1,7231.837,4373.3555,664.6531,0.4712385,0,0,0.23344517,0.97236997,300,300),
(511790,191820,571,1,6938.9517,4073.9019,535.6779,0.89011663,0,0,0.43051052,0.90258557,300,300),
(511791,191820,571,1,6965.034,4051.7935,535.18097,0.76794386,0,0,0.37460613,0.92718405,300,300),
(511792,191820,571,1,7486.943,3679.986,623.3442,5.4105215,0,0,-0.4226179,0.90630794,300,300),
(511793,191820,571,1,7536.4272,3657.566,623.38934,2.7925184,0,0,0.984807,0.1736523,300,300),
(512628,191820,571,1,7685.895,3623.8108,660.9528,2.356195,0,0,0.9238796,0.38268325,300,300),
(514748,191820,571,1,7724.252,3656.8586,658.7789,1.7453268,0,0,0.76604366,0.6427886,300,300),
(514749,191820,571,1,7730.3228,3619.6956,663.0916,0.6283169,0,0,0.30901623,0.9510568,300,300),
(514750,191820,571,1,7870.145,3716.6167,653.3533,0.5759573,0,0,0.2840147,0.9588199,300,300),
(521001,191820,571,1,7842.5,3652.534,653.35016,3.508117,0,0,-0.98325443,0.18223801,300,300),
(521002,191820,571,1,7813.6284,3619.2063,661.9021,6.143561,0,0,-0.069755554,0.99756414,300,300),
(521003,191820,571,1,7803.7725,3586.138,661.6921,6.1086535,0,0,-0.08715534,0.9961947,300,300),
(521004,191820,571,1,7605.8115,3564.5312,656.0998,3.1765332,0,0,-0.9998474,0.017469281,300,300),
(521005,191820,571,1,7426.7812,3497.552,689.1645,5.4279747,0,0,-0.41469288,0.90996146,300,300),
(521006,191820,571,1,7625.4854,3495.7795,655.32697,0.61086345,0,0,0.30070496,0.95371723,300,300),
(521007,191820,571,1,7648.738,3443.0261,657.1458,0.40142488,0,0,0.19936752,0.9799248,300,300),
(521008,191820,571,1,7738.981,3427.8884,659.0516,1.4660758,0,0,0.6691303,0.74314505,300,300),
(521009,191820,571,1,7784.088,3457.3215,658.26996,2.513274,0,0,0.9510565,0.30901712,300,300),
(521010,191820,571,1,7871.3047,3488.8884,672.2889,2.1991146,0,0,0.89100647,0.45399064,300,300),
(521011,191820,571,1,7777.0845,3659.552,661.4292,1.2915417,0,0,0.60181427,0.7986361,300,300),
(521012,191820,571,1,7809.9785,3760.2004,652.94183,1.3788092,0,0,0.6360779,0.77162486,300,300),
(521013,191820,571,1,7998.009,3565.589,631.6185,4.1364326,0,0,-0.8788166,0.4771597,300,300),
(521014,191820,571,1,7839.3716,3464.0012,679.8111,1.5707958,0,0,0.7071066,0.70710695,300,300),
(521015,191820,571,1,8257.974,3587.5618,655.24445,4.0142603,0,0,-0.9063072,0.4226195,300,300),
(521016,191820,571,1,8085.204,3437.6013,672.5331,0.83775747,0,0,0.40673637,0.91354555,300,300),
(521017,191820,571,1,8291.608,3497.0269,655.23816,3.0543265,0,0,0.99904823,0.04361926,300,300),
(521018,191820,571,1,8439.093,3004.2146,612.7603,1.6406069,0,0,0.7313528,0.6819993,300,300),
(521019,191820,571,1,8407.169,3002.8376,613.1883,1.5358895,0,0,0.6946583,0.71933985,300,300);

-- Jotunheim Cage 192135
DELETE FROM game_event_gameobject WHERE guid IN (521020);
DELETE FROM gameobject_battleground WHERE guid IN (521020);
DELETE FROM gameobject WHERE guid IN (521020);
INSERT INTO gameobject (guid, id, map, spawnMask, position_x, position_y, position_z, orientation, rotation0, rotation1, rotation2, rotation3, spawntimesecsmin, spawntimesecsmax) VALUES
(521020,192135,571,1,7705.651,3680.4175,652.99396,3.8222728,0,0,-0.94264126,0.33380756,300,300);

-- Kul'galar Oracle 30751
DELETE FROM creature_addon WHERE guid IN(SELECT guid FROM creature WHERE id = 30751);
DELETE FROM creature_template_addon WHERE entry IN (30751);
INSERT INTO creature_template_addon (entry,mount,stand_state,sheath_state,pvp_flags,emote,moveflags,auras) VALUES
(30751,0,0,1,0,0,0,NULL);
-- individual addons
DELETE FROM creature_addon WHERE guid IN (528566,528562,528561,528560,528564,528565);
INSERT INTO creature_addon (guid,mount,stand_state,sheath_state,pvp_flags,emote,moveflags,auras) VALUES
(528566,0,0,1,0,69,0,NULL),
(528562,0,0,1,0,375,0,NULL),
(528561,0,0,1,0,375,0,NULL),
(528560,0,0,1,0,375,0,NULL),
(528564,0,0,1,0,375,0,NULL),
(528565,0,0,1,0,375,0,NULL);
DELETE FROM `creature_spawn_data` WHERE guid IN (528566,528562,528561,528560,528564,528565);
INSERT INTO `creature_spawn_data` (`guid`, `id`) VALUES 
(528566,80),(528562,80),(528561,80),(528560,80),(528564,80),(528565,80);
UPDATE creature SET position_x = 6823.7275, position_y = 3767.9749, position_z = 621.0688, spawndist = 0, MovementType = 2 WHERE guid = 528563;
DELETE FROM creature_movement WHERE id IN (528563);
INSERT INTO creature_movement (id, Point, PositionX, PositionY, PositionZ, Orientation, WaitTime, ScriptId) VALUES
(528563,1 ,6823.7275,3767.9749,621.0688,100,0,0),
(528563,2 ,6815.3276,3764.408,621.06946,100,0,0),
(528563,3 ,6802.5513,3772.9504,621.07153,100,0,0),
(528563,4 ,6791.561,3780.583,621.0685,100,0,0),
(528563,5 ,6791.1,3789.4622,621.0648,100,0,0),
(528563,6 ,6799.4443,3802.9565,617.0908,100,0,0),
(528563,7 ,6808.6816,3818.294,617.0951,100,0,0),
(528563,8 ,6817.262,3831.7695,617.09393,100,0,0),
(528563,9 ,6828.8438,3834.6167,617.0931,100,0,0),
(528563,10,6838.888,3828.5977,617.09686,100,0,0),
(528563,11,6850.9844,3821.2517,617.0949,100,0,0),
(528563,12,6850.811,3810.5808,617.0948,100,0,0),
(528563,13,6844.012,3798.514,617.0961,100,0,0),
(528563,14,6832.3813,3781.005,617.0907,100,0,0);
DELETE FROM dbscripts_on_relay WHERE id IN (20829);
INSERT INTO dbscripts_on_relay (id, delay, command, datalong, datalong2, datalong3, buddy_entry, search_radius, data_flags, dataint, dataint2, dataint3, dataint4, x, y, z, o, comments) VALUES
(20829,1,28,8,0,0,0,0,0x04,0,0,0,0,0,0,0,0,'Part of Kul\'galar Oracle 30751 EAI: STATE_KNEEL'),
(20829,30000,28,0,0,0,0,0,0x04,0,0,0,0,0,0,0,0,'Part of Kul\'galar Oracle 30751 EAI: STATE_STAND');

-- Thane Ufrang the Mighty 29919
DELETE FROM dbscript_random_templates WHERE id = 20337;
INSERT INTO dbscript_random_templates (id, type, target_id, chance, comments) VALUES
(20337,1,20830,0,'Part of Thane Ufrang the Mighty 29919 EAI - Random Script 1'),
(20337,1,20831,0,'Part of Thane Ufrang the Mighty 29919 EAI - Random Script 2'),
(20337,1,20832,0,'Part of Thane Ufrang the Mighty 29919 EAI - Random Script 3'),
(20337,1,20833,0,'Part of Thane Ufrang the Mighty 29919 EAI - Random Script 4'),
(20337,1,20834,0,'Part of Thane Ufrang the Mighty 29919 EAI - Random Script 5'),
(20337,1,20835,0,'Part of Thane Ufrang the Mighty 29919 EAI - Random Script 6');
DELETE FROM dbscripts_on_relay WHERE id BETWEEN 20830 AND 20835;
INSERT INTO dbscripts_on_relay (id, delay, command, datalong, datalong2, datalong3, buddy_entry, search_radius, data_flags, dataint, dataint2, dataint3, dataint4, x, y, z, o, comments) VALUES
(20830,1,31,0,30,0,29880,526581,1|0x10,0,0,0,0,0,0,0,0,'Part of Kul\'galar Oracle 30751 EAI: search for buddy'),
(20830,100,0,0,0,0,29880,526581,7|0x10,31187,0,0,0,0,0,0,0,'Part of Kul\'galar Oracle 30751 EAI: buddy say'),
(20830,6000,0,0,0,0,0,0,0x04,31194,0,0,0,0,0,0,0,'Part of Kul\'galar Oracle 30751 EAI: buddy say'),
(20831,1,31,0,30,0,29880,526581,1|0x10,0,0,0,0,0,0,0,0,'Part of Kul\'galar Oracle 30751 EAI: search for buddy'),
(20831,100,0,0,0,0,29880,526581,7|0x10,31188,0,0,0,0,0,0,0,'Part of Kul\'galar Oracle 30751 EAI: buddy say'),
(20831,6000,0,0,0,0,0,0,0x04,31196,0,0,0,0,0,0,0,'Part of Kul\'galar Oracle 30751 EAI: buddy say'),
(20832,1,31,0,30,0,29880,526581,1|0x10,0,0,0,0,0,0,0,0,'Part of Kul\'galar Oracle 30751 EAI: search for buddy'),
(20832,100,0,0,0,0,29880,526581,7|0x10,31182,0,0,0,0,0,0,0,'Part of Kul\'galar Oracle 30751 EAI: buddy say'),
(20832,6000,0,0,0,0,0,0,0x04,31189,0,0,0,0,0,0,0,'Part of Kul\'galar Oracle 30751 EAI: buddy say'),
(20833,1,31,0,30,0,29880,526581,1|0x10,0,0,0,0,0,0,0,0,'Part of Kul\'galar Oracle 30751 EAI: search for buddy'),
(20833,100,0,0,0,0,29880,526581,7|0x10,31185,0,0,0,0,0,0,0,'Part of Kul\'galar Oracle 30751 EAI: buddy say'),
(20833,6000,0,0,0,0,0,0,0x04,31192,0,0,0,0,0,0,0,'Part of Kul\'galar Oracle 30751 EAI: buddy say'),
(20834,1,31,0,30,0,29880,526581,1|0x10,0,0,0,0,0,0,0,0,'Part of Kul\'galar Oracle 30751 EAI: search for buddy'),
(20834,100,0,0,0,0,29880,526581,7|0x10,31184,0,0,0,0,0,0,0,'Part of Kul\'galar Oracle 30751 EAI: buddy say'),
(20834,6000,0,0,0,0,0,0,0x04,31191,0,0,0,0,0,0,0,'Part of Kul\'galar Oracle 30751 EAI: buddy say'),
(20835,1,31,0,30,0,29880,526581,1|0x10,0,0,0,0,0,0,0,0,'Part of Kul\'galar Oracle 30751 EAI: search for buddy'),
(20835,100,0,0,0,0,29880,526581,7|0x10,31186,0,0,0,0,0,0,0,'Part of Kul\'galar Oracle 30751 EAI: buddy say'),
(20835,6000,0,0,0,0,0,0,0x04,31193,0,0,0,0,0,0,0,'Part of Kul\'galar Oracle 30751 EAI: buddy say');

-- Jotunheim Warrior 29880
-- Njorndar Spear-Sister 30243
-- Mjordin Water Magus 30632
-- missing spawns added
DELETE FROM creature_addon WHERE guid IN (500910,500911,500912,500917,500925,500928,500929,500930,500931,500932,500933,500934,500935,500936,500937,500942);
DELETE FROM creature_movement WHERE id IN (500910,500911,500912,500917,500925,500928,500929,500930,500931,500932,500933,500934,500935,500936,500937,500942);
DELETE FROM game_event_creature WHERE guid IN (500910,500911,500912,500917,500925,500928,500929,500930,500931,500932,500933,500934,500935,500936,500937,500942);
DELETE FROM game_event_creature_data WHERE guid IN (500910,500911,500912,500917,500925,500928,500929,500930,500931,500932,500933,500934,500935,500936,500937,500942);
DELETE FROM creature_battleground WHERE guid IN (500910,500911,500912,500917,500925,500928,500929,500930,500931,500932,500933,500934,500935,500936,500937,500942);
DELETE FROM creature_linking WHERE guid IN (500910,500911,500912,500917,500925,500928,500929,500930,500931,500932,500933,500934,500935,500936,500937,500942);
DELETE FROM creature where guid IN (500910,500911,500912,500917,500925,500928,500929,500930,500931,500932,500933,500934,500935,500936,500937,500942);
INSERT INTO creature (guid, id, map, spawnMask, phaseMask, position_x, position_y, position_z, orientation, spawntimesecsmin, spawntimesecsmax, spawndist, MovementType) VALUES
(500910,29880,571,1,1,7055.1694,3991.5525,535.27606,2.05948,300,300,0,0),
(500911,29880,571,1,1,6803.5884,4034.2947,616.0507,0.8203,300,300,0,0),
(500912,29880,571,1,1,6806.7686,4037.7014,616.0507,3.9444,300,300,0,0),
(500917,29880,571,1,1,7151.342,4281.2627,681.7378,5.881759,300,300,0,0),
(500925,29880,571,1,1,7205.917,4261.292,662.97375,5.585053,300,300,0,0),
(500928,29880,571,1,1,7229.893,4376.7393,664.57666,0.85521,300,300,0,0),
(500929,29880,571,1,1,7430.421,3508.881,682.43964,0.471238,300,300,0,0),
(500930,29880,571,1,1,6792.9956,3989.8079,616.0724,6.21337,300,300,0,0),
(500931,29880,571,1,1,7113.418,4299.2676,761.4822,4.64257,300,300,0,0),
(500932,29880,571,1,1,7139.2954,4372.4053,762.9378,0.785398,300,300,0,0),
(500933,30243,571,1,1,7636.9575,3750.145,633.32007,1.01229,300,300,0,0), -- do not share spawn
(500934,29880,571,1,1,7843.8896,3535.217,653.8737,4.38077,300,300,0,0),
(500935,29880,571,1,1,8294.551,3531.806,655.2488,3.316125,300,300,0,0),
(500936,30243,571,1,1,8357.57,3501.6304,654.9989,6.195918,300,300,0,0), -- do not share spawn
(500937,29880,571,1,1,8291.843,3503.1267,655.3323,2.9496,300,300,0,0),
(500942,29880,571,1,1,7175.5464,4377.7876,683.56775,6.248278,300,300,0,0);
-- individual addons
DELETE FROM creature_addon WHERE guid IN 
(526565,526566,500910,500917,500925,527548,527546,500930,500931,500932,500933,526565,500934,527491,500942);
INSERT INTO creature_addon (guid,mount,stand_state,sheath_state,pvp_flags,emote,moveflags,auras) VALUES
(526565,0,0,1,0,375,0,NULL),
(526566,0,0,1,0,375,0,NULL),
(500910,0,0,1,0,375,0,NULL),
(500917,0,0,1,0,375,0,NULL),
(500925,0,0,1,0,375,0,NULL),
(500928,0,0,1,0,375,0,NULL),
(500929,0,0,1,0,375,0,NULL),
(527548,0,0,1,0,375,0,NULL),
(527546,0,0,1,0,375,0,NULL),
(500930,0,0,1,0,375,0,NULL),
(500931,0,0,1,0,375,0,NULL),
(500932,0,0,1,0,375,0,NULL),
(500933,0,0,1,0,375,0,NULL),
(500934,0,0,1,0,375,0,NULL),
(527491,0,0,1,0,375,0,NULL),
(500942,0,0,1,0,375,0,NULL);
UPDATE creature SET position_x = 6927.602, position_y = 3976.3247, position_z = 615.8375, orientation = 0.68067, spawndist = 0, MovementType = 0 WHERE guid = 527548;
UPDATE creature SET position_x = 6887.702, position_y = 3926.3555, position_z = 616.6782, orientation = 0.92502, spawndist = 0, MovementType = 0 WHERE guid = 527546;
UPDATE creature SET position_x = 8301.93, position_y = 3269.066, position_z = 655.8511, orientation = 0.40142, spawndist = 0, MovementType = 0 WHERE guid = 527491;
UPDATE creature SET position_x = 6912.875, position_y = 3905.5178, position_z = 616.19446, orientation = 0.837758, spawndist = 0, MovementType = 0 WHERE guid = 527547;
-- some share spawn points
-- Jotunheim Warrior 29880 & Njorndar Spear-Sister 30243 & Mjordin Water Magus 30632
DELETE FROM `creature_spawn_entry` WHERE `guid` IN (
527549,527550,526536,527530,527533,528224,527512,527492,526562,526564,527496,526560,527502,526556,526561,526541,528226,526542,528227,
526537,527489,528229,527503,527506,527487,527528,527513,527537,527531,527529,528220,526583,527526,528236,526566,527495,528232,527508,
526569,526570,526568,526590,528231,528222,527494,527507,527527,527539,526572,526559,528235,527517,527520,527521,527516,526584,500910,
500911,500912,500917,500925,500928,500929,526545,526547,527548,527546,500930,527545,526550,527522,528234,526552,527554,526555,527541,
500931,500932,527499,527501,527498,527500,526557,527509,526548,527490,527538,526553,527505,526577,528217,528240,528239,526571,526574,
528219,527536,528238,528218,526565,527504,527493,500934,526539,526540,528221,526580,526544,527542,527524,527491,528228,500935,500937,
527518,527519,527547,528233,500942,526563,526546,526551,526567,528230,527515,527525,527534,527523,526582,526538); 
INSERT INTO `creature_spawn_entry` (`guid`, `entry`) VALUES
(527550, 29880),(527550, 30243),(527550, 30632),(527549, 29880),(527549, 30243),(527549, 30632),(526536, 29880),(526536, 30243),(526536, 30632),
(527530, 29880),(527530, 30243),(527530, 30632),(527533, 29880),(527533, 30243),(527533, 30632),(528224, 29880),(528224, 30243),(528224, 30632),
(527512, 29880),(527512, 30243),(527512, 30632),(527492, 29880),(527492, 30243),(527492, 30632),(526562, 29880),(526562, 30243),(526562, 30632),
(526564, 29880),(526564, 30243),(526564, 30632),(527496, 29880),(527496, 30243),(527496, 30632),(526560, 29880),(526560, 30243),(526560, 30632),
(527502, 29880),(527502, 30243),(527502, 30632),(526556, 29880),(526556, 30243),(526556, 30632),(526561, 29880),(526561, 30243),(526561, 30632),
(526541, 29880),(526541, 30243),(526541, 30632),(528226, 29880),(528226, 30243),(528226, 30632),(526542, 29880),(526542, 30243),(526542, 30632),
(528227, 29880),(528227, 30243),(528227, 30632),(526537, 29880),(526537, 30243),(526537, 30632),(527489, 29880),(527489, 30243),(527489, 30632),
(528229, 29880),(528229, 30243),(528229, 30632),(527503, 29880),(527503, 30243),(527503, 30632),(527506, 29880),(527506, 30243),(527506, 30632),
(527487, 29880),(527487, 30243),(527487, 30632),(527528, 29880),(527528, 30243),(527528, 30632),(527513, 29880),(527513, 30243),(527513, 30632),
(527537, 29880),(527537, 30243),(527537, 30632),(527531, 29880),(527531, 30243),(527531, 30632),(527529, 29880),(527529, 30243),(527529, 30632),
(528220, 29880),(528220, 30243),(528220, 30632),(526583, 29880),(526583, 30243),(526583, 30632),(527526, 29880),(527526, 30243),(527526, 30632),
(528236, 29880),(528236, 30243),(528236, 30632),(526566, 29880),(526566, 30243),(526566, 30632),(527495, 29880),(527495, 30243),(527495, 30632),
(528232, 29880),(528232, 30243),(528232, 30632),(527508, 29880),(527508, 30243),(527508, 30632),(526569, 29880),(526569, 30243),(526569, 30632),
(526570, 29880),(526570, 30243),(526570, 30632),(526568, 29880),(526568, 30243),(526568, 30632),(526590, 29880),(526590, 30243),(526590, 30632),
(528231, 29880),(528231, 30243),(528231, 30632),(528222, 29880),(528222, 30243),(528222, 30632),(527494, 29880),(527494, 30243),(527494, 30632),
(527507, 29880),(527507, 30243),(527507, 30632),(527527, 29880),(527527, 30243),(527527, 30632),(527539, 29880),(527539, 30243),(527539, 30632),
(526572, 29880),(526572, 30243),(526572, 30632),(526559, 29880),(526559, 30243),(526559, 30632),(528235, 29880),(528235, 30243),(528235, 30632),
(527517, 29880),(527517, 30243),(527517, 30632),(527520, 29880),(527520, 30243),(527520, 30632),(527521, 29880),(527521, 30243),(527521, 30632),
(527516, 29880),(527516, 30243),(527516, 30632),(526584, 29880),(526584, 30243),(526584, 30632),(500910, 29880),(500910, 30243),(500910, 30632),
(500911, 29880),(500911, 30243),(500911, 30632),(500912, 29880),(500912, 30243),(500912, 30632),(500917, 29880),(500917, 30243),(500917, 30632),
(500925, 29880),(500925, 30243),(500925, 30632),(500928, 29880),(500928, 30243),(500928, 30632),(500929, 29880),(500929, 30243),(500929, 30632),
(526545, 29880),(526545, 30243),(526545, 30632),(526547, 29880),(526547, 30243),(526547, 30632),(527548, 29880),(527548, 30243),(527548, 30632),
(527546, 29880),(527546, 30243),(527546, 30632),(500930, 29880),(500930, 30243),(500930, 30632),(527545, 29880),(527545, 30243),(527545, 30632),
(526550, 29880),(526550, 30243),(526550, 30632),(527522, 29880),(527522, 30243),(527522, 30632),(528234, 29880),(528234, 30243),(528234, 30632),
(526552, 29880),(526552, 30243),(526552, 30632),(527554, 29880),(527554, 30243),(527554, 30632),(526555, 29880),(526555, 30243),(526555, 30632),
(527541, 29880),(527541, 30243),(527541, 30632),(500931, 29880),(500931, 30243),(500931, 30632),(500932, 29880),(500932, 30243),(500932, 30632),
(527499, 29880),(527499, 30243),(527499, 30632),(527501, 29880),(527501, 30243),(527501, 30632),(527498, 29880),(527498, 30243),(527498, 30632),
(527500, 29880),(527500, 30243),(527500, 30632),(526557, 29880),(526557, 30243),(526557, 30632),(527509, 29880),(527509, 30243),(527509, 30632),
(526548, 29880),(526548, 30243),(526548, 30632),(527490, 29880),(527490, 30243),(527490, 30632),(527538, 29880),(527538, 30243),(527538, 30632),
(526553, 29880),(526553, 30243),(526553, 30632),(527505, 29880),(527505, 30243),(527505, 30632),(526577, 29880),(526577, 30243),(526577, 30632),
(528217, 29880),(528217, 30243),(528217, 30632),(528240, 29880),(528240, 30243),(528240, 30632),(528239, 29880),(528239, 30243),(528239, 30632),
(526571, 29880),(526571, 30243),(526571, 30632),(526574, 29880),(526574, 30243),(526574, 30632),(528219, 29880),(528219, 30243),(528219, 30632),
(527536, 29880),(527536, 30243),(527536, 30632),(528238, 29880),(528238, 30243),(528238, 30632),(528218, 29880),(528218, 30243),(528218, 30632),
(526565, 29880),(526565, 30243),(526565, 30632),(527504, 29880),(527504, 30243),(527504, 30632),(527493, 29880),(527493, 30243),(527493, 30632),
(500934, 29880),(500934, 30243),(500934, 30632),(526539, 29880),(526539, 30243),(526539, 30632),(526540, 29880),(526540, 30243),(526540, 30632),
(528221, 29880),(528221, 30243),(528221, 30632),(526580, 29880),(526580, 30243),(526580, 30632),(526544, 29880),(526544, 30243),(526544, 30632),
(527542, 29880),(527542, 30243),(527542, 30632),(527524, 29880),(527524, 30243),(527524, 30632),(527491, 29880),(527491, 30243),(527491, 30632),
(528228, 29880),(528228, 30243),(528228, 30632),(500935, 29880),(500935, 30243),(500935, 30632),(500937, 29880),(500937, 30243),(500937, 30632),
(527518, 29880),(527518, 30243),(527518, 30632),(527519, 29880),(527519, 30243),(527519, 30632),(527547, 29880),(527547, 30243),(527547, 30632),
(528233, 29880),(528233, 30243),(528233, 30632),(500942, 29880),(500942, 30243),(500942, 30632),(526563, 29880),(526563, 30243),(526563, 30632),
(526546, 29880),(526546, 30243),(526546, 30632),(526551, 29880),(526551, 30243),(526551, 30632),(526567, 29880),(526567, 30243),(526567, 30632),
(528230, 29880),(528230, 30243),(528230, 30632),(527515, 29880),(527515, 30243),(527515, 30632),(527525, 29880),(527525, 30243),(527525, 30632),
(527534, 29880),(527534, 30243),(527534, 30632),(527523, 29880),(527523, 30243),(527523, 30632),(526582, 29880),(526582, 30243),(526582, 30632),
(526538, 29880),(526538, 30243),(526538, 30632);
UPDATE creature SET id = 0 WHERE guid IN (
527549,527550,526536,527530,527533,528224,527512,527492,526562,526564,527496,526560,527502,526556,526561,526541,528226,526542,528227,
526537,527489,528229,527503,527506,527487,527528,527513,527537,527531,527529,528220,526583,527526,528236,526566,527495,528232,527508,
526569,526570,526568,526590,528231,528222,527494,527507,527527,527539,526572,526559,528235,527517,527520,527521,527516,526584,500910,
500911,500912,500917,500925,500928,500929,526545,526547,527548,527546,500930,527545,526550,527522,528234,526552,527554,526555,527541,
500931,500932,527499,527501,527498,527500,526557,527509,526548,527490,527538,526553,527505,526577,528217,528240,528239,526571,526574,
528219,527536,528238,528218,526565,527504,527493,500934,526539,526540,528221,526580,526544,527542,527524,527491,528228,500935,500937,
527518,527519,527547,528233,500942,526563,526546,526551,526567,528230,527515,527525,527534,527523,526582,526538);
DELETE FROM `creature_spawn_data` WHERE guid IN (
527550,527549,527533,528224,527512,527492,526560,527502,526541,528226,526542,528227,500911,500912,527554,526555);
INSERT INTO `creature_spawn_data` (`guid`, `id`) VALUES 
(527550,80),(527549,80),(527533,80),(528224,80),(527512,80),
(527492,80),(526560,80),(527502,80),(526541,80),(528226,80),
(526542,80),(528227,80),(500911,80),(500912,80),(527554,80),
(526555,80);
-- waypoints
UPDATE creature SET position_x = 8424.43, position_y = 2988.3843, position_z = 613.7777, spawndist = 0, MovementType = 4 WHERE guid = 526549; -- linear
DELETE FROM creature_movement WHERE id IN (526549);
INSERT INTO creature_movement (id, Point, PositionX, PositionY, PositionZ, Orientation, WaitTime, ScriptId) VALUES
(526549,1,8424.43,2988.3843,613.7777,100,1000,0),
(526549,2,8423.807,3001.5005,613.49176,100,0,0),
(526549,3,8423.431,3009.9514,613.1522,100,0,0),
(526549,4,8423.12,3019.0044,607.7332,100,0,0),
(526549,5,8424.625,3029.7542,601.2049,100,0,0),
(526549,6,8426.141,3039.0403,595.55414,100,0,0),
(526549,7,8426.56,3048.603,589.7404,100,0,0),
(526549,8,8426.216,3059.211,588.179,100,1000,0);
-- Groups
-- Group 1a & 1b (alternative spawns)
-- missing spawns added
DELETE FROM creature_addon WHERE guid IN (500943,500944,500945);
DELETE FROM creature_movement WHERE id IN (500943,500944,500945);
DELETE FROM game_event_creature WHERE guid IN (500943,500944,500945);
DELETE FROM game_event_creature_data WHERE guid IN (500943,500944,500945);
DELETE FROM creature_battleground WHERE guid IN (500943,500944,500945);
DELETE FROM creature_linking WHERE guid IN (500943,500944,500945);
DELETE FROM creature where guid IN (500943,500944,500945);
INSERT INTO creature (guid, id, map, spawnMask, phaseMask, position_x, position_y, position_z, orientation, spawntimesecsmin, spawntimesecsmax, spawndist, MovementType) VALUES
(500943,29880,571,1,1,6947.288,4033.0764,538.099,0,300,300,0,0), -- Warrior
(500944,30430,571,1,1,6947.288,4033.0764,538.099,0,300,300,0,0), -- worg
(500945,30632,571,1,1,6947.288,4033.0764,538.099,0,300,300,0,0); -- Magus
DELETE FROM `spawn_group` WHERE id IN (34030,34031);
INSERT INTO `spawn_group` (`Id`, `Name`, `Type`, `MaxCount`, `WorldState`, `Flags`) VALUES
(34030,'Icecrown - Jotunheim - Jotunheim Warrior 29880 | Sentry Worg 30430 - Patrol 1a (shared)', 0, 0, 0, 0),
(34031,'Icecrown - Jotunheim - Mjordin Water Magus 30632 - Patrol 1b (shared)', 0, 0, 0, 0);
DELETE FROM `spawn_group_spawn` WHERE id IN (34030,34031);
INSERT INTO `spawn_group_spawn` (`Id`, `Guid`, `SlotId`) VALUES
(34030, 500943, 0),
(34030, 500944, 1),
(34031, 500945, 0);
DELETE FROM `spawn_group_formation` WHERE id IN (34030,34031);
INSERT INTO `spawn_group_formation` (`Id`, `FormationType`, `FormationSpread`, `FormationOptions`, `PathId`, `MovementType`, `Comment`) VALUES
(34030, 2, 3, 0, 34030, 4,'Icecrown - Jotunheim - Jotunheim Warrior 29880 | Sentry Worg 30430 - Patrol 1a (shared)'), -- linear
(34031, 2, 3, 0, 34031, 4,'Icecrown - Jotunheim - Mjordin Water Magus 30632 - Patrol 1b (shared)'); -- linear
DELETE FROM `waypoint_path` WHERE PathId IN (34030,34031);
INSERT INTO `waypoint_path` (`PathId`, `Point`, `PositionX`, `PositionY`,`PositionZ`, `Orientation`, `WaitTime`, `ScriptId`) VALUES
-- 34030
(34030,1 ,6947.288,4033.0764,538.099,100,1000,0),
(34030,2 ,6954.8794,4005.4075,546.0023,100,0,0),
(34030,3 ,6973.5166,3976.7856,553.53033,100,0,0),
(34030,4 ,6984.841,3968.8057,555.9279,100,0,0),
(34030,5 ,7012.46,3951.92,561.667,100,0,0),
(34030,6 ,7034.08,3947.85,568.431,100,0,0),
(34030,7 ,7056.29,3947.52,575.932,100,0,0),
(34030,8 ,7078.76,3944.64,579.427,100,0,0),
(34030,9 ,7102.694,3950.3547,581.73663,100,0,0),
(34030,10,7124.193,3960.5825,581.86163,100,0,0),
(34030,11,7149.798,3986.8538,582.0918,100,0,0),
(34030,12,7156.867,4014.0479,587.8024,100,0,0),
(34030,13,7165.422,4036.4775,594.81586,100,0,0),
(34030,14,7172.0103,4067.501,604.61365,100,0,0),
(34030,15,7174.4194,4098.1235,614.8806,100,0,0),
(34030,16,7167.616,4133.429,627.9951,100,0,0),
(34030,17,7156.2856,4159.8345,637.11664,100,0,0),
(34030,18,7137.703,4178.5127,646.30206,100,0,0),
(34030,19,7112.0747,4193.854,655.4203,100,0,0),
(34030,20,7087.1147,4208.4946,663.63025,100,1000,0),
-- 34031
(34031,1 ,6947.288,4033.0764,538.099,100,1000,0),
(34031,2 ,6954.8794,4005.4075,546.0023,100,0,0),
(34031,3 ,6973.5166,3976.7856,553.53033,100,0,0),
(34031,4 ,6984.841,3968.8057,555.9279,100,0,0),
(34031,5 ,7012.46,3951.92,561.667,100,0,0),
(34031,6 ,7034.08,3947.85,568.431,100,0,0),
(34031,7 ,7056.29,3947.52,575.932,100,0,0),
(34031,8 ,7078.76,3944.64,579.427,100,0,0),
(34031,9 ,7102.694,3950.3547,581.73663,100,0,0),
(34031,10,7124.193,3960.5825,581.86163,100,0,0),
(34031,11,7149.798,3986.8538,582.0918,100,0,0),
(34031,12,7156.867,4014.0479,587.8024,100,0,0),
(34031,13,7165.422,4036.4775,594.81586,100,0,0),
(34031,14,7172.0103,4067.501,604.61365,100,0,0),
(34031,15,7174.4194,4098.1235,614.8806,100,0,0),
(34031,16,7167.616,4133.429,627.9951,100,0,0),
(34031,17,7156.2856,4159.8345,637.11664,100,0,0),
(34031,18,7137.703,4178.5127,646.30206,100,0,0),
(34031,19,7112.0747,4193.854,655.4203,100,0,0),
(34031,20,7087.1147,4208.4946,663.63025,100,1000,0);
DELETE FROM `waypoint_path_name` WHERE PathId IN (34030,34031);
INSERT INTO `waypoint_path_name` (`PathId`, `Name`) VALUES
(34030,'Icecrown - Jotunheim - Jotunheim Warrior 29880 | Sentry Worg 30430 - Patrol 1a (shared)'),
(34031,'Icecrown - Jotunheim - Mjordin Water Magus 30632 - Patrol 1b (shared)');
-- Jotunheim Warrior 29880 & Njorndar Spear-Sister 30243 - share spawn here
DELETE FROM `creature_spawn_entry` WHERE `guid` IN (500943); 
INSERT INTO `creature_spawn_entry` (`guid`, `entry`) VALUES
(500943, 29880),(500943, 30243);
UPDATE creature SET id = 0 WHERE guid = 500943;
-- Group 2a & 2b (alternative spawns)
-- missing spawns added
DELETE FROM creature_addon WHERE guid IN (500946);
DELETE FROM creature_movement WHERE id IN (500946);
DELETE FROM game_event_creature WHERE guid IN (500946);
DELETE FROM game_event_creature_data WHERE guid IN (500946);
DELETE FROM creature_battleground WHERE guid IN (500946);
DELETE FROM creature_linking WHERE guid IN (500946);
DELETE FROM creature where guid IN (500946);
INSERT INTO creature (guid, id, map, spawnMask, phaseMask, position_x, position_y, position_z, orientation, spawntimesecsmin, spawntimesecsmax, spawndist, MovementType) VALUES
(500946,30632,571,1,1,7039.2515,4460.914,601.29034,0,300,300,0,0); -- Magus
UPDATE creature SET position_x = 7039.2515, position_y = 4460.914, position_z = 601.29034, spawndist = 0, MovementType = 0 WHERE guid IN (526558,527979);
DELETE FROM `spawn_group` WHERE id IN (34032,34033);
INSERT INTO `spawn_group` (`Id`, `Name`, `Type`, `MaxCount`, `WorldState`, `Flags`) VALUES
(34032,'Icecrown - Jotunheim - Jotunheim Warrior 29880 | Sentry Worg 30430 - Patrol 2a (shared)', 0, 0, 0, 0),
(34033,'Icecrown - Jotunheim - Mjordin Water Magus 30632 - Patrol 2b (shared)', 0, 0, 0, 0);
DELETE FROM `spawn_group_spawn` WHERE id IN (34032,34033);
INSERT INTO `spawn_group_spawn` (`Id`, `Guid`, `SlotId`) VALUES
(34032, 526558, 0),
(34032, 527979, 1),
(34033, 500946, 0);
DELETE FROM `spawn_group_formation` WHERE id IN (34032,34033);
INSERT INTO `spawn_group_formation` (`Id`, `FormationType`, `FormationSpread`, `FormationOptions`, `PathId`, `MovementType`, `Comment`) VALUES
(34032, 2, 3, 0, 34032, 2,'Icecrown - Jotunheim - Jotunheim Warrior 29880 | Sentry Worg 30430 - Patrol 2a (shared)'),
(34033, 2, 3, 0, 34033, 2,'Icecrown - Jotunheim - Mjordin Water Magus 30632 - Patrol 2b (shared)');
DELETE FROM `waypoint_path` WHERE PathId IN (34032,34033);
INSERT INTO `waypoint_path` (`PathId`, `Point`, `PositionX`, `PositionY`,`PositionZ`, `Orientation`, `WaitTime`, `ScriptId`) VALUES
-- 34032
(34032,1 ,7039.2515,4460.914,601.29034,100,0,0),
(34032,2 ,7049.823,4469.591,601.26605,100,0,0),
(34032,3 ,7031.9316,4499.6895,601.16254,100,0,0),
(34032,4 ,7005.2036,4499.399,601.16254,100,0,0),
(34032,5 ,6971.97,4497.498,601.16254,100,0,0),
(34032,6 ,6943.354,4496.712,601.16254,100,0,0),
(34032,7 ,6946.4165,4466.235,601.13715,100,0,0),
(34032,8 ,6961.678,4471.642,601.164,100,0,0),
(34032,9 ,6979.747,4468.625,601.73285,100,0,0),
(34032,10,6994.2827,4474.5806,601.16254,100,0,0),
(34032,11,7023.2637,4459.8267,601.9123,100,0,0),
-- 34033
(34033,1 ,7039.2515,4460.914,601.29034,100,0,0),
(34033,2 ,7049.823,4469.591,601.26605,100,0,0),
(34033,3 ,7031.9316,4499.6895,601.16254,100,0,0),
(34033,4 ,7005.2036,4499.399,601.16254,100,0,0),
(34033,5 ,6971.97,4497.498,601.16254,100,0,0),
(34033,6 ,6943.354,4496.712,601.16254,100,0,0),
(34033,7 ,6946.4165,4466.235,601.13715,100,0,0),
(34033,8 ,6961.678,4471.642,601.164,100,0,0),
(34033,9 ,6979.747,4468.625,601.73285,100,0,0),
(34033,10,6994.2827,4474.5806,601.16254,100,0,0),
(34033,11,7023.2637,4459.8267,601.9123,100,0,0);
DELETE FROM `waypoint_path_name` WHERE PathId IN (34032,34033);
INSERT INTO `waypoint_path_name` (`PathId`, `Name`) VALUES
(34032,'Icecrown - Jotunheim - Jotunheim Warrior 29880 | Sentry Worg 30430 - Patrol 2a (shared)'),
(34033,'Icecrown - Jotunheim - Mjordin Water Magus 30632 - Patrol 2b (shared)');
-- Jotunheim Warrior 29880 & Njorndar Spear-Sister 30243 - share spawn here
DELETE FROM `creature_spawn_entry` WHERE `guid` IN (526558); 
INSERT INTO `creature_spawn_entry` (`guid`, `entry`) VALUES
(526558, 29880),(526558, 30243);
UPDATE creature SET id = 0 WHERE guid = 526558;

-- Group 3a & 3b (alternative spawns)
-- missing spawns added
DELETE FROM creature_addon WHERE guid IN (500954,500955,500956);
DELETE FROM creature_movement WHERE id IN (500954,500955,500956);
DELETE FROM game_event_creature WHERE guid IN (500954,500955,500956);
DELETE FROM game_event_creature_data WHERE guid IN (500954,500955,500956);
DELETE FROM creature_battleground WHERE guid IN (500954,500955,500956);
DELETE FROM creature_linking WHERE guid IN (500954,500955,500956);
DELETE FROM creature where guid IN (500954,500955,500956);
INSERT INTO creature (guid, id, map, spawnMask, phaseMask, position_x, position_y, position_z, orientation, spawntimesecsmin, spawntimesecsmax, spawndist, MovementType) VALUES
(500954,29880,571,1,1,7480.2173,3636.1438,623.9903,0,300,300,0,0), -- Warrior
(500955,30430,571,1,1,7480.2173,3636.1438,623.9903,0,300,300,0,0), -- worg
(500956,30632,571,1,1,7480.2173,3636.1438,623.9903,0,300,300,0,0); -- Magus
DELETE FROM `spawn_group` WHERE id IN (34034,34035);
INSERT INTO `spawn_group` (`Id`, `Name`, `Type`, `MaxCount`, `WorldState`, `Flags`) VALUES
(34034,'Icecrown - Jotunheim - Jotunheim Warrior 29880 | Sentry Worg 30430 - Patrol 3a (shared)', 0, 0, 0, 0),
(34035,'Icecrown - Jotunheim - Mjordin Water Magus 30632 - Patrol 3b (shared)', 0, 0, 0, 0);
DELETE FROM `spawn_group_spawn` WHERE id IN (34034,34035);
INSERT INTO `spawn_group_spawn` (`Id`, `Guid`, `SlotId`) VALUES
(34034, 500954, 0),
(34034, 500955, 1),
(34035, 500956, 0);
DELETE FROM `spawn_group_formation` WHERE id IN (34034,34035);
INSERT INTO `spawn_group_formation` (`Id`, `FormationType`, `FormationSpread`, `FormationOptions`, `PathId`, `MovementType`, `Comment`) VALUES
(34034, 2, 3, 0, 34034, 4,'Icecrown - Jotunheim - Jotunheim Warrior 29880 | Sentry Worg 30430 - Patrol 3a (shared)'), -- linear
(34035, 2, 3, 0, 34035, 4,'Icecrown - Jotunheim - Mjordin Water Magus 30632 - Patrol 3b (shared)'); -- linear
DELETE FROM `waypoint_path` WHERE PathId IN (34034,34035);
INSERT INTO `waypoint_path` (`PathId`, `Point`, `PositionX`, `PositionY`,`PositionZ`, `Orientation`, `WaitTime`, `ScriptId`) VALUES
-- 34034
(34034,1 ,7480.2173,3636.1438,623.9903,100,1000,0),
(34034,2 ,7477.0747,3608.1003,632.5031,100,0,0),
(34034,3 ,7465.533,3572.4692,650.7731,100,0,0),
(34034,4 ,7450.3057,3556.6292,660.90063,100,0,0),
(34034,5 ,7439.02,3539.1033,671.53894,100,0,0),
(34034,6 ,7432.172,3517.6401,680.26544,100,0,0),
(34034,7 ,7436.9473,3496.63,685.62366,100,0,0),
(34034,8 ,7441.678,3471.1484,692.91724,100,0,0),
(34034,9 ,7438.4097,3458.7515,699.3296,100,0,0),
(34034,10,7436.3223,3442.0017,707.8479,100,1000,0),
-- 34035
(34035,1 ,7480.2173,3636.1438,623.9903,100,1000,0),
(34035,2 ,7477.0747,3608.1003,632.5031,100,0,0),
(34035,3 ,7465.533,3572.4692,650.7731,100,0,0),
(34035,4 ,7450.3057,3556.6292,660.90063,100,0,0),
(34035,5 ,7439.02,3539.1033,671.53894,100,0,0),
(34035,6 ,7432.172,3517.6401,680.26544,100,0,0),
(34035,7 ,7436.9473,3496.63,685.62366,100,0,0),
(34035,8 ,7441.678,3471.1484,692.91724,100,0,0),
(34035,9 ,7438.4097,3458.7515,699.3296,100,0,0),
(34035,10,7436.3223,3442.0017,707.8479,100,1000,0);
DELETE FROM `waypoint_path_name` WHERE PathId IN (34034,34035);
INSERT INTO `waypoint_path_name` (`PathId`, `Name`) VALUES
(34034,'Icecrown - Jotunheim - Jotunheim Warrior 29880 | Sentry Worg 30430 - Patrol 3a (shared)'),
(34035,'Icecrown - Jotunheim - Mjordin Water Magus 30632 - Patrol 3b (shared)');
-- Jotunheim Warrior 29880 & Njorndar Spear-Sister 30243 - share spawn here
DELETE FROM `creature_spawn_entry` WHERE `guid` IN (500954); 
INSERT INTO `creature_spawn_entry` (`guid`, `entry`) VALUES
(500954, 29880),(500954, 30243);
UPDATE creature SET id = 0 WHERE guid = 500954;

-- Group 4a & 4b (alternative spawns)
-- missing spawns added
DELETE FROM creature_addon WHERE guid IN (500957);
DELETE FROM creature_movement WHERE id IN (500957);
DELETE FROM game_event_creature WHERE guid IN (500957);
DELETE FROM game_event_creature_data WHERE guid IN (500957);
DELETE FROM creature_battleground WHERE guid IN (500957);
DELETE FROM creature_linking WHERE guid IN (500957);
DELETE FROM creature where guid IN (500957);
INSERT INTO creature (guid, id, map, spawnMask, phaseMask, position_x, position_y, position_z, orientation, spawntimesecsmin, spawntimesecsmax, spawndist, MovementType) VALUES
(500957,30632,571,1,1,7550.521,3670.1824,623.4515,0,300,300,0,0); -- Magus
UPDATE creature SET position_x = 7550.521, position_y = 3670.1824, position_z = 623.4515, spawndist = 0, MovementType = 0 WHERE guid IN (527497,527982);
DELETE FROM `spawn_group` WHERE id IN (34036,34037);
INSERT INTO `spawn_group` (`Id`, `Name`, `Type`, `MaxCount`, `WorldState`, `Flags`) VALUES
(34036,'Icecrown - Jotunheim - Jotunheim Warrior 29880 | Sentry Worg 30430 - Patrol 4a (shared)', 0, 0, 0, 0),
(34037,'Icecrown - Jotunheim - Mjordin Water Magus 30632 - Patrol 4b (shared)', 0, 0, 0, 0);
DELETE FROM `spawn_group_spawn` WHERE id IN (34036,34037);
INSERT INTO `spawn_group_spawn` (`Id`, `Guid`, `SlotId`) VALUES
(34036, 527497, 0),
(34036, 527982, 1),
(34037, 500957, 0);
DELETE FROM `spawn_group_formation` WHERE id IN (34036,34037);
INSERT INTO `spawn_group_formation` (`Id`, `FormationType`, `FormationSpread`, `FormationOptions`, `PathId`, `MovementType`, `Comment`) VALUES
(34036, 2, 3, 0, 34036, 2,'Icecrown - Jotunheim - Jotunheim Warrior 29880 | Sentry Worg 30430 - Patrol 4a (shared)'),
(34037, 2, 3, 0, 34037, 2,'Icecrown - Jotunheim - Mjordin Water Magus 30632 - Patrol 4b (shared)');
DELETE FROM `waypoint_path` WHERE PathId IN (34036,34037);
INSERT INTO `waypoint_path` (`PathId`, `Point`, `PositionX`, `PositionY`,`PositionZ`, `Orientation`, `WaitTime`, `ScriptId`) VALUES
-- 34036
(34036,1 ,7550.521,3670.1824,623.4515,100,0,0),
(34036,2 ,7576.5063,3671.6128,624.0765,100,0,0),
(34036,3 ,7597.8735,3671.3806,627.08997,100,0,0),
(34036,4 ,7617.0054,3671.3196,634.5864,100,0,0),
(34036,5 ,7631.741,3667.0461,641.4348,100,0,0),
(34036,6 ,7652.08,3659.7644,650.87744,100,0,0),
(34036,7 ,7675.0645,3659.2566,653.1004,100,0,0),
(34036,8 ,7698.9766,3664.5664,653.1495,100,0,0),
(34036,9 ,7725.453,3670.9062,653.0955,100,0,0),
(34036,10,7737.183,3662.1992,654.8282,100,0,0),
(34036,11,7745.7134,3641.1362,661.25714,100,0,0),
(34036,12,7758.3657,3624.144,662.47375,100,0,0),
(34036,13,7778.828,3613.7207,662.60583,100,0,0),
(34036,14,7797.7197,3604.8152,662.64276,100,0,0),
(34036,15,7825.579,3596.6567,653.61444,100,0,0),
(34036,16,7831.782,3589.347,653.25336,100,0,0),
(34036,17,7830.335,3564.7188,653.1297,100,0,0),
(34036,18,7819.789,3540.0815,653.1297,100,0,0),
(34036,19,7794.421,3513.1982,656.5951,100,0,0),
(34036,20,7775.4688,3485.7693,658.36334,100,0,0),
(34036,21,7746.4297,3459.0942,658.39197,100,0,0),
(34036,22,7714.8223,3444.2695,656.742,100,0,0),
(34036,23,7682.5347,3441.845,655.9457,100,0,0),
(34036,24,7653.2446,3454.9836,656.002,100,0,0),
(34036,25,7633.0103,3476.76,657.9139,100,0,0),
(34036,26,7619.5063,3494.91,656.0075,100,0,0),
(34036,27,7609.7144,3511.221,657.6119,100,0,0),
(34036,28,7598.968,3529.4153,656.0075,100,0,0),
(34036,29,7594.424,3553.6047,655.9443,100,0,0),
(34036,30,7580.459,3574.3564,648.7149,100,0,0),
(34036,31,7557.7847,3600.9746,631.53156,100,0,0),
(34036,32,7537.692,3633.9592,623.4515,100,0,0),
(34036,33,7524.9946,3651.8916,623.4515,100,0,0),
(34036,34,7526.1084,3664.6433,623.4515,100,0,0),
-- 34037
(34037,1 ,7550.521,3670.1824,623.4515,100,0,0),
(34037,2 ,7576.5063,3671.6128,624.0765,100,0,0),
(34037,3 ,7597.8735,3671.3806,627.08997,100,0,0),
(34037,4 ,7617.0054,3671.3196,634.5864,100,0,0),
(34037,5 ,7631.741,3667.0461,641.4348,100,0,0),
(34037,6 ,7652.08,3659.7644,650.87744,100,0,0),
(34037,7 ,7675.0645,3659.2566,653.1004,100,0,0),
(34037,8 ,7698.9766,3664.5664,653.1495,100,0,0),
(34037,9 ,7725.453,3670.9062,653.0955,100,0,0),
(34037,10,7737.183,3662.1992,654.8282,100,0,0),
(34037,11,7745.7134,3641.1362,661.25714,100,0,0),
(34037,12,7758.3657,3624.144,662.47375,100,0,0),
(34037,13,7778.828,3613.7207,662.60583,100,0,0),
(34037,14,7797.7197,3604.8152,662.64276,100,0,0),
(34037,15,7825.579,3596.6567,653.61444,100,0,0),
(34037,16,7831.782,3589.347,653.25336,100,0,0),
(34037,17,7830.335,3564.7188,653.1297,100,0,0),
(34037,18,7819.789,3540.0815,653.1297,100,0,0),
(34037,19,7794.421,3513.1982,656.5951,100,0,0),
(34037,20,7775.4688,3485.7693,658.36334,100,0,0),
(34037,21,7746.4297,3459.0942,658.39197,100,0,0),
(34037,22,7714.8223,3444.2695,656.742,100,0,0),
(34037,23,7682.5347,3441.845,655.9457,100,0,0),
(34037,24,7653.2446,3454.9836,656.002,100,0,0),
(34037,25,7633.0103,3476.76,657.9139,100,0,0),
(34037,26,7619.5063,3494.91,656.0075,100,0,0),
(34037,27,7609.7144,3511.221,657.6119,100,0,0),
(34037,28,7598.968,3529.4153,656.0075,100,0,0),
(34037,29,7594.424,3553.6047,655.9443,100,0,0),
(34037,30,7580.459,3574.3564,648.7149,100,0,0),
(34037,31,7557.7847,3600.9746,631.53156,100,0,0),
(34037,32,7537.692,3633.9592,623.4515,100,0,0),
(34037,33,7524.9946,3651.8916,623.4515,100,0,0),
(34037,34,7526.1084,3664.6433,623.4515,100,0,0);
DELETE FROM `waypoint_path_name` WHERE PathId IN (34036,34037);
INSERT INTO `waypoint_path_name` (`PathId`, `Name`) VALUES
(34036,'Icecrown - Jotunheim - Jotunheim Warrior 29880 | Sentry Worg 30430 - Patrol 4a (shared)'),
(34037,'Icecrown - Jotunheim - Mjordin Water Magus 30632 - Patrol 4b (shared)');
-- Jotunheim Warrior 29880 & Njorndar Spear-Sister 30243 - share spawn here
DELETE FROM `creature_spawn_entry` WHERE `guid` IN (527497); 
INSERT INTO `creature_spawn_entry` (`guid`, `entry`) VALUES
(527497, 29880),(527497, 30243);
UPDATE creature SET id = 0 WHERE guid = 527497;

-- Group 5a & 5b (alternative spawns)
-- missing spawns added
DELETE FROM creature_addon WHERE guid IN (500958);
DELETE FROM creature_movement WHERE id IN (500958);
DELETE FROM game_event_creature WHERE guid IN (500958);
DELETE FROM game_event_creature_data WHERE guid IN (500958);
DELETE FROM creature_battleground WHERE guid IN (500958);
DELETE FROM creature_linking WHERE guid IN (500958);
DELETE FROM creature where guid IN (500958);
INSERT INTO creature (guid, id, map, spawnMask, phaseMask, position_x, position_y, position_z, orientation, spawntimesecsmin, spawntimesecsmax, spawndist, MovementType) VALUES
(500958,30632,571,1,1,7741.632,3682.2378,652.9998,0,300,300,0,0); -- Magus
UPDATE creature SET position_x = 7741.632, position_y = 3682.2378, position_z = 652.9998, spawndist = 0, MovementType = 0 WHERE guid IN (527511,527978);
DELETE FROM `spawn_group` WHERE id IN (34038,34039);
INSERT INTO `spawn_group` (`Id`, `Name`, `Type`, `MaxCount`, `WorldState`, `Flags`) VALUES
(34038,'Icecrown - Jotunheim - Jotunheim Warrior 29880 | Sentry Worg 30430 - Patrol 5a (shared)', 0, 0, 0, 0),
(34039,'Icecrown - Jotunheim - Mjordin Water Magus 30632 - Patrol 5b (shared)', 0, 0, 0, 0);
DELETE FROM `spawn_group_spawn` WHERE id IN (34038,34039);
INSERT INTO `spawn_group_spawn` (`Id`, `Guid`, `SlotId`) VALUES
(34038, 527511, 0),
(34038, 527978, 1),
(34039, 500958, 0);
DELETE FROM `spawn_group_formation` WHERE id IN (34038,34039);
INSERT INTO `spawn_group_formation` (`Id`, `FormationType`, `FormationSpread`, `FormationOptions`, `PathId`, `MovementType`, `Comment`) VALUES
(34038, 2, 3, 0, 34038, 2,'Icecrown - Jotunheim - Jotunheim Warrior 29880 | Sentry Worg 30430 - Patrol 5a (shared)'),
(34039, 2, 3, 0, 34039, 2,'Icecrown - Jotunheim - Mjordin Water Magus 30632 - Patrol 5b (shared)');
DELETE FROM `waypoint_path` WHERE PathId IN (34038,34039);
INSERT INTO `waypoint_path` (`PathId`, `Point`, `PositionX`, `PositionY`,`PositionZ`, `Orientation`, `WaitTime`, `ScriptId`) VALUES
-- 34038
(34038,1 ,7741.632,3682.2378,652.9998,100,0,0),
(34038,2 ,7774.6147,3689.5642,653.1328,100,0,0),
(34038,3 ,7799.4844,3683.8486,653.1328,100,0,0),
(34038,4 ,7813.423,3668.2734,653.1328,100,0,0),
(34038,5 ,7831.8726,3643.1953,653.1328,100,0,0),
(34038,6 ,7846.9663,3622.7766,653.27856,100,0,0),
(34038,7 ,7857.278,3612.1624,649.8423,100,0,0),
(34038,8 ,7870.4473,3607.6926,643.67944,100,0,0),
(34038,9 ,7889.2466,3600.0356,637.0458,100,0,0),
(34038,10,7905.0156,3589.0608,633.67535,100,0,0),
(34038,11,7922.338,3572.333,631.7209,100,0,0),
(34038,12,7943.6284,3559.3008,629.08954,100,0,0),
(34038,13,7958.3193,3553.505,629.08954,100,0,0),
-- 34039
(34039,1 ,7741.632,3682.2378,652.9998,100,0,0),
(34039,2 ,7774.6147,3689.5642,653.1328,100,0,0),
(34039,3 ,7799.4844,3683.8486,653.1328,100,0,0),
(34039,4 ,7813.423,3668.2734,653.1328,100,0,0),
(34039,5 ,7831.8726,3643.1953,653.1328,100,0,0),
(34039,6 ,7846.9663,3622.7766,653.27856,100,0,0),
(34039,7 ,7857.278,3612.1624,649.8423,100,0,0),
(34039,8 ,7870.4473,3607.6926,643.67944,100,0,0),
(34039,9 ,7889.2466,3600.0356,637.0458,100,0,0),
(34039,10,7905.0156,3589.0608,633.67535,100,0,0),
(34039,11,7922.338,3572.333,631.7209,100,0,0),
(34039,12,7943.6284,3559.3008,629.08954,100,0,0),
(34039,13,7958.3193,3553.505,629.08954,100,0,0);
DELETE FROM `waypoint_path_name` WHERE PathId IN (34038,34039);
INSERT INTO `waypoint_path_name` (`PathId`, `Name`) VALUES
(34038,'Icecrown - Jotunheim - Jotunheim Warrior 29880 | Sentry Worg 30430 - Patrol 5a (shared)'),
(34039,'Icecrown - Jotunheim - Mjordin Water Magus 30632 - Patrol 5b (shared)');
-- Jotunheim Warrior 29880 & Njorndar Spear-Sister 30243 - share spawn here
DELETE FROM `creature_spawn_entry` WHERE `guid` IN (527511); 
INSERT INTO `creature_spawn_entry` (`guid`, `entry`) VALUES
(527511, 29880),(527511, 30243);
UPDATE creature SET id = 0 WHERE guid = 527511;

-- Group 6a & 6b (alternative spawns)
-- missing spawns added
DELETE FROM creature_addon WHERE guid IN (500959);
DELETE FROM creature_movement WHERE id IN (500959);
DELETE FROM game_event_creature WHERE guid IN (500959);
DELETE FROM game_event_creature_data WHERE guid IN (500959);
DELETE FROM creature_battleground WHERE guid IN (500959);
DELETE FROM creature_linking WHERE guid IN (500959);
DELETE FROM creature where guid IN (500959);
INSERT INTO creature (guid, id, map, spawnMask, phaseMask, position_x, position_y, position_z, orientation, spawntimesecsmin, spawntimesecsmax, spawndist, MovementType) VALUES
(500959,30632,571,1,1,8378.411,3128.8577,593.0888,0,300,300,0,0); -- Magus
UPDATE creature SET position_x = 8378.411, position_y = 3128.8577, position_z = 593.0888, spawndist = 0, MovementType = 0 WHERE guid IN (526576,527981);
DELETE FROM `spawn_group` WHERE id IN (34040,34041);
INSERT INTO `spawn_group` (`Id`, `Name`, `Type`, `MaxCount`, `WorldState`, `Flags`) VALUES
(34040,'Icecrown - Jotunheim - Jotunheim Warrior 29880 | Sentry Worg 30430 - Patrol 6a (shared)', 0, 0, 0, 0),
(34041,'Icecrown - Jotunheim - Mjordin Water Magus 30632 - Patrol 6b (shared)', 0, 0, 0, 0);
DELETE FROM `spawn_group_spawn` WHERE id IN (34040,34041);
INSERT INTO `spawn_group_spawn` (`Id`, `Guid`, `SlotId`) VALUES
(34040, 526576, 0),
(34040, 527981, 1),
(34041, 500959, 0);
DELETE FROM `spawn_group_formation` WHERE id IN (34040,34041);
INSERT INTO `spawn_group_formation` (`Id`, `FormationType`, `FormationSpread`, `FormationOptions`, `PathId`, `MovementType`, `Comment`) VALUES
(34040, 2, 3, 0, 34040, 4,'Icecrown - Jotunheim - Jotunheim Warrior 29880 | Sentry Worg 30430 - Patrol 6a (shared)'), -- linear
(34041, 2, 3, 0, 34041, 4,'Icecrown - Jotunheim - Mjordin Water Magus 30632 - Patrol 6b (shared)'); -- linear
DELETE FROM `waypoint_path` WHERE PathId IN (34040,34041);
INSERT INTO `waypoint_path` (`PathId`, `Point`, `PositionX`, `PositionY`,`PositionZ`, `Orientation`, `WaitTime`, `ScriptId`) VALUES
-- 34040
(34040,1 ,8378.411,3128.8577,593.0888,100,1000,0),
(34040,2 ,8365.398,3133.6345,597.4497,100,0,0),
(34040,3 ,8351.602,3137.9558,601.90454,100,0,0),
(34040,4 ,8337.999,3143.4912,606.58606,100,0,0),
(34040,5 ,8325.126,3150.3696,611.175,100,0,0),
(34040,6 ,8314,3158.79,615.22345,100,0,0),
(34040,7 ,8309.169,3175.0928,621.05646,100,0,0),
(34040,8 ,8304.135,3195.4658,628.05646,100,0,0),
(34040,9 ,8300.061,3208.8643,632.8612,100,0,0),
(34040,10,8292.486,3230.183,640.86096,100,0,0),
(34040,11,8287.4795,3243.9707,645.8983,100,0,0),
(34040,12,8283.341,3256.4695,650.39465,100,0,0),
(34040,13,8279.403,3272.968,655.0815,100,1000,0),
-- 34041
(34041,1 ,8378.411,3128.8577,593.0888,100,1000,0),
(34041,2 ,8365.398,3133.6345,597.4497,100,0,0),
(34041,3 ,8351.602,3137.9558,601.90454,100,0,0),
(34041,4 ,8337.999,3143.4912,606.58606,100,0,0),
(34041,5 ,8325.126,3150.3696,611.175,100,0,0),
(34041,6 ,8314,3158.79,615.22345,100,0,0),
(34041,7 ,8309.169,3175.0928,621.05646,100,0,0),
(34041,8 ,8304.135,3195.4658,628.05646,100,0,0),
(34041,9 ,8300.061,3208.8643,632.8612,100,0,0),
(34041,10,8292.486,3230.183,640.86096,100,0,0),
(34041,11,8287.4795,3243.9707,645.8983,100,0,0),
(34041,12,8283.341,3256.4695,650.39465,100,0,0),
(34041,13,8279.403,3272.968,655.0815,100,1000,0);
DELETE FROM `waypoint_path_name` WHERE PathId IN (34040,34041);
INSERT INTO `waypoint_path_name` (`PathId`, `Name`) VALUES
(34040,'Icecrown - Jotunheim - Jotunheim Warrior 29880 | Sentry Worg 30430 - Patrol 6a (shared)'),
(34041,'Icecrown - Jotunheim - Mjordin Water Magus 30632 - Patrol 6b (shared)');
-- Jotunheim Warrior 29880 & Njorndar Spear-Sister 30243 - share spawn here
DELETE FROM `creature_spawn_entry` WHERE `guid` IN (526576); 
INSERT INTO `creature_spawn_entry` (`guid`, `entry`) VALUES
(526576, 29880),(526576, 30243);
UPDATE creature SET id = 0 WHERE guid = 526576;

-- Group 7a & 7b (alternative spawns)
-- missing spawns added
DELETE FROM creature_addon WHERE guid IN (500960);
DELETE FROM creature_movement WHERE id IN (500960);
DELETE FROM game_event_creature WHERE guid IN (500960);
DELETE FROM game_event_creature_data WHERE guid IN (500960);
DELETE FROM creature_battleground WHERE guid IN (500960);
DELETE FROM creature_linking WHERE guid IN (500960);
DELETE FROM creature where guid IN (500960);
INSERT INTO creature (guid, id, map, spawnMask, phaseMask, position_x, position_y, position_z, orientation, spawntimesecsmin, spawntimesecsmax, spawndist, MovementType) VALUES
(500960,30632,571,1,1,8102.04,3429.9214,672.3953,0,300,300,0,0); -- Magus
UPDATE creature SET position_x = 8102.04, position_y = 3429.9214, position_z = 672.3953, spawndist = 0, MovementType = 0 WHERE guid IN (527544,527980);
DELETE FROM `spawn_group` WHERE id IN (34042,34043);
INSERT INTO `spawn_group` (`Id`, `Name`, `Type`, `MaxCount`, `WorldState`, `Flags`) VALUES
(34042,'Icecrown - Jotunheim - Jotunheim Warrior 29880 | Sentry Worg 30430 - Patrol 7a (shared)', 0, 0, 0, 0),
(34043,'Icecrown - Jotunheim - Mjordin Water Magus 30632 - Patrol 7b (shared)', 0, 0, 0, 0);
DELETE FROM `spawn_group_spawn` WHERE id IN (34042,34043);
INSERT INTO `spawn_group_spawn` (`Id`, `Guid`, `SlotId`) VALUES
(34042, 527544, 0),
(34042, 527980, 1),
(34043, 500960, 0);
DELETE FROM `spawn_group_formation` WHERE id IN (34042,34043);
INSERT INTO `spawn_group_formation` (`Id`, `FormationType`, `FormationSpread`, `FormationOptions`, `PathId`, `MovementType`, `Comment`) VALUES
(34042, 2, 3, 0, 34042, 2,'Icecrown - Jotunheim - Jotunheim Warrior 29880 | Sentry Worg 30430 - Patrol 7a (shared)'),
(34043, 2, 3, 0, 34043, 2,'Icecrown - Jotunheim - Mjordin Water Magus 30632 - Patrol 7b (shared)');
DELETE FROM `waypoint_path` WHERE PathId IN (34042,34043);
INSERT INTO `waypoint_path` (`PathId`, `Point`, `PositionX`, `PositionY`,`PositionZ`, `Orientation`, `WaitTime`, `ScriptId`) VALUES
-- 34042
(34042,1 ,8102.04,3429.9214,672.3953,100,0,0),
(34042,2 ,8124.2075,3407.0195,672.11896,100,0,0),
(34042,3 ,8141.5815,3385.4001,672.1943,100,0,0),
(34042,4 ,8155.4907,3369.0562,673.0949,100,0,0),
(34042,5 ,8173.046,3359.3013,672.0472,100,0,0),
(34042,6 ,8194.712,3347.221,668.94525,100,0,0),
(34042,7 ,8222.298,3347.4275,659.72626,100,0,0),
(34042,8 ,8235.589,3359.3306,654.7431,100,0,0),
(34042,9 ,8239.908,3373.1956,654.581,100,0,0),
(34042,10,8244.938,3389.4316,655.98505,100,0,0),
(34042,11,8248.082,3408.677,657.17554,100,0,0),
(34042,12,8257.68,3424.4258,658.05054,100,0,0),
(34042,13,8279.169,3442.8403,658.1666,100,0,0),
(34042,14,8300.585,3466.515,658.186,100,0,0),
(34042,15,8311.361,3488.3762,658.10474,100,0,0),
(34042,16,8316.288,3517.3933,657.9937,100,0,0),
(34042,17,8315.741,3542.9915,658.02893,100,0,0),
(34042,18,8310.207,3560.7544,658.02893,100,0,0),
(34042,19,8297.346,3578.3157,658.10675,100,0,0),
(34042,20,8279.648,3595.0496,657.97577,100,0,0),
(34042,21,8252.89,3611.5574,658.0066,100,0,0),
(34042,22,8230.972,3614.7166,658.02167,100,0,0),
(34042,23,8202.245,3613.384,657.98334,100,0,0),
(34042,24,8171.2075,3606.3926,658.1536,100,0,0),
(34042,25,8143.4585,3587.6729,658.1683,100,0,0),
(34042,26,8123.558,3569.1248,658.0942,100,0,0),
(34042,27,8108.0635,3553.7483,658.1384,100,0,0),
(34042,28,8080.303,3538.944,656.00354,100,0,0),
(34042,29,8056.086,3524.6099,656.22235,100,0,0),
(34042,30,8039.6025,3512.8213,655.58307,100,0,0),
(34042,31,8035.454,3499.3572,659.00946,100,0,0),
(34042,32,8041.0835,3485.606,666.3053,100,0,0),
(34042,33,8055.262,3469.0542,672.5792,100,0,0),
(34042,34,8072.616,3457.0203,672.4434,100,0,0),
(34042,35,8087.297,3443.9058,672.0684,100,0,0),
-- 34043
(34043,1 ,8102.04,3429.9214,672.3953,100,0,0),
(34043,2 ,8124.2075,3407.0195,672.11896,100,0,0),
(34043,3 ,8141.5815,3385.4001,672.1943,100,0,0),
(34043,4 ,8155.4907,3369.0562,673.0949,100,0,0),
(34043,5 ,8173.046,3359.3013,672.0472,100,0,0),
(34043,6 ,8194.712,3347.221,668.94525,100,0,0),
(34043,7 ,8222.298,3347.4275,659.72626,100,0,0),
(34043,8 ,8235.589,3359.3306,654.7431,100,0,0),
(34043,9 ,8239.908,3373.1956,654.581,100,0,0),
(34043,10,8244.938,3389.4316,655.98505,100,0,0),
(34043,11,8248.082,3408.677,657.17554,100,0,0),
(34043,12,8257.68,3424.4258,658.05054,100,0,0),
(34043,13,8279.169,3442.8403,658.1666,100,0,0),
(34043,14,8300.585,3466.515,658.186,100,0,0),
(34043,15,8311.361,3488.3762,658.10474,100,0,0),
(34043,16,8316.288,3517.3933,657.9937,100,0,0),
(34043,17,8315.741,3542.9915,658.02893,100,0,0),
(34043,18,8310.207,3560.7544,658.02893,100,0,0),
(34043,19,8297.346,3578.3157,658.10675,100,0,0),
(34043,20,8279.648,3595.0496,657.97577,100,0,0),
(34043,21,8252.89,3611.5574,658.0066,100,0,0),
(34043,22,8230.972,3614.7166,658.02167,100,0,0),
(34043,23,8202.245,3613.384,657.98334,100,0,0),
(34043,24,8171.2075,3606.3926,658.1536,100,0,0),
(34043,25,8143.4585,3587.6729,658.1683,100,0,0),
(34043,26,8123.558,3569.1248,658.0942,100,0,0),
(34043,27,8108.0635,3553.7483,658.1384,100,0,0),
(34043,28,8080.303,3538.944,656.00354,100,0,0),
(34043,29,8056.086,3524.6099,656.22235,100,0,0),
(34043,30,8039.6025,3512.8213,655.58307,100,0,0),
(34043,31,8035.454,3499.3572,659.00946,100,0,0),
(34043,32,8041.0835,3485.606,666.3053,100,0,0),
(34043,33,8055.262,3469.0542,672.5792,100,0,0),
(34043,34,8072.616,3457.0203,672.4434,100,0,0),
(34043,35,8087.297,3443.9058,672.0684,100,0,0);
DELETE FROM `waypoint_path_name` WHERE PathId IN (34042,34043);
INSERT INTO `waypoint_path_name` (`PathId`, `Name`) VALUES
(34042,'Icecrown - Jotunheim - Jotunheim Warrior 29880 | Sentry Worg 30430 - Patrol 7a (shared)'),
(34043,'Icecrown - Jotunheim - Mjordin Water Magus 30632 - Patrol 7b (shared)');
-- Jotunheim Warrior 29880 & Njorndar Spear-Sister 30243 - share spawn here
DELETE FROM `creature_spawn_entry` WHERE `guid` IN (527544); 
INSERT INTO `creature_spawn_entry` (`guid`, `entry`) VALUES
(527544, 29880),(527544, 30243);
UPDATE creature SET id = 0 WHERE guid = 527544;

-- Group 8a & 8b (alternative spawns)
-- missing spawns added
DELETE FROM creature_addon WHERE guid IN (500961,500962);
DELETE FROM creature_movement WHERE id IN (500961,500962);
DELETE FROM game_event_creature WHERE guid IN (500961,500962);
DELETE FROM game_event_creature_data WHERE guid IN (500961,500962);
DELETE FROM creature_battleground WHERE guid IN (500961,500962);
DELETE FROM creature_linking WHERE guid IN (500961,500962);
DELETE FROM creature where guid IN (500961,500962);
INSERT INTO creature (guid, id, map, spawnMask, phaseMask, position_x, position_y, position_z, orientation, spawntimesecsmin, spawntimesecsmax, spawndist, MovementType) VALUES
(500961,29880,571,1,1,7563.729,3674.1204,623.5334,0,300,300,0,0), -- Warrior
(500962,30430,571,1,1,7563.729,3674.1204,623.5334,0,300,300,0,0); -- worg
UPDATE creature SET position_x = 7563.729, position_y = 3674.1204, position_z = 623.5334, spawndist = 0, MovementType = 0 WHERE guid IN (528237);
DELETE FROM `spawn_group` WHERE id IN (34044,34045);
INSERT INTO `spawn_group` (`Id`, `Name`, `Type`, `MaxCount`, `WorldState`, `Flags`) VALUES
(34044,'Icecrown - Jotunheim - Jotunheim Warrior 29880 | Sentry Worg 30430 - Patrol 8a (shared)', 0, 0, 0, 0),
(34045,'Icecrown - Jotunheim - Mjordin Water Magus 30632 - Patrol 8b (shared)', 0, 0, 0, 0);
DELETE FROM `spawn_group_spawn` WHERE id IN (34044,34045);
INSERT INTO `spawn_group_spawn` (`Id`, `Guid`, `SlotId`) VALUES
(34044, 500961, 0),
(34044, 500962, 1),
(34045, 528237, 0);
DELETE FROM `spawn_group_formation` WHERE id IN (34044,34045);
INSERT INTO `spawn_group_formation` (`Id`, `FormationType`, `FormationSpread`, `FormationOptions`, `PathId`, `MovementType`, `Comment`) VALUES
(34044, 2, 3, 0, 34044, 2,'Icecrown - Jotunheim - Jotunheim Warrior 29880 | Sentry Worg 30430 - Patrol 8a (shared)'),
(34045, 2, 3, 0, 34045, 2,'Icecrown - Jotunheim - Mjordin Water Magus 30632 - Patrol 8b (shared)');
DELETE FROM `waypoint_path` WHERE PathId IN (34044,34045);
INSERT INTO `waypoint_path` (`PathId`, `Point`, `PositionX`, `PositionY`,`PositionZ`, `Orientation`, `WaitTime`, `ScriptId`) VALUES
-- 34044
(34044,1 ,7563.729,3674.1204,623.5334,100,0,0),
(34044,2 ,7548.113,3672.6003,623.4515,100,0,0),
(34044,3 ,7523.314,3669.2476,623.4709,100,0,0),
(34044,4 ,7518.803,3654.4302,623.4515,100,0,0),
(34044,5 ,7537.4053,3628.5742,623.4515,100,0,0),
(34044,6 ,7553.907,3598.8574,631.2923,100,0,0),
(34044,7 ,7570.146,3579.887,643.45844,100,0,0),
(34044,8 ,7588.1,3556.591,655.45197,100,0,0),
(34044,9 ,7598.257,3524.9048,656.0075,100,0,0),
(34044,10,7617.047,3492.148,656.0075,100,0,0),
(34044,11,7640.1753,3462.5505,656.002,100,0,0),
(34044,12,7659.5234,3445.5413,656.002,100,0,0),
(34044,13,7681.587,3437.3293,655.9457,100,0,0),
(34044,14,7707.788,3438.419,656.2757,100,0,0),
(34044,15,7727.762,3441.4363,658.1347,100,0,0),
(34044,16,7742.3267,3448.8074,658.39197,100,0,0),
(34044,17,7763.2344,3463.4084,658.39197,100,0,0),
(34044,18,7784.981,3487.9707,658.48834,100,0,0),
(34044,19,7797.076,3506.3398,657.5276,100,0,0),
(34044,20,7818.402,3533.9182,653.1297,100,0,0),
(34044,21,7830.673,3554.5127,653.1297,100,0,0),
(34044,22,7834.2134,3572.6167,653.09344,100,0,0),
(34044,23,7837.086,3595.238,653.09344,100,0,0),
(34044,24,7850.9185,3607.0942,651.4712,100,0,0),
(34044,25,7849.776,3619.5103,652.46655,100,0,0),
(34044,26,7836.7476,3641.0352,653.1711,100,0,0),
(34044,27,7820.2354,3660.3572,653.1328,100,0,0),
(34044,28,7808.022,3676.4688,653.1328,100,0,0),
(34044,29,7795.5845,3687.2231,653.1328,100,0,0),
(34044,30,7776.23,3688.6125,653.1328,100,0,0),
(34044,31,7754.099,3686.0642,653.1248,100,0,0),
(34044,32,7730.208,3677.7253,653.0955,100,0,0),
(34044,33,7715.2954,3672.2375,653.1911,100,0,0),
(34044,34,7697.35,3667.3784,653.1143,100,0,0),
(34044,35,7674.3315,3661.5256,653.1004,100,0,0),
(34044,36,7655.1885,3662.471,651.4238,100,0,0),
(34044,37,7628.0903,3670.886,639.5879,100,0,0),
(34044,38,7612.141,3674.5767,632.501,100,0,0),
(34044,39,7587.3613,3674.625,624.88983,100,0,0),
-- 34045
(34045,1 ,7563.729,3674.1204,623.5334,100,0,0),
(34045,2 ,7548.113,3672.6003,623.4515,100,0,0),
(34045,3 ,7523.314,3669.2476,623.4709,100,0,0),
(34045,4 ,7518.803,3654.4302,623.4515,100,0,0),
(34045,5 ,7537.4053,3628.5742,623.4515,100,0,0),
(34045,6 ,7553.907,3598.8574,631.2923,100,0,0),
(34045,7 ,7570.146,3579.887,643.45844,100,0,0),
(34045,8 ,7588.1,3556.591,655.45197,100,0,0),
(34045,9 ,7598.257,3524.9048,656.0075,100,0,0),
(34045,10,7617.047,3492.148,656.0075,100,0,0),
(34045,11,7640.1753,3462.5505,656.002,100,0,0),
(34045,12,7659.5234,3445.5413,656.002,100,0,0),
(34045,13,7681.587,3437.3293,655.9457,100,0,0),
(34045,14,7707.788,3438.419,656.2757,100,0,0),
(34045,15,7727.762,3441.4363,658.1347,100,0,0),
(34045,16,7742.3267,3448.8074,658.39197,100,0,0),
(34045,17,7763.2344,3463.4084,658.39197,100,0,0),
(34045,18,7784.981,3487.9707,658.48834,100,0,0),
(34045,19,7797.076,3506.3398,657.5276,100,0,0),
(34045,20,7818.402,3533.9182,653.1297,100,0,0),
(34045,21,7830.673,3554.5127,653.1297,100,0,0),
(34045,22,7834.2134,3572.6167,653.09344,100,0,0),
(34045,23,7837.086,3595.238,653.09344,100,0,0),
(34045,24,7850.9185,3607.0942,651.4712,100,0,0),
(34045,25,7849.776,3619.5103,652.46655,100,0,0),
(34045,26,7836.7476,3641.0352,653.1711,100,0,0),
(34045,27,7820.2354,3660.3572,653.1328,100,0,0),
(34045,28,7808.022,3676.4688,653.1328,100,0,0),
(34045,29,7795.5845,3687.2231,653.1328,100,0,0),
(34045,30,7776.23,3688.6125,653.1328,100,0,0),
(34045,31,7754.099,3686.0642,653.1248,100,0,0),
(34045,32,7730.208,3677.7253,653.0955,100,0,0),
(34045,33,7715.2954,3672.2375,653.1911,100,0,0),
(34045,34,7697.35,3667.3784,653.1143,100,0,0),
(34045,35,7674.3315,3661.5256,653.1004,100,0,0),
(34045,36,7655.1885,3662.471,651.4238,100,0,0),
(34045,37,7628.0903,3670.886,639.5879,100,0,0),
(34045,38,7612.141,3674.5767,632.501,100,0,0),
(34045,39,7587.3613,3674.625,624.88983,100,0,0);
DELETE FROM `waypoint_path_name` WHERE PathId IN (34044,34045);
INSERT INTO `waypoint_path_name` (`PathId`, `Name`) VALUES
(34044,'Icecrown - Jotunheim - Jotunheim Warrior 29880 | Sentry Worg 30430 - Patrol 8a (shared)'),
(34045,'Icecrown - Jotunheim - Mjordin Water Magus 30632 - Patrol 8b (shared)');
-- Jotunheim Warrior 29880 & Njorndar Spear-Sister 30243 - share spawn here
DELETE FROM `creature_spawn_entry` WHERE `guid` IN (500961); 
INSERT INTO `creature_spawn_entry` (`guid`, `entry`) VALUES
(500961, 29880),(500961, 30243);
UPDATE creature SET id = 0 WHERE guid = 500961;
-- randomization of groups
DELETE FROM worldstate_name WHERE Id BETWEEN 350001 AND 350008; 
INSERT INTO worldstate_name (Id, Name) VALUES
(350001,'Icecrown - Jotunheim - Patrol 1 (shared)'),
(350002,'Icecrown - Jotunheim - Patrol 2 (shared)'),
(350003,'Icecrown - Jotunheim - Patrol 3 (shared)'),
(350004,'Icecrown - Jotunheim - Patrol 4 (shared)'),
(350005,'Icecrown - Jotunheim - Patrol 5 (shared)'),
(350006,'Icecrown - Jotunheim - Patrol 6 (shared)'),
(350007,'Icecrown - Jotunheim - Patrol 7 (shared)'),
(350008,'Icecrown - Jotunheim - Patrol 8 (shared)');
DELETE FROM conditions WHERE condition_entry BETWEEN 25000 AND 25015; 
INSERT INTO conditions(condition_entry, type, value1, value2, value3) VALUES
(25000,42,350001,1,0),
(25001,42,350001,1,1),
(25002,42,350002,1,0),
(25003,42,350002,1,1),
(25004,42,350003,1,0),
(25005,42,350003,1,1),
(25006,42,350004,1,0),
(25007,42,350004,1,1),
(25008,42,350005,1,0),
(25009,42,350005,1,1),
(25010,42,350006,1,0),
(25011,42,350006,1,1),
(25012,42,350007,1,0),
(25013,42,350007,1,1),
(25014,42,350008,1,0),
(25015,42,350008,1,1);
UPDATE spawn_group SET WorldState=25000 WHERE Id IN(34030);
UPDATE spawn_group SET WorldState=25001 WHERE Id IN(34031);
UPDATE spawn_group SET WorldState=25002 WHERE Id IN(34032);
UPDATE spawn_group SET WorldState=25003 WHERE Id IN(34033);
UPDATE spawn_group SET WorldState=25004 WHERE Id IN(34034);
UPDATE spawn_group SET WorldState=25005 WHERE Id IN(34035);
UPDATE spawn_group SET WorldState=25006 WHERE Id IN(34036);
UPDATE spawn_group SET WorldState=25007 WHERE Id IN(34037);
UPDATE spawn_group SET WorldState=25008 WHERE Id IN(34038);
UPDATE spawn_group SET WorldState=25009 WHERE Id IN(34039);
UPDATE spawn_group SET WorldState=25010 WHERE Id IN(34040);
UPDATE spawn_group SET WorldState=25011 WHERE Id IN(34041);
UPDATE spawn_group SET WorldState=25012 WHERE Id IN(34042);
UPDATE spawn_group SET WorldState=25013 WHERE Id IN(34043);
UPDATE spawn_group SET WorldState=25014 WHERE Id IN(34044);
UPDATE spawn_group SET WorldState=25015 WHERE Id IN(34045);

-- Slumbering Mjordin 30718
-- missing spawns added
DELETE FROM creature_addon WHERE guid BETWEEN 500963 AND 500974;
DELETE FROM creature_movement WHERE id BETWEEN 500963 AND 500974;
DELETE FROM game_event_creature WHERE guid BETWEEN 500963 AND 500974;
DELETE FROM game_event_creature_data WHERE guid BETWEEN 500963 AND 500974;
DELETE FROM creature_battleground WHERE guid BETWEEN 500963 AND 500974;
DELETE FROM creature_linking WHERE guid BETWEEN 500963 AND 500974;
DELETE FROM creature where guid BETWEEN 500963 AND 500974;
INSERT INTO creature (guid, id, map, spawnMask, phaseMask, position_x, position_y, position_z, orientation, spawntimesecsmin, spawntimesecsmax, spawndist, MovementType) VALUES
(500963,30718,571,1,1,7228.1343,3910.7305,593.3678,4.1015,300,300,0,0),
(500964,30718,571,1,1,7256.1436,3814.255,606.1191,5.4803338,300,300,0,0),
(500965,30718,571,1,1,7328.5337,3868.3901,605.94226,4.014257,300,300,0,0),
(500966,30718,571,1,1,7337.2837,3850.9163,606.1136,2.373647,300,300,0,0),
(500967,30718,571,1,1,7363.137,3795.6848,617.5501,2.373647,300,300,0,0),
(500968,30718,571,1,1,7309.655,3753.4766,617.92737,0.80285,300,300,0,0),
(500969,30718,571,1,1,7371.807,3805.6824,617.53253,2.44346,300,300,0,0),
(500970,30718,571,1,1,7334.96,3764.1328,617.6714,2.35619,300,300,0,0),
(500971,30718,571,1,1,7392.782,3766.0078,617.3804,2.51327,300,300,0,0),
(500972,30718,571,1,1,7448.553,3733.3525,628.0391,4.118977,300,300,0,0),
(500973,30718,571,1,1,7451.7173,3722.6243,628.963,2.530727,300,300,0,0),
(500974,30718,571,1,1,7426.8223,3700.2249,628.2997,2.530727,300,300,0,0);
UPDATE creature SET position_x = 7197.6587, position_y = 3874.746, position_z = 592.7574, orientation = 1.04719, spawndist = 0, MovementType = 0 WHERE guid IN (528378);
DELETE FROM `spawn_group` WHERE id IN (34046);
INSERT INTO `spawn_group` (`Id`, `Name`, `Type`, `MaxCount`, `WorldState`, `Flags`) VALUES
(34046,'Icecrown - Jotunheim - Slumbering Mjordin 30718', 0, 21, 0, 0);
DELETE FROM `spawn_group_spawn` WHERE id IN (34046);
INSERT INTO `spawn_group_spawn` (`Id`, `Guid`, `SlotId`) VALUES
(34046, 500963, -1),(34046, 500964, -1),(34046, 500965, -1),(34046, 500966, -1),(34046, 500967, -1),
(34046, 500968, -1),(34046, 500969, -1),(34046, 500970, -1),(34046, 500971, -1),(34046, 500972, -1),
(34046, 500973, -1),(34046, 500974, -1),(34046, 528372, -1),(34046, 528373, -1),(34046, 528374, -1),
(34046, 528375, -1),(34046, 528376, -1),(34046, 528377, -1),(34046, 528378, -1),(34046, 528379, -1),
(34046, 528380, -1),(34046, 528381, -1),(34046, 528382, -1),(34046, 528383, -1),(34046, 528384, -1),
(34046, 528385, -1),(34046, 528386, -1),(34046, 528387, -1),(34046, 528388, -1),(34046, 528389, -1),
(34046, 528390, -1),(34046, 528391, -1),(34046, 528392, -1),(34046, 528393, -1),(34046, 528394, -1),
(34046, 528395, -1),(34046, 528396, -1),(34046, 528397, -1),(34046, 528398, -1),(34046, 528399, -1),
(34046, 528400, -1),(34046, 528401, -1);

-- Jotunheim Sleep-Watcher 30725
DELETE FROM creature_addon WHERE guid IN(SELECT guid FROM creature WHERE id = 30725);
DELETE FROM creature_template_addon WHERE entry IN (30725);
INSERT INTO creature_template_addon (entry,mount,stand_state,sheath_state,pvp_flags,emote,moveflags,auras) VALUES
(30725,0,0,1,0,0,0,NULL);
UPDATE creature SET position_x = 7207.5376, position_y = 3893.7627, position_z = 592.43097, orientation = 1.989675, spawndist = 0, MovementType = 0 WHERE guid = 528408;
UPDATE creature SET position_x = 7231.7944, position_y = 3864.9102, position_z = 593.8007, orientation = 4.555309, spawndist = 0, MovementType = 0 WHERE guid = 528409;
UPDATE creature SET position_x = 7249.9897, position_y = 3882.3264, position_z = 593.8582, orientation = 1.50098, spawndist = 0, MovementType = 0 WHERE guid = 528410;
UPDATE creature SET position_x = 7268.9985, position_y = 3803.5378, position_z = 604.1356, orientation = 0.157079, spawndist = 0, MovementType = 0 WHERE guid = 528405;
UPDATE creature SET position_x = 7315.8696, position_y = 3854.0364, position_z = 603.9604, orientation = 4.485496, spawndist = 0, MovementType = 0 WHERE guid = 528404;
UPDATE creature SET position_x = 7356.817, position_y = 3808.5703, position_z = 616.1264, orientation = 5.00909, spawndist = 0, MovementType = 0 WHERE guid = 528411;
UPDATE creature SET position_x = 7318.934, position_y = 3764.619, position_z = 616.1219, orientation = 1.588249, spawndist = 0, MovementType = 0 WHERE guid = 528406;
UPDATE creature SET position_x = 7377.2847, position_y = 3772.4158, position_z = 615.93695, orientation = 0.994837, spawndist = 0, MovementType = 0 WHERE guid = 528407;
UPDATE creature SET position_x = 7362.8647, position_y = 3753.513, position_z = 615.91705, orientation = 4.118977, spawndist = 0, MovementType = 0 WHERE guid = 528412;
UPDATE creature SET position_x = 7416.9487, position_y = 3715.0205, position_z = 626.607, orientation = 4.380776, spawndist = 0, MovementType = 0 WHERE guid = 528403;
UPDATE creature SET position_x = 7433.483, position_y = 3731.6494, position_z = 626.6727, orientation = 0.261799, spawndist = 0, MovementType = 0 WHERE guid = 528402;
DELETE FROM dbscripts_on_relay WHERE id = 20836;
INSERT INTO dbscripts_on_relay (id, delay, command, datalong, datalong2, datalong3, buddy_entry, search_radius, data_flags, dataint, dataint2, dataint3, dataint4, x, y, z, o, comments) VALUES
(20836,1,37,0,0,1,0,0,2,0,0,0,0,0,0,0,0,'Part of Jotunheim Sleep-Watcher 30725 EAI: move towards target'),
(20836,10000,1,69,0,0,0,0,2,0,0,0,0,0,0,0,0,'Part of Jotunheim Sleep-Watcher 30725 EAI: emote'),
(20836,17000,1,0,0,0,0,0,2,0,0,0,0,0,0,0,0,'Part of Jotunheim Sleep-Watcher 30725 EAI: reset emote'),
(20836,18000,3,0,0,0,0,0,2,1,0,0,0,0,0,0,0,'Part of Jotunheim Sleep-Watcher 30725 EAI: move home'),
(20836,25000,35,6,0,0,0,0,6,0,0,0,0,0,0,0,0,'Part of Jotunheim Sleep-Watcher 30725 EAI: send event 6');

-- The Bone Witch 30232
DELETE FROM creature_addon WHERE guid IN(SELECT guid FROM creature WHERE id = 30232);
DELETE FROM creature_template_addon WHERE entry IN (30232);
INSERT INTO creature_template_addon (entry,mount,stand_state,sheath_state,pvp_flags,emote,moveflags,auras) VALUES
(30232,0,0,1,0,0,0,58102);

-- Nergeld 30403
UPDATE creature SET position_x = 8039.9585, position_y = 3351.0393, position_z = 632.47876, orientation = 3.94444417, spawndist = 0, MovementType = 0 WHERE id = 30403;
DELETE FROM creature_addon WHERE guid IN(SELECT guid FROM creature WHERE id = 30403);
DELETE FROM creature_template_addon WHERE entry IN (30403);
INSERT INTO creature_template_addon (entry,mount,stand_state,sheath_state,pvp_flags,emote,moveflags,auras) VALUES
(30403,0,0,1,0,0,0,59037);

-- Valhalas Vargul 30250
UPDATE creature SET position_x = 8247.937, position_y = 3424.2532, position_z = 658.17554, spawndist = 0, MovementType = 4 WHERE guid = 527563; -- linear
DELETE FROM creature_movement WHERE id IN (527563);
INSERT INTO creature_movement (id, Point, PositionX, PositionY, PositionZ, Orientation, WaitTime, ScriptId) VALUES
(527563,1 ,8247.937,3424.2532,658.17554,100,1000,0),
(527563,2 ,8268.671,3443.1438,658.0845,100,0,0),
(527563,3 ,8288.893,3464.6099,658.062,100,0,0),
(527563,4 ,8304.513,3484.9348,658.10474,100,0,0),
(527563,5 ,8311.431,3516.7896,658.16656,100,0,0),
(527563,6 ,8307.193,3554.1223,657.9718,100,0,0),
(527563,7 ,8287.468,3578.7578,658.0479,100,0,0),
(527563,8 ,8270.487,3594.1091,657.85077,100,0,0),
(527563,9 ,8247.259,3605.39,657.9658,100,0,0),
(527563,10,8222.747,3608.3455,658.02167,100,0,0),
(527563,11,8196.831,3606.0374,657.9609,100,0,0),
(527563,12,8171.9585,3599.996,658.13556,100,0,0),
(527563,13,8153.0815,3587.6025,658.1683,100,0,0),
(527563,14,8134.4175,3571.2747,658.0433,100,0,0),
(527563,15,8116.798,3553.5198,658.1261,100,0,0),
(527563,16,8099.4854,3542.7004,656.9408,100,0,0),
(527563,17,8083.2944,3535.3555,656.12854,100,1000,0);

-- Geirrvif 31135
UPDATE creature SET position_x = 8216.27, position_y = 3516.211, position_z = 630.8689, orientation = 3.804817, spawndist = 0, MovementType = 0 WHERE id = 31135;
DELETE FROM `creature_spawn_data` WHERE guid IN (529605);
INSERT INTO `creature_spawn_data` (`guid`, `id`) VALUES 
(529605,20056);

-- Prince Sandoval 14688
-- summoned via quest
DELETE FROM creature_addon WHERE guid IN(SELECT guid FROM creature WHERE id = 14688);
DELETE FROM creature_movement WHERE id IN(SELECT guid FROM creature WHERE id = 14688);
DELETE FROM game_event_creature WHERE guid IN(SELECT guid FROM creature WHERE id = 14688);
DELETE FROM game_event_creature_data WHERE guid IN(SELECT guid FROM creature WHERE id = 14688);
DELETE FROM creature_battleground WHERE guid IN(SELECT guid FROM creature WHERE id = 14688);
DELETE FROM creature_linking WHERE guid IN(SELECT guid FROM creature WHERE id = 14688);
DELETE FROM creature where id = 14688;

-- Ebon Blade Prisoner 30186
-- Ebon Blade Prisoner 30194
-- Ebon Blade Prisoner 30195
-- Ebon Blade Prisoner 30196
-- missing spawns added
DELETE FROM creature_addon WHERE guid BETWEEN 500975 AND 500976;
DELETE FROM creature_movement WHERE id BETWEEN 500975 AND 500976;
DELETE FROM game_event_creature WHERE guid BETWEEN 500975 AND 500976;
DELETE FROM game_event_creature_data WHERE guid BETWEEN 500975 AND 500976;
DELETE FROM creature_battleground WHERE guid BETWEEN 500975 AND 500976;
DELETE FROM creature_linking WHERE guid BETWEEN 500975 AND 500976;
DELETE FROM creature where guid BETWEEN 500975 AND 500976;
INSERT INTO creature (guid, id, map, spawnMask, phaseMask, position_x, position_y, position_z, orientation, spawntimesecsmin, spawntimesecsmax, spawndist, MovementType) VALUES
(500975,30186,571,1,1,7047.312,3978.9033,535.4813,1.675516,300,300,0,0),
(500976,30186,571,1,1,6789.738,3993.809,616.0507,6.05629,300,300,0,0);
DELETE FROM creature_addon WHERE guid IN(SELECT guid FROM creature WHERE id IN(30186,30194,30195,30196));
UPDATE creature_template SET UnitFlags = 512 WHERE entry IN(30186,30194,30195,30196);
-- they all share spawn points
-- some share spawn points
-- Ebon Blade Prisoner 30186 / 30194 / 30195 / 30196
DELETE FROM `creature_spawn_entry` WHERE `guid` IN (
527319,527320,527321,527322,527323,527324,527325,527326,527327,527366,527367,527368,527369,527370,527371,527372,
527373,527374,527375,527376,527377,527378,527379,527380,527381,527382,527383,527384,527385,527386,527387,527388,
527389,527390,527391,527392,527393,527394,527395,527396,527397,527398,527399,527400,527401,527402,500975,500976);
INSERT INTO `creature_spawn_entry` (`guid`, `entry`) VALUES
(527319, 30186),(527319, 30194),(527319, 30195),(527319, 30196),
(527320, 30186),(527320, 30194),(527320, 30195),(527320, 30196),
(527321, 30186),(527321, 30194),(527321, 30195),(527321, 30196),
(527322, 30186),(527322, 30194),(527322, 30195),(527322, 30196),
(527323, 30186),(527323, 30194),(527323, 30195),(527323, 30196),
(527324, 30186),(527324, 30194),(527324, 30195),(527324, 30196),
(527325, 30186),(527325, 30194),(527325, 30195),(527325, 30196),
(527326, 30186),(527326, 30194),(527326, 30195),(527326, 30196),
(527327, 30186),(527327, 30194),(527327, 30195),(527327, 30196),
(527366, 30186),(527366, 30194),(527366, 30195),(527366, 30196),
(527367, 30186),(527367, 30194),(527367, 30195),(527367, 30196),
(527368, 30186),(527368, 30194),(527368, 30195),(527368, 30196),
(527369, 30186),(527369, 30194),(527369, 30195),(527369, 30196),
(527370, 30186),(527370, 30194),(527370, 30195),(527370, 30196),
(527371, 30186),(527371, 30194),(527371, 30195),(527371, 30196),
(527372, 30186),(527372, 30194),(527372, 30195),(527372, 30196),
(527373, 30186),(527373, 30194),(527373, 30195),(527373, 30196),
(527374, 30186),(527374, 30194),(527374, 30195),(527374, 30196),
(527375, 30186),(527375, 30194),(527375, 30195),(527375, 30196),
(527376, 30186),(527376, 30194),(527376, 30195),(527376, 30196),
(527377, 30186),(527377, 30194),(527377, 30195),(527377, 30196),
(527378, 30186),(527378, 30194),(527378, 30195),(527378, 30196),
(527379, 30186),(527379, 30194),(527379, 30195),(527379, 30196),
(527380, 30186),(527380, 30194),(527380, 30195),(527380, 30196),
(527381, 30186),(527381, 30194),(527381, 30195),(527381, 30196),
(527382, 30186),(527382, 30194),(527382, 30195),(527382, 30196),
(527383, 30186),(527383, 30194),(527383, 30195),(527383, 30196),
(527384, 30186),(527384, 30194),(527384, 30195),(527384, 30196),
(527385, 30186),(527385, 30194),(527385, 30195),(527385, 30196),
(527386, 30186),(527386, 30194),(527386, 30195),(527386, 30196),
(527387, 30186),(527387, 30194),(527387, 30195),(527387, 30196),
(527388, 30186),(527388, 30194),(527388, 30195),(527388, 30196),
(527389, 30186),(527389, 30194),(527389, 30195),(527389, 30196),
(527390, 30186),(527390, 30194),(527390, 30195),(527390, 30196),
(527391, 30186),(527391, 30194),(527391, 30195),(527391, 30196),
(527392, 30186),(527392, 30194),(527392, 30195),(527392, 30196),
(527393, 30186),(527393, 30194),(527393, 30195),(527393, 30196),
(527394, 30186),(527394, 30194),(527394, 30195),(527394, 30196),
(527395, 30186),(527395, 30194),(527395, 30195),(527395, 30196),
(527396, 30186),(527396, 30194),(527396, 30195),(527396, 30196),
(527397, 30186),(527397, 30194),(527397, 30195),(527397, 30196),
(527398, 30186),(527398, 30194),(527398, 30195),(527398, 30196),
(527399, 30186),(527399, 30194),(527399, 30195),(527399, 30196),
(527400, 30186),(527400, 30194),(527400, 30195),(527400, 30196),
(527401, 30186),(527401, 30194),(527401, 30195),(527401, 30196),
(527402, 30186),(527402, 30194),(527402, 30195),(527402, 30196),
(500975, 30186),(500975, 30194),(500975, 30195),(500975, 30196),
(500976, 30186),(500976, 30194),(500976, 30195),(500976, 30196);
UPDATE creature SET id = 0 WHERE guid IN (
527319,527320,527321,527322,527323,527324,527325,527326,527327,527366,527367,527368,527369,527370,527371,527372,
527373,527374,527375,527376,527377,527378,527379,527380,527381,527382,527383,527384,527385,527386,527387,527388,
527389,527390,527391,527392,527393,527394,527395,527396,527397,527398,527399,527400,527401,527402,500975,500976);

-- Hildana Deathstealer 32495
-- duplicates
DELETE FROM creature_addon WHERE guid BETWEEN 532605 AND 532606;
DELETE FROM creature_movement WHERE id BETWEEN 532605 AND 532606;
DELETE FROM game_event_creature WHERE guid BETWEEN 532605 AND 532606;
DELETE FROM game_event_creature_data WHERE guid BETWEEN 532605 AND 532606;
DELETE FROM creature_battleground WHERE guid BETWEEN 532605 AND 532606;
DELETE FROM creature_linking WHERE guid BETWEEN 532605 AND 532606;
DELETE FROM creature where guid BETWEEN 532605 AND 532606;
DELETE FROM pool_creature_template WHERE id = 32495;
DELETE FROM pool_template WHERE entry = 1085;
DELETE FROM spawn_group WHERE id = 34047;
INSERT INTO spawn_group (Id, Name, Type, MaxCount, WorldState, Flags) VALUES
(34047, 'Icecrown - Hildana Deathstealer 32495 - RARE', 0, 1, 0, 0);
DELETE FROM spawn_group_spawn WHERE id = 34047;
INSERT INTO spawn_group_spawn (Id, Guid, SlotId) VALUES
(34047, 532607, -1), -- missing wps
(34047, 532608, -1); -- missing wps
UPDATE creature SET spawntimesecsmin = 43200, spawntimesecsmax = 43200 WHERE id = 32495;

-- Jotunheim Proto-Drake Rider 30332
-- part of vehicle
DELETE FROM creature_addon WHERE guid IN(SELECT guid FROM creature WHERE id = 30332);
DELETE FROM creature_movement WHERE id IN(SELECT guid FROM creature WHERE id = 30332);
DELETE FROM game_event_creature WHERE guid IN(SELECT guid FROM creature WHERE id = 30332);
DELETE FROM game_event_creature_data WHERE guid IN(SELECT guid FROM creature WHERE id = 30332);
DELETE FROM creature_battleground WHERE guid IN(SELECT guid FROM creature WHERE id = 30332);
DELETE FROM creature_linking WHERE guid IN(SELECT guid FROM creature WHERE id = 30332);
DELETE FROM creature where id = 30332;
UPDATE creature_template_addon SET mount = 0 WHERE entry = 30332;
UPDATE creature_template SET UnitFlags = 33587200 WHERE entry = 30332;

-- Jotunheim Proto-Drake 30330
DELETE FROM creature_addon WHERE guid IN(SELECT guid FROM creature WHERE id = 30330);
DELETE FROM creature_movement WHERE id IN(SELECT guid FROM creature WHERE id = 30330);
DELETE FROM game_event_creature WHERE guid IN(SELECT guid FROM creature WHERE id = 30330);
DELETE FROM game_event_creature_data WHERE guid IN(SELECT guid FROM creature WHERE id = 30330);
DELETE FROM creature_battleground WHERE guid IN(SELECT guid FROM creature WHERE id = 30330);
DELETE FROM creature_linking WHERE guid IN(SELECT guid FROM creature WHERE id = 30330);
DELETE FROM creature where id = 30330;
UPDATE creature_template SET StaticFlags1 = 2147483648, StaticFlags2 = 2099200, StaticFlags3 = 1 WHERE entry = 30330;
-- All Redone
DELETE FROM creature_addon WHERE guid IN (
500545,500977,500978,500979,500980,500981,500982,524800,524801,524805,524807,524811,524815,524817,524818,524824,524832,524834,524837,524839);
DELETE FROM creature_movement WHERE id IN (
500545,500977,500978,500979,500980,500981,500982,524800,524801,524805,524807,524811,524815,524817,524818,524824,524832,524834,524837,524839);
DELETE FROM game_event_creature WHERE guid IN (
500545,500977,500978,500979,500980,500981,500982,524800,524801,524805,524807,524811,524815,524817,524818,524824,524832,524834,524837,524839);
DELETE FROM game_event_creature_data WHERE guid IN (
500545,500977,500978,500979,500980,500981,500982,524800,524801,524805,524807,524811,524815,524817,524818,524824,524832,524834,524837,524839);
DELETE FROM creature_battleground WHERE guid IN (
500545,500977,500978,500979,500980,500981,500982,524800,524801,524805,524807,524811,524815,524817,524818,524824,524832,524834,524837,524839);
DELETE FROM creature_linking WHERE guid IN (
500545,500977,500978,500979,500980,500981,500982,524800,524801,524805,524807,524811,524815,524817,524818,524824,524832,524834,524837,524839);
DELETE FROM creature where guid IN (
500545,500977,500978,500979,500980,500981,500982,524800,524801,524805,524807,524811,524815,524817,524818,524824,524832,524834,524837,524839);
INSERT INTO creature (guid, id, map, spawnMask, phaseMask, position_x, position_y, position_z, orientation, spawntimesecsmin, spawntimesecsmax, spawndist, MovementType) VALUES
(500545,30330,571,1,1,8076.9565,3733.3315,626.7083,0,300,300,0,3),
(500977,30330,571,1,1,8098.1406,3781.8003,605.78046,0,300,300,0,3),
(500978,30330,571,1,1,7861.8438,3749.5876,678.1712,0,300,300,0,3),
(500979,30330,571,1,1,8147.2256,3785.2708,630.08057,0,300,300,0,3),
(500980,30330,571,1,1,7911.9263,3852.8125,631.438,0,300,300,0,3),
(500981,30330,571,1,1,8246.243,3713.8186,623.65344,0,300,300,0,3),
(500982,30330,571,1,1,7950.1606,3592.424,676.1565,0,300,300,0,3),
(524800,30330,571,1,1,7963.5537,3848.924,617.1437,0,300,300,0,3),
(524801,30330,571,1,1,8064.4517,3764.875,612.95264,0,300,300,0,3),
(524805,30330,571,1,1,8218.706,3705.319,617.3885,0,300,300,0,3),
(524807,30330,571,1,1,8393.702,3497.5889,650.03503,0,300,300,0,3),
(524811,30330,571,1,1,8429.989,3545.4531,641.22766,0,300,300,0,3),
(524815,30330,571,1,1,8580.026,3402.9797,652.16675,0,300,300,0,3),
(524817,30330,571,1,1,8509.931,3501.3547,641.97516,0,300,300,0,3),
(524818,30330,571,1,1,8514.821,3458.9602,625.0089,0,300,300,0,3),
(524824,30330,571,1,1,8505.301,3287.5818,611.59656,0,300,300,0,3),
(524832,30330,571,1,1,8501.241,3393.4092,613.98517,0,300,300,0,3),
(524834,30330,571,1,1,8450.622,3348.7673,625.80316,0,300,300,0,3),
(524837,30330,571,1,1,8427.4375,3246.9202,625.31226,0,300,300,0,3),
(524839,30330,571,1,1,8534.201,3488.0803,626.8337,0,300,300,0,3);
DELETE FROM creature_movement WHERE id IN (
500545,500977,500978,500979,500980,500981,500982,524800,524801,524805,524807,524811,524815,524817,524818,524824,524832,524834,524837,524839);
INSERT INTO creature_movement (id, Point, PositionX, PositionY, PositionZ, Orientation, WaitTime, ScriptId) VALUES
-- 500545
(500545,1 ,8076.9565,3733.3315,626.7083,100,0,0),
(500545,2 ,8165.1753,3691.7153,626.7083,100,0,0),
(500545,3 ,8211.841,3727.783,626.7083  ,100,0,0),
(500545,4 ,8198.333,3770.7144,626.7083 ,100,0,0),
(500545,5 ,8158.276,3793.9207,626.7083 ,100,0,0),
(500545,6 ,8112.1875,3785.062,626.7083 ,100,0,0),
(500545,7 ,8078.4263,3755.8372,626.7083,100,0,0),
(500545,8 ,8021.26,3724.9363,626.7083  ,100,0,0),
(500545,9 ,7975.893,3719.5637,626.7083 ,100,0,0),
(500545,10,7937.528,3742.615,626.7083  ,100,0,0),
(500545,11,7938.231,3786.9446,626.7083 ,100,0,0),
(500545,12,7967.288,3825.8416,626.7083 ,100,0,0),
(500545,13,8026.3794,3825.0938,626.7083,100,0,0),
-- 500977
(500977,1,8098.1406,3781.8003,605.78046,100,0,0),
(500977,2,8024.817,3787.471,605.78046  ,100,0,0),
(500977,3,8002.046,3768.6848,605.78046 ,100,0,0),
(500977,4,7995.788,3748.941,605.78046  ,100,0,0),
(500977,5,8015.2056,3716.1887,605.78046,100,0,0),
(500977,6,8060.057,3714.039,605.78046  ,100,0,0),
(500977,7,8099.137,3726.7434,605.78046 ,100,0,0),
(500977,8,8112.5693,3756.3594,605.78046,100,0,0),
-- 500978
(500978,1,7861.8438,3749.5876,678.1712 ,100,0,0),
(500978,2,7992.849,3733.0664,645.4217  ,100,0,0),
(500978,3,8062.1304,3723.5383,636.97754,100,0,0),
(500978,4,8123.869,3681.2493,659.94977 ,100,0,0),
(500978,5,8130.0415,3632.7913,672.477  ,100,0,0),
(500978,6,8061.7485,3539.9146,679.83777,100,0,0),
(500978,7,7921.6665,3580.75,679.6712   ,100,0,0),
(500978,8,7830.309,3648.1545,677.1159  ,100,0,0),
(500978,9,7828.2144,3719.1692,677.1159 ,100,0,0),
-- 500979 
(500979,1 ,8147.2256,3785.2708,630.08057,100,0,0),
(500979,2 ,8052.9766,3838.6172,630.08057,100,0,0),
(500979,3 ,7989.008,3844.6384,630.08057 ,100,0,0),
(500979,4 ,7937.4565,3802.807,630.08057 ,100,0,0),
(500979,5 ,7935.4116,3743.9636,630.08057,100,0,0),
(500979,6 ,7974.1807,3710.3933,630.08057,100,0,0),
(500979,7 ,8039.012,3720.6719,630.08057 ,100,0,0),
(500979,8 ,8110.242,3700.862,630.08057  ,100,0,0),
(500979,9 ,8148.5815,3708.6814,630.08057,100,0,0),
(500979,10,8170.0737,3751.626,630.08057 ,100,0,0),
-- 500980
(500980,1,7911.9263,3852.8125,631.438,100,0,0),
(500980,2,8056.7837,3727.3376,631.438,100,0,0),
(500980,3,8142.7812,3696.8633,631.438,100,0,0),
(500980,4,8201.573,3730.259,631.438  ,100,0,0),
(500980,5,8165.026,3816.2864,631.438 ,100,0,0),
(500980,6,8000.5254,3935.6936,631.438,100,0,0),
(500980,7,7922.472,3918.6064,631.438 ,100,0,0),
-- 500981
(500981,1 ,8246.243,3713.8186,623.65344 ,100,0,0),
(500981,2 ,8088.882,3723.4001,623.65344 ,100,0,0),
(500981,3 ,8011.038,3741.8096,623.65344 ,100,0,0),
(500981,4 ,7937.1763,3782.6975,623.65344,100,0,0),
(500981,5 ,7930.7207,3821.013,623.65344 ,100,0,0),
(500981,6 ,7970.1787,3850.4045,623.65344,100,0,0),
(500981,7 ,8097.154,3820.2825,623.65344 ,100,0,0),
(500981,8 ,8189.847,3788.915,623.65344  ,100,0,0),
(500981,9 ,8270.172,3791.2205,623.65344 ,100,0,0),
(500981,10,8320.048,3768.977,623.65344  ,100,0,0),
(500981,11,8311.405,3725.8699,623.65344 ,100,0,0),
-- 500982
(500982,1,7950.1606,3592.424,676.1565 ,100,0,0),
(500982,2,7978.0366,3691.7844,628.2082,100,0,0),
(500982,3,8018.3135,3746.1785,606.4582,100,0,0),
(500982,4,8069.646,3759.1692,606.4582 ,100,0,0),
(500982,5,8094.9756,3702.8733,620.1803,100,0,0),
(500982,6,8038.7065,3581.8281,681.5452,100,0,0),
(500982,7,7977.4004,3543.6167,710.29504,100,0,0),
(500982,8,7946.33,3557.2444,707.1007,100,0,0),
-- 524800
(524800,1,7963.5537,3848.924,617.1437 ,100,0,0),
(524800,2,8038.9126,3795.8743,617.1437,100,0,0),
(524800,3,8045.3647,3746.2183,617.1437,100,0,0),
(524800,4,7984.6973,3715.352,617.1437 ,100,0,0),
(524800,5,7930.7656,3739.539,617.1437 ,100,0,0),
(524800,6,7903.761,3786.0413,617.1437 ,100,0,0),
(524800,7,7919.7163,3834.2148,617.1437,100,0,0),
-- 524801
(524801,1 ,8064.4517,3764.875,612.95264 ,100,0,0),
(524801,2 ,8153.0757,3700.7979,612.95264,100,0,0),
(524801,3 ,8113.4365,3659.4036,612.95264,100,0,0),
(524801,4 ,8069.2915,3690.1519,612.95264,100,0,0),
(524801,5 ,8075.2056,3745.386,612.95264 ,100,0,0),
(524801,6 ,8097.618,3776.6484,612.95264 ,100,0,0),
(524801,7 ,8106.4688,3811.3684,612.95264,100,0,0),
(524801,8 ,8060.2153,3858.524,612.95264 ,100,0,0),
(524801,9 ,8014.7334,3848.091,612.95264 ,100,0,0),
(524801,10,8001.182,3791.057,612.95264  ,100,0,0),
-- 524805
(524805,1 ,8218.706,3705.319,617.3885  ,100,0,0),
(524805,2 ,8109.276,3697.1494,617.3885 ,100,0,0),
(524805,3 ,8024.5176,3731.0017,617.3885,100,0,0),
(524805,4 ,7988.6943,3736.25,617.3885  ,100,0,0),
(524805,5 ,7961.58,3772.312,617.3885   ,100,0,0),
(524805,6 ,7973.8975,3812.0574,617.3885,100,0,0),
(524805,7 ,8016.058,3833.5078,617.3885 ,100,0,0),
(524805,8 ,8081.6553,3762.4348,617.3885,100,0,0),
(524805,9 ,8164.1963,3754.7344,617.3885,100,0,0),
(524805,10,8238.444,3776.8298,617.3885 ,100,0,0),
(524805,11,8280.1045,3767.506,617.3885 ,100,0,0),
(524805,12,8279.062,3722.4895,617.3885 ,100,0,0),
-- 524807
(524807,1,8393.702,3497.5889,650.03503,100,0,0),
(524807,2,8455.103,3492.4102,622.25757,100,0,0),
(524807,3,8501.404,3469.6309,622.25757,100,0,0),
(524807,4,8516.111,3436.8071,628.7854 ,100,0,0),
(524807,5,8500.243,3395.6826,644.00714,100,0,0),
(524807,6,8439.356,3362.8042,666.11804,100,0,0),
(524807,7,8357.651,3355.7744,689.34064,100,0,0),
(524807,8,8302.638,3385.1968,697.4239 ,100,0,0),
(524807,9,8338.515,3475.3398,683.14624,100,0,0),
-- 524811
(524811,1 ,8429.989,3545.4531,641.22766 ,100,0,0),
(524811,2 ,8423.284,3412.132,641.22766  ,100,0,0),
(524811,3 ,8438.771,3364.2366,641.22766 ,100,0,0),
(524811,4 ,8462.6875,3329.9233,641.22766,100,0,0),
(524811,5 ,8507.81,3327.162,641.22766   ,100,0,0),
(524811,6 ,8522.167,3391.1292,641.22766 ,100,0,0),
(524811,7 ,8423.56,3515.503,641.22766   ,100,0,0),
(524811,8 ,8367.681,3568.5112,641.22766 ,100,0,0),
(524811,9 ,8381.452,3610.1362,641.22766 ,100,0,0),
(524811,10,8422.739,3625.1838,641.22766 ,100,0,0),
(524811,11,8458.707,3595.5007,641.22766 ,100,0,0),
-- 524815
(524815,1 ,8580.026,3402.9797,652.16675,100,0,0),
(524815,2 ,8504.042,3439.6162,652.16675,100,0,0),
(524815,3 ,8446.016,3463.4934,652.16675,100,0,0),
(524815,4 ,8412.929,3488.8755,652.16675,100,0,0),
(524815,5 ,8390.453,3555.56,652.16675  ,100,0,0),
(524815,6 ,8466.317,3655.0496,652.16675,100,0,0),
(524815,7 ,8568.761,3610.4387,652.16675,100,0,0),
(524815,8 ,8544.68,3490.5872,652.16675 ,100,0,0),
(524815,9 ,8443.867,3384.7683,652.16675,100,0,0),
(524815,10,8410.922,3303.1409,652.16675,100,0,0),
(524815,11,8478.349,3242.5874,652.16675,100,0,0),
(524815,12,8568.056,3256.1438,652.16675,100,0,0),
(524815,13,8608.773,3337.0364,652.16675,100,0,0),
-- 524817
(524817,1 ,8509.931,3501.3547,641.97516,100,0,0),
(524817,2 ,8483.163,3455.0298,641.97516,100,0,0),
(524817,3 ,8438.722,3386.7344,641.97516,100,0,0),
(524817,4 ,8437.718,3342.9658,641.97516,100,0,0),
(524817,5 ,8493.441,3296.5283,641.97516,100,0,0),
(524817,6 ,8563.913,3314.0613,641.97516,100,0,0),
(524817,7 ,8570.397,3399.4514,647.5584 ,100,0,0),
(524817,8 ,8447.283,3459.2053,654.75244,100,0,0),
(524817,9 ,8414.937,3536.4258,652.55835,100,0,0),
(524817,10,8459.8,3573.906,648.0584,100,0,0),
(524817,11,8505.479,3548.2295,641.97516,100,0,0),
-- 524818
(524818,1 ,8514.821,3458.9602,625.0089 ,100,0,0),
(524818,2 ,8441.755,3389.5332,645.7302 ,100,0,0),
(524818,3 ,8365.422,3337.708,675.25696 ,100,0,0),
(524818,4 ,8355.726,3302.24,680.6723   ,100,0,0),
(524818,5 ,8374.353,3276.457,680.47833 ,100,0,0),
(524818,6 ,8416.336,3265.7385,670.31354,100,0,0),
(524818,7 ,8455.739,3291.8599,650.45294,100,0,0),
(524818,8 ,8468.837,3350.8142,628.61957,100,0,0),
(524818,9 ,8449.173,3450.2852,628.61957,100,0,0),
(524818,10,8417.919,3487.523,628.61957 ,100,0,0),
(524818,11,8405.767,3552.6042,628.61957,100,0,0),
(524818,12,8462.817,3579.7083,628.61957,100,0,0),
(524818,13,8529.378,3532.046,628.61957 ,100,0,0),
-- 524824
(524824,1 ,8505.301,3287.5818,611.59656,100,0,0),
(524824,2 ,8464.793,3388.2158,611.59656,100,0,0),
(524824,3 ,8435.757,3444.514,611.59656 ,100,0,0),
(524824,4 ,8422.221,3491.6328,611.59656,100,0,0),
(524824,5 ,8465.13,3562.5562,611.59656 ,100,0,0),
(524824,6 ,8528.899,3542.217,611.59656 ,100,0,0),
(524824,7 ,8531.308,3477.8352,611.59656,100,0,0),
(524824,8 ,8457.83,3370.3447,611.59656 ,100,0,0),
(524824,9 ,8424.708,3325.9265,611.59656,100,0,0),
(524824,10,8419.692,3283.9146,611.59656,100,0,0),
(524824,11,8456.031,3253.2483,611.59656,100,0,0),
(524824,12,8498.652,3262.241,611.59656 ,100,0,0),
-- 524832
(524832,1,8501.241,3393.4092,613.98517,100,0,0),
(524832,2,8549.122,3458.2131,610.95764,100,0,0),
(524832,3,8526.39,3492.0085,609.12445 ,100,0,0),
(524832,4,8477.459,3498.4636,609.06836,100,0,0),
(524832,5,8440.716,3457.0269,611.65045,100,0,0),
(524832,6,8452.574,3404.1086,614.09674,100,0,0),
-- 524834 
(524834,1,8450.622,3348.7673,625.80316,100,0,0),
(524834,2,8535.616,3424.05,625.80316  ,100,0,0),
(524834,3,8519.251,3464.2183,625.80316,100,0,0),
(524834,4,8469.614,3493.1145,625.80316,100,0,0),
(524834,5,8432.263,3463.009,625.80316 ,100,0,0),
(524834,6,8480.457,3360.8228,625.80316,100,0,0),
(524834,7,8512.145,3279.873,625.80316 ,100,0,0),
(524834,8,8463.192,3256.2122,625.80316,100,0,0),
(524834,9,8413.859,3287.8015,625.80316,100,0,0),
-- 524837
(524837,1,8427.4375,3246.9202,625.31226,100,0,0),
(524837,2,8450.155,3345.5234,625.31226 ,100,0,0),
(524837,3,8451.741,3419.012,625.31226  ,100,0,0),
(524837,4,8419.232,3470.0415,625.31226 ,100,0,0),
(524837,5,8418.585,3511.2146,625.31226 ,100,0,0),
(524837,6,8456.199,3527.5132,625.31226 ,100,0,0),
(524837,7,8490.118,3491.333,625.31226  ,100,0,0),
(524837,8,8487.5,3446.1575,625.31226   ,100,0,0),
(524837,9,8447.419,3371.139,625.31226  ,100,0,0),
(524837,10,8375.932,3310.761,625.31226  ,100,0,0),
(524837,11,8369.757,3259.0305,625.31226 ,100,0,0),
(524837,12,8400.754,3238.8652,625.31226 ,100,0,0),
-- 524839
(524839,1 ,8534.201,3488.0803,626.8337 ,100,0,0),
(524839,2 ,8461.645,3468.9277,626.50146,100,0,0),
(524839,3 ,8397.739,3441.4492,643.6677 ,100,0,0),
(524839,4 ,8310.427,3400.912,676.1344  ,100,0,0),
(524839,5 ,8261.736,3359.5005,698.99677,100,0,0),
(524839,6 ,8265.345,3323.068,707.19116 ,100,0,0),
(524839,7 ,8289.098,3296.771,706.63477 ,100,0,0),
(524839,8 ,8334.216,3292.9402,696.27515,100,0,0),
(524839,9 ,8404.065,3323.1284,672.8038 ,100,0,0),
(524839,10,8474.286,3354.7434,652.4433 ,100,0,0),
(524839,11,8563.962,3393.946,631.83276 ,100,0,0),
(524839,12,8598.941,3435.5103,624.8889 ,100,0,0),
(524839,13,8585.109,3480.3792,627.66626,100,0,0);
DELETE FROM `creature_spawn_data` WHERE guid IN 
(500545,500977,500978,500979,500980,500981,500982,524800,524801,524805,524807,524811,524815,524817,524818,524824,524832,524834,524837,524839);
INSERT INTO `creature_spawn_data` (`guid`, `id`) VALUES 
(500545,20056),(500977,20056),(500978,20056),(500979,20056),
(500980,20056),(500981,20056),(500982,20056),(524800,20056),
(524801,20056),(524805,20056),(524807,20056),(524811,20056),
(524815,20056),(524817,20056),(524818,20056),(524824,20056),
(524832,20056),(524834,20056),(524837,20056),(524839,20056);

-- Mjordin Combatant 30037
DELETE FROM dbscripts_on_relay WHERE id = 20837;
INSERT INTO dbscripts_on_relay (id, delay, command, datalong, datalong2, datalong3, buddy_entry, search_radius, data_flags, dataint, dataint2, dataint3, dataint4, x, y, z, o, comments) VALUES
(20837,1,31,30037,10,0,0,0,0,0,0,0,0,0,0,0,0,'Part of Mjordin Combatant 30037 EAI: search for 30037'),
(20837,100,36,0,0,0,30037,10,1,0,0,0,0,0,0,0,0,'Part of Mjordin Combatant 30037 EAI: search for 30037'),
(20837,110,15,54350,0,0,30037,10,1,42880,0,0,0,0,0,0,0,'Part of Mjordin Combatant 30037 EAI: cast random spell');
-- Random Templates
DELETE FROM dbscript_random_templates WHERE `id` IN (20338,20339);
INSERT INTO dbscript_random_templates (id, `type`, target_id, chance, comments) VALUES
(20338,0,30637,0,'Mjordin Combatant 30037 - Spell Hit Random Say 1'),
(20338,0,30638,0,'Mjordin Combatant 30037 - Spell Hit Random Say 2'),
(20338,0,30639,0,'Mjordin Combatant 30037 - Spell Hit Random Say 3'),
(20338,0,30640,0,'Mjordin Combatant 30037 - Spell Hit Random Say 4'),
(20338,0,30641,0,'Mjordin Combatant 30037 - Spell Hit Random Say 5'),
(20338,0,30642,0,'Mjordin Combatant 30037 - Spell Hit Random Say 6'),
(20339,0,30689,0,'Mjordin Combatant 30037 - Aggro Random Say 1'),
(20339,0,30690,0,'Mjordin Combatant 30037 - Aggro Random Say 2'),
(20339,0,30691,0,'Mjordin Combatant 30037 - Aggro Random Say 3'),
(20339,0,30692,0,'Mjordin Combatant 30037 - Aggro Random Say 4'),
(20339,0,30693,0,'Mjordin Combatant 30037 - Aggro Random Say 5'),
(20339,0,30694,0,'Mjordin Combatant 30037 - Aggro Random Say 6'),
(20339,0,30695,0,'Mjordin Combatant 30037 - Aggro Random Say 7'),
(20339,0,30696,0,'Mjordin Combatant 30037 - Aggro Random Say 8'),
(20339,0,30697,0,'Mjordin Combatant 30037 - Aggro Random Say 9');
