-- Mord'rethar - Icecrown

-- Objects
DELETE FROM game_event_gameobject WHERE guid BETWEEN 521021 AND 521030;
DELETE FROM gameobject_battleground WHERE guid BETWEEN 521021 AND 521030;
DELETE FROM gameobject WHERE guid BETWEEN 521021 AND 521030;
INSERT INTO gameobject (guid, id, map, spawnMask, position_x, position_y, position_z, orientation, rotation0, rotation1, rotation2, rotation3, spawntimesecsmin, spawntimesecsmax) VALUES
-- Meat Wagon Wheel 193616
(521021,193616,571,1,6876.56,1539.6215,389.03317,6.2133737,0,0,-0.034898758,0.99939084,180,180),
(521022,193616,571,1,6883.6543,1540.2552,389.03317,1.134463,0,0,0.53729916,0.8433917,180,180),
(521023,193616,571,1,6880.127,1540.4788,389.03317,3.4557557,0,0,-0.98768806,0.15643623,180,180),
(521024,193616,571,1,6888.82,1541.5426,389.03317,3.0368383,0,0,0.9986286,0.052353222,180,180),
(521025,193616,571,1,6884.586,1573.8497,389.03317,0.052358884,0,0,0.026176453,0.99965733,180,180),
(521026,193616,571,1,6884.5923,1582.0038,389.03317,3.1590624,0,0,-0.99996185,0.008734641,180,180),
-- Meat Wagon Roller 193618
(521027,193618,571,1,6881.862,1578.113,389.03317,0.052358884,0,0,0.026176453,0.99965733,180,180),
(521028,193618,571,1,6906.3013,1589.4271,389.03317,1.1519164,0,0,0.54463863,0.83867085,180,180),
(521029,193618,571,1,6906.194,1579.2854,389.03317,0.61086345,0,0,0.30070496,0.95371723,180,180),
-- Meat Wagon Body 193620
(521030,193620,571,1,6885.6206,1578.1736,388.43594,3.1765332,0,0,-0.9998474,0.017469281,180,180);

-- Creatures
-- Pustulent Horror 31139
DELETE FROM creature_addon WHERE guid IN (527835);
DELETE FROM creature_movement WHERE id IN (527835);
DELETE FROM game_event_creature WHERE guid IN (527835);
DELETE FROM game_event_creature_data WHERE guid IN (527835);
DELETE FROM creature_battleground WHERE guid IN (527835);
DELETE FROM creature_linking WHERE guid IN (527835);
DELETE FROM creature where guid IN (527835);
INSERT INTO creature (guid, id, map, spawnMask, phaseMask, position_x, position_y, position_z, orientation, spawntimesecsmin, spawntimesecsmax, spawndist, MovementType) VALUES
(527835,31139,571,1,3,7004.018,1182.4674,415.30432,1.77,300,300,0,4);
UPDATE creature SET position_x = 6970.8228, position_y = 882.8194, position_z = 402.66345, spawndist = 0, MovementType = 4 WHERE guid = 529630;
UPDATE creature SET position_x = 6936.13, position_y = 1371.76, position_z = 396.3034, spawndist = 0, MovementType = 4 WHERE guid = 529618;
UPDATE creature SET position_x = 7014.5684, position_y = 1480.6953, position_z = 395.9906, spawndist = 0, MovementType = 4 WHERE guid = 529616;
UPDATE creature_addon SET emote = 27 WHERE guid IN (529617,529629);
DELETE FROM creature_movement WHERE id IN (529630,527835,529618,529616);
INSERT INTO creature_movement (id, Point, PositionX, PositionY, PositionZ, Orientation, WaitTime, ScriptId) VALUES
-- 529630
(529630,1,6970.8228,882.8194,402.66345,100,1000,0),
(529630,2,6977.4956,919.3765,402.6634 ,100,0,0),
(529630,3,6980.1953,941.6597,402.66327,100,1,3113901),
(529630,4,6994.5215,965.6374,401.77264,100,0,0),
(529630,5,6986.883,987.72864,402.66336,100,0,0),
(529630,6,7002.104,1016.0903,402.66342,100,0,0),
(529630,7,7011.4053,1033.7982,402.6634,100,1000,0),
-- 527835
(527835,1,7004.018,1182.4674,415.30432,100,1000,0),
(527835,2,7009.446,1164.1227,415.3003,100,0,0),
(527835,3,7014.5547,1147.8923,415.28952,100,0,0),
(527835,4,7019.8574,1127.977,415.29938,100,0,0),
(527835,5,7024.9707,1109.2877,415.27036,100,0,0),
(527835,6,7026.9575,1095.9241,409.7009,100,0,0),
(527835,7,7025.068,1081.2667,402.6624,100,0,0),
(527835,8,7018.932,1065.0109,402.8509,100,1000,3113902),
-- 529618
(529618,1,6936.13,1371.76,396.3034,100,1000,3113903),
(529618,2,6954.8535,1341.863,397.4944,100,0,0),
(529618,3,6965.5815,1319.3252,410.20508,100,0,0),
(529618,4,6967.9897,1309.7595,415.2933,100,0,0),
(529618,5,6972.517,1293.3761,415.29733,100,0,0),
(529618,6,6978.7476,1273.1477,415.29004,100,0,0),
(529618,7,6984.1904,1255.4026,415.29837,100,0,0),
(529618,8,6987.508,1242.7157,415.29068,100,1000,0),
-- 529616
(529616,1,7014.5684,1480.6953,395.9906,100,1000,0),
(529616,2,6991.5693,1444.9506,395.80307,100,0,0),
(529616,3,6979.2754,1427.2028,395.80304,100,0,0),
(529616,4,6963.662,1405.2487,395.80307,100,0,0),
(529616,5,6950.7134,1386.488,395.80307,100,1000,0);
DELETE FROM `creature_spawn_data` WHERE guid IN (529630,527835,529618,529616);
INSERT INTO `creature_spawn_data` (`guid`, `id`) VALUES 
(529630,1),(527835,1),(529618,1),(529616,1);
DELETE FROM dbscripts_on_creature_movement WHERE id BETWEEN 3113901 AND 3113903;
INSERT INTO dbscripts_on_creature_movement(id, delay, command, datalong, datalong2, datalong3, buddy_entry, search_radius, data_flags, dataint, dataint2, dataint3, dataint4, x, y, z, o, comments) values
(3113901,0,45,0,20343,0,0,0,0x04,0,0,0,0,0,0,0,0,'Start Random Script 1'),
(3113902,0,45,0,20344,0,0,0,0x04,0,0,0,0,0,0,0,0,'Start Random Script 2'),
(3113903,0,45,0,20345,0,0,0,0x04,0,0,0,0,0,0,0,0,'Start Random Script 3');
DELETE FROM dbscript_random_templates WHERE id BETWEEN 20343 AND 20345;
INSERT INTO dbscript_random_templates (id, type, target_id, chance, comments) VALUES
(20343,1,29999,70,'Pustulent Horror 31139 - Default Script'),
(20343,1,20855,30,'Pustulent Horror 31139 - Random Script 1'),
(20344,1,29999,70,'Pustulent Horror 31139 - Default Script'),
(20344,1,20856,30,'Pustulent Horror 31139 - Random Script 2'),
(20345,1,29999,70,'Pustulent Horror 31139 - Default Script'),
(20345,1,20857,30,'Pustulent Horror 31139 - Random Script 3');
DELETE FROM dbscripts_on_relay WHERE id IN (20855,20856,20857);
INSERT INTO dbscripts_on_relay (id, delay, command, datalong, datalong2, datalong3, buddy_entry, search_radius, data_flags, dataint, dataint2, dataint3, dataint4, x, y, z, o, comments) VALUES
-- 20855
(20855,1,32,1,0,0,0,0,0x04,0,0,0,0,0,0,0,0,'Part of Pustulent Horror 31139 EAI: Pause waypoints'),
(20855,2,3,0,0,0,0,0,0x04,0,0,0,0,6927.255,980.5718,404.5863,2.94632,'Part of Pustulent Horror 31139 EAI: move'),
(20855,15000,28,1,0,0,0,0,0x04,0,0,0,0,0,0,0,0,'Part of Pustulent Horror 31139 EAI: STATE_SIT'),
(20855,180000,28,0,0,0,0,0,0x04,0,0,0,0,0,0,0,0,'Part of Pustulent Horror 31139 EAI: STATE_STAND'),
(20855,185000,3,0,0,0,0,0,0x04,0,0,0,0,6980.1953,941.6597,402.66327,0,'Part of Pustulent Horror 31139 EAI: move'),
(20855,190000,32,0,0,0,0,0,0x04,0,0,0,0,0,0,0,0,'Part of Pustulent Horror 31139 EAI: UnPause waypoints'),
-- 20856
(20856,1,32,1,0,0,0,0,0x04,0,0,0,0,0,0,0,0,'Part of Pustulent Horror 31139 EAI: Pause waypoints'),
(20856,2,3,0,0,0,0,0,0x04,0,0,0,0,6966.9414,1085.653,404.58438,2.705,'Part of Pustulent Horror 31139 EAI: move'),
(20856,15000,28,1,0,0,0,0,0x04,0,0,0,0,0,0,0,0,'Part of Pustulent Horror 31139 EAI: STATE_SIT'),
(20856,180000,28,0,0,0,0,0,0x04,0,0,0,0,0,0,0,0,'Part of Pustulent Horror 31139 EAI: STATE_STAND'),
(20856,185000,3,0,0,0,0,0,0x04,0,0,0,0,7018.932,1065.0109,402.8509,100,'Part of Pustulent Horror 31139 EAI: move'),
(20856,190000,32,0,0,0,0,0,0x04,0,0,0,0,0,0,0,0,'Part of Pustulent Horror 31139 EAI: UnPause waypoints'),
-- 20857
(20857,1,32,1,0,0,0,0,0x04,0,0,0,0,0,0,0,0,'Part of Pustulent Horror 31139 EAI: Pause waypoints'),
(20857,2,3,0,0,0,0,0,0x04,0,0,0,0,6908.297,1302.1725,397.7255,4.169,'Part of Pustulent Horror 31139 EAI: move'),
(20857,15000,28,1,0,0,0,0,0x04,0,0,0,0,0,0,0,0,'Part of Pustulent Horror 31139 EAI: STATE_SIT'),
(20857,180000,28,0,0,0,0,0,0x04,0,0,0,0,0,0,0,0,'Part of Pustulent Horror 31139 EAI: STATE_STAND'),
(20857,185000,3,0,0,0,0,0,0x04,0,0,0,0,6936.13,1371.76,396.3034,100,'Part of Pustulent Horror 31139 EAI: move'),
(20857,190000,32,0,0,0,0,0,0x04,0,0,0,0,0,0,0,0,'Part of Pustulent Horror 31139 EAI: UnPause waypoints');

-- Shadow Adept 31145
DELETE FROM creature_addon WHERE guid IN (527836);
DELETE FROM creature_movement WHERE id IN (527836);
DELETE FROM game_event_creature WHERE guid IN (527836);
DELETE FROM game_event_creature_data WHERE guid IN (527836);
DELETE FROM creature_battleground WHERE guid IN (527836);
DELETE FROM creature_linking WHERE guid IN (527836);
DELETE FROM creature where guid IN (527836);
INSERT INTO creature (guid, id, map, spawnMask, phaseMask, position_x, position_y, position_z, orientation, spawntimesecsmin, spawntimesecsmax, spawndist, MovementType) VALUES
(527836,31145,571,1,1,6805.2847,1426.0796,390.7956,3.316125,300,300,0,0);

-- Malefic Necromancer 31155
DELETE FROM creature_addon WHERE guid IN (527837);
DELETE FROM creature_movement WHERE id IN (527837);
DELETE FROM game_event_creature WHERE guid IN (527837);
DELETE FROM game_event_creature_data WHERE guid IN (527837);
DELETE FROM creature_battleground WHERE guid IN (527837);
DELETE FROM creature_linking WHERE guid IN (527837);
DELETE FROM creature where guid IN (527837);
INSERT INTO creature (guid, id, map, spawnMask, phaseMask, position_x, position_y, position_z, orientation, spawntimesecsmin, spawntimesecsmax, spawndist, MovementType) VALUES
(527837,31155,571,1,1,6777.566,1447.0391,390.7956,4.34587,300,300,0,0);

-- Slain Alliance Soldier 31177
UPDATE creature_template SET UnitFlags = 33280, StaticFlags2 = 2049, StaticFlags3 = 8192, DynamicFlags = 0 WHERE entry = 31177;
DELETE FROM creature_addon WHERE guid IN (SELECT guid FROM creature WHERE id = 31177);
DELETE FROM creature_addon WHERE guid IN (527838,527839,527840,527841,529009,529010,529011,529012,529013,529014,529015,529016);
DELETE FROM creature_movement WHERE id IN (527838,527839,527840,527841,529009,529010,529011,529012,529013,529014,529015,529016);
DELETE FROM game_event_creature WHERE guid IN (527838,527839,527840,527841,529009,529010,529011,529012,529013,529014,529015,529016);
DELETE FROM game_event_creature_data WHERE guid IN (527838,527839,527840,527841,529009,529010,529011,529012,529013,529014,529015,529016);
DELETE FROM creature_battleground WHERE guid IN (527838,527839,527840,527841,529009,529010,529011,529012,529013,529014,529015,529016);
DELETE FROM creature_linking WHERE guid IN (527838,527839,527840,527841,529009,529010,529011,529012,529013,529014,529015,529016);
DELETE FROM creature where guid IN (527838,527839,527840,527841,529009,529010,529011,529012,529013,529014,529015,529016);
INSERT INTO creature (guid, id, map, spawnMask, phaseMask, position_x, position_y, position_z, orientation, spawntimesecsmin, spawntimesecsmax, spawndist, MovementType) VALUES
(527838,31177,571,1,1,6773.0923,1440.0698,390.7956,3.42084,300,300,0,0),
(527839,31177,571,1,1,6772.3677,1437.4772,390.7956,1.466,300,300,0,0),
(527840,31177,571,1,1,6776.2812,1439.3041,390.7956,6.05629,300,300,0,0),
(527841,31177,571,1,1,6773.867,1442.6805,390.7956,2.98451,300,300,0,0),
(529009,31177,571,1,1,6774.882,1440.3872,391.30252,4.276,300,300,0,0),
(529010,31177,571,1,1,6775.793,1441.8912,390.7956,4.0317,300,300,0,0),
(529011,31177,571,1,1,6772.859,1438.7786,390.7956,2.8274,300,300,0,0),
(529012,31177,571,1,1,6774.6626,1438.5181,390.7956,2.042,300,300,0,0),
(529013,31177,571,1,1,6776.753,1441.691,390.7956,0,300,300,0,0),
(529014,31177,571,1,1,6774.453,1441.1766,390.7956,2.86,300,300,0,0),
(529015,31177,571,1,1,6774.279,1439.5603,390.7956,4.34587,300,300,0,0),
(529016,31177,571,1,1,6776.116,1440.3323,390.7956,4.2760567,300,300,0,0);

-- Undying Minion 31152
DELETE FROM creature_addon WHERE guid BETWEEN 531880 AND 531893;
DELETE FROM creature_movement WHERE id BETWEEN 531880 AND 531893;
DELETE FROM game_event_creature WHERE guid BETWEEN 531880 AND 531893;
DELETE FROM game_event_creature_data WHERE guid BETWEEN 531880 AND 531893;
DELETE FROM creature_battleground WHERE guid BETWEEN 531880 AND 531893;
DELETE FROM creature_linking WHERE guid BETWEEN 531880 AND 531893;
DELETE FROM creature where guid BETWEEN 531880 AND 531893;
INSERT INTO creature (guid, id, map, spawnMask, phaseMask, position_x, position_y, position_z, orientation, spawntimesecsmin, spawntimesecsmax, spawndist, MovementType) VALUES
(531880,31152,571,1,1,6796.35,1420.0574,390.71225,0,300,300,0,0),
(531881,31152,571,1,1,6796.35,1420.0574,390.71225,0,300,300,0,0),
(531882,31152,571,1,1,6796.35,1420.0574,390.71225,0,300,300,0,0),
(531883,31152,571,1,1,6796.35,1420.0574,390.71225,0,300,300,0,0),
(531884,31152,571,1,1,6796.5493,1426.3156,390.71225,0.0526,300,300,0,0),
(531885,31152,571,1,1,6796.5493,1426.3156,390.71225,0.0526,300,300,0,0),
(531886,31152,571,1,1,6796.5493,1426.3156,390.71225,0.0526,300,300,0,0),
(531887,31152,571,1,1,6796.5493,1426.3156,390.71225,0.0526,300,300,0,0),
(531888,31152,571,1,1,6796.5493,1426.3156,390.71225,0.0526,300,300,0,0),
(531889,31152,571,1,1,6796.95,1433.4303,390.71225,0.0074,300,300,0,0),
(531890,31152,571,1,1,6796.95,1433.4303,390.71225,0.0074,300,300,0,0),
(531891,31152,571,1,1,6796.95,1433.4303,390.71225,0.0074,300,300,0,0),
(531892,31152,571,1,1,6796.95,1433.4303,390.71225,0.0074,300,300,0,0),
(531893,31152,571,1,1,6796.95,1433.4303,390.71225,0.0074,300,300,0,0);
-- Spawn GROUPS
-- Group 1
UPDATE creature SET position_x = 6796.35, position_y = 1420.0574, position_z = 390.71225, orientation = 0, spawndist = 0, MovementType = 0 WHERE guid IN (529751);
DELETE FROM `spawn_group` WHERE id IN (34075);
INSERT INTO `spawn_group` (`Id`, `Name`, `Type`, `MaxCount`, `WorldState`, `Flags`) VALUES
(34075,'Icecrown - Mord\'rethar - Icecrown - Undying Minion 31152 - Patrol 1', 0, 0, 0, 0);
DELETE FROM `spawn_group_spawn` WHERE id IN (34075);
INSERT INTO `spawn_group_spawn` (`Id`, `Guid`, `SlotId`) VALUES
(34075, 529751, 0),
(34075, 531880, 1),
(34075, 531881, 2),
(34075, 531882, 3),
(34075, 531883, 4);
DELETE FROM `spawn_group_formation` WHERE id IN (34075);
INSERT INTO `spawn_group_formation` (`Id`, `FormationType`, `FormationSpread`, `FormationOptions`, `PathId`, `MovementType`, `Comment`) VALUES
(34075, 1, 2, 0, 34075, 2,'Icecrown - Mord\'rethar - Icecrown - Undying Minion 31152 - Patrol 1');
DELETE FROM `waypoint_path` WHERE PathId IN (34075);
INSERT INTO `waypoint_path` (`PathId`, `Point`, `PositionX`, `PositionY`,`PositionZ`, `Orientation`, `WaitTime`, `ScriptId`) VALUES
(34075,1 ,6796.35,1420.0574,390.71225,0,10000,0),
(34075,2 ,6800.1997,1420.4365,390.96225,100,0,0),
(34075,3 ,6799.9497,1416.6865,390.96225,100,0,0),
(34075,4 ,6787.6997,1416.4365,390.96225,100,0,0),
(34075,5 ,6787.4497,1425.9365,390.96225,100,0,0),
(34075,6 ,6796.5493,1426.3156,390.71225,0.0526,30000,0), -- 2
(34075,7 ,6800,1426.6229,390.96225,100,0,0),
(34075,8 ,6800,1429.8729,390.96225,100,0,0),
(34075,9 ,6787.75,1429.6229,390.96225,100,0,0),
(34075,10,6787.75,1433.3729,390.96225,100,0,0),
(34075,11,6796.95,1433.4303,390.71225,0.0074,30000,0), -- 3
(34075,12,6803.1504,1433.4939,390.96225,100,0,0),
(34075,13,6803.1504,1430.9939,390.96225,100,0,0),
(34075,14,6802.9004,1425.7439,390.96225,100,0,0),
(34075,15,6802.6504,1420.2439,390.96225,100,0,0),
(34075,16,6796.35,1420.0574,390.71225,0,30000,0); -- 1
DELETE FROM `waypoint_path_name` WHERE PathId IN (34075);
INSERT INTO `waypoint_path_name` (`PathId`, `Name`) VALUES
(34075,'Icecrown - Mord\'rethar - Icecrown - Undying Minion 31152 - Patrol 1');
-- Group 2
DELETE FROM `spawn_group` WHERE id IN (34076);
INSERT INTO `spawn_group` (`Id`, `Name`, `Type`, `MaxCount`, `WorldState`, `Flags`) VALUES
(34076,'Icecrown - Mord\'rethar - Icecrown - Undying Minion 31152 - Patrol 2', 0, 0, 0, 0);
DELETE FROM `spawn_group_spawn` WHERE id IN (34076);
INSERT INTO `spawn_group_spawn` (`Id`, `Guid`, `SlotId`) VALUES
(34076, 531884, 0),
(34076, 531885, 1),
(34076, 531886, 2),
(34076, 531887, 3),
(34076, 531888, 4);
DELETE FROM `spawn_group_formation` WHERE id IN (34076);
INSERT INTO `spawn_group_formation` (`Id`, `FormationType`, `FormationSpread`, `FormationOptions`, `PathId`, `MovementType`, `Comment`) VALUES
(34076, 1, 2, 0, 34076, 2,'Icecrown - Mord\'rethar - Icecrown - Undying Minion 31152 - Patrol 2');
DELETE FROM `waypoint_path` WHERE PathId IN (34076);
INSERT INTO `waypoint_path` (`PathId`, `Point`, `PositionX`, `PositionY`,`PositionZ`, `Orientation`, `WaitTime`, `ScriptId`) VALUES
(34076,1 ,6796.5493,1426.3156,390.71225,0.0526,10000,0),
(34076,2 ,6800,1426.6229,390.96225,100,0,0),
(34076,3 ,6800,1429.8729,390.96225,100,0,0),
(34076,4 ,6787.75,1429.6229,390.96225,100,0,0),
(34076,5 ,6787.75,1433.3729,390.96225,100,0,0),
(34076,6 ,6796.95,1433.4303,390.71225,0.0074,30000,0), -- 3
(34076,7 ,6803.1504,1433.4939,390.96225,100,0,0),
(34076,8 ,6803.1504,1430.9939,390.96225,100,0,0),
(34076,9 ,6802.9004,1425.7439,390.96225,100,0,0),
(34076,10,6802.6504,1420.2439,390.96225,100,0,0),
(34076,11,6796.35,1420.0574,390.71225,0,30000,0), -- 1
(34076,12,6800.1997,1420.4365,390.96225,100,0,0),
(34076,13,6799.9497,1416.6865,390.96225,100,0,0),
(34076,14,6787.6997,1416.4365,390.96225,100,0,0),
(34076,15,6787.4497,1425.9365,390.96225,100,0,0),
(34076,16,6796.5493,1426.3156,390.71225,0.0526,30000,0); -- 2
DELETE FROM `waypoint_path_name` WHERE PathId IN (34076);
INSERT INTO `waypoint_path_name` (`PathId`, `Name`) VALUES
(34076,'Icecrown - Mord\'rethar - Icecrown - Undying Minion 31152 - Patrol 2');
-- Group 3
DELETE FROM `spawn_group` WHERE id IN (34077);
INSERT INTO `spawn_group` (`Id`, `Name`, `Type`, `MaxCount`, `WorldState`, `Flags`) VALUES
(34077,'Icecrown - Mord\'rethar - Icecrown - Undying Minion 31152 - Patrol 3', 0, 0, 0, 0);
DELETE FROM `spawn_group_spawn` WHERE id IN (34077);
INSERT INTO `spawn_group_spawn` (`Id`, `Guid`, `SlotId`) VALUES
(34077, 531889, 0),
(34077, 531890, 1),
(34077, 531891, 2),
(34077, 531892, 3),
(34077, 531893, 4);
DELETE FROM `spawn_group_formation` WHERE id IN (34077);
INSERT INTO `spawn_group_formation` (`Id`, `FormationType`, `FormationSpread`, `FormationOptions`, `PathId`, `MovementType`, `Comment`) VALUES
(34077, 1, 2, 0, 34077, 2,'Icecrown - Mord\'rethar - Icecrown - Undying Minion 31152 - Patrol 3');
DELETE FROM `waypoint_path` WHERE PathId IN (34077);
INSERT INTO `waypoint_path` (`PathId`, `Point`, `PositionX`, `PositionY`,`PositionZ`, `Orientation`, `WaitTime`, `ScriptId`) VALUES
(34077,1 ,6796.95,1433.4303,390.71225,0.0074,10000,0),
(34077,2 ,6803.1504,1433.4939,390.96225,100,0,0),
(34077,3 ,6803.1504,1430.9939,390.96225,100,0,0),
(34077,4 ,6802.9004,1425.7439,390.96225,100,0,0),
(34077,5 ,6802.6504,1420.2439,390.96225,100,0,0),
(34077,6 ,6796.35,1420.0574,390.71225,0,30000,0), -- 1
(34077,7 ,6800.1997,1420.4365,390.96225,100,0,0),
(34077,8 ,6799.9497,1416.6865,390.96225,100,0,0),
(34077,9 ,6787.6997,1416.4365,390.96225,100,0,0),
(34077,10,6787.4497,1425.9365,390.96225,100,0,0),
(34077,11,6796.5493,1426.3156,390.71225,0.0526,30000,0), -- 2
(34077,12,6800,1426.6229,390.96225,100,0,0),
(34077,13,6800,1429.8729,390.96225,100,0,0),
(34077,14,6787.75,1429.6229,390.96225,100,0,0),
(34077,15,6787.75,1433.3729,390.96225,100,0,0),
(34077,16,6796.95,1433.4303,390.71225,0.0074,30000,0); -- 3
DELETE FROM `waypoint_path_name` WHERE PathId IN (34077);
INSERT INTO `waypoint_path_name` (`PathId`, `Name`) VALUES
(34077,'Icecrown - Mord\'rethar - Icecrown - Undying Minion 31152 - Patrol 3');

-- Plagued Fiend 31150
DELETE FROM creature_addon WHERE guid IN (532309,532582,532605,532606,532690);
DELETE FROM creature_movement WHERE id IN (532309,532582,532605,532606,532690);
DELETE FROM game_event_creature WHERE guid IN (532309,532582,532605,532606,532690);
DELETE FROM game_event_creature_data WHERE guid IN (532309,532582,532605,532606,532690);
DELETE FROM creature_battleground WHERE guid IN (532309,532582,532605,532606,532690);
DELETE FROM creature_linking WHERE guid IN (532309,532582,532605,532606,532690);
DELETE FROM creature where guid IN (532309,532582,532605,532606,532690);
INSERT INTO creature (guid, id, map, spawnMask, phaseMask, position_x, position_y, position_z, orientation, spawntimesecsmin, spawntimesecsmax, spawndist, MovementType) VALUES
(532309,31150,571,1,1,6847.1333,1450.2792,390.7956,4.625,300,300,0,0),
(532582,31150,571,1,1,6812.835,1449.6179,390.7956,4.64257,300,300,0,0),
(532605,31150,571,1,1,6857.692,1557.0194,389.02182,0,300,300,0,4), -- linear
(532606,31150,571,1,1,6779.4497,1577.809,389.02185,0,300,300,0,4), -- linear
(532690,31150,571,1,1,6764.1626,1555.5868,389.11652,0.575958,300,300,0,0);
DELETE FROM creature_movement WHERE id IN (532605,532606);
INSERT INTO creature_movement (id, Point, PositionX, PositionY, PositionZ, Orientation, WaitTime, ScriptId) VALUES
-- 532605
(532605,1,6857.692,1557.0194,389.02182,100,1000,0),
(532605,2,6823.987,1553.0538,389.02182,100,0,0),
(532605,3,6799.514,1549.7717,389.02185,100,0,0),
(532605,4,6790.9478,1548.558,389.0218,100,1000,0),
-- 532606
(532606,1,6779.4497,1577.809,389.02185,100,1000,0),
(532606,2,6792.3936,1579.193,389.02185,100,0,0),
(532606,3,6805.2944,1580.7223,389.02182,100,0,0),
(532606,4,6819.232,1582.2168,389.02185,100,0,0),
(532606,5,6833.1104,1582.2386,389.02185,100,0,0),
(532606,6,6855.992,1583.8187,389.02182,100,1000,0);

-- Skeletal Craftsman 32164
DELETE FROM creature_addon WHERE guid BETWEEN 532691 AND 532701;
DELETE FROM creature_movement WHERE id BETWEEN 532691 AND 532701;
DELETE FROM game_event_creature WHERE guid BETWEEN 532691 AND 532701;
DELETE FROM game_event_creature_data WHERE guid BETWEEN 532691 AND 532701;
DELETE FROM creature_battleground WHERE guid BETWEEN 532691 AND 532701;
DELETE FROM creature_linking WHERE guid BETWEEN 532691 AND 532701;
DELETE FROM creature where guid BETWEEN 532691 AND 532701;
INSERT INTO creature (guid, id, map, spawnMask, phaseMask, position_x, position_y, position_z, orientation, spawntimesecsmin, spawntimesecsmax, spawndist, MovementType) VALUES
(532691,32164,571,1,1,6878.1763,1541.635,389.11652,5.75958,300,300,0,0),
(532692,32164,571,1,1,6886.8516,1539.8209,389.11652,1.0821,300,300,0,0),
(532693,32164,571,1,1,6884.6665,1571.4203,389.11652,1.6057,300,300,0,0),
(532694,32164,571,1,1,6873.8604,1577.8322,389.11652,0.349065,300,300,0,0),
(532695,32164,571,1,1,6903.1436,1551.8212,389.11652,2.687807,300,300,0,0),
(532696,32164,571,1,1,6904.2427,1578.0181,389.11655,0.663225,300,300,0,0),
(532697,32164,571,1,1,6905.5454,1564.5818,389.11652,1.117,300,300,0,0),
(532698,32164,571,1,1,6885.3467,1584.6201,389.11652,4.852,300,300,0,0),
(532699,32164,571,1,1,6870.8135,1603.0582,389.11652,0.1047197,300,300,0,0),
(532700,32164,571,1,1,6873.4478,1596.7777,389.11652,1.50098,300,300,0,0),
(532701,32164,571,1,1,6908.273,1591.3761,389.11652,4.5553,300,300,0,0);
DELETE FROM creature_addon WHERE guid IN (SELECT guid FROM creature WHERE id = 32164);
