-- The Argent Vanguard - Icecrown
-- Valley of Echoes - Icecrown

-- Objects
DELETE FROM game_event_gameobject WHERE guid BETWEEN 521031 AND 521038;
DELETE FROM gameobject_battleground WHERE guid BETWEEN 521031 AND 521038;
DELETE FROM gameobject WHERE guid BETWEEN 521031 AND 521038;
INSERT INTO gameobject (guid, id, map, spawnMask, phaseMask, position_x, position_y, position_z, orientation, rotation0, rotation1, rotation2, rotation3, spawntimesecsmin, spawntimesecsmax) VALUES
-- Argent Vanguard Support 192228
(521031,192228,571,1,2,6288.48,61.689236,377.90323,3.9357216,0,0,-0.9222002,0.38671282,180,180),
-- Argent Vanguard Support 192229
(521032,192229,571,1,2,6264.604,84.579865,377.80133,0.79412305,0,0,0.38671017,0.9222013,180,180),
-- Argent Vanguard Support 192231
(521033,192231,571,1,2,6207.3423,60.461807,367.39417,4.6600323,0,0,-0.72537327,0.68835574,180,180),
-- Argent Vanguard Support 192233
(521034,192233,571,1,2,6174.827,60.73264,367.3947,1.5446155,0,0,0.69779015,0.7163023,180,180),
-- Argent Vanguard Tower 192227
(521035,192227,571,1,2,6297.067,53.38889,379.44336,2.3910985,0,0,0.93041706,0.3665025,180,180),
-- Argent Vanguard Tower 192230
(521036,192230,571,1,2,6256.0176,92.88021,379.34018,3.9095364,0,0,-0.9271841,0.374606,180,180),
-- Argent Vanguard Tower 192232
(521037,192232,571,1,2,6219.2734,59.935764,368.9332,1.5969762,0,0,0.7163019,0.69779044,180,180),
-- Argent Vanguard Tower 192234
(521038,192234,571,1,2,6162.886,60.946182,368.93478,0,0,0,0,1,180,180);

-- Creatures
-- Crusader Lord Dalfors 30224
DELETE FROM creature_addon WHERE guid IN (SELECT guid FROM creature WHERE id = 30224);
DELETE FROM creature_template_addon WHERE entry IN (30224);
INSERT INTO creature_template_addon (entry,mount,stand_state,sheath_state,pvp_flags,emote,moveflags,auras) VALUES
(30224,2786,0,1,0,0,0,NULL);
DELETE FROM dbscripts_on_relay WHERE id BETWEEN 20858 AND 20860;
INSERT INTO dbscripts_on_relay (id, delay, command, datalong, datalong2, datalong3, buddy_entry, search_radius, data_flags, dataint, dataint2, dataint3, dataint4, x, y, z, o, comments) VALUES
(20858,1,31,30225,20,0,0,0,0,0,0,0,0,0,0,0,0,'Part of Crusader Lord Dalfors 30224 EAI: search for 30225'),
(20858,100,0,0,0,0,0,0,0x04,31065,0,0,0,0,0,0,0,'Part of Crusader Lord Dalfors 30224 EAI: Say'),
(20858,4000,31,30225,20,0,0,0,0,0,0,0,0,0,0,0,0,'Part of Crusader Lord Dalfors 30224 EAI: search for 30225'),
(20858,4100,0,0,0,0,30225,20,0x04,31072,31070,31071,0,0,0,0,0,'Part of Crusader Lord Dalfors 30224 EAI: buddy random Say'),
(20859,1,31,30225,20,0,0,0,0,0,0,0,0,0,0,0,0,'Part of Crusader Lord Dalfors 30224 EAI: search for 30225'),
(20859,100,0,0,0,0,0,0,0x04,31073,0,0,0,0,0,0,0,'Part of Crusader Lord Dalfors 30224 EAI: Say'),
(20859,4000,31,30225,20,0,0,0,0,0,0,0,0,0,0,0,0,'Part of Crusader Lord Dalfors 30224 EAI: search for 30225'),
(20859,4100,0,0,0,0,30225,20,0x04,31077,0,0,0,0,0,0,0,'Part of Crusader Lord Dalfors 30224 EAI: buddy Say'),
(20860,1,31,30225,20,0,0,0,0,0,0,0,0,0,0,0,0,'Part of Crusader Lord Dalfors 30224 EAI: search for 30225'),
(20860,100,0,0,0,0,0,0,0x04,31069,0,0,0,0,0,0,0,'Part of Crusader Lord Dalfors 30224 EAI: Say'),
(20860,4000,31,30225,20,0,0,0,0,0,0,0,0,0,0,0,0,'Part of Crusader Lord Dalfors 30224 EAI: search for 30225'),
(20860,4100,0,0,0,0,30225,20,0x04,31075,0,0,0,0,0,0,0,'Part of Crusader Lord Dalfors 30224 EAI: buddy Say');

-- Crusader of Virtue 30189 -- Default Phase 2
-- Crusader of Virtue 31033 -- Phase 1
DELETE FROM creature_addon WHERE guid BETWEEN 532707 AND 532714;
DELETE FROM creature_movement WHERE id BETWEEN 532707 AND 532714;
DELETE FROM game_event_creature WHERE guid BETWEEN 532707 AND 532714;
DELETE FROM game_event_creature_data WHERE guid BETWEEN 532707 AND 532714;
DELETE FROM creature_battleground WHERE guid BETWEEN 532707 AND 532714;
DELETE FROM creature_linking WHERE guid BETWEEN 532707 AND 532714;
DELETE FROM creature where guid BETWEEN 532707 AND 532714;
DELETE FROM creature_addon WHERE guid BETWEEN 532716 AND 532717;
DELETE FROM creature_movement WHERE id BETWEEN 532716 AND 532717;
DELETE FROM game_event_creature WHERE guid BETWEEN 532716 AND 532717;
DELETE FROM game_event_creature_data WHERE guid BETWEEN 532716 AND 532717;
DELETE FROM creature_battleground WHERE guid BETWEEN 532716 AND 532717;
DELETE FROM creature_linking WHERE guid BETWEEN 532716 AND 532717;
DELETE FROM creature where guid BETWEEN 532716 AND 532717;
INSERT INTO creature (guid, id, map, spawnMask, phaseMask, position_x, position_y, position_z, orientation, spawntimesecsmin, spawntimesecsmax, spawndist, MovementType) VALUES
(532707,30189,571,1,2,6334.5376,44.429253,388.9864,0,300,300,0,4), -- linear
(532708,30189,571,1,2,6286.907,78.965385,386.27722,0,300,300,0,4), -- linear
(532709,30189,571,1,2,6281.973,80.006294,385.9889,0,300,300,0,4), -- linear
(532710,30189,571,1,2,6334.9897,209.81554,391.00198,0,300,300,0,2),
(532711,30189,571,1,2,6435.3867,180.64757,393.73538,0,300,300,0,2),
(532712,30189,571,1,2,6333.701,104.38867,391.15982,0,300,300,0,2),
(532713,30189,571,1,2,6291.744,93.31956,390.74988,0.75049,300,300,0,0),
(532714,30189,571,1,2,6187.931,84.90028,379.67975,1.81357,300,300,0,0),
(532716,30189,571,1,2,6194.4897,84.8482,379.92072,1.692969,300,300,0,0),
(532717,30189,571,1,2,6296.338,88.345055,390.6139,0.872664,300,300,0,0);
DELETE FROM creature_addon WHERE guid IN (
527346,527345,532707,532708,532709,527355,527343,527357,527359,527344,527339,527352,527351,527354,527350,532710,532711,532712,532713,532714,532716,532717);
INSERT INTO creature_addon (guid,mount,stand_state,sheath_state,pvp_flags,emote,moveflags,auras) VALUES
(527346,14338,0,1,1,0,0,NULL),
(527345,14338,0,1,1,0,0,NULL),
(532707,0,0,1,1,0,0,52103),
(532708,0,0,1,1,0,0,52103),
(532709,0,0,1,1,0,0,52103),
(527355,0,0,1,1,0,0,52103),
(527343,0,0,1,1,0,0,52103),
(527357,0,0,1,1,0,0,52103),
(527359,0,0,1,1,0,0,52103),
(527344,0,0,1,1,0,0,52103),
(527339,0,0,1,1,0,0,52103),
(527352,0,0,1,1,0,0,52103),
(527351,0,0,1,1,0,0,52103),
(527354,0,0,1,1,0,0,52103),
(527350,0,0,1,1,0,0,52103),
(532710,0,0,1,1,0,0,52103),
(532711,0,0,1,1,0,0,52103),
(532712,0,0,1,1,0,0,52103),
(532713,0,0,1,1,333,0,NULL),
(532714,0,0,1,1,333,0,NULL),
(532716,0,0,1,1,333,0,NULL),
(532717,0,0,1,1,333,0,NULL);
UPDATE creature SET position_x = 5928.33, position_y = -159.83345, position_z = 279.2821, spawndist = 0, MovementType = 4 WHERE guid IN (527346,529369); -- linear
UPDATE creature SET position_x = 6142.5825, position_y = -63.91851, position_z = 376.37485, spawndist = 0, MovementType = 4 WHERE guid IN (527348,529343); -- linear
UPDATE creature SET position_x = 6154.23, position_y = -60.76476, position_z = 390.40442, spawndist = 0, MovementType = 4 WHERE guid IN (527336,529359); -- linear
UPDATE creature SET position_x = 6151.878, position_y = 5.128689, position_z = 382.8717, spawndist = 0, MovementType = 2 WHERE guid IN (527332,529352);
UPDATE creature SET position_x = 6267.071, position_y = -0.708442, position_z = 405.53247, spawndist = 0, MovementType = 2 WHERE guid IN (527345,529375);
UPDATE creature SET position_x = 6108.3755, position_y = -43.534615, position_z = 390.8263, spawndist = 0, MovementType = 4 WHERE guid IN (527341,529346); -- linear
UPDATE creature SET position_x = 6084.354, position_y = 4.82921, position_z = 391.00754, spawndist = 0, MovementType = 4 WHERE guid IN (527349,529350); -- linear
UPDATE creature SET position_x = 6260.697, position_y = 105.8074, position_z = 383.20724, spawndist = 0, MovementType = 4 WHERE guid IN (527355); -- linear
UPDATE creature SET position_x = 6214.3525, position_y = 84.27366, position_z = 376.69342, spawndist = 0, MovementType = 4 WHERE guid IN (527343); -- linear
UPDATE creature SET position_x = 6169.9487, position_y = 77.748375, position_z = 371.33356, spawndist = 0, MovementType = 4 WHERE guid IN (527357); -- linear
UPDATE creature SET position_x = 6153.9414, position_y = 125.77377, position_z = 372.88138, spawndist = 0, MovementType = 2 WHERE guid IN (527359);
UPDATE creature SET position_x = 6252.9224, position_y = 198.05534, position_z = 384.75308, spawndist = 0, MovementType = 2 WHERE guid IN (527344);
UPDATE creature SET position_x = 6272.536, position_y = 137.86404, position_z = 384.69073, spawndist = 0, MovementType = 2 WHERE guid IN (527339);
UPDATE creature SET position_x = 6298.307, position_y = 170.63326, position_z = 384.76434, spawndist = 0, MovementType = 2 WHERE guid IN (527352);
UPDATE creature SET position_x = 6359.743, position_y = 158.87402, position_z = 391.33066, spawndist = 0, MovementType = 2 WHERE guid IN (527351);
UPDATE creature SET position_x = 6245.5254, position_y = 209.41168, position_z = 386.79175, spawndist = 0, MovementType = 2 WHERE guid IN (527354);
UPDATE creature SET position_x = 6210.8193, position_y = 237.61586, position_z = 387.14554, spawndist = 0, MovementType = 2 WHERE guid IN (527350);
DELETE FROM creature_movement WHERE id IN (
527346,529369,527348,529343,527336,529359,527332,529352,527345,529375,527341,529346,527349,529350,532707,532708,532709,527355,527343,527357,527359,
527344,527339,527352,527351,527354,527350,532710,532711,532712);
INSERT INTO creature_movement (id, Point, PositionX, PositionY, PositionZ, Orientation, WaitTime, ScriptId) VALUES
-- 527346
-- 529369
(527346,1 ,5928.33,-159.83345,279.2821,100,1000,0),
(527346,2 ,5945.3145,-163.39226,291.2113,100,0,0),
(527346,3 ,5960.1455,-162.8789,298.5404,100,0,0),
(527346,4 ,5977.03,-160.85406,306.11017,100,0,0),
(527346,5 ,5993.1953,-156.61328,311.63605,100,0,0),
(527346,6 ,6006.1187,-155.24306,314.7726,100,0,0),
(527346,7 ,6019.551,-151.62804,317.4374,100,0,0),
(527346,8 ,6033.539,-148.9426,320.1925,100,0,0),
(527346,9 ,6043.026,-151.35579,323.27063,100,0,0),
(527346,10,6052.096,-155.25597,327.21716,100,0,0),
(527346,11,6060.4956,-154.80751,330.71008,100,0,0),
(527346,12,6061.449,-142.12349,331.3374,100,1000,0),
(529369,1 ,5928.33,-159.83345,279.2821,100,1000,0),
(529369,2 ,5945.3145,-163.39226,291.2113,100,0,0),
(529369,3 ,5960.1455,-162.8789,298.5404,100,0,0),
(529369,4 ,5977.03,-160.85406,306.11017,100,0,0),
(529369,5 ,5993.1953,-156.61328,311.63605,100,0,0),
(529369,6 ,6006.1187,-155.24306,314.7726,100,0,0),
(529369,7 ,6019.551,-151.62804,317.4374,100,0,0),
(529369,8 ,6033.539,-148.9426,320.1925,100,0,0),
(529369,9 ,6043.026,-151.35579,323.27063,100,0,0),
(529369,10,6052.096,-155.25597,327.21716,100,0,0),
(529369,11,6060.4956,-154.80751,330.71008,100,0,0),
(529369,12,6061.449,-142.12349,331.3374,100,1000,0),
-- 527348
-- 529343
(527348,1,6142.5825,-63.91851,376.37485,100,1000,0),
(527348,2,6140.0947,-72.7985,370.57324,100,0,0),
(527348,3,6135.3955,-79.08496,365.35962,100,0,0),
(527348,4,6124.9185,-84.22689,355.7683,100,0,0),
(527348,5,6106.348,-89.1454,340.5625,100,0,0),
(527348,6,6094.541,-91.94987,333.56015,100,0,0),
(527348,7,6083.096,-99.5331,329.71164,100,0,0),
(527348,8,6074.5513,-109.15799,328.52792,100,0,0),
(527348,9,6067.7534,-118.10796,329.7269,100,1000,0),
(529343,1,6142.5825,-63.91851,376.37485,100,1000,0),
(529343,2,6140.0947,-72.7985,370.57324,100,0,0),
(529343,3,6135.3955,-79.08496,365.35962,100,0,0),
(529343,4,6124.9185,-84.22689,355.7683,100,0,0),
(529343,5,6106.348,-89.1454,340.5625,100,0,0),
(529343,6,6094.541,-91.94987,333.56015,100,0,0),
(529343,7,6083.096,-99.5331,329.71164,100,0,0),
(529343,8,6074.5513,-109.15799,328.52792,100,0,0),
(529343,9,6067.7534,-118.10796,329.7269,100,1000,0),
-- 527336
-- 529359
(527336,1,6154.23,-60.76476,390.40442,100,1000,0),
(527336,2,6156.0903,-66.67838,390.40442,100,0,0),
(527336,3,6157.942,-72.739044,390.40442,100,1000,0),
(529359,1,6154.23,-60.76476,390.40442,100,1000,0),
(529359,2,6156.0903,-66.67838,390.40442,100,0,0),
(529359,3,6157.942,-72.739044,390.40442,100,1000,0),
-- 527332
-- 529352
(527332,1 ,6151.878,5.128689,382.8717,100,0,0),
(527332,2 ,6147.566,-24.335611,383.33795,100,0,0),
(527332,3 ,6149.295,-38.756836,383.31845,100,0,0),
(527332,4 ,6143.3853,-55.91428,380.2518,100,0,0),
(527332,5 ,6140.057,-66.44477,374.60312,100,0,0),
(527332,6 ,6141.9087,-66.755424,374.53503,100,0,0),
(527332,7 ,6144.1934,-54.966797,380.94345,100,0,0),
(527332,8 ,6151.3066,-44.719074,383.2878,100,0,0),
(527332,9 ,6146.6406,-28.396593,383.45,100,0,0),
(527332,10,6133.73,-21.21734,383.48004,100,0,0),
(527332,11,6131.265,-18.082031,383.52554,100,0,0),
(527332,12,6145.1353,-9.009657,383.2514,100,0,0),
(527332,13,6150.1743,-3.600586,383.23004,100,0,0),
(527332,14,6153.9707,7.7910156,382.40955,100,0,0),
(527332,15,6164.8403,21.710396,379.94128,100,0,0),
(527332,16,6182.6313,31.54069,379.98965,100,0,0),
(527332,17,6198.616,37.606445,380.34363,100,0,0),
(527332,18,6192.018,50.178493,380.34363,100,0,0),
(527332,19,6187.7993,47.551323,380.34363,100,0,0),
(527332,20,6178.914,28.963758,379.98965,100,0,0),
(527332,21,6162.455,19.675564,380.22742,100,0,0),
(529352,1 ,6151.878,5.128689,382.8717,100,0,0),
(529352,2 ,6147.566,-24.335611,383.33795,100,0,0),
(529352,3 ,6149.295,-38.756836,383.31845,100,0,0),
(529352,4 ,6143.3853,-55.91428,380.2518,100,0,0),
(529352,5 ,6140.057,-66.44477,374.60312,100,0,0),
(529352,6 ,6141.9087,-66.755424,374.53503,100,0,0),
(529352,7 ,6144.1934,-54.966797,380.94345,100,0,0),
(529352,8 ,6151.3066,-44.719074,383.2878,100,0,0),
(529352,9 ,6146.6406,-28.396593,383.45,100,0,0),
(529352,10,6133.73,-21.21734,383.48004,100,0,0),
(529352,11,6131.265,-18.082031,383.52554,100,0,0),
(529352,12,6145.1353,-9.009657,383.2514,100,0,0),
(529352,13,6150.1743,-3.600586,383.23004,100,0,0),
(529352,14,6153.9707,7.7910156,382.40955,100,0,0),
(529352,15,6164.8403,21.710396,379.94128,100,0,0),
(529352,16,6182.6313,31.54069,379.98965,100,0,0),
(529352,17,6198.616,37.606445,380.34363,100,0,0),
(529352,18,6192.018,50.178493,380.34363,100,0,0),
(529352,19,6187.7993,47.551323,380.34363,100,0,0),
(529352,20,6178.914,28.963758,379.98965,100,0,0),
(529352,21,6162.455,19.675564,380.22742,100,0,0),
-- 527345
-- 529375
(527345,1 ,6267.071,-0.708442,405.53247,100,0,0),
(527345,2 ,6268.043,20.994576,396.12006,100,0,0),
(527345,3 ,6266.1973,36.460613,391.04544,100,0,0),
(527345,4 ,6264.703,55.61643,389.53506,100,0,0),
(527345,5 ,6261.418,58.791233,389.52176,100,0,0),
(527345,6 ,6244.0693,51.072266,386.0966,100,0,0),
(527345,7 ,6245.895,44.704536,385.9164,100,0,0),
(527345,8 ,6264.2583,31.879557,391.96277,100,0,0),
(527345,9 ,6270.3833,6.99707,402.3106,100,0,0),
(527345,10,6262.0356,-6.257053,408.1692,100,0,0),
(527345,11,6259.087,-13.888563,409.7782,100,0,0),
(527345,12,6259.907,-21.551107,410.04895,100,0,0),
(527345,13,6251.8306,-23.236437,410.0489,100,0,0),
(527345,14,6244.877,-18.16276,410.04895,100,0,0),
(527345,15,6234.247,-15.96875,410.17395,100,0,0),
(527345,16,6224.2383,-3.103082,410.1933,100,0,0),
(527345,17,6214.9253,-4.374023,410.1933,100,0,0),
(527345,18,6205.053,-8.315755,410.1933,100,0,0),
(527345,19,6206.06,-11.046766,410.1933,100,0,0),
(527345,20,6215.7876,-4.399414,410.1933,100,0,0),
(527345,21,6225.328,-4.753038,410.1933,100,0,0),
(527345,22,6235.784,-17.036133,410.17395,100,0,0),
(527345,23,6232.7256,-24.784939,410.1933,100,0,0),
(527345,24,6223.2354,-31.197266,410.1933,100,0,0),
(527345,25,6217.673,-39.620228,409.49155,100,0,0),
(527345,26,6216.6094,-37.91558,409.29428,100,0,0),
(527345,27,6228.3164,-27.493814,410.1933,100,0,0),
(527345,28,6243.754,-17.33941,410.21765,100,0,0),
(527345,29,6254.44,-10.5284,409.586,100,0,0),
(529375,1 ,6267.071,-0.708442,405.53247,100,0,0),
(529375,2 ,6268.043,20.994576,396.12006,100,0,0),
(529375,3 ,6266.1973,36.460613,391.04544,100,0,0),
(529375,4 ,6264.703,55.61643,389.53506,100,0,0),
(529375,5 ,6261.418,58.791233,389.52176,100,0,0),
(529375,6 ,6244.0693,51.072266,386.0966,100,0,0),
(529375,7 ,6245.895,44.704536,385.9164,100,0,0),
(529375,8 ,6264.2583,31.879557,391.96277,100,0,0),
(529375,9 ,6270.3833,6.99707,402.3106,100,0,0),
(529375,10,6262.0356,-6.257053,408.1692,100,0,0),
(529375,11,6259.087,-13.888563,409.7782,100,0,0),
(529375,12,6259.907,-21.551107,410.04895,100,0,0),
(529375,13,6251.8306,-23.236437,410.0489,100,0,0),
(529375,14,6244.877,-18.16276,410.04895,100,0,0),
(529375,15,6234.247,-15.96875,410.17395,100,0,0),
(529375,16,6224.2383,-3.103082,410.1933,100,0,0),
(529375,17,6214.9253,-4.374023,410.1933,100,0,0),
(529375,18,6205.053,-8.315755,410.1933,100,0,0),
(529375,19,6206.06,-11.046766,410.1933,100,0,0),
(529375,20,6215.7876,-4.399414,410.1933,100,0,0),
(529375,21,6225.328,-4.753038,410.1933,100,0,0),
(529375,22,6235.784,-17.036133,410.17395,100,0,0),
(529375,23,6232.7256,-24.784939,410.1933,100,0,0),
(529375,24,6223.2354,-31.197266,410.1933,100,0,0),
(529375,25,6217.673,-39.620228,409.49155,100,0,0),
(529375,26,6216.6094,-37.91558,409.29428,100,0,0),
(529375,27,6228.3164,-27.493814,410.1933,100,0,0),
(529375,28,6243.754,-17.33941,410.21765,100,0,0),
(529375,29,6254.44,-10.5284,409.586,100,0,0),
-- 527341
-- 529346
(527341,1,6108.3755,-43.534615,390.8263,100,1000,0),
(527341,2,6114.272,-46.808052,390.82632,100,0,0),
(527341,3,6120.394,-50.169815,390.82626,100,1000,0),
(529346,1,6108.3755,-43.534615,390.8263,100,1000,0),
(529346,2,6114.272,-46.808052,390.82632,100,0,0),
(529346,3,6120.394,-50.169815,390.82626,100,1000,0),
-- 527349
-- 529350
(527349,1,6084.354,4.82921,391.00754,100,1000,0),
(527349,2,6084.47,-9.051215,390.99817,100,1000,0),
(529350,1,6084.354,4.82921,391.00754,100,1000,0),
(529350,2,6084.47,-9.051215,390.99817,100,1000,0),
-- 532707
(532707,1,6334.5376,44.429253,388.9864,100,1000,0),
(532707,2,6323.932,27.030924,390.3776,100,0,0),
(532707,3,6314.5386,17.598091,391.449,100,1000,0),
-- 532708
(532708,1,6286.907,78.965385,386.27722,100,1000,0),
(532708,2,6302.619,75.02431,386.60373,100,0,0),
(532708,3,6321.107,71.33854,388.03842,100,1000,0),
-- 532709
(532709,1,6281.973,80.006294,385.9889,100,1000,0),
(532709,2,6277.5312,91.754555,386.34656,100,0,0),
(532709,3,6267.8784,99.17513,384.41052,100,1000,0),
-- 527355
(527355,1,6260.697,105.8074,383.20724,100,1000,0),
(527355,2,6250.4517,111.87315,381.84006,100,0,0),
(527355,3,6238.2344,106.53917,379.73386,100,0,0),
(527355,4,6224.7954,103.67242,378.23636,100,1000,0),
-- 527343
(527343,1,6214.3525,84.27366,376.69342,100,1000,0),
(527343,2,6205.6504,75.40885,374.00543,100,0,0),
(527343,3,6197.37,71.29752,372.5633,100,0,0),
(527343,4,6187.411,70.40679,371.84576,100,1000,0),
-- 527357
(527357,1,6169.9487,77.748375,371.33356,100,1000,0),
(527357,2,6152.884,75.39713,370.07773,100,0,0),
(527357,3,6134.839,63.516712,369.37076,100,1000,0),
-- 527359
(527359,1,6153.9414,125.77377,372.88138,100,0,0),
(527359,2,6133.8228,154.9068,371.21707,100,0,0),
(527359,3,6147.8726,166.1785,372.6531,100,0,0),
(527359,4,6163.8867,165.96822,374.19974,100,0,0),
(527359,5,6189.274,149.09462,375.89664,100,0,0),
(527359,6,6176.085,127.47559,375.4678,100,0,0),
-- 527344
(527344,1,6252.9224,198.05534,384.75308,100,0,0),
(527344,2,6256.0645,178.05806,381.76016,100,0,0),
(527344,3,6245.0234,159.4579,380.55292,100,0,0),
(527344,4,6233.105,157.38672,380.3077,100,0,0),
(527344,5,6218.8003,163.88277,380.61032,100,0,0),
(527344,6,6196.4688,153.84322,376.63504,100,0,0),
(527344,7,6191.987,172.47688,376.4805,100,0,0),
(527344,8,6212.512,183.01314,379.5942,100,0,0),
(527344,9,6232.679,196.1861,383.29977,100,0,0),
-- 527339
(527339,1,6272.536,137.86404,384.69073,100,0,0),
(527339,2,6295.5137,139.03125,387.27997,100,0,0),
(527339,3,6294.232,165.82031,384.40497,100,0,0),
(527339,4,6270.862,165.72119,382.331,100,0,0),
-- 527352
(527352,1,6298.307,170.63326,384.76434,100,0,0),
(527352,2,6300.655,201.71246,388.18167,100,0,0),
(527352,3,6327.7563,200.54509,390.5226,100,0,0),
(527352,4,6327.6,170.40474,388.21033,100,0,0),
-- 527351
(527351,1,6359.743,158.87402,391.33066,100,0,0),
(527351,2,6376.7417,173.3088,392.6851 ,100,0,0),
(527351,3,6381.579,193.10818,393.77383,100,0,0),
(527351,4,6364.947,198.5281,392.28497 ,100,0,0),
(527351,5,6335.846,198.86925,390.3448 ,100,0,0),
(527351,6,6334.6533,161.90527,388.6743,100,0,0),
-- 527354
(527354,1,6245.5254,209.41168,386.79175,100,0,0),
(527354,2,6259.857,224.58507,388.901   ,100,0,0),
(527354,3,6275.909,230.11838,389.87808 ,100,0,0),
(527354,4,6288.8022,220.75739,389.84866,100,0,0),
(527354,5,6285.5664,202.20518,387.10562,100,0,0),
(527354,6,6269.612,191.18967,384.5761  ,100,0,0),
(527354,7,6249.669,194.95747,383.80228 ,100,0,0),
-- 527350
(527350,1,6210.8193,237.61586,387.14554,100,0,0),
(527350,2,6240.2754,240.82753,389.3315,100,0,0),
(527350,3,6255.6504,245.99615,391.4946,100,0,0),
(527350,4,6274.1353,237.3169,390.80847,100,0,0),
(527350,5,6255.639,216.41315,387.1576 ,100,0,0),
(527350,6,6220.018,210.19597,384.61728,100,0,0),
(527350,7,6195.9946,209.41699,382.2419,100,0,0),
-- 532710
(532710,1,6334.9897,209.81554,391.00198,100,0,0),
(532710,2,6316.2725,209.27843,390.94864,100,0,0),
(532710,3,6306.7754,224.03938,391.397  ,100,0,0),
(532710,4,6319.9546,233.85059,392.2271 ,100,0,0),
(532710,5,6349.1353,235.19922,395.17786,100,0,0),
(532710,6,6360.114,233.33398,396.099   ,100,0,0),
(532710,7,6395.5474,230.7857,395.19446 ,100,0,0),
(532710,8,6391.559,214.59885,394.5155  ,100,0,0),
(532710,9,6357.3345,202.31456,392.1017 ,100,0,0),
-- 532711
(532711,1,6435.3867,180.64757,393.73538,100,0,0),
(532711,2,6446.578,195.5357,395.13968  ,100,0,0),
(532711,3,6433.75,212.22537,397.89365  ,100,0,0),
(532711,4,6412.1396,211.59483,395.27026,100,0,0),
(532711,5,6393.0376,192.42686,394.1116 ,100,0,0),
(532711,6,6387.201,180.74902,393.8394  ,100,0,0),
(532711,7,6394.672,170.6581,394.2819   ,100,0,0),
(532711,8,6414.6226,167.51443,395.09552,100,0,0),
-- 532712
(532712,1,6333.701,104.38867,391.15982 ,100,0,0),
(532712,2,6342.1367,98.58594,391.14743 ,100,0,0),
(532712,3,6358.6997,96.60862,392.2778  ,100,0,0),
(532712,4,6368.4126,118.48666,392.20486,100,0,0),
(532712,5,6361.4966,127.46495,391.28482,100,0,0),
(532712,6,6344.7183,123.50206,391.53482,100,0,0),
(532712,7,6336.6094,116.482216,391.291 ,100,0,0);

-- Freed Crusader 30274
UPDATE creature_template SET Faction = 2070, UnitFlags = 33280, StaticFlags2 = 2048, StaticFlags3 = 524288 WHERE entry = 31177;
DELETE FROM dbscripts_on_relay WHERE id BETWEEN 20861 AND 20863;
INSERT INTO dbscripts_on_relay (id, delay, command, datalong, datalong2, datalong3, buddy_entry, search_radius, data_flags, dataint, dataint2, dataint3, dataint4, x, y, z, o, comments) VALUES
(20861,1,36,0,0,0,0,0,2,0,0,0,0,0,0,0,0,'Part of Freed Crusader 30274 EAI: Face Player'),
(20861,2,8,0,0,0,0,0,2,0,0,0,0,0,0,0,0,'Part of Freed Crusader 30274 EAI: Q Credit'),
(20861,3,25,1,0,0,0,0,6,0,0,0,0,0,0,0,0,'Part of Freed Crusader 30274 EAI: RUN ON'),
(20861,100,0,0,0,0,0,0,2,30978,0,0,0,0,0,0,0,'Part of Freed Crusader 30274 EAI: Say'),
(20861,101,14,56521,0,0,0,0,4,0,0,0,0,0,0,0,0,'Part of Freed Crusader 30274 EAI: Remove 56521 from Player'),
(20861,200,14,56525,0,0,0,0,4,0,0,0,0,0,0,0,0,'Part of Freed Crusader 30274 EAI: Remove 56521 from Player'),
(20861,300,14,56520,0,0,0,0,4,0,0,0,0,0,0,0,0,'Part of Freed Crusader 30274 EAI: Remove 56521 from Player'),
(20861,400,15,56521,0,0,0,0,2,0,0,0,0,0,0,0,0,'Part of Freed Crusader 30274 EAI: Cast 56521 on Player'),
(20861,4000,15,56539,0,0,0,0,2,0,0,0,0,0,0,0,0,'Part of Freed Crusader 30274 EAI: Cast 56539 on Player'),
(20861,4001,0,0,0,0,0,0,2,30980,0,0,0,0,0,0,0,'Part of Freed Crusader 30274 EAI: Say'),
(20861,7000,20,2,1,0,0,0,6,0,0,0,0,0,0,0,0,'Part of Freed Crusader 30274 EAI: set Path 1'),
(20862,1,36,0,0,0,0,0,2,0,0,0,0,0,0,0,0,'Part of Freed Crusader 30274 EAI: Face Player'),
(20862,2,8,0,0,0,0,0,2,0,0,0,0,0,0,0,0,'Part of Freed Crusader 30274 EAI: Q Credit'),
(20862,3,25,1,0,0,0,0,6,0,0,0,0,0,0,0,0,'Part of Freed Crusader 30274 EAI: RUN ON'),
(20862,100,0,0,0,0,0,0,2,30977,0,0,0,0,0,0,0,'Part of Freed Crusader 30274 EAI: Say'),
(20862,101,14,56521,0,0,0,0,4,0,0,0,0,0,0,0,0,'Part of Freed Crusader 30274 EAI: Remove 56521 from Player'),
(20862,200,14,56525,0,0,0,0,4,0,0,0,0,0,0,0,0,'Part of Freed Crusader 30274 EAI: Remove 56521 from Player'),
(20862,300,14,56520,0,0,0,0,4,0,0,0,0,0,0,0,0,'Part of Freed Crusader 30274 EAI: Remove 56521 from Player'),
(20862,400,15,56525,0,0,0,0,2,0,0,0,0,0,0,0,0,'Part of Freed Crusader 30274 EAI: Cast 56525 on Player'),
(20862,4000,15,56539,0,0,0,0,2,0,0,0,0,0,0,0,0,'Part of Freed Crusader 30274 EAI: Cast 56539 on Player'),
(20862,4001,0,0,0,0,0,0,2,30980,0,0,0,0,0,0,0,'Part of Freed Crusader 30274 EAI: Say'),
(20862,7000,20,2,1,0,0,0,6,0,0,0,0,0,0,0,0,'Part of Freed Crusader 30274 EAI: set Path 1'),
(20863,1,36,0,0,0,0,0,2,0,0,0,0,0,0,0,0,'Part of Freed Crusader 30274 EAI: Face Player'),
(20863,2,8,0,0,0,0,0,2,0,0,0,0,0,0,0,0,'Part of Freed Crusader 30274 EAI: Q Credit'),
(20863,3,25,1,0,0,0,0,6,0,0,0,0,0,0,0,0,'Part of Freed Crusader 30274 EAI: RUN ON'),
(20863,100,0,0,0,0,0,0,2,30976,0,0,0,0,0,0,0,'Part of Freed Crusader 30274 EAI: Say'),
(20863,101,14,56521,0,0,0,0,4,0,0,0,0,0,0,0,0,'Part of Freed Crusader 30274 EAI: Remove 56521 from Player'),
(20863,200,14,56525,0,0,0,0,4,0,0,0,0,0,0,0,0,'Part of Freed Crusader 30274 EAI: Remove 56521 from Player'),
(20863,300,14,56520,0,0,0,0,4,0,0,0,0,0,0,0,0,'Part of Freed Crusader 30274 EAI: Remove 56521 from Player'),
(20863,400,15,56520,0,0,0,0,2,0,0,0,0,0,0,0,0,'Part of Freed Crusader 30274 EAI: Cast 56520 on Player'),
(20863,4000,15,56539,0,0,0,0,2,0,0,0,0,0,0,0,0,'Part of Freed Crusader 30274 EAI: Cast 56539 on Player'),
(20863,4001,0,0,0,0,0,0,2,30980,0,0,0,0,0,0,0,'Part of Freed Crusader 30274 EAI: Say'),
(20863,7000,45,0,20347,0,0,0,6,0,0,0,0,0,0,0,0,'Part of Freed Crusader 30274 EAI: set Random Script');
DELETE FROM dbscript_random_templates WHERE id = 20347;
INSERT INTO dbscript_random_templates (id, type, target_id, chance, comments) VALUES
(20347,1,20663,0,'Part of Captured Crusader 30407 EAI - Set Path 1'),
(20347,1,30602,0,'Part of Captured Crusader 30407 EAI - Set Path 2');
DELETE FROM creature_movement_template WHERE entry IN (30274);
INSERT INTO creature_movement_template (entry, pathId, point, positionx, positiony, positionz, orientation, waittime, scriptid) VALUES
-- path 1
(30274,1,1 ,6295.184,92.6575,390.71857,100,0,0),
(30274,1,2 ,6282.9106,78.947235,391.1916,100,0,0),
(30274,1,3 ,6268.6606,65.197235,390.4416,100,0,0),
(30274,1,4 ,6262.9106,43.44724,389.6916,100,0,0),
(30274,1,5 ,6266.9106,26.447239,394.6916,100,0,0),
(30274,1,6 ,6267.6606,9.197239,401.1916,100,0,0),
(30274,1,7 ,6266.1606,-4.052761,407.1916,100,0,0),
(30274,1,8 ,6255.4106,-12.052761,409.9416,100,0,0),
(30274,1,9 ,6240.6606,-18.052761,410.1916,100,0,0),
(30274,1,10,6226.637,-4.763021,410.16464,100,100,1),
-- path 2
(30274,2,1 ,6191.619,105.81669,378.3428,100,0,0),
(30274,2,2 ,6191.3906,95.9212,379.25372,100,0,0),
(30274,2,3 ,6191.3906,81.4212,380.50372,100,0,0),
(30274,2,4 ,6191.1406,53.171204,380.75372,100,0,0),
(30274,2,5 ,6182.8906,35.421204,380.25372,100,0,0),
(30274,2,6 ,6171.6406,25.171204,380.25372,100,0,0),
(30274,2,7 ,6162.8906,15.921204,380.75372,100,0,0),
(30274,2,8 ,6152.8906,-5.5787964,383.75372,100,0,0),
(30274,2,9 ,6150.6406,-20.078796,383.75372,100,0,0),
(30274,2,10,6151.1406,-36.578796,383.75372,100,0,0),
(30274,2,11,6157.6406,-42.578796,384.25372,100,0,0),
(30274,2,12,6166.8906,-38.828796,387.00372,100,0,0),
(30274,2,13,6174.6406,-35.328796,391.00372,100,0,0),
(30274,2,14,6183.8906,-35.328796,395.25372,100,0,0),
(30274,2,15,6192.8906,-34.078796,399.75372,100,0,0),
(30274,2,16,6203.3906,-39.828796,404.75372,100,0,0),
(30274,2,17,6210.8906,-38.328796,407.75372,100,0,0),
(30274,2,18,6219.8906,-31.078796,410.25372,100,0,0),
(30274,2,19,6232.6406,-20.078796,410.25372,100,0,0),
(30274,2,20,6233.3906,-12.578796,410.25372,100,0,0),
(30274,2,21,6223.6626,-4.474284,410.16464,100,100,1);

-- Webbed Crusader 30273
-- Webbed Crusader 30268
-- Forgotten Depths Ambusher 30204
-- All Redone - some duplicates removed
DELETE FROM creature_addon WHERE guid IN (
527666,527413,527665,527680,527409,527656,527411,527660,527659,527408,527415,527683,527655,527406,527407,527675,527654,527682,527664,527678,527677,
527414,527685,527668,527663,527661,527412,527679,527684,527404,527658,527676,527657,527405,527686,527667,527662,527410,527681);
DELETE FROM creature_movement WHERE id IN (
527666,527413,527665,527680,527409,527656,527411,527660,527659,527408,527415,527683,527655,527406,527407,527675,527654,527682,527664,527678,527677,
527414,527685,527668,527663,527661,527412,527679,527684,527404,527658,527676,527657,527405,527686,527667,527662,527410,527681);
DELETE FROM game_event_creature WHERE guid IN (
527666,527413,527665,527680,527409,527656,527411,527660,527659,527408,527415,527683,527655,527406,527407,527675,527654,527682,527664,527678,527677,
527414,527685,527668,527663,527661,527412,527679,527684,527404,527658,527676,527657,527405,527686,527667,527662,527410,527681);
DELETE FROM game_event_creature_data WHERE guid IN (
527666,527413,527665,527680,527409,527656,527411,527660,527659,527408,527415,527683,527655,527406,527407,527675,527654,527682,527664,527678,527677,
527414,527685,527668,527663,527661,527412,527679,527684,527404,527658,527676,527657,527405,527686,527667,527662,527410,527681);
DELETE FROM creature_battleground WHERE guid IN (
527666,527413,527665,527680,527409,527656,527411,527660,527659,527408,527415,527683,527655,527406,527407,527675,527654,527682,527664,527678,527677,
527414,527685,527668,527663,527661,527412,527679,527684,527404,527658,527676,527657,527405,527686,527667,527662,527410,527681);
DELETE FROM creature_linking WHERE guid IN (
527666,527413,527665,527680,527409,527656,527411,527660,527659,527408,527415,527683,527655,527406,527407,527675,527654,527682,527664,527678,527677,
527414,527685,527668,527663,527661,527412,527679,527684,527404,527658,527676,527657,527405,527686,527667,527662,527410,527681);
DELETE FROM creature where guid IN (
527666,527413,527665,527680,527409,527656,527411,527660,527659,527408,527415,527683,527655,527406,527407,527675,527654,527682,527664,527678,527677,
527414,527685,527668,527663,527661,527412,527679,527684,527404,527658,527676,527657,527405,527686,527667,527662,527410,527681);
INSERT INTO creature (guid, id, map, spawnMask, phaseMask, position_x, position_y, position_z, orientation, spawntimesecsmin, spawntimesecsmax, spawndist, MovementType) VALUES
(527666,30273,571,1,2,6130.81982421875000000000,139.90899658203125000000,370.43399047851560000000,0.82030498981475830000,300,300,0,0),
(527413,30273,571,1,2,6165.00976562500000000000,147.72000122070312000000,373.50500488281250000000,3.42085003852844240000,300,300,0,0),
(527680,30273,571,1,2,6192.00000000000000000000,123.81500244140625000000,377.25201416015625000000,3.70009994506835940000,300,300,0,0),
(527656,30273,571,1,2,6206.24023437500000000000,163.21600341796875000000,378.21899414062500000000,1.44861996173858640000,300,300,0,0),
(527411,30273,571,1,2,6212.93017578125000000000,229.93499755859375000000,387.16699218750000000000,2.80997991561889650000,300,300,0,0),
(527659,30273,571,1,2,6244.77978515625000000000,190.19400024414062000000,383.07998657226560000000,1.50098001956939700000,180,180,0,0),
(527415,30273,571,1,2,6249.75000000000000000000,126.80599975585938000000,382.53399658203125000000,2.47836995124816900000,300,300,0,0),
(527655,30273,571,1,2,6254.62011718750000000000,225.18400573730470000000,388.70098876953125000000,4.78219985961914100000,180,180,0,0),
(527407,30273,571,1,2,6277.33007812500000000000,155.16700744628906000000,383.49099731445310000000,4.79965019226074200000,300,300,0,0),
(527682,30273,571,1,2,6303.70019531250000000000,193.73599243164062000000,387.66900634765625000000,4.36331987380981450000,300,300,0,0),
(527678,30273,571,1,2,6321.27001953125000000000,152.46299743652344000000,387.23901367187500000000,4.10152006149292000000,300,300,0,0),
(527677,30273,571,1,2,6333.02001953125000000000,57.54230117797851600000,389.17300415039060000000,4.62512016296386700000,300,300,0,0),
(527414,30273,571,1,2,6335.22021484375000000000,110.14700317382812000000,391.30899047851560000000,6.05629014968872100000,300,300,0,0),
(527663,30273,571,1,2,6339.97998046875000000000,186.90699768066406000000,389.64401245117190000000,1.34389996528625490000,300,300,0,0),
(527661,30273,571,1,2,6347.77001953125000000000,225.48300170898438000000,393.71200561523440000000,1.15191996097564700000,180,180,0,0),
(527684,30273,571,1,2,6363.70996093750000000000,126.46299743652344000000,391.42401123046875000000,3.89208006858825700000,300,300,0,0),
(527404,30273,571,1,2,6389.43994140625000000000,226.34399414062500000000,395.38299560546875000000,6.16100978851318400000,300,300,0,0),
(527676,30273,571,1,2,6405.66992187500000000000,158.45599365234375000000,394.69198608398440000000,0.85521101951599120000,300,300,0,0),
(527686,30273,571,1,2,6421.83984375000000000000,258.29199218750000000000,397.27899169921875000000,2.89724993705749500000,300,300,0,0),
(527681,30273,571,1,2,6434.64013671875000000000,198.27299499511720000000,396.76199340820310000000,5.93412017822265600000,300,300,0,0);
-- spell Script
DELETE FROM dbscripts_on_spell WHERE id = 56515;
INSERT INTO dbscripts_on_spell (id, delay, command, datalong, datalong2, datalong3, buddy_entry, search_radius, data_flags, dataint, dataint2, dataint3, dataint4, x, y, z, o, comments) VALUES
(56515,0,15,56516,0,0,0,0,2,0,0,0,0,0,0,0,0,'cast 56516');
-- sharing spawn points
DELETE FROM creature_spawn_entry WHERE entry IN (30273,30204);
INSERT INTO creature_spawn_entry (guid,entry)
SELECT guid,id FROM creature
WHERE id in (30273)
union
SELECT guid,30204 FROM creature
WHERE id in (30273)
union
SELECT guid,id FROM creature
WHERE id in (30204)
union
SELECT guid,30273 FROM creature
WHERE id in (30204);
UPDATE creature SET id = 0 WHERE id IN (30273,30204);
-- Webbed Crusader 30268 on 
DELETE FROM vehicle_accessory WHERE vehicle_entry IN (30204);
INSERT INTO vehicle_accessory (vehicle_entry, seat, accessory_entry, comment) VALUES
(30204,0,30268,'Webbed Crusader 30268 on Forgotten Depths Ambusher 30204');

-- Forgotten Depths Dummy 30207
UPDATE creature_template SET InhabitType=4 WHERE entry=30207;

-- Forgotten Depths Acolyte 30205
-- Forgotten Depths Slayer 30333
UPDATE creature_template SET Faction = 2068, UnitFlags = 32768, StaticFlags1 = 32768, StaticFlags2 = 2099200 WHERE entry IN (30205,30333);
DELETE FROM creature_addon WHERE guid IN (527405,527406,527408,527409,527410,527412,527654,527657,527658,527660,527662,527664,527665,527667,527668,
527675,527679,527683,527685,532718,532719,532720,532721,532722,532723,532724,532725,532726,532727,532728,532729);
DELETE FROM creature_movement WHERE id IN (527405,527406,527408,527409,527410,527412,527654,527657,527658,527660,527662,527664,527665,527667,527668,
527675,527679,527683,527685,532718,532719,532720,532721,532722,532723,532724,532725,532726,532727,532728,532729);
DELETE FROM game_event_creature WHERE guid IN (527405,527406,527408,527409,527410,527412,527654,527657,527658,527660,527662,527664,527665,527667,527668,
527675,527679,527683,527685,532718,532719,532720,532721,532722,532723,532724,532725,532726,532727,532728,532729);
DELETE FROM game_event_creature_data WHERE guid IN (527405,527406,527408,527409,527410,527412,527654,527657,527658,527660,527662,527664,527665,527667,527668,
527675,527679,527683,527685,532718,532719,532720,532721,532722,532723,532724,532725,532726,532727,532728,532729);
DELETE FROM creature_battleground WHERE guid IN (527405,527406,527408,527409,527410,527412,527654,527657,527658,527660,527662,527664,527665,527667,527668,
527675,527679,527683,527685,532718,532719,532720,532721,532722,532723,532724,532725,532726,532727,532728,532729);
DELETE FROM creature_linking WHERE guid IN (527405,527406,527408,527409,527410,527412,527654,527657,527658,527660,527662,527664,527665,527667,527668,
527675,527679,527683,527685,532718,532719,532720,532721,532722,532723,532724,532725,532726,532727,532728,532729);
DELETE FROM creature where guid IN (527405,527406,527408,527409,527410,527412,527654,527657,527658,527660,527662,527664,527665,527667,527668,
527675,527679,527683,527685,532718,532719,532720,532721,532722,532723,532724,532725,532726,532727,532728,532729);
INSERT INTO creature (guid, id, map, spawnMask, phaseMask, position_x, position_y, position_z, orientation, spawntimesecsmin, spawntimesecsmax, spawndist, MovementType) VALUES
(527405,30205,571,1,2,6133.0103,205.59315,395.14908,0.20943952,60,90,0,2),
(527406,30205,571,1,2,6133.0103,205.59315,395.14908,0.20943952,60,90,0,2),
(527408,30205,571,1,2,6133.0103,205.59315,395.14908,0.20943952,60,90,0,2),
(527409,30205,571,1,2,6369.6616,265.46127,448.20258,4.6251225,60,90,0,2),
(527410,30205,571,1,2,6333.733,263.1926,443.7097,4.5553093,60,90,0,2),
(527412,30205,571,1,2,6136.9478,234.64578,409.83005,5.0265484,60,90,0,2),
(527654,30205,571,1,2,6398,265.0874,433.11942,5.078908,60,90,0,2),
(527657,30205,571,1,2,6333.733,263.1926,443.7097,4.5553093,60,90,0,2),
(527658,30205,571,1,2,6369.6616,265.46127,448.20258,4.6251225,60,90,0,2),
(527660,30205,571,1,2,6369.6616,265.46127,448.20258,4.6251225,60,90,0,2),
(527662,30205,571,1,2,6369.6616,265.46127,448.20258,4.6251225,60,90,0,2),
(527664,30205,571,1,2,6136.9478,234.64578,409.83005,5.0265484,60,90,0,2),
(527665,30205,571,1,2,6477.026,211.83273,424.33334,3.5430183,60,90,0,2),
(527667,30205,571,1,2,6477.026,211.83273,424.33334,3.5430183,60,90,0,2),
(527668,30205,571,1,2,6242.001,274.66544,430.8219,4.956735,60,90,0,2),
(527675,30205,571,1,2,6398,265.0874,433.11942,5.078908,60,90,0,2),
(527679,30205,571,1,2,6398,265.0874,433.11942,5.078908,60,90,0,2),
(527683,30205,571,1,2,6398,265.0874,433.11942,5.078908,60,90,0,2),
(527685,30205,571,1,2,6398,265.0874,433.11942,5.078908,60,90,0,2),
(532718,30205,571,1,2,6464.3926,160.35683,448.82507,2.8797932,60,90,0,2),
(532719,30205,571,1,2,6464.3926,160.35683,448.82507,2.8797932,60,90,0,2),
(532720,30205,571,1,2,6406.6147,298.34787,468.35574,5.2010813,60,90,0,2),
(532721,30205,571,1,2,6406.6147,298.34787,468.35574,5.2010813,60,90,0,2),
(532722,30205,571,1,2,6242.001,274.66544,430.8219,4.956735,60,90,0,2),
(532723,30205,571,1,2,6268.5913,275.04193,443.19833,3.8048177,60,90,0,2),
(532724,30205,571,1,2,6268.5913,275.04193,443.19833,3.8048177,60,90,0,2),
(532725,30205,571,1,2,6268.5913,275.04193,443.19833,3.8048177,60,90,0,2),
(532726,30205,571,1,2,6333.733,263.1926,443.7097,4.5553093,60,90,0,2),
(532727,30205,571,1,2,6333.733,263.1926,443.7097,4.5553093,60,90,0,2),
(532728,30205,571,1,2,6186.682,287.08975,430.6749,5.183627,60,90,0,2),
(532729,30205,571,1,2,6186.682,287.08975,430.6749,5.183627,60,90,0,2);
UPDATE creature SET position_x = 6442.539, position_y = 254.07791, position_z = 397.5433, spawndist = 0, MovementType = 4 WHERE guid IN (527418); -- linear
DELETE FROM creature_movement WHERE id IN (527418);
INSERT INTO creature_movement (id, Point, PositionX, PositionY, PositionZ, Orientation, WaitTime, ScriptId) VALUES
-- only static spawn
(527418,1,6442.539,254.07791,397.5433,100,1000,0),
(527418,2,6453.089,258.45258,397.6683,100,0,0),
(527418,3,6462.271,262.6974,397.6683,100,0,0),
(527418,4,6470.097,272.6031,398.3776,100,0,0),
(527418,5,6484.373,281.91156,401.05435,100,0,0),
(527418,6,6491.014,285.7806,398.62845,100,0,0),
(527418,7,6515.8784,287.38107,401.09756,100,0,0),
(527418,8,6528.5225,289.9184,400.14774,100,0,0),
(527418,9,6545.0186,293.6607,400.18466,100,1000,0);
-- invaders
UPDATE creature SET position_x = 6469.863, position_y = 298.8903, position_z = 453.81027, orientation = 5.14872, spawndist = 0, MovementType = 2 WHERE guid IN (527417);
UPDATE creature SET position_x = 6186.682, position_y = 287.08975, position_z = 430.6749, orientation = 5.183627, spawndist = 0, MovementType = 2 WHERE guid IN (527843);
UPDATE creature SET position_x = 6268.5913, position_y = 275.04193, position_z = 443.19833, orientation = 3.8048177, spawndist = 0, MovementType = 2 WHERE guid IN (527416);
UPDATE creature SET position_x = 6136.9478, position_y = 234.64578, position_z = 409.83005, orientation = 5.0265484, spawndist = 0, MovementType = 2 WHERE guid IN (527419);
UPDATE creature SET position_x = 6242.001, position_y = 274.66544, position_z = 430.8219, orientation = 4.956735, spawndist = 0, MovementType = 2 WHERE guid IN (527842,527844);
UPDATE creature SET spawntimesecsmin = 60, spawntimesecsmax = 90 WHERE id IN (30205,30333);
DELETE FROM creature_movement WHERE id IN (
527417,527843,527416,527419,527842,527844,527405,527406,527408,527409,527410,527654,527657,527658,527660,527662,527664,527665,527667,527668,
527675,527679,527683,527685,532718,532719,532720,532721,532722,532723,532724,532725,532726,532727,532728,532729);
INSERT INTO creature_movement (id, Point, PositionX, PositionY, PositionZ, Orientation, WaitTime, ScriptId) VALUES
-- 527417
(527417,1 ,6469.863,298.8903,453.81027,5.14872,100,3020501),
(527417,2 ,6474.14,292.314,416.881,100,10,3020502),
(527417,3 ,6474.8,282.597,401.908,100,0,0),
(527417,4 ,6457.231,260.71463,397.5433,100,0,0),
(527417,5 ,6437.108,252.49055,397.27963,100,0,0),
(527417,6 ,6421.9165,246.29167,396.49908,100,0,0),
(527417,7 ,6402.2793,219.64655,395.49597,100,0,0),
(527417,8 ,6387.908,190.32135,393.65005,100,0,0),
(527417,9 ,6362.6914,158.49881,391.5356,100,0,0),
(527417,10,6332.8706,136.36209,389.97455,100,0,0),
(527417,11,6315.9517,111.28678,390.32306,100,0,0),
(527417,12,6297.134,93.27778,390.83252,100,0,0),
(527417,13,6285.322,81.66157,390.56918,100,0,0),
(527417,14,6268.745,66.60796,390.05093,100,1000,21),
(527417,15,6268.745,66.60796,390.05093,100,100,1),
-- 527843
(527843,1,6186.682,287.08975,430.6749,5.183627,100,3020501),
(527843,2,6196.32,273.957,386.877,100,10,3020502),
(527843,3,6201.4717,247.2729,386.09485,100,0,0),
(527843,4,6224.7217,208.7729,385.09485,100,0,0),
(527843,5,6260.2217,163.2729,382.59485,100,0,0),
(527843,6,6275.9717,131.7729,386.09485,100,0,0),
(527843,7,6285.9717,107.7729,389.59485,100,0,0),
(527843,8,6296.124,94.58881,390.8127,100,1000,21),
(527843,9,6296.124,94.58881,390.8127,100,100,1),
-- 527416
(527416,1,6268.5913,275.04193,443.19833,3.8048177,100,3020501),
(527416,2,6268.16,267.422,393.975,100,10,3020502),
(527416,3,6269.8066,254.17165,392.4571,100,0,0),
(527416,4,6272.8066,233.42165,390.4571,100,0,0),
(527416,5,6267.5566,214.92165,387.7071,100,0,0),
(527416,6,6264.5566,191.17165,384.4571,100,0,0),
(527416,7,6250.0566,150.17165,381.7071,100,0,0),
(527416,8,6232.0566,127.421646,381.2071,100,0,0),
(527416,9,6259.694,110.86902,382.93747,100,1000,21),
(527416,10,6259.694,110.86902,382.93747,100,100,1),
-- 527419
(527419,1,6136.9478,234.64578,409.83005,5.0265484,100,3020501),
(527419,2,6146.07,224.761,381.134,100,10,3020502),
(527419,3,6168.2856,205.61494,380.97406,100,0,0),
(527419,4,6188.5356,188.11494,378.47406,100,0,0),
(527419,5,6238.2856,144.86494,380.97406,100,0,0),
(527419,6,6260.7856,125.364944,384.22406,100,0,0),
(527419,7,6279.7856,108.864944,387.97406,100,0,0),
(527419,8,6296.0015,94.46889,390.81412,100,1000,21),
(527419,9,6296.0015,94.46889,390.81412,100,100,1),
-- 527842
(527842,1,6242.001,274.66544,430.8219,4.956735,100,3020501),
(527842,2,6247.46,261.774,393.681,100,10,3020502),
(527842,3,6242.7065,241.59764,389.8101,100,0,0),
(527842,4,6240.7065,222.84764,387.5601,100,0,0),
(527842,5,6237.2065,198.09764,384.3101,100,0,0),
(527842,6,6231.4565,162.34764,380.8101,100,0,0),
(527842,7,6230.4565,123.09764,381.3101,100,0,0),
(527842,8,6218.453,97.421295,377.43918,100,1000,21),
(527842,9,6218.453,97.421295,377.43918,100,100,1),
-- 527844
(527844,1 ,6242.001,274.66544,430.8219,4.956735,100,3020501),
(527844,2 ,6247.46,261.774,393.681,100,10,3020502),
(527844,3 ,6248.6284,237.4728,390.33548,100,0,0),
(527844,4 ,6250.1284,220.9728,387.83548,100,0,0),
(527844,5 ,6250.8784,192.4728,383.83548,100,0,0),
(527844,6 ,6277.6284,141.4728,385.08548,100,0,0),
(527844,7 ,6289.6284,120.72279,389.58548,100,0,0),
(527844,8 ,6301.3784,89.22279,390.58548,100,0,0),
(527844,9 ,6311.297,73.17161,386.98996,100,1000,21),
(527844,10,6311.297,73.17161,386.98996,100,100,1),
-- 527405
(527405,1,6133.0103,205.59315,395.14908,0.20943952,100,3020501),
(527405,2,6142.37,206.636,377.712,100,10,3020502),
(527405,3,6149.919,183.89037,374.7647,100,0,0),
(527405,4,6183.419,150.14037,375.5147,100,0,0),
(527405,5,6202.169,127.890366,377.7647,100,0,0),
(527405,6,6217.4683,97.64472,377.31744,100,1000,21),
(527405,7,6217.4683,97.64472,377.31744,100,100,1),
-- 527406
(527406,1,6133.0103,205.59315,395.14908,0.20943952,100,3020501),
(527406,2,6142.37,206.636,377.712,100,10,3020502),
(527406,3,6146.105,183.42119,373.85898,100,0,0),
(527406,4,6144.105,149.92119,372.85898,100,0,0),
(527406,5,6145.605,126.92119,371.85898,100,0,0),
(527406,6,6163.34,80.20638,371.00595,100,1000,21),
(527406,7,6163.34,80.20638,371.00595,100,100,1),
-- 527408
(527408,1 ,6133.0103,205.59315,395.14908,0.20943952,100,3020501),
(527408,2 ,6142.37,206.636,377.712,100,10,3020502),
(527408,3 ,6160.754,206.33386,381.8526,100,0,0),
(527408,4 ,6175.254,191.58386,378.3526,100,0,0),
(527408,5 ,6212.504,162.58386,379.6026,100,0,0),
(527408,6 ,6247.504,136.08386,382.3526,100,0,0),
(527408,7 ,6277.254,106.33386,387.1026,100,0,0),
(527408,8 ,6292.254,91.33386,390.8526,100,0,0),
(527408,9 ,6311.137,73.03174,386.9932,100,1000,21),
(527408,10,6311.137,73.03174,386.9932,100,100,1),
-- 527409
(527409,1 ,6369.6616,265.46127,448.20258,4.6251225,100,3020501),
(527409,2 ,6371.47,252.806,400.851,100,10,3020502),
(527409,3 ,6363.212,242.36365,398.39508,100,0,0),
(527409,4 ,6344.462,227.61365,393.64508,100,0,0),
(527409,5 ,6316.712,200.11365,389.89508,100,0,0),
(527409,6 ,6297.962,181.11365,385.89508,100,0,0),
(527409,7 ,6266.962,150.36365,383.89508,100,0,0),
(527409,8 ,6233.462,116.86365,380.89508,100,0,0),
(527409,9 ,6218.453,97.421295,377.43918,100,1000,21),
(527409,10,6218.453,97.421295,377.43918,100,100,1),
-- 527410
(527410,1 ,6333.733,263.1926,443.7097,4.5553093,100,3020501),
(527410,2 ,6340.19,255.311,409.076,100,10,3020502),
(527410,3 ,6335.89,250.684,400.071,100,0,0),
(527410,4 ,6323.0947,246.89572,400.26932,100,0,0),
(527410,5 ,6311.3447,240.64572,392.76932,100,0,0),
(527410,6 ,6285.8447,219.14572,389.51932,100,0,0),
(527410,7 ,6264.8447,197.64572,385.51932,100,0,0),
(527410,8 ,6242.3447,167.14572,380.76932,100,0,0),
(527410,9 ,6214.8447,131.39572,378.51932,100,0,0),
(527410,10,6173.8447,90.39572,373.51932,100,0,0),
(527410,11,6164.299,80.10742,370.96762,100,1000,21),
(527410,12,6164.299,80.10742,370.96762,100,100,1),
-- 527412
(527412,1 ,6136.9478,234.64578,409.83005,5.0265484,100,3020501),
(527412,2 ,6146.07,224.761,381.134,100,10,3020502),
(527412,3 ,6159.2275,220.38672,380.1227,100,0,0),
(527412,4 ,6182.9277,200.4043,380.29953,100,0,0),
(527412,5 ,6212.0195,171.31445,379.07004,100,0,0),
(527412,6 ,6238.9893,144.34375,380.7126,100,0,0),
(527412,7 ,6264.1406,119.19336,383.98605,100,0,0),
(527412,8 ,6282.9277,100.4043,388.20178,100,0,0),
(527412,9 ,6301.4688,81.97461,388.03842,100,0,0),
(527412,10,6311.137,73.03174,386.9932,100,1000,21),
(527412,11,6311.137,73.03174,386.9932,100,100,1),
-- 527654
(527654,1,6398,265.0874,433.11942,5.078908,100,3020501),
(527654,2,6405.26,258.275,397.758,100,10,3020502),
(527654,3,6404.263,225.01953,395.43274,100,0,0),
(527654,4,6386.763,177.26953,394.18274,100,0,0),
(527654,5,6375.013,144.51953,392.93274,100,0,0),
(527654,6,6333.513,100.26953,391.43274,100,0,0),
(527654,7,6312.2666,73.26406,387.1075,100,1000,21),
(527654,8,6312.2666,73.26406,387.1075,100,100,1),
-- 527657
(527657,1,6333.733,263.1926,443.7097,4.5553093,100,3020501),
(527657,2,6340.19,255.311,409.076,100,10,3020502),
(527657,3,6335.89,250.684,400.071,100,0,0),
(527657,4,6334.1797,237.76656,394.0535,100,0,0),
(527657,5,6327.9297,192.26656,390.0535,100,0,0),
(527657,6,6321.4297,142.01656,388.5535,100,0,0),
(527657,7,6314.4297,89.516556,391.0535,100,0,0),
(527657,8,6311.969,73.3491,387.03598,100,1000,21),
(527657,9,6311.969,73.3491,387.03598,100,100,1),
-- 527658
(527658,1 ,6369.6616,265.46127,448.20258,4.6251225,100,3020501),
(527658,2 ,6371.47,252.806,400.851,100,10,3020502),
(527658,3 ,6363.135,242.45671,398.4093,100,0,0),
(527658,4 ,6346.385,229.70671,394.1593,100,0,0),
(527658,5 ,6320.635,203.95671,390.6593,100,0,0),
(527658,6 ,6306.135,189.45671,387.4093,100,0,0),
(527658,7 ,6279.885,171.45671,383.4093,100,0,0),
(527658,8 ,6247.885,148.45671,381.4093,100,0,0),
(527658,9 ,6183.635,100.20671,378.1593,100,0,0),
(527658,10,6164.299,80.10742,370.96762,100,1000,21),
(527658,11,6164.299,80.10742,370.96762,100,100,1),
-- 527660
(527660,1 ,6369.6616,265.46127,448.20258,4.6251225,100,3020501),
(527660,2 ,6371.47,252.806,400.851,100,10,3020502),
(527660,3 ,6363.0684,242.278,398.45868,100,0,0),
(527660,4 ,6345.8184,229.028,393.70868,100,0,0),
(527660,5 ,6316.5684,200.028,389.95868,100,0,0),
(527660,6 ,6292.3184,175.528,384.95868,100,0,0),
(527660,7 ,6242.5684,125.778,382.20868,100,0,0),
(527660,8 ,6212.8184,108.528,378.45868,100,0,0),
(527660,9 ,6191.666,93.75,379.06635,100,1000,21),
(527660,10,6191.666,93.75,379.06635,100,100,1),
-- 527662
(527662,1,6369.6616,265.46127,448.20258,4.6251225,100,3020501),
(527662,2,6371.47,252.806,400.851,100,10,3020502),
(527662,3,6368.868,218.78503,395.72925,100,0,0),
(527662,4,6362.368,194.28503,391.97925,100,0,0),
(527662,5,6350.618,136.78503,391.22925,100,0,0),
(527662,6,6318.868,85.535034,390.22925,100,0,0),
(527662,7,6312.2666,73.26406,387.1075,100,1000,21),
(527662,8,6312.2666,73.26406,387.1075,100,100,1),
-- 527664
(527664,1,6136.9478,234.64578,409.83005,5.0265484,100,3020501),
(527664,2,6146.07,224.761,381.134,100,10,3020502),
(527664,3,6146.205,207.48369,377.56998,100,0,0),
(527664,4,6148.205,187.48369,374.81998,100,0,0),
(527664,5,6144.955,154.23369,373.06998,100,0,0),
(527664,6,6149.455,116.48369,373.31998,100,0,0),
(527664,7,6163.34,80.20638,371.00595,100,1000,21),
(527664,8,6163.34,80.20638,371.00595,100,100,1),
-- 527665
(527665,1,6477.026,211.83273,424.33334,3.5430183,100,3020501),
(527665,2,6467.35,207.814,400.947,100,10,3020502),
(527665,3,6450.7134,196.60399,395.65546,100,0,0),
(527665,4,6371.9634,144.35399,392.90546,100,0,0),
(527665,5,6297.5767,94.39399,390.8639,100,1000,21),
(527665,6,6297.5767,94.39399,390.8639,100,100,1),
-- 527667
(527667,1 ,6477.026,211.83273,424.33334,3.5430183,100,3020501),
(527667,2 ,6467.35,207.814,400.947,100,10,3020502),
(527667,3 ,6442.074,198.96071,396.2073,100,0,0),
(527667,4 ,6404.074,192.71071,395.7073,100,0,0),
(527667,5 ,6358.324,181.21071,391.2073,100,0,0),
(527667,6 ,6301.824,154.71071,385.9573,100,0,0),
(527667,7 ,6256.574,125.71071,383.4573,100,0,0),
(527667,8 ,6216.824,118.96071,379.7073,100,0,0),
(527667,9 ,6175.824,92.46071,374.9573 ,100,0,0),
(527667,10,6164.299,80.10742,370.96762,100,1000,21),
(527667,11,6164.299,80.10742,370.96762,100,100,1),
-- 527668
(527668,1,6242.001,274.66544,430.8219,4.956735,100,3020501),
(527668,2,6247.46,261.774,393.681,100,10,3020502),
(527668,3,6248.4116,236.50964,390.5294,100,0,0),
(527668,4,6253.4116,220.25964,387.7794,100,0,0),
(527668,5,6247.9116,189.75964,383.2794,100,0,0),
(527668,6,6227.9116,147.50964,380.2794,100,0,0),
(527668,7,6190.3633,95.24529,378.87778,100,1000,21),
(527668,8,6190.3633,95.24529,378.87778,100,100,1),
-- 527675
(527675,1 ,6398,265.0874,433.11942,5.078908,100,3020501),
(527675,2 ,6405.26,258.275,397.758,100,10,3020502),
(527675,3 ,6385.3564,238.59814,396.34857,100,0,0),
(527675,4 ,6358.3564,225.09814,395.34857,100,0,0),
(527675,5 ,6339.3564,206.09814,391.09857,100,0,0),
(527675,6 ,6313.1064,179.84814,387.34857,100,0,0),
(527675,7 ,6262.1064,130.09814,384.34857,100,0,0),
(527675,8 ,6235.6064,113.848145,380.34857,100,0,0),
(527675,9 ,6218.453,97.421295,377.43918,100,1000,21),
(527675,10,6218.453,97.421295,377.43918,100,100,1),
-- 527679
(527679,1 ,6398,265.0874,433.11942,5.078908,100,3020501),
(527679,2 ,6405.26,258.275,397.758,100,10,3020502),
(527679,3 ,6385.463,249.5125,396.16217,100,0,0),
(527679,4 ,6362.713,240.7625,397.66217,100,0,0),
(527679,5 ,6344.463,227.7625,393.66217,100,0,0),
(527679,6 ,6315.213,198.5125,389.41217,100,0,0),
(527679,7 ,6285.713,169.0125,384.16217,100,0,0),
(527679,8 ,6235.713,119.0125,381.41217,100,0,0),
(527679,9 ,6208.463,105.0125,377.41217,100,0,0),
(527679,10,6191.666,93.75,379.06635,100,1000,21),
(527679,11,6191.666,93.75,379.06635,100,100,1),
-- 527683
(527683,1 ,6398,265.0874,433.11942,5.078908,100,3020501),
(527683,2 ,6405.26,258.275,397.758,100,10,3020502),
(527683,3 ,6385.5293,249.44121,396.1128,100,0,0),
(527683,4 ,6360.5293,240.69121,397.1128,100,0,0),
(527683,5 ,6317.0293,200.44121,390.1128,100,0,0),
(527683,6 ,6286.5293,177.19121,384.3628,100,0,0),
(527683,7 ,6244.7793,155.94121,381.1128,100,0,0),
(527683,8 ,6183.5293,100.19121,378.1128,100,0,0),
(527683,9 ,6164.299,80.10742,370.96762,100,1000,21),
(527683,10,6164.299,80.10742,370.96762,100,100,1),
-- 527685
(527685,1,6398,265.0874,433.11942,5.078908,100,3020501),
(527685,2,6405.26,258.275,397.758,100,10,3020502),
(527685,3,6385.373,238.45586,396.122,100,0,0),
(527685,4,6350.123,216.70586,392.872,100,0,0),
(527685,5,6319.623,185.95586,388.372,100,0,0),
(527685,6,6288.873,155.45586,384.122,100,0,0),
(527685,7,6259.9863,110.63672,382.98605,100,1000,21),
(527685,8,6259.9863,110.63672,382.98605,100,100,1),
-- 532718
(532718,1 ,6464.3926,160.35683,448.82507,2.8797932,100,3020501),
(532718,2 ,6447.3,156.708,401.952,100,10,3020502),
(532718,3 ,6433.733,154.229,396.75916,100,0,0),
(532718,4 ,6383.233,154.229,393.75916,100,0,0),
(532718,5 ,6312.983,129.229,389.75916,100,0,0),
(532718,6 ,6269.983,119.229,385.25916,100,0,0),
(532718,7 ,6234.983,112.729,380.25916,100,0,0),
(532718,8 ,6206.483,104.979,377.75916,100,0,0),
(532718,9 ,6191.666,93.75,379.06635,100,1000,21),
(532718,10,6191.666,93.75,379.06635,100,100,1),
-- 532719
(532719,1,6464.3926,160.35683,448.82507,2.8797932,100,3020501),
(532719,2,6447.3,156.708,401.952,100,10,3020502),
(532719,3,6433.8525,153.24658,396.7428,100,0,0),
(532719,4,6377.6025,138.49658,392.7428,100,0,0),
(532719,5,6284.1025,113.996574,388.7428,100,0,0),
(532719,6,6253.1025,105.996574,381.9928,100,0,0),
(532719,7,6218.9053,96.78516,377.53363,100,1000,21),
(532719,8,6218.9053,96.78516,377.53363,100,100,1),
-- 532720
(532720,1 ,6406.6147,298.34787,468.35574,5.2010813,100,3020501),
(532720,2 ,6416.19,284.304,402.352,100,10,3020502),
(532720,3 ,6412.3213,271.86264,399.14557,100,0,0),
(532720,4 ,6385.3213,238.61264,396.14557,100,0,0),
(532720,5 ,6358.3213,225.11264,395.39557,100,0,0),
(532720,6 ,6319.3213,186.36264,388.39557,100,0,0),
(532720,7 ,6287.8213,154.36264,384.14557,100,0,0),
(532720,8 ,6242.3213,117.11264,381.89557,100,0,0),
(532720,9 ,6218.453,97.421295,377.43918,100,1000,21),
(532720,10,6218.453,97.421295,377.43918,100,100,1),
-- 532721
(532721,1,6406.6147,298.34787,468.35574,5.2010813,100,3020501),
(532721,2,6416.19,284.304,402.352,100,10,3020502),
(532721,3,6416.652,254.55246,397.12335,100,0,0),
(532721,4,6385.152,218.55246,394.62335,100,0,0),
(532721,5,6345.902,179.30246,390.37335,100,0,0),
(532721,6,6308.652,125.55246,390.12335,100,0,0),
(532721,7,6296.614,94.80095,390.89468,100,1000,21),
(532721,8,6296.614,94.80095,390.89468,100,100,1),
-- 532722
(532722,1,6242.001,274.66544,430.8219,4.956735,100,3020501),
(532722,2,6247.46,261.774,393.681,100,10,3020502),
(532722,3,6248.797,236.4354,390.75195,100,0,0),
(532722,4,6260.547,208.4354,386.75195,100,0,0),
(532722,5,6266.797,162.9354,382.75195,100,0,0),
(532722,6,6286.547,127.435394,388.00195,100,0,0),
(532722,7,6296.1343,94.5968,390.82294,100,1000,21),
(532722,8,6296.1343,94.5968,390.82294,100,100,1),
-- 532723
(532723,1,6268.5913,275.04193,443.19833,3.8048177,100,3020501),
(532723,2,6268.16,267.422,393.975,100,10,3020502),
(532723,3,6269.3975,251.2594,392.399,100,0,0),
(532723,4,6270.1475,225.2594,389.399,100,0,0),
(532723,5,6268.8975,188.7594,384.649,100,0,0),
(532723,6,6281.8975,135.7594,386.399,100,0,0),
(532723,7,6296.1343,94.5968,390.82294,100,1000,21),
(532723,8,6296.1343,94.5968,390.82294,100,100,1),
-- 532724
(532724,1,6268.5913,275.04193,443.19833,3.8048177,100,3020501),
(532724,2,6268.16,267.422,393.975,100,10,3020502),
(532724,3,6270.8066,250.17165,392.2071,100,0,0),
(532724,4,6266.5566,216.67165,387.7071,100,0,0),
(532724,5,6262.3066,182.42165,382.9571,100,0,0),
(532724,6,6232.0566,127.421646,381.2071,100,0,0),
(532724,7,6218.453,97.421295,377.43918,100,1000,21),
(532724,8,6218.453,97.421295,377.43918,100,100,1),
-- 532725
(532725,1,6268.5913,275.04193,443.19833,3.8048177,100,3020501),
(532725,2,6268.16,267.422,393.975,100,10,3020502),
(532725,3,6269.2285,251.2968,392.23248,100,0,0),
(532725,4,6275.2285,225.0468,389.48248,100,0,0),
(532725,5,6276.2285,189.5468,384.98248,100,0,0),
(532725,6,6283.4785,147.2968,384.73248,100,0,0),
(532725,7,6292.9785,111.7968,390.73248,100,0,0),
(532725,8,6311.297,73.17161,386.98996,100,1000,21),
(532725,9,6311.297,73.17161,386.98996,100,100,1),
-- 532726
(532726,1,6333.733,263.1926,443.7097,4.5553093,100,3020501),
(532726,2,6340.19,255.311,409.076,100,10,3020502),
(532726,3,6333.252,239.74248,396.48285,100,0,0),
(532726,4,6333.252,208.74248,391.23285,100,0,0),
(532726,5,6311.752,131.74248,389.23285,100,0,0),
(532726,6,6296.614,94.80095,390.89468,100,1000,21),
(532726,7,6296.614,94.80095,390.89468,100,100,1),
-- 532727
(532727,1,6333.733,263.1926,443.7097,4.5553093,100,3020501),
(532727,2,6340.19,255.311,409.076,100,10,3020502),
(532727,3,6328.815,237.51448,395.75986,100,0,0),
(532727,4,6308.565,200.51448,389.25986,100,0,0),
(532727,5,6286.315,159.51448,384.00986,100,0,0),
(532727,6,6259.7397,110.844955,382.9487,100,1000,21),
(532727,7,6259.7397,110.844955,382.9487,100,100,1),
-- 532728
(532728,1,6186.682,287.08975,430.6749,5.183627,100,3020501),
(532728,2,6196.32,273.957,386.877,100,10,3020502),
(532728,3,6203.398,258.3011,386.60248,100,0,0),
(532728,4,6214.398,208.80109,383.85248,100,0,0),
(532728,5,6217.148,173.05109,379.85248,100,0,0),
(532728,6,6219.898,141.80109,379.35248,100,0,0),
(532728,7,6217.476,97.645164,377.3279,100,1000,21),
(532728,8,6217.476,97.645164,377.3279,100,100,1),
-- 532729
(532729,1,6186.682,287.08975,430.6749,5.183627,100,3020501),
(532729,2,6196.32,273.957,386.877,100,10,3020502),
(532729,3,6192.8096,262.78223,384.1723,100,0,0),
(532729,4,6189.3096,207.03221,381.9223,100,0,0),
(532729,5,6183.3096,175.53221,376.4223,100,0,0),
(532729,6,6174.3096,104.53221,377.1723,100,0,0),
(532729,7,6164.299,80.10742,370.96762,100,1000,21),
(532729,8,6164.299,80.10742,370.96762,100,100,1);
DELETE FROM `creature_spawn_data` WHERE guid IN (
527417,527843,527416,527419,527842,527844,527405,527406,527408,527409,527410,527412,527654,527657,527658,527660,527662,527664,527665,
527667,527668,527675,527679,527683,527685,532718,532719,532720,532721,532722,532723,532724,532725,532726,532727,532728,532729);
INSERT INTO `creature_spawn_data` (`guid`, `id`) VALUES 
(527417,3),(527843,3),(527416,3),(527419,3),(527842,3),(527844,3),(527405,3),(527406,3),(527408,3),(527409,3),(527410,3),(527412,3),
(527654,3),(527657,3),(527658,3),(527660,3),(527662,3),(527664,3),(527665,3),(527667,3),(527668,3),(527675,3),(527679,3),(527683,3),
(527685,3),(532718,3),(532719,3),(532720,3),(532721,3),(532722,3),(532723,3),(532724,3),(532725,3),(532726,3),(532727,3),(532728,3),
(532729,3);
DELETE FROM dbscripts_on_creature_movement WHERE id IN (3020501,3020502);
INSERT INTO dbscripts_on_creature_movement(id, delay, priority, command, datalong, datalong2, datalong3, buddy_entry, search_radius, data_flags, dataint, dataint2, dataint3, dataint4, x, y, z, o, comments) values
(3020501,0,1,15,56225,0,0,0,0,0,0,0,0,0,0,0,0,0,'Cast 56225'),
(3020501,0,2,15,56223,0,0,30207,10,1,0,0,0,0,0,0,0,0,'Cast 56223 on buddy'),
(3020502,0,0,39,0,0,0,0,0,0x04,0,0,0,0,0,0,0,0,'Fly off');
-- sharing spawn points
DELETE FROM creature_spawn_entry WHERE entry IN (30205,30333);
INSERT INTO creature_spawn_entry (guid,entry)
SELECT guid,id FROM creature
WHERE id in (30205)
union
SELECT guid,30333 FROM creature
WHERE id in (30205)
union
SELECT guid,id FROM creature
WHERE id in (30333)
union
SELECT guid,30205 FROM creature
WHERE id in (30333);
UPDATE creature SET id = 0 WHERE id IN (30205,30333);
-- Spawn GROUPS
-- Group 1
DELETE FROM `spawn_group` WHERE id IN (34078);
INSERT INTO `spawn_group` (`Id`, `Name`, `Type`, `MaxCount`, `WorldState`, `Flags`) VALUES
(34078,'Icecrown - Valley of Echoes - Forgotten Depths Acolyte 30205 / Forgotten Depths Slayer 30333 - Group 1', 0, 1, 0, 0);
DELETE FROM `spawn_group_spawn` WHERE id IN (34078);
INSERT INTO `spawn_group_spawn` (`Id`, `Guid`, `SlotId`) VALUES
(34078, 527405, -1),
(34078, 527406, -1),
(34078, 527408, -1);
-- Group 2
DELETE FROM `spawn_group` WHERE id IN (34079);
INSERT INTO `spawn_group` (`Id`, `Name`, `Type`, `MaxCount`, `WorldState`, `Flags`) VALUES
(34079,'Icecrown - Valley of Echoes - Forgotten Depths Acolyte 30205 / Forgotten Depths Slayer 30333 - Group 2', 0, 1, 0, 0);
DELETE FROM `spawn_group_spawn` WHERE id IN (34079);
INSERT INTO `spawn_group_spawn` (`Id`, `Guid`, `SlotId`) VALUES
(34079, 527412, -1),
(34079, 527664, -1),
(34079, 527419, -1);
-- Group 3
DELETE FROM `spawn_group` WHERE id IN (34080);
INSERT INTO `spawn_group` (`Id`, `Name`, `Type`, `MaxCount`, `WorldState`, `Flags`) VALUES
(34080,'Icecrown - Valley of Echoes - Forgotten Depths Acolyte 30205 / Forgotten Depths Slayer 30333 - Group 3', 0, 1, 0, 0);
DELETE FROM `spawn_group_spawn` WHERE id IN (34080);
INSERT INTO `spawn_group_spawn` (`Id`, `Guid`, `SlotId`) VALUES
(34080, 527843, -1),
(34080, 532728, -1),
(34080, 532729, -1);
-- Group 4
DELETE FROM `spawn_group` WHERE id IN (34081);
INSERT INTO `spawn_group` (`Id`, `Name`, `Type`, `MaxCount`, `WorldState`, `Flags`) VALUES
(34081,'Icecrown - Valley of Echoes - Forgotten Depths Acolyte 30205 / Forgotten Depths Slayer 30333 - Group 4', 0, 1, 0, 0);
DELETE FROM `spawn_group_spawn` WHERE id IN (34081);
INSERT INTO `spawn_group_spawn` (`Id`, `Guid`, `SlotId`) VALUES
(34081, 527668, -1),
(34081, 532722, -1),
(34081, 527842, -1),
(34081, 527844, -1);
-- Group 5
DELETE FROM `spawn_group` WHERE id IN (34082);
INSERT INTO `spawn_group` (`Id`, `Name`, `Type`, `MaxCount`, `WorldState`, `Flags`) VALUES
(34082,'Icecrown - Valley of Echoes - Forgotten Depths Acolyte 30205 / Forgotten Depths Slayer 30333 - Group 5', 0, 1, 0, 0);
DELETE FROM `spawn_group_spawn` WHERE id IN (34082);
INSERT INTO `spawn_group_spawn` (`Id`, `Guid`, `SlotId`) VALUES
(34082, 532723, -1),
(34082, 532724, -1),
(34082, 532725, -1),
(34082, 527416, -1);
-- Group 6
DELETE FROM `spawn_group` WHERE id IN (34083);
INSERT INTO `spawn_group` (`Id`, `Name`, `Type`, `MaxCount`, `WorldState`, `Flags`) VALUES
(34083,'Icecrown - Valley of Echoes - Forgotten Depths Acolyte 30205 / Forgotten Depths Slayer 30333 - Group 6', 0, 1, 0, 0);
DELETE FROM `spawn_group_spawn` WHERE id IN (34083);
INSERT INTO `spawn_group_spawn` (`Id`, `Guid`, `SlotId`) VALUES
(34083, 532726, -1),
(34083, 532727, -1),
(34083, 527410, -1),
(34083, 527657, -1);
-- Group 7
DELETE FROM `spawn_group` WHERE id IN (34084);
INSERT INTO `spawn_group` (`Id`, `Name`, `Type`, `MaxCount`, `WorldState`, `Flags`) VALUES
(34084,'Icecrown - Valley of Echoes - Forgotten Depths Acolyte 30205 / Forgotten Depths Slayer 30333 - Group 7', 0, 1, 0, 0);
DELETE FROM `spawn_group_spawn` WHERE id IN (34084);
INSERT INTO `spawn_group_spawn` (`Id`, `Guid`, `SlotId`) VALUES
(34084, 527658, -1),
(34084, 527662, -1),
(34084, 527409, -1),
(34084, 527660, -1);
-- Group 8
DELETE FROM `spawn_group` WHERE id IN (34085);
INSERT INTO `spawn_group` (`Id`, `Name`, `Type`, `MaxCount`, `WorldState`, `Flags`) VALUES
(34085,'Icecrown - Valley of Echoes - Forgotten Depths Acolyte 30205 / Forgotten Depths Slayer 30333 - Group 8', 0, 1, 0, 0);
DELETE FROM `spawn_group_spawn` WHERE id IN (34085);
INSERT INTO `spawn_group_spawn` (`Id`, `Guid`, `SlotId`) VALUES
(34085, 527675, -1),
(34085, 527685, -1),
(34085, 527679, -1),
(34085, 527683, -1),
(34085, 527654, -1);
-- Group 9
DELETE FROM `spawn_group` WHERE id IN (34086);
INSERT INTO `spawn_group` (`Id`, `Name`, `Type`, `MaxCount`, `WorldState`, `Flags`) VALUES
(34086,'Icecrown - Valley of Echoes - Forgotten Depths Acolyte 30205 / Forgotten Depths Slayer 30333 - Group 9', 0, 1, 0, 0);
DELETE FROM `spawn_group_spawn` WHERE id IN (34086);
INSERT INTO `spawn_group_spawn` (`Id`, `Guid`, `SlotId`) VALUES
(34086, 532721, -1),
(34086, 532720, -1);
-- Group 10
DELETE FROM `spawn_group` WHERE id IN (34087);
INSERT INTO `spawn_group` (`Id`, `Name`, `Type`, `MaxCount`, `WorldState`, `Flags`) VALUES
(34087,'Icecrown - Valley of Echoes - Forgotten Depths Acolyte 30205 / Forgotten Depths Slayer 30333 - Group 10', 0, 1, 0, 0);
DELETE FROM `spawn_group_spawn` WHERE id IN (34087);
INSERT INTO `spawn_group_spawn` (`Id`, `Guid`, `SlotId`) VALUES
(34087, 532719, -1),
(34087, 532718, -1);
-- Group 11
DELETE FROM `spawn_group` WHERE id IN (34088);
INSERT INTO `spawn_group` (`Id`, `Name`, `Type`, `MaxCount`, `WorldState`, `Flags`) VALUES
(34088,'Icecrown - Valley of Echoes - Forgotten Depths Acolyte 30205 / Forgotten Depths Slayer 30333 - Group 11', 0, 1, 0, 0);
DELETE FROM `spawn_group_spawn` WHERE id IN (34088);
INSERT INTO `spawn_group_spawn` (`Id`, `Guid`, `SlotId`) VALUES
(34088, 527667, -1),
(34088, 527665, -1);

-- Carrion Fleshstripper 30206
DELETE FROM creature_addon WHERE guid IN (532730,532731);
DELETE FROM creature_movement WHERE id IN (532730,532731);
DELETE FROM game_event_creature WHERE guid IN (532730,532731);
DELETE FROM game_event_creature_data WHERE guid IN (532730,532731);
DELETE FROM creature_battleground WHERE guid IN (532730,532731);
DELETE FROM creature_linking WHERE guid IN (532730,532731);
DELETE FROM creature where guid IN (532730,532731);
INSERT INTO creature (guid, id, map, spawnMask, phaseMask, position_x, position_y, position_z, orientation, spawntimesecsmin, spawntimesecsmax, spawndist, MovementType) VALUES
(532730,30206,571,1,2,6336.28,5.51442,410.246,5.49395,300,300,1,10),
(532731,30206,571,1,2,6122.62,43.9878,375.216,4.1627,300,300,1,10);
UPDATE creature SET position_x = 6337.417480, position_y = 211.009018, position_z = 391.104706 WHERE guid = 527420;
UPDATE creature SET position_x = 6337.417480, position_y = 211.009018, position_z = 391.104706 WHERE guid = 527420;
UPDATE creature SET position_x = 6252.425293, position_y = 167.349701, position_z = 381.261292 WHERE guid = 527424;
UPDATE creature SET spawndist = 10, MovementType = 1 WHERE id = 30206;
