-- Scourgeholme - Phase 128

-- missing creatures added
DELETE FROM creature_addon WHERE guid BETWEEN 535972 AND 536054;
DELETE FROM creature_movement WHERE id BETWEEN 535972 AND 536054;
DELETE FROM game_event_creature WHERE guid BETWEEN 535972 AND 536054;
DELETE FROM game_event_creature_data WHERE guid BETWEEN 535972 AND 536054;
DELETE FROM creature_battleground WHERE guid BETWEEN 535972 AND 536054;
DELETE FROM creature_linking WHERE guid BETWEEN 535972 AND 536054;
DELETE FROM creature where guid BETWEEN 535972 AND 536054;
INSERT INTO creature (guid, id, map, spawnMask, phaseMask, position_x, position_y, position_z, orientation, spawntimesecsmin, spawntimesecsmax, spawndist, MovementType) VALUES
-- Wrathstrike Gargoyle 30482
(535972,30482,571,1,128,6585.5967,408.84805,446.51373,0,300,300,0,3),
(535973,30482,571,1,128,6727.1313,417.65875,446.6252,0,300,300,0,3),
(535974,30482,571,1,128,6661.5835,545.4961,432.79477,0,300,300,0,3),
(535975,30482,571,1,128,6540.8315,538.3913,445.03677,0,300,300,0,3),
(535976,30482,571,1,128,6657.523,638.46533,440.89285,0,300,300,0,3),
(535977,30482,571,1,128,6808.918,649.92883,459.3267,0,300,300,0,3),
(535978,30482,571,1,128,6978.619,537.40485,608.2048,0,300,300,0,3),
(535979,30482,571,1,128,6963.938,516.3416,581.4916,0,300,300,0,3),
-- Forgotten Depths Underking 30541
(535980,30541,571,1,128,6552.9556,457.401,412.9138,0,300,300,0,2), -- wps
(535981,30541,571,1,128,6627.4087,480.19516,397.59042,0,300,300,0,2), -- wps
(535982,30541,571,1,128,6618.9126,606.0853,403.9011,0,300,300,0,2), -- wps
(535983,30541,571,1,128,6760.4185,515.03894,411.7683,0,300,300,0,2), -- wps
(535984,30541,571,1,128,6590.526,517.2059,397.82718,0,300,300,0,2), -- wps
(535985,30541,571,1,128,6740.1875,597.45764,425.3336,0,300,300,0,2), -- wps
(535986,30541,571,1,128,6523.077,676.1669,396.57556,0,300,300,0,2), -- wps
(535987,30541,571,1,128,6723.356,725.6697,406.03387,0,300,300,0,2), -- wps
(535988,30541,571,1,128,6907.679,497.3258,466.69257,0,300,300,0,0), -- part of spawn group #1
(535989,30541,571,1,128,7056.288,572.49054,497.07272,2.234021,300,300,0,0),
(535990,30541,571,1,128,7174.53,567.5573,500.7281,1.954768,300,300,0,0),
(535991,30541,571,1,128,6655.424,406.86606,405.36475,0,300,300,0,2),
(535992,30541,571,1,128,6407.4165,688.58936,434.4964,0,300,300,0,2),
(535993,30541,571,1,128,6903.6836,745.86774,416.77997,0,300,300,0,0), -- part of spawn group #2
(535994,30541,571,1,128,6962.62,734.95483,445.29575,4.48549,300,300,0,0),
(535995,30541,571,1,128,7005.7505,714.7524,468.61395,3.071779,300,300,0,0),
-- Forgotten Depths High Priest 30543
(535996,30543,571,1,128,6907.679,497.3258,466.69257,0,300,300,0,0), -- part of spawn group #1
(535997,30543,571,1,128,6903.6836,745.86774,416.77997,0,300,300,0,0), -- part of spawn group #2
(535998,30543,571,1,128,6747.1274,456.84766,419.2841,1.39626,300,300,0,0),
(535999,30543,571,1,128,6745.9893,449.01605,419.2836,4.48549,300,300,0,0),
(536000,30543,571,1,128,6689.0166,570.9977,424.52524,3.9968,300,300,0,0),
(536001,30543,571,1,128,6553.2744,579.0694,419.1847,3.90953,300,300,0,0),
(536002,30543,571,1,128,6560.222,584.0938,419.18524,0.64577,300,300,0,0),
(536003,30543,571,1,128,6855.058,601.53705,425.57254,0,300,300,0,2), -- wps
(536004,30543,571,1,128,6879.923,493.89883,467.9575,1.6755,300,300,0,0),
(536005,30543,571,1,128,6877.061,727.29395,415.69153,0,300,300,0,2), -- wps
(536006,30543,571,1,128,6858.0195,453.9017,471.76657,4.7822,300,300,0,0),
(536007,30543,571,1,128,6835.594,414.6435,471.77048,0.80285,300,300,0,0),
(536008,30543,571,1,128,6903.216,430.77768,471.76434,3.56047,300,300,0,0),
(536009,30543,571,1,128,6916.0723,467.6294,468.79883,0.97738,300,300,0,0),
(536010,30543,571,1,128,6877.8926,665.7679,425.52295,1.29154,300,300,0,0),
(536011,30543,571,1,128,7062.777,521.1562,526.3619,5.759586,300,300,0,0),
(536012,30543,571,1,128,7068.1113,477.9271,530.3128,0.5585,300,300,0,0),
(536013,30543,571,1,128,6881.5103,391.672,471.7705,1.937315,300,300,0,0),
-- Reanimated Crusader 30202
(536014,30202,571,1,128,6662.679,516.0224,398.92868,4.0099,300,300,10,1),
(536015,30202,571,1,128,6638.195,308.2952,450.2731,4.295,300,300,10,1),
(536016,30202,571,1,128,6630.499,395.68716,410.16327,3.61283,300,300,10,1),
(536017,30202,571,1,128,6589.3193,469.73755,403.59372,6.00837,300,300,10,1),
(536018,30202,571,1,128,6665.1084,390.3395,409.98755,0,300,300,10,1),
(536019,30202,571,1,128,6652.887,428.87518,402.15518,5.8475,300,300,10,1),
(536020,30202,571,1,128,6634.7646,457.63013,398.34933,1.63626,300,300,10,1),
(536021,30202,571,1,128,6556.0454,490.3587,406.3443,5.34456,300,300,10,1),
(536022,30202,571,1,128,6602.553,503.01193,398.28973,0.1529,300,300,10,1),
(536023,30202,571,1,128,6700.902,473.06912,402.79547,5.2302,300,300,10,1),
(536024,30202,571,1,128,6639.7485,496.1119,397.0126,4.22819,300,300,10,1),
(536025,30202,571,1,128,6699.393,445.95593,405.6133,3.63109,300,300,10,1),
(536026,30202,571,1,128,6721.5244,420.9189,411.70773,5.39887,300,300,10,1),
(536027,30202,571,1,128,6707.3696,381.96115,414.7087,2.321287,300,300,10,1),
(536028,30202,571,1,128,6697.195,528.27014,403.89752,1.88265,300,300,10,1),
(536029,30202,571,1,128,6628.49,541.8946,397.8596,0.7819,300,300,10,1),
(536030,30202,571,1,128,6714.024,501.84964,402.05157,6.111278,300,300,10,1),
(536031,30202,571,1,128,6667.4136,554.9021,405.54263,5.439338,300,300,10,1),
(536032,30202,571,1,128,6742.9023,521.94714,407.65964,0.78539,300,300,10,1),
(536033,30202,571,1,128,6761.733,520.44604,412.20374,0.731508,300,300,10,1),
(536034,30202,571,1,128,6608.457,582.01636,402.95596,5.48673,300,300,10,1),
(536035,30202,571,1,128,6575.168,550.669,404.99707,3.15916,300,300,10,1),
(536036,30202,571,1,128,6537.2627,530.99335,409.502,3.8946,300,300,10,1),
(536037,30202,571,1,128,6593.843,609.84406,411.18948,4.243,300,300,10,1),
(536038,30202,571,1,128,6526.272,493.17862,413.6368,3.36848,300,300,10,1),
(536039,30202,571,1,128,6507.787,529.45807,417.41327,4.0509,300,300,10,1),
(536040,30202,571,1,128,6630.9233,649.6008,403.7298,1.703229,300,300,10,1),
(536041,30202,571,1,128,6601.4883,669.2809,406.1283,3.95736,300,300,10,1),
(536042,30202,571,1,128,6549.743,632.34595,408.45184,3.52524,300,300,10,1),
(536043,30202,571,1,128,6580.3086,675.4481,408.4144,5.013759,300,300,10,1),
(536044,30202,571,1,128,6516.9033,612.4948,410.65897,1.255376,300,300,10,1),
(536045,30202,571,1,128,6507.759,482.07556,423.41272,5.00852,300,300,10,1),
(536046,30202,571,1,128,6714.613,337.34232,423.14786,4.26969,300,300,10,1),
(536047,30202,571,1,128,6774.271,377.03873,427.34988,3.477853,300,300,10,1),
(536048,30202,571,1,128,6485.046,565.43445,432.4168,0.01359,300,300,10,1),
(536049,30202,571,1,128,6471.909,611.24567,424.6458,0.08208,300,300,10,1),
(536050,30202,571,1,128,6418.757,592.7765,452.05624,.576557,300,300,10,1),
(536051,30202,571,1,128,6518.981,652.8319,401.21216,4.27605,300,300,10,1),
-- Underking Talonox 30830
(536052,30830,571,1,128,7181.1694,635.74316,488.45374,0,300,300,0,2),
-- High Priest Yath'amon 30831
(536053,30831,571,1,128,6869.6753,422.0885,470.86697,1.0821,300,300,0,0),
-- Salranax the Flesh Render 30829
(536054,30829,571,1,128,6839.1978,595.1352,426.31296,3.9968,300,300,0,0);

-- Updates
-- Reanimated Crusader 30202
UPDATE creature SET spawntimesecsmin = 120, spawntimesecsmax = 120 WHERE guid IN (535965,535966,535967,535968,535969);

-- Wrathstrike Gargoyle 30482
UPDATE creature_template SET SpeedWalk = (2.5 / 2.5), SpeedRun = (8 / 7), Expansion = 2, Faction = 2068, UnitFlags = 32768 WHERE entry = 30482;
-- waypoints
DELETE FROM creature_movement WHERE Id BETWEEN 535972 AND 535979;
INSERT INTO creature_movement (id, point, positionx, positiony, positionz, orientation, waittime, scriptid) VALUES
-- 535972
(535972,1,6585.5967,408.84805,446.51373,100,0,0),
(535972,2,6607.569,400.7011,444.74515  ,100,0,0),
(535972,3,6647.886,401.5727,444.74515  ,100,0,0),
(535972,4,6667.633,414.84732,433.91183 ,100,0,0),
(535972,5,6648.8735,462.50607,444.74515,100,0,0),
(535972,6,6592.1074,478.37094,444.74515,100,0,0),
(535972,7,6501.258,474.7027,444.74515  ,100,0,0),
(535972,8,6484.087,430.14474,485.09714 ,100,0,0),
(535972,9,6519.8813,419.71136,485.0971 ,100,0,0),
-- 535973
(535973,1,6727.1313,417.65875,446.6252,100,0,0),
(535973,2,6709.2017,445.42963,446.6252,100,0,0),
(535973,3,6714.2134,476.94205,446.6252,100,0,0),
(535973,4,6760.437,491.31192,446.6252 ,100,0,0),
(535973,5,6786.4717,463.1625,446.6252 ,100,0,0),
(535973,6,6764.2847,413.93985,446.6252,100,0,0),
-- 535974
(535974,1,6661.5835,545.4961,432.79477,100,0,0),
(535974,2,6659.485,589.32587,447.18372,100,0,0),
(535974,3,6628.776,594.45953,446.43372,100,0,0),
(535974,4,6613.692,584.96674,446.43372,100,0,0),
(535974,5,6595.4473,562.22156,444.79498,100,0,0),
(535974,6,6595.771,535.16,436.93375,100,0,0),
(535974,7,6631.0024,528.6161,450.8225,100,0,0),
-- 535975
(535975,1,6540.8315,538.3913,445.03677,100,0,0),
(535975,2,6561.0967,543.0555,445.03677,100,0,0),
(535975,3,6595.089,559.0989,445.03677,100,0,0),
(535975,4,6589.5596,608.71906,445.03677,100,0,0),
(535975,5,6536.4927,613.3968,445.03677,100,0,0),
(535975,6,6515.3066,571.26276,445.03677,100,0,0),
-- 535976
(535976,1,6657.523,638.46533,440.89285,100,0,0),
(535976,2,6664.191,665.0481,444.0318  ,100,0,0),
(535976,3,6741.2495,694.3304,433.55966,100,0,0),
(535976,4,6817.7046,701.7309,436.80966,100,0,0),
(535976,5,6839.8047,671.3302,438.47626,100,0,0),
(535976,6,6771.4854,625.29803,444.0318,100,0,0),
(535976,7,6729.311,607.0627,451.50403 ,100,0,0),
(535976,8,6689.264,569.4832,444.0318  ,100,0,0),
(535976,9,6664.168,580.6829,449.97623 ,100,0,0),
-- 535977
(535977,1,6808.918,649.92883,459.3267,100,0,0),
(535977,2,6779.6284,606.71735,465.07672,100,0,0),
(535977,3,6799.142,541.2056,474.66,100,0,0),
(535977,4,6863.365,520.46686,465.07672,100,0,0),
(535977,5,6900.798,554.7989,459.21564,100,0,0),
(535977,6,6904.9575,624.43274,471.549,100,0,0),
(535977,7,6860.8965,661.4768,465.07672,100,0,0),
-- 535978
(535978,1,6978.619,537.40485,608.2048,100,0,0),
(535978,2,6960.9473,489.86438,595.23285,100,0,0),
(535978,3,6975.1226,457.23828,608.1216,100,0,0),
(535978,4,6994.132,442.67905,608.1216,100,0,0),
(535978,5,7024.5806,437.2391,608.1216,100,0,0),
(535978,6,7055.7837,456.62222,580.7049,100,0,0),
(535978,7,7069.781,488.2772,580.7049,100,0,0),
(535978,8,7057.1816,540.2354,608.2048,100,0,0),
-- 535979
(535979,1,6963.938,516.3416,581.4916,100,0,0),
(535979,2,7012.507,555.9442,581.4916,100,0,0),
(535979,3,7062.917,517.7838,566.46375,100,0,0),
(535979,4,7074.498,487.17084,566.46375,100,0,0),
(535979,5,7060.0464,455.72726,581.4916,100,0,0),
(535979,6,6982.9907,465.85803,581.4916,100,0,0);
DELETE FROM creature_spawn_data WHERE guid BETWEEN 535972 AND 535979;
INSERT INTO creature_spawn_data (guid, Id) VALUES
(535972,20056),(535973,20056),(535974,20056),(535975,20056),
(535976,20056),(535977,20056),(535978,20056),(535979,20056);
-- Forgotten Depths Underking 30541
UPDATE creature_template SET SpeedWalk = (5 / 2.5), SpeedRun = (14 / 7), Expansion = 2, Faction = 2068, UnitFlags = 32768 WHERE entry = 30541;
-- waypoints
DELETE FROM creature_movement WHERE Id BETWEEN 535980 AND 535987;
DELETE FROM creature_movement WHERE Id BETWEEN 535991 AND 535992;
INSERT INTO creature_movement (id, point, positionx, positiony, positionz, orientation, waittime, scriptid) VALUES
-- 535980
(535980,1 ,6552.9556,457.401,412.9138,100,0,0),
(535980,2 ,6551.6953,432.50842,416.3854,100,0,0),
(535980,3 ,6568.846,415.31076,415.4773,100,0,0),
(535980,4 ,6572.9,410.44043,415.60547,100,0,0),
(535980,5 ,6577.9517,406.55853,415.68524,100,0,0),
(535980,6 ,6591.1465,393.95865,416.33038,100,0,0),
(535980,7 ,6624.9326,389.3775,412.6756,100,0,0),
(535980,8 ,6642.713,398.13742,408.06226,100,0,0),
(535980,9 ,6642.5103,414.16797,403.8214,100,0,0),
(535980,10,6613.7256,435.6944,403.52484,100,0,0),
(535980,11,6598.721,453.96875,403.0247,100,0,0),
(535980,12,6575.598,465.0943,407.38428,100,0,0),
-- 535981
(535981,1 ,6627.4087,480.19516,397.59042,100,0,0),
(535981,2 ,6643.31,442.91797,399.19244  ,100,0,0),
(535981,3 ,6674.234,416.56592,405.79398 ,100,0,0),
(535981,4 ,6697.8735,429.5978,406.50565 ,100,0,0),
(535981,5 ,6698.4873,458.80392,404.599  ,100,0,0),
(535981,6 ,6695.6895,473.04443,402.16315,100,0,0),
(535981,7 ,6665.0034,494.0065,397.80136 ,100,0,0),
(535981,8 ,6647.226,504.7513,398.00665  ,100,0,0),
(535981,9 ,6621.2754,520.38464,397.39203,100,0,0),
(535981,10,6601.7954,552.1827,398.97504 ,100,0,0),
(535981,11,6579.576,536.4825,401.4513   ,100,0,0),
(535981,12,6599.595,508.62906,398.46838 ,100,0,0),
-- 535982
(535982,1 ,6618.9126,606.0853,403.9011  ,100,0,0),
(535982,2 ,6608.2173,599.53894,403.8675 ,100,0,0),
(535982,3 ,6613.4043,573.8718,400.75977 ,100,0,0),
(535982,4 ,6638.759,543.8704,399.49097  ,100,0,0),
(535982,5 ,6667.593,521.0023,400.9878   ,100,0,0),
(535982,6 ,6697.97,501.48236,400.87476  ,100,0,0),
(535982,7 ,6711.98,522.7459,404.3376    ,100,0,0),
(535982,8 ,6702.312,534.5701,405.52734  ,100,0,0),
(535982,9 ,6679.6206,541.53314,402.13235,100,0,0),
(535982,10,6660.6025,557.79297,404.88913,100,0,0),
(535982,11,6639.0806,577.6152,402.8631  ,100,0,0),
(535982,12,6622.6235,585.6612,402.74066 ,100,0,0),
-- 535983
(535983,1,6760.4185,515.03894,411.7683 ,100,0,0),
(535983,2,6751.6416,521.65625,409.00882,100,0,0),
(535983,3,6775.593,535.6389,418.09894  ,100,0,0),
(535983,4,6790.6885,546.9235,423.86493 ,100,0,0),
(535983,5,6797.816,545.0986,424.37134  ,100,0,0),
(535983,6,6787.2695,530.5078,421.04272 ,100,0,0),
-- 535984
(535984,1 ,6590.526,517.2059,397.82718  ,100,0,0),
(535984,2 ,6570.9585,493.9405,403.33417 ,100,0,0),
(535984,3 ,6537.513,494.80334,411.08466 ,100,0,0),
(535984,4 ,6518.744,495.97488,415.1717  ,100,0,0),
(535984,5 ,6495.3257,488.75754,423.1458 ,100,0,0),
(535984,6 ,6486.2505,502.66586,427.0357 ,100,0,0),
(535984,7 ,6502.194,513.8438,420.63184  ,100,0,0),
(535984,8 ,6508.1973,531.43005,417.06915,100,0,0),
(535984,9 ,6529.4746,546.3594,410.90277 ,100,0,0),
(535984,10,6556.1626,540.922,405.67813  ,100,0,0),
-- 535985
(535985,1,6740.1875,597.45764,425.3336 ,100,0,0),
(535985,2,6725.25,595.63165,423.35938  ,100,0,0),
(535985,3,6713.9653,602.52545,423.5794 ,100,0,0),
(535985,4,6720.2734,613.86163,423.34573,100,0,0),
(535985,5,6736.2446,614.92126,423.45648,100,0,0),
(535985,6,6769.889,628.62335,425.91492 ,100,0,0),
(535985,7,6788.0938,633.10114,426.01328,100,0,0),
(535985,8,6789.9844,619.74286,423.34564,100,0,0),
(535985,9,6766.6533,606.4967,423.3484  ,100,0,0),
-- 535986
(535986,1 ,6523.077,676.1669,396.57556 ,100,0,0),
(535986,2 ,6556.6177,644.26733,406.8802,100,0,0),
(535986,3 ,6585.9805,657.42865,407.2491,100,0,0),
(535986,4 ,6601.711,672.25275,405.95215,100,0,0),
(535986,5 ,6627.283,706.9899,404.919   ,100,0,0),
(535986,6 ,6633.3745,744.365,393.08542 ,100,0,0),
(535986,7 ,6654.4404,769.52563,377.57  ,100,0,0),
(535986,8 ,6667.147,779.5311,374.68384 ,100,0,0),
(535986,9 ,6653.433,822.7098,364.9072  ,100,0,0),
(535986,10,6627.631,828.6999,359.77728 ,100,0,0),
(535986,11,6598.706,816.3239,361.00375 ,100,0,0),
(535986,12,6566.9243,827.68994,357.02002,100,0,0),
(535986,13,6539.7603,799.2536,357.41687,100,0,0),
(535986,14,6531.414,758.5039,367.58813 ,100,0,0),
(535986,15,6517.31,732.8662,376.72833  ,100,0,0),
(535986,16,6515.366,699.2704,389.44656 ,100,0,0),
-- 535987
(535987,1 ,6723.356,725.6697,406.03387  ,100,0,0),
(535987,2 ,6706.1035,712.00586,411.03503,100,0,0),
(535987,3 ,6687.8037,701.7214,412.33533 ,100,0,0),
(535987,4 ,6668.0767,685.32684,409.25043,100,0,0),
(535987,5 ,6660.2554,674.0505,407.7904  ,100,0,0),
(535987,6 ,6667.7207,662.23364,406.96024,100,0,0),
(535987,7 ,6710.2285,685.9379,408.30627 ,100,0,0),
(535987,8 ,6746.426,700.4451,407.53534  ,100,0,0),
(535987,9 ,6767.7646,702.44727,407.87292,100,0,0),
(535987,10,6780.8853,716.94855,410.25095,100,0,0),
(535987,11,6761.168,729.1507,407.59946  ,100,0,0),
-- 535991
(535991,1 ,6655.424,406.86606,405.36475,100,0,0),
(535991,2 ,6641.9194,396.59488,408.6035,100,0,0),
(535991,3 ,6665.6943,385.1183,411.77173,100,0,0),
(535991,4 ,6688.1235,372.12076,414.327 ,100,0,0),
(535991,5 ,6681.7056,337.86362,421.70474,100,0,0),
(535991,6 ,6711.1494,330.6628,422.93365,100,0,0),
(535991,7 ,6729,353.4073,427.0686,100,0,0),
(535991,8 ,6759.3926,371.96268,426.26987,100,0,0),
(535991,9 ,6742.835,378.43646,419.5578,100,0,0),
(535991,10,6710.8975,380.49805,415.6262,100,0,0),
(535991,11,6686.31,396.129,408.966,100,0,0),
-- 535992
(535992,1 ,6407.4165,688.58936,434.4964,100,0,0),
(535992,2 ,6429.6587,650.5623,435.4317,100,0,0),
(535992,3 ,6461.859,627.093,426.45068,100,0,0),
(535992,4 ,6482.6133,623.8535,419.03314,100,0,0),
(535992,5 ,6486.971,594.61523,420.43463,100,0,0),
(535992,6 ,6457.9707,595.35156,432.87485,100,0,0),
(535992,7 ,6437.5903,604.262,439.35385,100,0,0),
(535992,8 ,6395.824,618.1836,452.58197,100,0,0),
(535992,9 ,6358.262,637.1805,461.9345,100,0,0),
(535992,10,6375.446,676.1886,445.57974,100,0,0);

-- Forgotten Depths High Priest 30543
UPDATE creature_template SET SpeedWalk = (2.5 / 2.5), SpeedRun = (7 / 7), Expansion = 2, Faction = 2068, UnitFlags = 32768 WHERE entry = 30543;
-- waypoints
DELETE FROM creature_movement WHERE Id IN (536003,536005);
INSERT INTO creature_movement (id, point, positionx, positiony, positionz, orientation, waittime, scriptid) VALUES
-- 536003
(536003,1,6855.058,601.53705,425.57254,100,0,0),
(536003,2,6851.192,579.5569,425.5991,100,0,0),
(536003,3,6836.5234,574.7112,425.5607,100,0,0),
(536003,4,6825.2236,580.70795,425.50546,100,0,0),
(536003,5,6819.423,590.4103,425.55603,100,0,0),
(536003,6,6825.6753,608.05444,425.5935,100,0,0),
(536003,7,6843.223,612.9018,425.59946,100,0,0),
-- 536005
(536005,1,6877.061,727.29395,415.69153,100,0,0),
(536005,2,6901.583,727.05457,420.3601,100,0,0),
(536005,3,6885.6406,719.6542,417.66016,100,0,0),
(536005,4,6840.6313,715.12164,413.61954,100,0,0),
(536005,5,6775.6963,711.37823,408.1396,100,0,0),
(536005,6,6775.7,706.1141,407.9087,100,0,0),
(536005,7,6806.6875,710.4463,409.2188,100,0,0),
(536005,8,6840.8623,720.3665,413.44257,100,0,0);
-- Spawn Groups
-- Group 1
DELETE FROM `spawn_group` WHERE id = 34094;
INSERT INTO `spawn_group` (`Id`, `Name`, `Type`, `MaxCount`, `WorldState`, `Flags`) VALUES
(34094, 'Icecrown - Scourgeholme - Forgotten Depths High Priest 30543 & Forgotten Depths Underking 30541 - Patrol 1', 0, 0, 0, 0);
DELETE FROM `spawn_group_spawn` WHERE id = 34094;
INSERT INTO `spawn_group_spawn` (`Id`, `Guid`, `SlotId`) VALUES
(34094, 535996, 0),
(34094, 535988, 1);
DELETE FROM `spawn_group_formation` WHERE id = 34094;
INSERT INTO `spawn_group_formation` (`Id`, `FormationType`, `FormationSpread`, `FormationOptions`, `PathId`, `MovementType`, `Comment`) VALUES
(34094, 1, 5, 0, 34094, 2, 'Icecrown - Scourgeholme - Forgotten Depths High Priest 30543 & Forgotten Depths Underking 30541 - Patrol 1');
DELETE FROM `waypoint_path_name` WHERE PathId = 34094;
INSERT INTO `waypoint_path_name` (`PathId`, `Name`) VALUES
(34094,'Icecrown - Scourgeholme - Forgotten Depths High Priest 30543 & Forgotten Depths Underking 30541 - Patrol 1');
DELETE FROM `waypoint_path` WHERE PathId = 34094;
INSERT INTO `waypoint_path` (`PathId`, `Point`, `PositionX`, `PositionY`,`PositionZ`, `Orientation`, `WaitTime`, `ScriptId`) VALUES
(34094,1 ,6907.679,497.3258,466.69257,100,0,0),
(34094,2 ,6914.3413,512.1101,466.67908,100,0,0),
(34094,3 ,6926.0093,537.95624,466.5023,100,0,0),
(34094,4 ,6938.294,577.0025,466.8556,100,0,0),
(34094,5 ,6952.161,594.69867,466.85364,100,0,0),
(34094,6 ,6969.78,616.559,463.65723,100,0,0),
(34094,7 ,6984.6,616.547,466.891,100,0,0),
(34094,8 ,7002.272,602.7987,475.96356,100,0,0),
(34094,9 ,7028.0615,593.5281,484.95984,100,0,0),
(34094,10,7050.858,587.23224,490.40582,100,0,0),
(34094,11,7088.0146,583.53577,496.7264,100,0,0),
(34094,12,7135.5283,587.626,498.02402,100,0,0),
(34094,13,7174.147,581.0884,498.3722,100,0,0),
(34094,14,7200.039,579.85425,498.08047,100,0,0),
(34094,15,7217.3096,586.0213,496.8609,100,0,0),
(34094,16,7203.829,615.72766,490.37445,100,0,0),
(34094,17,7164.6235,625.2864,496.82254,100,0,0),
(34094,18,7126.2896,619.13,497.84366,100,0,0),
(34094,19,7094.888,587.951,497.86493,100,0,0),
(34094,20,7050.277,590.76245,490.22083,100,0,0),
(34094,21,7013.806,602.2949,479.39694,100,0,0),
(34094,22,6987.5264,624.238,465.71533,100,0,0),
(34094,23,6964.9126,625.1483,460.9786,100,0,0),
(34094,24,6944.732,587.1528,467.5309,100,0,0),
(34094,25,6927.863,556.95306,466.7288,100,0,0),
(34094,26,6919.7944,527.8042,467.01886,100,0,0);
-- Group 2
DELETE FROM `spawn_group` WHERE id = 34095;
INSERT INTO `spawn_group` (`Id`, `Name`, `Type`, `MaxCount`, `WorldState`, `Flags`) VALUES
(34095, 'Icecrown - Scourgeholme - Forgotten Depths High Priest 30543 & Forgotten Depths Underking 30541 - Patrol 2', 0, 0, 0, 0);
DELETE FROM `spawn_group_spawn` WHERE id = 34095;
INSERT INTO `spawn_group_spawn` (`Id`, `Guid`, `SlotId`) VALUES
(34095, 535997, 0),
(34095, 535993, 1);
DELETE FROM `spawn_group_formation` WHERE id = 34095;
INSERT INTO `spawn_group_formation` (`Id`, `FormationType`, `FormationSpread`, `FormationOptions`, `PathId`, `MovementType`, `Comment`) VALUES
(34095, 1, 5, 0, 34095, 2, 'Icecrown - Scourgeholme - Forgotten Depths High Priest 30543 & Forgotten Depths Underking 30541 - Patrol 2');
DELETE FROM `waypoint_path_name` WHERE PathId = 34095;
INSERT INTO `waypoint_path_name` (`PathId`, `Name`) VALUES
(34095,'Icecrown - Scourgeholme - Forgotten Depths High Priest 30543 & Forgotten Depths Underking 30541 - Patrol 2');
DELETE FROM `waypoint_path` WHERE PathId = 34095;
INSERT INTO `waypoint_path` (`PathId`, `Point`, `PositionX`, `PositionY`,`PositionZ`, `Orientation`, `WaitTime`, `ScriptId`) VALUES
(34095,1 ,6903.6836,745.86774,416.77997,100,0,0),
(34095,2 ,6892.5703,727.7129,418.37262,100,0,0),
(34095,3 ,6855.185,723.3093,414.2182,100,0,0),
(34095,4 ,6811.0205,714.74023,409.45673,100,0,0),
(34095,5 ,6778.231,711.31036,408.08087,100,0,0),
(34095,6 ,6749.7656,708.742,407.0315,100,0,0),
(34095,7 ,6720.024,695.63074,407.24463,100,0,0),
(34095,8 ,6730.436,731.6494,404.31073,100,0,0),
(34095,9 ,6727.097,774.3709,385.1756,100,0,0),
(34095,10,6722.822,816.96387,376.6164,100,0,0),
(34095,11,6733.8433,849.9835,375.9276,100,0,0),
(34095,12,6753.2446,867.13947,376.4501,100,0,0),
(34095,13,6786.713,850.1273,379.3602,100,0,0),
(34095,14,6817.16,840.9124,382.14987,100,0,0),
(34095,15,6845.225,827.96564,390.6372,100,0,0),
(34095,16,6869.8696,814.43695,394.15503,100,0,0),
(34095,17,6886.009,795.136,398.73477,100,0,0),
(34095,18,6889.417,776.7474,409.97955,100,0,0),
(34095,19,6887.1685,765.48285,416.8553,100,0,0),
(34095,20,6916.5347,751.3851,415.55133,100,0,0),
(34095,21,6922.7065,770.23364,412.2721,100,0,0),
(34095,22,6936.669,795.6367,409.21814,100,0,0),
(34095,23,6946.9478,821.29047,405.55286,100,0,0),
(34095,24,6940.6675,819.91144,406.57452,100,0,0),
(34095,25,6918.0864,776.1263,411.90564,100,0,0);

-- Underking Talonox 30830
UPDATE creature_template SET Faction = 2068, UnitFlags = 32768, MovementType = 2 WHERE entry = 30830;
UPDATE creature SET spawndist = 0, MovementType = 2 WHERE id = 30830;
DELETE FROM creature_movement_template WHERE entry = 30830;
INSERT INTO creature_movement_template (Entry, Point, PositionX, PositionY, PositionZ, Orientation, WaitTime, ScriptId) VALUES
(30830,16,7181.1694,635.74316,488.45374,100,0,0),
(30830,17,7191.7534,636.03375,487.47607,100,0,0),
(30830,18,7218.098,634.46747,484.5155  ,100,0,0),
(30830,19,7230.1416,651.6038,486.36975 ,100,0,0),
(30830,20,7212.5415,670.4765,489.40936 ,100,0,0),
(30830,21,7212.5415,670.4765,489.40936 ,100,0,0),
(30830,22,7179.65,676.5615,492.85028   ,100,0,0),
(30830,23,7164.7485,651.1903,492.91058 ,100,0,0);

-- High Priest Yath'amon 30831
UPDATE creature_template SET Faction = 2068, UnitFlags = 32768 WHERE entry = 30831;

-- Salranax the Flesh Render 30829
UPDATE creature_template SET Faction = 2068, UnitFlags = 32768 WHERE entry = 30829;
