-- Scourgeholme - Phase 1

-- objects
-- phase 128 added
UPDATE gameobject SET phasemask = 131 WHERE guid = 509096;

-- Wrathstrike Gargoyle 31040
UPDATE creature_template SET SpeedWalk = (2.5 / 2.5), SpeedRun = (8 / 7), Expansion = 2, Faction = 2068, UnitFlags = 32768 WHERE entry = 31040;
UPDATE creature SET position_x = 6585.5967, position_y = 408.84805, position_z = 446.51373, spawndist = 0, MovementType = 3 WHERE guid = 529414;
UPDATE creature SET position_x = 6727.1313, position_y = 417.65875, position_z = 446.6252, spawndist = 0, MovementType = 3 WHERE guid = 529415;
UPDATE creature SET position_x = 6661.5835, position_y = 545.4961, position_z = 432.79477, spawndist = 0, MovementType = 3 WHERE guid = 529416;
UPDATE creature SET position_x = 6540.8315, position_y = 538.3913, position_z = 445.03677, spawndist = 0, MovementType = 3 WHERE guid = 529417;
UPDATE creature SET position_x = 6657.523, position_y = 638.46533, position_z = 440.89285, spawndist = 0, MovementType = 3 WHERE guid = 529418;
UPDATE creature SET position_x = 6808.918, position_y = 649.92883, position_z = 459.3267, spawndist = 0, MovementType = 3 WHERE guid = 529419;
UPDATE creature SET position_x = 6978.619, position_y = 537.40485, position_z = 608.2048, spawndist = 0, MovementType = 3 WHERE guid = 529420;
UPDATE creature SET position_x = 6963.938, position_y = 516.3416, position_z = 581.4916, spawndist = 0, MovementType = 3 WHERE guid = 529421;
-- waypoints
DELETE FROM creature_movement WHERE Id BETWEEN 529414 AND 529421;
INSERT INTO creature_movement (id, point, positionx, positiony, positionz, orientation, waittime, scriptid) VALUES
-- 529414
(529414,1,6585.5967,408.84805,446.51373,100,0,0),
(529414,2,6607.569,400.7011,444.74515  ,100,0,0),
(529414,3,6647.886,401.5727,444.74515  ,100,0,0),
(529414,4,6667.633,414.84732,433.91183 ,100,0,0),
(529414,5,6648.8735,462.50607,444.74515,100,0,0),
(529414,6,6592.1074,478.37094,444.74515,100,0,0),
(529414,7,6501.258,474.7027,444.74515  ,100,0,0),
(529414,8,6484.087,430.14474,485.09714 ,100,0,0),
(529414,9,6519.8813,419.71136,485.0971 ,100,0,0),
-- 529415
(529415,1,6727.1313,417.65875,446.6252,100,0,0),
(529415,2,6709.2017,445.42963,446.6252,100,0,0),
(529415,3,6714.2134,476.94205,446.6252,100,0,0),
(529415,4,6760.437,491.31192,446.6252 ,100,0,0),
(529415,5,6786.4717,463.1625,446.6252 ,100,0,0),
(529415,6,6764.2847,413.93985,446.6252,100,0,0),
-- 529416
(529416,1,6661.5835,545.4961,432.79477,100,0,0),
(529416,2,6659.485,589.32587,447.18372,100,0,0),
(529416,3,6628.776,594.45953,446.43372,100,0,0),
(529416,4,6613.692,584.96674,446.43372,100,0,0),
(529416,5,6595.4473,562.22156,444.79498,100,0,0),
(529416,6,6595.771,535.16,436.93375,100,0,0),
(529416,7,6631.0024,528.6161,450.8225,100,0,0),
-- 529417
(529417,1,6540.8315,538.3913,445.03677,100,0,0),
(529417,2,6561.0967,543.0555,445.03677,100,0,0),
(529417,3,6595.089,559.0989,445.03677,100,0,0),
(529417,4,6589.5596,608.71906,445.03677,100,0,0),
(529417,5,6536.4927,613.3968,445.03677,100,0,0),
(529417,6,6515.3066,571.26276,445.03677,100,0,0),
-- 529418
(529418,1,6657.523,638.46533,440.89285,100,0,0),
(529418,2,6664.191,665.0481,444.0318  ,100,0,0),
(529418,3,6741.2495,694.3304,433.55966,100,0,0),
(529418,4,6817.7046,701.7309,436.80966,100,0,0),
(529418,5,6839.8047,671.3302,438.47626,100,0,0),
(529418,6,6771.4854,625.29803,444.0318,100,0,0),
(529418,7,6729.311,607.0627,451.50403 ,100,0,0),
(529418,8,6689.264,569.4832,444.0318  ,100,0,0),
(529418,9,6664.168,580.6829,449.97623 ,100,0,0),
-- 529419
(529419,1,6808.918,649.92883,459.3267,100,0,0),
(529419,2,6779.6284,606.71735,465.07672,100,0,0),
(529419,3,6799.142,541.2056,474.66,100,0,0),
(529419,4,6863.365,520.46686,465.07672,100,0,0),
(529419,5,6900.798,554.7989,459.21564,100,0,0),
(529419,6,6904.9575,624.43274,471.549,100,0,0),
(529419,7,6860.8965,661.4768,465.07672,100,0,0),
-- 529420
(529420,1,6978.619,537.40485,608.2048,100,0,0),
(529420,2,6960.9473,489.86438,595.23285,100,0,0),
(529420,3,6975.1226,457.23828,608.1216,100,0,0),
(529420,4,6994.132,442.67905,608.1216,100,0,0),
(529420,5,7024.5806,437.2391,608.1216,100,0,0),
(529420,6,7055.7837,456.62222,580.7049,100,0,0),
(529420,7,7069.781,488.2772,580.7049,100,0,0),
(529420,8,7057.1816,540.2354,608.2048,100,0,0),
-- 529421
(529421,1,6963.938,516.3416,581.4916,100,0,0),
(529421,2,7012.507,555.9442,581.4916,100,0,0),
(529421,3,7062.917,517.7838,566.46375,100,0,0),
(529421,4,7074.498,487.17084,566.46375,100,0,0),
(529421,5,7060.0464,455.72726,581.4916,100,0,0),
(529421,6,6982.9907,465.85803,581.4916,100,0,0);
DELETE FROM creature_spawn_data WHERE guid BETWEEN 529414 AND 529421;
INSERT INTO creature_spawn_data (guid, Id) VALUES
(529414,20056),(529415,20056),(529416,20056),(529417,20056),
(529418,20056),(529419,20056),(529420,20056),(529421,20056);

-- Forgotten Depths High Priest 31037
-- all redone
DELETE FROM creature_addon WHERE guid BETWEEN 529382 AND 529398;
DELETE FROM creature_movement WHERE id BETWEEN 529382 AND 529398;
DELETE FROM game_event_creature WHERE guid BETWEEN 529382 AND 529398;
DELETE FROM game_event_creature_data WHERE guid BETWEEN 529382 AND 529398;
DELETE FROM creature_battleground WHERE guid BETWEEN 529382 AND 529398;
DELETE FROM creature_linking WHERE guid BETWEEN 529382 AND 529398;
DELETE FROM creature where guid BETWEEN 529382 AND 529398;
DELETE FROM creature_addon WHERE guid = 536074;
DELETE FROM creature_movement WHERE id = 536074;
DELETE FROM game_event_creature WHERE guid = 536074;
DELETE FROM game_event_creature_data WHERE guid = 536074;
DELETE FROM creature_battleground WHERE guid = 536074;
DELETE FROM creature_linking WHERE guid = 536074;
DELETE FROM creature where guid = 536074;
INSERT INTO creature (guid, id, map, spawnMask, phaseMask, position_x, position_y, position_z, orientation, spawntimesecsmin, spawntimesecsmax, spawndist, MovementType) VALUES
(529382,31037,571,1,1,6907.67900,497.32580,466.69257,0.000000,300,300,0,0),
(529383,31037,571,1,1,6903.68360,745.86774,416.77997,0.000000,300,300,0,0),
(529384,31037,571,1,1,6747.12740,456.84766,419.28410,1.396260,300,300,0,0),
(529385,31037,571,1,1,6745.98930,449.01605,419.28360,4.485490,300,300,0,0),
(529386,31037,571,1,1,6689.01660,570.99770,424.52524,3.996800,300,300,0,0),
(529387,31037,571,1,1,6553.27440,579.06940,419.18470,3.909530,300,300,0,0),
(529388,31037,571,1,1,6560.22200,584.09380,419.18524,0.645770,300,300,0,0),
(529389,31037,571,1,1,6855.05800,601.53705,425.57254,0.000000,300,300,0,2),
(529390,31037,571,1,1,6879.92300,493.89883,467.95750,1.675500,300,300,0,0),
(529391,31037,571,1,1,6877.06100,727.29395,415.69153,0.000000,300,300,0,2),
(529392,31037,571,1,1,6858.01950,453.90170,471.76657,4.782200,300,300,0,0),
(529393,31037,571,1,1,6835.59400,414.64350,471.77048,0.802850,300,300,0,0),
(529394,31037,571,1,1,6903.21600,430.77768,471.76434,3.560470,300,300,0,0),
(529395,31037,571,1,1,6916.07230,467.62940,468.79883,0.977380,300,300,0,0),
(529396,31037,571,1,1,6877.89260,665.76790,425.52295,1.291540,300,300,0,0),
(529397,31037,571,1,1,7062.77700,521.15620,526.36190,5.759586,300,300,0,0),
(529398,31037,571,1,1,7068.11130,477.92710,530.31280,0.558500,300,300,0,0),
-- new
(536074,31037,571,1,1,6881.51030,391.67200,471.77050,1.937315,300,300,0,0);
-- update
UPDATE creature_template SET SpeedWalk = (2.5 / 2.5), SpeedRun = (7 / 7), Expansion = 2, Faction = 2068, UnitFlags = 32768, EquipmentTemplateId = 0 WHERE entry = 31037;

-- waypoints
DELETE FROM creature_movement WHERE Id IN (529389,529391);
INSERT INTO creature_movement (id, point, positionx, positiony, positionz, orientation, waittime, scriptid) VALUES
-- 529389
(529389,1,6855.058,601.53705,425.57254,100,0,0),
(529389,2,6851.192,579.5569,425.5991,100,0,0),
(529389,3,6836.5234,574.7112,425.5607,100,0,0),
(529389,4,6825.2236,580.70795,425.50546,100,0,0),
(529389,5,6819.423,590.4103,425.55603,100,0,0),
(529389,6,6825.6753,608.05444,425.5935,100,0,0),
(529389,7,6843.223,612.9018,425.59946,100,0,0),
-- 529391
(529391,1,6877.061,727.29395,415.69153,100,0,0),
(529391,2,6901.583,727.05457,420.3601,100,0,0),
(529391,3,6885.6406,719.6542,417.66016,100,0,0),
(529391,4,6840.6313,715.12164,413.61954,100,0,0),
(529391,5,6775.6963,711.37823,408.1396,100,0,0),
(529391,6,6775.7,706.1141,407.9087,100,0,0),
(529391,7,6806.6875,710.4463,409.2188,100,0,0),
(529391,8,6840.8623,720.3665,413.44257,100,0,0);
-- Spawn Groups
-- Group 1
DELETE FROM `spawn_group` WHERE id = 34096;
INSERT INTO `spawn_group` (`Id`, `Name`, `Type`, `MaxCount`, `WorldState`, `Flags`) VALUES
(34096, 'Icecrown - Scourgeholme - Forgotten Depths High Priest 31037 & Forgotten Depths Underking 31039 - Patrol 1', 0, 0, 0, 0);
DELETE FROM `spawn_group_spawn` WHERE id = 34096;
INSERT INTO `spawn_group_spawn` (`Id`, `Guid`, `SlotId`) VALUES
(34096, 529382, 0),
(34096, 529407, 1);
DELETE FROM `spawn_group_formation` WHERE id = 34096;
INSERT INTO `spawn_group_formation` (`Id`, `FormationType`, `FormationSpread`, `FormationOptions`, `PathId`, `MovementType`, `Comment`) VALUES
(34096, 1, 5, 0, 34096, 2, 'Icecrown - Scourgeholme - Forgotten Depths High Priest 31037 & Forgotten Depths Underking 31039 - Patrol 1');
DELETE FROM `waypoint_path_name` WHERE PathId = 34096;
INSERT INTO `waypoint_path_name` (`PathId`, `Name`) VALUES
(34096,'Icecrown - Scourgeholme - Forgotten Depths High Priest 31037 & Forgotten Depths Underking 31039 - Patrol 1');
DELETE FROM `waypoint_path` WHERE PathId = 34096;
INSERT INTO `waypoint_path` (`PathId`, `Point`, `PositionX`, `PositionY`,`PositionZ`, `Orientation`, `WaitTime`, `ScriptId`) VALUES
(34096,1 ,6907.679,497.3258,466.69257,100,0,0),
(34096,2 ,6914.3413,512.1101,466.67908,100,0,0),
(34096,3 ,6926.0093,537.95624,466.5023,100,0,0),
(34096,4 ,6938.294,577.0025,466.8556,100,0,0),
(34096,5 ,6952.161,594.69867,466.85364,100,0,0),
(34096,6 ,6969.78,616.559,463.65723,100,0,0),
(34096,7 ,6984.6,616.547,466.891,100,0,0),
(34096,8 ,7002.272,602.7987,475.96356,100,0,0),
(34096,9 ,7028.0615,593.5281,484.95984,100,0,0),
(34096,10,7050.858,587.23224,490.40582,100,0,0),
(34096,11,7088.0146,583.53577,496.7264,100,0,0),
(34096,12,7135.5283,587.626,498.02402,100,0,0),
(34096,13,7174.147,581.0884,498.3722,100,0,0),
(34096,14,7200.039,579.85425,498.08047,100,0,0),
(34096,15,7217.3096,586.0213,496.8609,100,0,0),
(34096,16,7203.829,615.72766,490.37445,100,0,0),
(34096,17,7164.6235,625.2864,496.82254,100,0,0),
(34096,18,7126.2896,619.13,497.84366,100,0,0),
(34096,19,7094.888,587.951,497.86493,100,0,0),
(34096,20,7050.277,590.76245,490.22083,100,0,0),
(34096,21,7013.806,602.2949,479.39694,100,0,0),
(34096,22,6987.5264,624.238,465.71533,100,0,0),
(34096,23,6964.9126,625.1483,460.9786,100,0,0),
(34096,24,6944.732,587.1528,467.5309,100,0,0),
(34096,25,6927.863,556.95306,466.7288,100,0,0),
(34096,26,6919.7944,527.8042,467.01886,100,0,0);
-- Group 2
DELETE FROM `spawn_group` WHERE id = 34097;
INSERT INTO `spawn_group` (`Id`, `Name`, `Type`, `MaxCount`, `WorldState`, `Flags`) VALUES
(34097, 'Icecrown - Scourgeholme - Forgotten Depths High Priest 31037 & Forgotten Depths Underking 31039 - Patrol 2', 0, 0, 0, 0);
DELETE FROM `spawn_group_spawn` WHERE id = 34097;
INSERT INTO `spawn_group_spawn` (`Id`, `Guid`, `SlotId`) VALUES
(34097, 529383, 0),
(34097, 529412, 1);
DELETE FROM `spawn_group_formation` WHERE id = 34097;
INSERT INTO `spawn_group_formation` (`Id`, `FormationType`, `FormationSpread`, `FormationOptions`, `PathId`, `MovementType`, `Comment`) VALUES
(34097, 1, 5, 0, 34097, 2, 'Icecrown - Scourgeholme - Forgotten Depths High Priest 31037 & Forgotten Depths Underking 31039 - Patrol 2');
DELETE FROM `waypoint_path_name` WHERE PathId = 34097;
INSERT INTO `waypoint_path_name` (`PathId`, `Name`) VALUES
(34097,'Icecrown - Scourgeholme - Forgotten Depths High Priest 31037 & Forgotten Depths Underking 31039 - Patrol 2');
DELETE FROM `waypoint_path` WHERE PathId = 34097;
INSERT INTO `waypoint_path` (`PathId`, `Point`, `PositionX`, `PositionY`,`PositionZ`, `Orientation`, `WaitTime`, `ScriptId`) VALUES
(34097,1 ,6903.6836,745.86774,416.77997,100,0,0),
(34097,2 ,6892.5703,727.7129,418.37262,100,0,0),
(34097,3 ,6855.185,723.3093,414.2182,100,0,0),
(34097,4 ,6811.0205,714.74023,409.45673,100,0,0),
(34097,5 ,6778.231,711.31036,408.08087,100,0,0),
(34097,6 ,6749.7656,708.742,407.0315,100,0,0),
(34097,7 ,6720.024,695.63074,407.24463,100,0,0),
(34097,8 ,6730.436,731.6494,404.31073,100,0,0),
(34097,9 ,6727.097,774.3709,385.1756,100,0,0),
(34097,10,6722.822,816.96387,376.6164,100,0,0),
(34097,11,6733.8433,849.9835,375.9276,100,0,0),
(34097,12,6753.2446,867.13947,376.4501,100,0,0),
(34097,13,6786.713,850.1273,379.3602,100,0,0),
(34097,14,6817.16,840.9124,382.14987,100,0,0),
(34097,15,6845.225,827.96564,390.6372,100,0,0),
(34097,16,6869.8696,814.43695,394.15503,100,0,0),
(34097,17,6886.009,795.136,398.73477,100,0,0),
(34097,18,6889.417,776.7474,409.97955,100,0,0),
(34097,19,6887.1685,765.48285,416.8553,100,0,0),
(34097,20,6916.5347,751.3851,415.55133,100,0,0),
(34097,21,6922.7065,770.23364,412.2721,100,0,0),
(34097,22,6936.669,795.6367,409.21814,100,0,0),
(34097,23,6946.9478,821.29047,405.55286,100,0,0),
(34097,24,6940.6675,819.91144,406.57452,100,0,0),
(34097,25,6918.0864,776.1263,411.90564,100,0,0);

-- Forgotten Depths Underking 31039
-- all redone
DELETE FROM creature_addon WHERE guid BETWEEN 529399 AND 529413;
DELETE FROM creature_movement WHERE id BETWEEN 529399 AND 529413;
DELETE FROM game_event_creature WHERE guid BETWEEN 529399 AND 529413;
DELETE FROM game_event_creature_data WHERE guid BETWEEN 529399 AND 529413;
DELETE FROM creature_battleground WHERE guid BETWEEN 529399 AND 529413;
DELETE FROM creature_linking WHERE guid BETWEEN 529399 AND 529413;
DELETE FROM creature where guid BETWEEN 529399 AND 529413;
DELETE FROM creature_addon WHERE guid = 536075;
DELETE FROM creature_movement WHERE id = 536075;
DELETE FROM game_event_creature WHERE guid = 536075;
DELETE FROM game_event_creature_data WHERE guid = 536075;
DELETE FROM creature_battleground WHERE guid = 536075;
DELETE FROM creature_linking WHERE guid = 536075;
DELETE FROM creature where guid = 536075;
INSERT INTO creature (guid, id, map, spawnMask, phaseMask, position_x, position_y, position_z, orientation, spawntimesecsmin, spawntimesecsmax, spawndist, MovementType) VALUES
(529399,31039,571,1,1,6552.95560,457.40100,412.91380,0.00000,300,300,0,2),
(529400,31039,571,1,1,6627.40870,480.19516,397.59042,0.00000,300,300,0,2),
(529401,31039,571,1,1,6618.91260,606.08530,403.90110,0.00000,300,300,0,2),
(529402,31039,571,1,1,6760.41850,515.03894,411.76830,0.00000,300,300,0,2),
(529403,31039,571,1,1,6590.52600,517.20590,397.82718,0.00000,300,300,0,2),
(529404,31039,571,1,1,6740.18750,597.45764,425.33360,0.00000,300,300,0,2),
(529405,31039,571,1,1,6523.07700,676.16690,396.57556,0.00000,300,300,0,2),
(529406,31039,571,1,1,6723.35600,725.66970,406.03387,0.00000,300,300,0,2),
(529407,31039,571,1,1,6907.67900,497.32580,466.69257,0.00000,300,300,0,0),
(529408,31039,571,1,1,7056.28800,572.49054,497.07272,2.234021,300,300,0,0),
(529409,31039,571,1,1,7174.53000,567.55730,500.72810,1.954768,300,300,0,0),
(529410,31039,571,1,1,6655.42400,406.86606,405.36475,0.00000,300,300,0,2),
(529411,31039,571,1,1,6407.41650,688.58936,434.49640,0.00000,300,300,0,2),
(529412,31039,571,1,1,6903.68360,745.86774,416.77997,0.00000,300,300,0,0),
(529413,31039,571,1,1,6962.62000,734.95483,445.29575,4.48549,300,300,0,0),
-- new
(536075,31039,571,1,1,7005.75050,714.75240,468.61395,3.071779,300,300,0,0);
-- updates
UPDATE creature_template SET SpeedWalk = (5 / 2.5), SpeedRun = (14 / 7), Expansion = 2, Faction = 2068, UnitFlags = 32768 WHERE entry = 31039;
-- waypoints
DELETE FROM creature_movement WHERE Id BETWEEN 529399 AND 529406;
DELETE FROM creature_movement WHERE Id BETWEEN 529410 AND 529411;
INSERT INTO creature_movement (id, point, positionx, positiony, positionz, orientation, waittime, scriptid) VALUES
-- 529399
(529399,1 ,6552.9556,457.401,412.9138,100,0,0),
(529399,2 ,6551.6953,432.50842,416.3854,100,0,0),
(529399,3 ,6568.846,415.31076,415.4773,100,0,0),
(529399,4 ,6572.9,410.44043,415.60547,100,0,0),
(529399,5 ,6577.9517,406.55853,415.68524,100,0,0),
(529399,6 ,6591.1465,393.95865,416.33038,100,0,0),
(529399,7 ,6624.9326,389.3775,412.6756,100,0,0),
(529399,8 ,6642.713,398.13742,408.06226,100,0,0),
(529399,9 ,6642.5103,414.16797,403.8214,100,0,0),
(529399,10,6613.7256,435.6944,403.52484,100,0,0),
(529399,11,6598.721,453.96875,403.0247,100,0,0),
(529399,12,6575.598,465.0943,407.38428,100,0,0),
-- 529400
(529400,1 ,6627.4087,480.19516,397.59042,100,0,0),
(529400,2 ,6643.31,442.91797,399.19244  ,100,0,0),
(529400,3 ,6674.234,416.56592,405.79398 ,100,0,0),
(529400,4 ,6697.8735,429.5978,406.50565 ,100,0,0),
(529400,5 ,6698.4873,458.80392,404.599  ,100,0,0),
(529400,6 ,6695.6895,473.04443,402.16315,100,0,0),
(529400,7 ,6665.0034,494.0065,397.80136 ,100,0,0),
(529400,8 ,6647.226,504.7513,398.00665  ,100,0,0),
(529400,9 ,6621.2754,520.38464,397.39203,100,0,0),
(529400,10,6601.7954,552.1827,398.97504 ,100,0,0),
(529400,11,6579.576,536.4825,401.4513   ,100,0,0),
(529400,12,6599.595,508.62906,398.46838 ,100,0,0),
-- 529401
(529401,1 ,6618.9126,606.0853,403.9011  ,100,0,0),
(529401,2 ,6608.2173,599.53894,403.8675 ,100,0,0),
(529401,3 ,6613.4043,573.8718,400.75977 ,100,0,0),
(529401,4 ,6638.759,543.8704,399.49097  ,100,0,0),
(529401,5 ,6667.593,521.0023,400.9878   ,100,0,0),
(529401,6 ,6697.97,501.48236,400.87476  ,100,0,0),
(529401,7 ,6711.98,522.7459,404.3376    ,100,0,0),
(529401,8 ,6702.312,534.5701,405.52734  ,100,0,0),
(529401,9 ,6679.6206,541.53314,402.13235,100,0,0),
(529401,10,6660.6025,557.79297,404.88913,100,0,0),
(529401,11,6639.0806,577.6152,402.8631  ,100,0,0),
(529401,12,6622.6235,585.6612,402.74066 ,100,0,0),
-- 529402
(529402,1,6760.4185,515.03894,411.7683 ,100,0,0),
(529402,2,6751.6416,521.65625,409.00882,100,0,0),
(529402,3,6775.593,535.6389,418.09894  ,100,0,0),
(529402,4,6790.6885,546.9235,423.86493 ,100,0,0),
(529402,5,6797.816,545.0986,424.37134  ,100,0,0),
(529402,6,6787.2695,530.5078,421.04272 ,100,0,0),
-- 529403
(529403,1 ,6590.526,517.2059,397.82718  ,100,0,0),
(529403,2 ,6570.9585,493.9405,403.33417 ,100,0,0),
(529403,3 ,6537.513,494.80334,411.08466 ,100,0,0),
(529403,4 ,6518.744,495.97488,415.1717  ,100,0,0),
(529403,5 ,6495.3257,488.75754,423.1458 ,100,0,0),
(529403,6 ,6486.2505,502.66586,427.0357 ,100,0,0),
(529403,7 ,6502.194,513.8438,420.63184  ,100,0,0),
(529403,8 ,6508.1973,531.43005,417.06915,100,0,0),
(529403,9 ,6529.4746,546.3594,410.90277 ,100,0,0),
(529403,10,6556.1626,540.922,405.67813  ,100,0,0),
-- 529404
(529404,1,6740.1875,597.45764,425.3336 ,100,0,0),
(529404,2,6725.25,595.63165,423.35938  ,100,0,0),
(529404,3,6713.9653,602.52545,423.5794 ,100,0,0),
(529404,4,6720.2734,613.86163,423.34573,100,0,0),
(529404,5,6736.2446,614.92126,423.45648,100,0,0),
(529404,6,6769.889,628.62335,425.91492 ,100,0,0),
(529404,7,6788.0938,633.10114,426.01328,100,0,0),
(529404,8,6789.9844,619.74286,423.34564,100,0,0),
(529404,9,6766.6533,606.4967,423.3484  ,100,0,0),
-- 529405
(529405,1 ,6523.077,676.1669,396.57556 ,100,0,0),
(529405,2 ,6556.6177,644.26733,406.8802,100,0,0),
(529405,3 ,6585.9805,657.42865,407.2491,100,0,0),
(529405,4 ,6601.711,672.25275,405.95215,100,0,0),
(529405,5 ,6627.283,706.9899,404.919   ,100,0,0),
(529405,6 ,6633.3745,744.365,393.08542 ,100,0,0),
(529405,7 ,6654.4404,769.52563,377.57  ,100,0,0),
(529405,8 ,6667.147,779.5311,374.68384 ,100,0,0),
(529405,9 ,6653.433,822.7098,364.9072  ,100,0,0),
(529405,10,6627.631,828.6999,359.77728 ,100,0,0),
(529405,11,6598.706,816.3239,361.00375 ,100,0,0),
(529405,12,6566.9243,827.68994,357.02002,100,0,0),
(529405,13,6539.7603,799.2536,357.41687,100,0,0),
(529405,14,6531.414,758.5039,367.58813 ,100,0,0),
(529405,15,6517.31,732.8662,376.72833  ,100,0,0),
(529405,16,6515.366,699.2704,389.44656 ,100,0,0),
-- 529406
(529406,1 ,6723.356,725.6697,406.03387  ,100,0,0),
(529406,2 ,6706.1035,712.00586,411.03503,100,0,0),
(529406,3 ,6687.8037,701.7214,412.33533 ,100,0,0),
(529406,4 ,6668.0767,685.32684,409.25043,100,0,0),
(529406,5 ,6660.2554,674.0505,407.7904  ,100,0,0),
(529406,6 ,6667.7207,662.23364,406.96024,100,0,0),
(529406,7 ,6710.2285,685.9379,408.30627 ,100,0,0),
(529406,8 ,6746.426,700.4451,407.53534  ,100,0,0),
(529406,9 ,6767.7646,702.44727,407.87292,100,0,0),
(529406,10,6780.8853,716.94855,410.25095,100,0,0),
(529406,11,6761.168,729.1507,407.59946  ,100,0,0),
-- 529410
(529410,1 ,6655.424,406.86606,405.36475,100,0,0),
(529410,2 ,6641.9194,396.59488,408.6035,100,0,0),
(529410,3 ,6665.6943,385.1183,411.77173,100,0,0),
(529410,4 ,6688.1235,372.12076,414.327 ,100,0,0),
(529410,5 ,6681.7056,337.86362,421.70474,100,0,0),
(529410,6 ,6711.1494,330.6628,422.93365,100,0,0),
(529410,7 ,6729,353.4073,427.0686,100,0,0),
(529410,8 ,6759.3926,371.96268,426.26987,100,0,0),
(529410,9 ,6742.835,378.43646,419.5578,100,0,0),
(529410,10,6710.8975,380.49805,415.6262,100,0,0),
(529410,11,6686.31,396.129,408.966,100,0,0),
-- 529411
(529411,1 ,6407.4165,688.58936,434.4964,100,0,0),
(529411,2 ,6429.6587,650.5623,435.4317,100,0,0),
(529411,3 ,6461.859,627.093,426.45068,100,0,0),
(529411,4 ,6482.6133,623.8535,419.03314,100,0,0),
(529411,5 ,6486.971,594.61523,420.43463,100,0,0),
(529411,6 ,6457.9707,595.35156,432.87485,100,0,0),
(529411,7 ,6437.5903,604.262,439.35385,100,0,0),
(529411,8 ,6395.824,618.1836,452.58197,100,0,0),
(529411,9 ,6358.262,637.1805,461.9345,100,0,0),
(529411,10,6375.446,676.1886,445.57974,100,0,0);
