-- Icecrown: The Bombardment - Phase 4

-- missing creatures added 
DELETE FROM creature_addon WHERE guid BETWEEN 536078 AND 536440;
DELETE FROM creature_movement WHERE id BETWEEN 536078 AND 536440;
DELETE FROM game_event_creature WHERE guid BETWEEN 536078 AND 536440;
DELETE FROM game_event_creature_data WHERE guid BETWEEN 536078 AND 536440;
DELETE FROM creature_battleground WHERE guid BETWEEN 536078 AND 536440;
DELETE FROM creature_linking WHERE guid BETWEEN 536078 AND 536440;
DELETE FROM creature where guid BETWEEN 536078 AND 536440;
INSERT INTO creature (guid, id, map, spawnMask, phaseMask, position_x, position_y, position_z, orientation, spawntimesecsmin, spawntimesecsmax, spawndist, MovementType) VALUES
-- Stitched Brute 32179
(536078, 32179, 571, 1, 4,7874.35107421875, 1944.304931640625, 367.189208984375, 0.4022532701,60,60,15,1),
(536079, 32179, 571, 1, 4,7750.33154296875, 1980.23876953125, 368.1856689453125, 4.7559151649,60,60,15,1),
(536080, 32179, 571, 1, 4,7741.60400390625, 1966.8896484375, 367.721435546875, 3.153543233871,60,60,15,1),
(536081, 32179, 571, 1, 4,7824.576171875, 1905.2425537109375, 363.84478759765625, 5.632848739,60,60,15,1),
(536082, 32179, 571, 1, 4,7800.43212890625, 1846.60986328125, 361.766693115234375, 2.63714885,60,60,15,1),
(536083, 32179, 571, 1, 4,7881.01953125, 1865.0833740234375, 365.3021240234375, 2.34998345375,60,60,15,1),
(536084, 32179, 571, 1, 4,7904.3271484375, 1891.19921875, 369.067138671875, 2.687237739562988,60,60,0,0),
(536085, 32179, 571, 1, 4,7839.92626953125, 1796.732177734375, 360.926483154296875, 0.5141090,60,60,15,1),
(536086, 32179, 571, 1, 4,7894.9453125, 1735.7490234375, 368.91766357421875, 2.56550407409667,60,60,15,1),
(536087, 32179, 571, 1, 4,7861.55029296875, 1754.30908203125, 360.96942138671875, 5.582820892,60,60,15,1),
(536088, 32179, 571, 1, 4,7843.35693359375, 1658.471435546875, 362.354217529296875, 3.1279215,60,60,15,1),
(536089, 32179, 571, 1, 4,7781.974609375, 1774.1741943359375, 353.855010986328125, 3.63626194,60,60,15,1),
(536090, 32179, 571, 1, 4,7801.1865234375, 1688.7275390625, 354.673614501953125, 3.8037037849,60,60,15,1),
(536091, 32179, 571, 1, 4,7791.9619140625, 1632.0888671875, 352.900146484375, 0.1698057800531,60,60,15,1),
(536092, 32179, 571, 1, 4,7755.65283203125, 1695.0440673828125, 347.725616455078125, 1.108022,60,60,15,1),
(536093, 32179, 571, 1, 4,7734.38525390625, 1598.271240234375, 346.483306884765625, 6.1321702,60,60,15,1),
(536094, 32179, 571, 1, 4,7687.3974609375, 1642.8614501953125, 336.894287109375, 6.1971240043,60,60,15,1),
(536095, 32179, 571, 1, 4,7658.48974609375, 1691.1888427734375, 342.309600830078125, 2.241956,60,60,15,1),
(536096, 32179, 571, 1, 4,7686.6240234375, 1772.6820068359375, 348.664947509765625, 4.3300695,60,60,15,1),
(536097, 32179, 571, 1, 4,7623.2939453125, 1617.7862548828125, 339.704254150390625, 4.2832555,60,60,15,1),
(536098, 32179, 571, 1, 4,7604.38232421875, 1707.1710205078125, 343.679168701171875, 4.136300,60,60,15,1),
(536099, 32179, 571, 1, 4,7554.712890625, 1696.516845703125, 352.257843017578125, 5.882910251,60,60,15,1),
(536100, 32179, 571, 1, 4,7613.09130859375, 1801.8927001953125, 356.61907958984375, 3.1474521,60,60,15,1),
(536101, 32179, 571, 1, 4,7568.3740234375, 1804.335693359375, 363.000152587890625, 0.68236392,60,60,15,1),
(536102, 32179, 571, 1, 4,7674.197265625, 1829.08203125, 354.228912353515625, 1.2034908533096,60,60,15,1),
(536103, 32179, 571, 1, 4,7597.21435546875, 1895.12353515625, 375.03155517578125, 3.803064346,60,60,15,1),
(536104, 32179, 571, 1, 4,7662.865234375, 1875.7752685546875, 358.619415283203125, 5.32775592,60,60,15,1),
(536105, 32179, 571, 1, 4,7720.21435546875, 1898.7078857421875, 361.206146240234375, 0.426061,60,60,15,1),
(536106, 32179, 571, 1, 4,7694.7802734375, 1958.5810546875, 367.125457763671875, 1.9299097061,60,60,15,1),
(536107, 32179, 571, 1, 4,7746.92431640625, 1868.360595703125, 357.891265869140625, 1.2800085,60,60,15,1),
(536108, 32179, 571, 1, 4,7910.65576171875, 1791.7283935546875, 372.232940673828125, 5.716428,60,60,15,1),
(536109, 32179, 571, 1, 4,7760.2080078125, 1740.654296875, 350.350738525390625, 0.06637633591,60,60,15,1),
(536110, 32179, 571, 1, 4,7727.90478515625, 1744.739013671875, 347.20526123046875, 0.93432223,60,60,15,1),
(536111, 32179, 571, 1, 4,7667.28125, 1650.9237060546875, 338.476654052734375, 6.230825424194,60,60,15,1),
-- Skeletal Footsoldier 32183
(536112, 32183, 571, 1, 4, 7882.36865234375, 1939.013427734375, 366.891571044921875, 5.53250,60,60,15,1),
(536113, 32183, 571, 1, 4, 7870.154296875, 1923.938720703125, 365.635467529296875, 3.9463255,60,60,15,1),
(536114, 32183, 571, 1, 4, 7760.466796875, 1991.296875, 368.1856689453125, 4.755886077880859,60,60,15,1),
(536115, 32183, 571, 1, 4, 7757.794921875, 1953.042724609375, 367.89935302734375, 1.25707530,60,60,15,1),
(536116, 32183, 571, 1, 4, 7739.2734375, 1990.373779296875, 367.968017578125, 4.679207324981,60,60,15,1),
(536117, 32183, 571, 1, 4, 7738.7744140625, 1960.6373291015625, 367.842559814453125, 3.34147,60,60,15,1),
(536118, 32183, 571, 1, 4, 7852.8515625, 1901.1976318359375, 364.469451904296875, 6.04057550,60,60,15,1),
(536119, 32183, 571, 1, 4, 7834.1220703125, 1877.45556640625, 363.7728271484375, 2.179121494,60,60,15,1),
(536120, 32183, 571, 1, 4, 7784.68603515625, 1869.4345703125, 361.438507080078125, 0.4024549,60,60,15,1),
(536121, 32183, 571, 1, 4, 7780.07080078125, 1863.06591796875, 361.190643310546875, 4.569126,60,60,15,1),
(536122, 32183, 571, 1, 4, 7807.5283203125, 1842.291259765625, 361.993072509765625, 2.405222,60,60,15,1),
(536123, 32183, 571, 1, 4, 7725.166015625, 1898.6630859375, 361.73046875, 6.0384435653686523,60,60,15,1),
(536124, 32183, 571, 1, 4, 7825.1376953125, 1835.363525390625, 363.74578857421875, 5.2990379,60,60,15,1),
(536125, 32183, 571, 1, 4, 7732.9365234375, 1881.016357421875, 358.62677001953125, 2.4549183,60,60,15,1),
(536126, 32183, 571, 1, 4, 7909.20263671875, 1877.013671875, 369.31396484375, 1.002486705780,60,60,15,1),
(536127, 32183, 571, 1, 4, 7915.66552734375, 1896.9150390625, 370.211517333984375, 2.8544390,60,60,15,1),
(536128, 32183, 571, 1, 4, 7904.166015625, 1850, 370.566497802734375, 1.440744400024414062,  60,60,15,1),
(536129, 32183, 571, 1, 4, 7909.80615234375, 1849.0740966796875, 371.888885498046875, 3.2757,60,60,15,1),
(536130, 32183, 571, 1, 4, 7852.85546875, 1789.0155029296875, 361.688385009765625, 0.7909229,60,60,15,1),
(536131, 32183, 571, 1, 4, 7900.57763671875, 1796.605224609375, 369.1973876953125, 1.7733632,60,60,15,1),
(536132, 32183, 571, 1, 4, 7890.1640625, 1790.7166748046875, 366.96435546875, 0.907954096794,60,60,15,1),
(536133, 32183, 571, 1, 4, 7819.28662109375, 1789.92431640625, 358.510955810546875, 1.421679,60,60,15,1),
(536134, 32183, 571, 1, 4, 7828.3837890625, 1784.8978271484375, 359.698089599609375, 2.03435,60,60,15,1),
(536135, 32183, 571, 1, 4, 7858.3330078125, 1766.6669921875, 360.473297119140625, 2.08367824,60,60,15,1),
(536136, 32183, 571, 1, 4, 7909.99560546875, 1745.3861083984375, 371.542816162109375, 0.6343,60,60,15,1),
(536137, 32183, 571, 1, 4, 7911.203125, 1722.4022216796875, 375.15423583984375, 5.5102176666,60,60,15,1),
(536138, 32183, 571, 1, 4, 7856.54296875, 1744.3704833984375, 360.57696533203125, 1.51508104,60,60,15,1),
(536139, 32183, 571, 1, 4, 7806.3828125, 1766.44921875, 356.27716064453125, 4.05931425094604,60,60,15,1),
(536140, 32183, 571, 1, 4, 7797.80126953125, 1779.6075439453125, 355.630859375, 4.8860435485,60,60,15,1),
(536141, 32183, 571, 1, 4, 7785.35009765625, 1782.8017578125, 354.9666748046875, 5.750471115,60,60,15,1),
(536142, 32183, 571, 1, 4, 7842.2275390625, 1674.0068359375, 361.06402587890625, 2.739137649,60,60,15,1),
(536143, 32183, 571, 1, 4, 7867.337890625, 1656.403076171875, 370.479949951171875, 0.8745582,60,60,15,1),
(536144, 32183, 571, 1, 4, 7810.29736328125, 1683.9847412109375, 355.950836181640625, 2.5996,60,60,15,1),
(536145, 32183, 571, 1, 4, 7797.92919921875, 1691.803466796875, 354.5040283203125, 4.3587012,60,60,15,1),
(536146, 32183, 571, 1, 4, 7758.19775390625, 1700.4031982421875, 348.267791748046875, 1.7859,60,60,15,1),
(536147, 32183, 571, 1, 4, 7766.1142578125, 1701.0484619140625, 350.09417724609375, 0.211570,60,60,15,1),
(536148, 32183, 571, 1, 4, 7760.99609375, 1735.423583984375, 350.726593017578125, 1.97906470,60,60,15,1),
(536149, 32183, 571, 1, 4, 7789.91064453125, 1641.32861328125, 352.315399169921875, 0.934322,60,60,15,1),
(536150, 32183, 571, 1, 4, 7762.63330078125, 1742.247802734375, 350.88604736328125, 0.040056,60,60,15,1),
(536151, 32183, 571, 1, 4, 7771.1865234375, 1642.5029296875, 351.126373291015625, 0.94702690,60,60,15,1),
(536152, 32183, 571, 1, 4, 7745.15380859375, 1742.314453125, 348.520904541015625, 0.76882505,60,60,15,1),
(536153, 32183, 571, 1, 4, 7721.3408203125, 1612.6962890625, 343.937286376953125, 1.20200824,60,60,15,1),
(536154, 32183, 571, 1, 4, 7728.3974609375, 1742.6741943359375, 347.045562744140625, 4.40886,60,60,15,1),
(536155, 32183, 571, 1, 4, 7709.06982421875, 1613.5897216796875, 340.480224609375, 5.8841896,60,60,15,1),
(536156, 32183, 571, 1, 4, 7681.9833984375, 1638.8753662109375, 336.75909423828125, 0.132228,60,60,15,1),
(536157, 32183, 571, 1, 4, 7675.44189453125, 1666.667724609375, 339.6505126953125, 4.5814466,60,60,15,1),
(536158, 32183, 571, 1, 4, 7662.85888671875, 1696.886474609375, 342.353485107421875, 1.38307,60,60,15,1),
(536159, 32183, 571, 1, 4, 7668.13037109375, 1689.814697265625, 341.5435791015625, 0.1410685,60,60,15,1),
(536160, 32183, 571, 1, 4, 7652.060546875, 1632.91650390625, 336.886322021484375, 1.26109337,60,60,15,1),
(536161, 32183, 571, 1, 4, 7633.7021484375, 1653.982421875, 339.7340087890625, 1.57470250129,60,60,15,1),
(536162, 32183, 571, 1, 4, 7657.33251953125, 1750.154296875, 347.16607666015625, 5.402377605,60,60,15,1),
(536163, 32183, 571, 1, 4, 7613.27099609375, 1707.550048828125, 344.524627685546875, 0.66322,60,60,15,1),
(536164, 32183, 571, 1, 4, 7640.021484375, 1749.6602783203125, 348.335479736328125, 4.303606,60,60,15,1),
(536165, 32183, 571, 1, 4, 7617.94287109375, 1604.49267578125, 339.126007080078125, 0.144204,60,60,15,1),
(536166, 32183, 571, 1, 4, 7613.400390625, 1624.8470458984375, 340.564971923828125, 1.378810,60,60,15,1),
(536167, 32183, 571, 1, 4, 7604.63525390625, 1712.392822265625, 343.816619873046875, 5.89921,60,60,15,1),
(536168, 32183, 571, 1, 4, 7572.869140625, 1702.904296875, 348.147125244140625, 4.2680034637,60,60,15,1),
(536169, 32183, 571, 1, 4, 7594.673828125, 1767.1944580078125, 353.448150634765625, 3.122063,60,60,15,1),
(536170, 32183, 571, 1, 4, 7547.486328125, 1682.884765625, 355.111175537109375, 0.1125993803,60,60,15,1),
(536171, 32183, 571, 1, 4, 7617.45947265625, 1793.302734375, 354.852874755859375, 4.95499944,60,60,15,1),
(536172, 32183, 571, 1, 4, 7592.92041015625, 1811.5260009765625, 360.7802734375, 5.315833568,60,60,15,1),
(536173, 32183, 571, 1, 4, 7583.5615234375, 1817.507568359375, 363.30029296875, 5.0437164306,60,60,15,1),
(536174, 32183, 571, 1, 4, 7671.41064453125, 1823.0211181640625, 354.313385009765625, 5.1703,60,60,15,1),
(536175, 32183, 571, 1, 4, 7670.96337890625, 1838.9022216796875, 355.115509033203125, 2.0346,60,60,15,1),
(536176, 32183, 571, 1, 4, 7604.66162109375, 1906.5843505859375, 372.737640380859375, 4.9559,60,60,15,1),
(536177, 32183, 571, 1, 4, 7647.77001953125, 1885.3330078125, 362.164520263671875, 5.2398309,60,60,15,1),
(536178, 32183, 571, 1, 4, 7671.47265625, 1896.7752685546875, 358.423187255859375, 1.1071487,60,60,15,1),
(536179, 32183, 571, 1, 4, 7635.60888671875, 1923.986572265625, 368.79315185546875, 0.339672,60,60,15,1),
(536180, 32183, 571, 1, 4, 7683.822265625, 1935.1732177734375, 365.189788818359375, 4.557691,60,60,15,1),
(536181, 32183, 571, 1, 4, 7670.70556640625, 1950.067138671875, 366.741790771484375, 5.81953,60,60,15,1),
(536182, 32183, 571, 1, 4, 7737.6591796875, 1860.5125732421875, 357.40625, 2.200188636779785,60,60,15,1),
(536183, 32183, 571, 1, 4, 7745.0283203125, 1847.8853759765625, 357.58197021484375, 1.636260,60,60,15,1),
(536184, 32183, 571, 1, 4, 7899.41064453125, 1851.4871826171875, 369.50372314453125, 2.59890,60,60,15,1),
(536185, 32183, 571, 1, 4, 7902.21337890625, 1855.826416015625, 369.634521484375, 5.83330059,60,60,15,1),
(536186, 32183, 571, 1, 4, 7850.5390625, 1789.6563720703125, 361.314727783203125, 3.85307741,60,60,15,1),
(536187, 32183, 571, 1, 4, 7896.04443359375, 1798.69140625, 367.83990478515625, 5.2185344696,60,60,15,1),
(536188, 32183, 571, 1, 4, 7902.14306640625, 1788.9864501953125, 370.67816162109375, 0.50020,60,60,15,1),
(536189, 32183, 571, 1, 4, 7865.34033203125, 1762.825927734375, 361.76953125, 5.759586334228,60,60,15,1),
(536190, 32183, 571, 1, 4, 7863.76513671875, 1755.2452392578125, 361.1932373046875, 2.004295,60,60,15,1),
(536191, 32183, 571, 1, 4, 7902.71533203125, 1737.703369140625, 370.53533935546875, 1.029744,60,60,15,1),
(536192, 32183, 571, 1, 4, 7760.87255859375, 1732.976318359375, 350.92681884765625, 3.316125,60,60,15,1),
(536193, 32183, 571, 1, 4, 7761.1552734375, 1739.9190673828125, 350.56805419921875, 3.246312,60,60,15,1),
(536194, 32183, 571, 1, 4, 7804.8505859375, 1697.6651611328125, 355.13934326171875, 4.869468,60,60,15,1),
(536195, 32183, 571, 1, 4, 7809.203125, 1680.9959716796875, 355.60687255859375, 1.5184364318,60,60,15,1),
(536196, 32183, 571, 1, 4, 7759.955078125, 1679.8118896484375, 349.173492431640625, 0.280982,60,60,15,1),
(536197, 32183, 571, 1, 4, 7724.26708984375, 1746.7425537109375, 346.90899658203125, 5.05515,60,60,15,1),
(536198, 32183, 571, 1, 4, 7717.77587890625, 1786.474609375, 350.43072509765625, 1.633336901,60,60,15,1),
(536199, 32183, 571, 1, 4, 7715.6845703125, 1780.82568359375, 348.877471923828125, 5.6881408,60,60,15,1),
(536200, 32183, 571, 1, 4, 7794.3056640625, 1634.36376953125, 353.132232666015625, 3.2583165,60,60,15,1),
(536201, 32183, 571, 1, 4, 7679.19287109375, 1635.410888671875, 336.51220703125, 1.815142393,60,60,15,1),
-- Enraged Fleshrender 32182
(536202, 32182, 571, 1, 4, 7877.7373046875, 1953.89990234375, 367.980438232421875, 5.1764116,60,60,15,1),
(536203, 32182, 571, 1, 4, 7812.57470703125, 1952.2242431640625, 366.9383544921875, 4.771916,60,60,15,1),
(536204, 32182, 571, 1, 4, 7878.0283203125, 1932.0611572265625, 366.1759033203125, 0.8409357,60,60,15,1),
(536205, 32182, 571, 1, 4, 7812.30615234375, 1958.0047607421875, 367.47528076171875, 1.62553,60,60,15,1),
(536206, 32182, 571, 1, 4, 7765.3173828125, 1980.8914794921875, 368.1856689453125, 4.7558851,60,60,15,1),
(536207, 32182, 571, 1, 4, 7771.7431640625, 1945.4627685546875, 367.07525634765625, 1.251826,60,60,15,1),
(536208, 32182, 571, 1, 4, 7749.6787109375, 1995.224609375, 368.1856689453125, 4.75588607788,60,60,15,1),
(536209, 32182, 571, 1, 4, 7747.15234375, 1969.312744140625, 367.604034423828125, 5.50813913,60,60,15,1),
(536210, 32182, 571, 1, 4, 7815.70556640625, 1896.4658203125, 363.12713623046875, 1.16834139,60,60,15,1),
(536211, 32182, 571, 1, 4, 7829.28369140625, 1882.7569580078125, 362.49224853515625, 2.19808,60,60,15,1),
(536212, 32182, 571, 1, 4, 7792.37255859375, 1881.5338134765625, 362.884368896484375, 2.1517,60,60,15,1),
(536213, 32182, 571, 1, 4, 7730.6953125, 1951.3734130859375, 367.520172119140625, 2.10810518,60,60,15,1),
(536214, 32182, 571, 1, 4, 7723.6708984375, 1938.32080078125, 365.981842041015625, 4.1669430,60,60,15,1),
(536215, 32182, 571, 1, 4, 7716.69091796875, 1974.8758544921875, 368.221649169921875, 1.7551,60,60,15,1),
(536216, 32182, 571, 1, 4, 7791.248046875, 1873.32958984375, 361.997650146484375, 4.41597318,60,60,15,1),
(536217, 32182, 571, 1, 4, 7899.53369140625, 1918.59375, 368.56292724609375, 3.5729169845581,60,60,15,1),
(536218, 32182, 571, 1, 4, 7809.92041015625, 1867.226806640625, 363.401641845703125, 5.63029,60,60,15,1),
(536219, 32182, 571, 1, 4, 7817.86376953125, 1861.1519775390625, 362.755523681640625, 5.7410,60,60,15,1),
(536220, 32182, 571, 1, 4, 7903.57470703125, 1918.619384765625, 369.072509765625, 3.69014215,60,60,15,1),
(536221, 32182, 571, 1, 4, 7828.64501953125, 1855.412109375, 362.255523681640625, 4.66120481,60,60,15,1),
(536222, 32182, 571, 1, 4, 7723.3408203125, 1907.2886962890625, 362.634918212890625, 4.97204,60,60,15,1),
(536223, 32182, 571, 1, 4, 7717.04052734375, 1935.299560546875, 365.710723876953125, 2.11357,60,60,15,1),
(536224, 32182, 571, 1, 4, 7828.13330078125, 1845.4251708984375, 363.055572509765625, 3.9706,60,60,15,1),
(536225, 32182, 571, 1, 4, 7820.63232421875, 1845.099609375, 362.484893798828125, 5.95834827,60,60,15,1),
(536226, 32182, 571, 1, 4, 7897.744140625, 1877.7210693359375, 367.50616455078125, 2.6884615,60,60,15,1),
(536227, 32182, 571, 1, 4, 7814.49609375, 1834.119873046875, 363.276458740234375, 1.55777990,60,60,15,1),
(536228, 32182, 571, 1, 4, 7916.74951171875, 1887.1632080078125, 370.140869140625, 1.9634765,60,60,15,1),
(536229, 32182, 571, 1, 4, 7860.15380859375, 1825.929931640625, 364.6259765625, 2.0200729370,60,60,15,1),
(536230, 32182, 571, 1, 4, 7907.16064453125, 1858.17626953125, 370.238922119140625, 3.137686,60,60,15,1),
(536231, 32182, 571, 1, 4, 7899.33056640625, 1853.4522705078125, 369.2725830078125, 1.086515,60,60,15,1),
(536232, 32182, 571, 1, 4, 7773.552734375, 1831.8486328125, 357.01702880859375, 6.2225093841,60,60,15,1),
(536233, 32182, 571, 1, 4, 7765.66650390625, 1836.0787353515625, 356.968994140625, 0.9543993,60,60,15,1),
(536234, 32182, 571, 1, 4, 7865.6083984375, 1817.548583984375, 364.1202392578125, 2.14774656,60,60,15,1),
(536235, 32182, 571, 1, 4, 7841.1064453125, 1801.23095703125, 361.037109375, 0.0319323353469,60,60,15,1),
(536236, 32182, 571, 1, 4, 7853.1748046875, 1802.905517578125, 361.25, 3.882759809494018554,60,60,15,1),
(536237, 32182, 571, 1, 4, 7773.00390625, 1845.8621826171875, 358.492034912109375, 0.4439994,60,60,15,1),
(536238, 32182, 571, 1, 4, 7898.76611328125, 1790.2054443359375, 369.424591064453125, 3.7006,60,60,15,1),
(536239, 32182, 571, 1, 4, 7902.22607421875, 1790.91064453125, 370.8037109375, 6.05075359344,60,60,15,1),
(536240, 32182, 571, 1, 4, 7867.43115234375, 1782.8525390625, 363.593963623046875, 1.1202484,60,60,15,1),
(536241, 32182, 571, 1, 4, 7980.1435546875, 1838.177978515625, 385.64031982421875, 4.8112621,60,60,15,1),
(536242, 32182, 571, 1, 4, 7862.08642578125, 1767.0570068359375, 361.339569091796875, 3.0595,60,60,15,1),
(536243, 32182, 571, 1, 4, 7978.955078125, 1828.2489013671875, 385.204315185546875, 4.593264,60,60,15,1),
(536244, 32182, 571, 1, 4, 7876.4130859375, 1753.9405517578125, 363.803131103515625, 4.94118,60,60,15,1),
(536245, 32182, 571, 1, 4, 7962.72802734375, 1768.8468017578125, 385.912628173828125, 5.9774,60,60,15,1),
(536246, 32182, 571, 1, 4, 7953.20068359375, 1771.885009765625, 383.136383056640625, 5.97448,60,60,15,1),
(536247, 32182, 571, 1, 4, 7874.3203125, 1756.8795166015625, 363.4248046875, 1.9021233320236,60,60,15,1),
(536248, 32182, 571, 1, 4, 7915.49462890625, 1733.0068359375, 374.5245361328125, 3.430897235,60,60,15,1),
(536249, 32182, 571, 1, 4, 7886.62158203125, 1727.4775390625, 368.27227783203125, 3.97741961,60,60,15,1),
(536250, 32182, 571, 1, 4, 7800.5869140625, 1776.33056640625, 355.877960205078125, 4.0590658,60,60,15,1),
(536251, 32182, 571, 1, 4, 7803.3857421875, 1755.302734375, 355.85101318359375, 3.8006367683,60,60,15,1),
(536252, 32182, 571, 1, 4, 7870.1787109375, 1674.89599609375, 368.854034423828125, 2.1117105,60,60,15,1),
(536253, 32182, 571, 1, 4, 7806.2431640625, 1693.0166015625, 355.22467041015625, 5.530256748,60,60,15,1),
(536254, 32182, 571, 1, 4, 7780.27734375, 1781.605712890625, 354.086944580078125, 5.22802305,60,60,15,1),
(536255, 32182, 571, 1, 4, 7774.1220703125, 1709.4979248046875, 352.09368896484375, 4.019612,60,60,15,1),
(536256, 32182, 571, 1, 4, 7784.9375, 1692.8409423828125, 352.51513671875, 5.583568096160888,60,60,15,1),
(536257, 32182, 571, 1, 4, 7827.73388671875, 1641.572021484375, 359.40093994140625, 2.987681,60,60,15,1),
(536258, 32182, 571, 1, 4, 7764.791015625, 1738.27001953125, 351.264923095703125, 4.30636692,60,60,15,1),
(536259, 32182, 571, 1, 4, 7767.19580078125, 1683.3087158203125, 350.50048828125, 6.12927389,60,60,15,1),
(536260, 32182, 571, 1, 4, 7797.484375, 1632.9400634765625, 353.812744140625, 0.011718212626,60,60,15,1),
(536261, 32182, 571, 1, 4, 7744.07763671875, 1664.0133056640625, 347.020172119140625, 6.2118,60,60,15,1),
(536262, 32182, 571, 1, 4, 7746.3828125, 1675.706787109375, 347.285919189453125, 3.995558261,60,60,15,1),
(536263, 32182, 571, 1, 4, 7757.84521484375, 1744.04736328125, 350.173583984375, 5.178220272,60,60,15,1),
(536264, 32182, 571, 1, 4, 7751.439453125, 1612.746337890625, 347.22906494140625, 3.64195322,60,60,15,1),
(536265, 32182, 571, 1, 4, 7719.23095703125, 1739.390625, 345.8916015625, 0.7356467247009277,60,60,15,1),
(536266, 32182, 571, 1, 4, 7694.24853515625, 1626.476318359375, 337.649017333984375, 0.48534,60,60,15,1),
(536267, 32182, 571, 1, 4, 7720.54833984375, 1596.0936279296875, 345.293121337890625, 6.0846,60,60,15,1),
(536268, 32182, 571, 1, 4, 7709.62060546875, 1601.98291015625, 342.1265869140625, 5.52678489,60,60,15,1),
(536269, 32182, 571, 1, 4, 7679.17822265625, 1647.973876953125, 337.375030517578125, 3.32231,60,60,15,1),
(536270, 32182, 571, 1, 4, 7681.99169921875, 1645.221923828125, 336.85076904296875, 4.032156,60,60,15,1),
(536271, 32182, 571, 1, 4, 7689.73779296875, 1625.9127197265625, 336.641448974609375, 0.7577,60,60,15,1),
(536272, 32182, 571, 1, 4, 7664.84814453125, 1682.7283935546875, 341.079193115234375, 4.2941,60,60,15,1),
(536273, 32182, 571, 1, 4, 7652.66259765625, 1691.87548828125, 342.901580810546875, 1.203342,60,60,15,1),
(536274, 32182, 571, 1, 4, 7654.28759765625, 1638.822021484375, 337.049957275390625, 2.18400,60,60,15,1),
(536275, 32182, 571, 1, 4, 7652.0654296875, 1701.321533203125, 343.48779296875, 5.5876970291,60,60,15,1),
(536276, 32182, 571, 1, 4, 7673.4921875, 1742.0135498046875, 346.97589111328125, 3.898654937,60,60,15,1),
(536277, 32182, 571, 1, 4, 7666.53125, 1735.4310302734375, 346.27081298828125, 3.89856910705,60,60,15,1),
(536278, 32182, 571, 1, 4, 7717.41162109375, 1770.1080322265625, 348.615875244140625, 5.1926,60,60,15,1),
(536279, 32182, 571, 1, 4, 7598.93994140625, 1680.7825927734375, 342.721588134765625, 1.8260,60,60,15,1),
(536280, 32182, 571, 1, 4, 7607.28076171875, 1724.9730224609375, 344.715667724609375, 1.2149,60,60,15,1),
(536281, 32182, 571, 1, 4, 7611.33251953125, 1642.541259765625, 341.747802734375, 0.85365742,60,60,15,1),
(536282, 32182, 571, 1, 4, 7646.89013671875, 1758.15185546875, 347.91656494140625, 1.2042534,60,60,15,1),
(536283, 32182, 571, 1, 4, 7627.490234375, 1756.8988037109375, 349.0123291015625, 3.39533710,60,60,15,1),
(536284, 32182, 571, 1, 4, 7583.978515625, 1695.3525390625, 345.495513916015625, 0.746026694,60,60,15,1),
(536285, 32182, 571, 1, 4, 7619.3056640625, 1619.840576171875, 339.869415283203125, 2.543027,60,60,15,1),
(536286, 32182, 571, 1, 4, 7612.10107421875, 1716.4503173828125, 344.1048583984375, 1.128189,60,60,15,1),
(536287, 32182, 571, 1, 4, 7586.5126953125, 1724.188232421875, 346.40032958984375, 4.8860435,60,60,15,1),
(536288, 32182, 571, 1, 4, 7550.1650390625, 1689.174072265625, 353.698699951171875, 1.672278,60,60,15,1),
(536289, 32182, 571, 1, 4, 7612.03076171875, 1778.840087890625, 352.699127197265625, 5.21578,60,60,15,1),
(536290, 32182, 571, 1, 4, 7613.2841796875, 1789.41455078125, 354.48712158203125, 4.99243259,60,60,15,1),
(536291, 32182, 571, 1, 4, 7578.91357421875, 1811.5587158203125, 362.84375, 3.38515067100524,60,60,15,1),
(536292, 32182, 571, 1, 4, 7577.02978515625, 1802.927978515625, 361.658905029296875, 0.98279,60,60,15,1),
(536293, 32182, 571, 1, 4, 7565.17529296875, 1800.65869140625, 362.8345947265625, 4.97320270,60,60,15,1),
(536294, 32182, 571, 1, 4, 7562.3408203125, 1810.944091796875, 364.4564208984375, 4.98223829,60,60,15,1),
(536295, 32182, 571, 1, 4, 7602.40966796875, 1838.7884521484375, 364.7218017578125, 5.619219,60,60,15,1),
(536296, 32182, 571, 1, 4, 7620.890625, 1822.7486572265625, 359.6376953125, 1.10639619827270,60,60,15,1),
(536297, 32182, 571, 1, 4, 7611.03564453125, 1832.0518798828125, 362.1326904296875, 5.926201,60,60,15,1),
(536298, 32182, 571, 1, 4, 7671.55419921875, 1823.720703125, 354.296051025390625, 4.37396335,60,60,15,1),
(536299, 32182, 571, 1, 4, 7671.845703125, 1837.4193115234375, 354.817291259765625, 0.656492,60,60,15,1),
(536300, 32182, 571, 1, 4, 7634.72119140625, 1880.7591552734375, 364.347869873046875, 2.0777,60,60,15,1),
(536301, 32182, 571, 1, 4, 7643.701171875, 1886.6431884765625, 363.258026123046875, 5.123178,60,60,15,1),
(536302, 32182, 571, 1, 4, 7641.591796875, 1891.5615234375, 364.13397216796875, 5.3912477493,60,60,15,1),
(536303, 32182, 571, 1, 4, 7617.1513671875, 1908.465576171875, 370.158203125, 0.913859605789,60,60,15,1),
(536304, 32182, 571, 1, 4, 7635.173828125, 1896.8936767578125, 365.71875, 5.1568083763122558,60,60,15,1),
(536305, 32182, 571, 1, 4, 7643.7578125, 1920.7369384765625, 367.495758056640625, 2.79246854,60,60,15,1),
(536306, 32182, 571, 1, 4, 7665.59228515625, 1910.4505615234375, 362.773590087890625, 2.7910,60,60,15,1),
(536307, 32182, 571, 1, 4, 7722.185546875, 1861.6124267578125, 356.679656982421875, 2.368624,60,60,15,1),
(536308, 32182, 571, 1, 4, 7698.6455078125, 1917.57958984375, 362.907257080078125, 1.9364272,60,60,15,1),
(536309, 32182, 571, 1, 4, 7687.60205078125, 1950.4454345703125, 366.688995361328125, 4.4668,60,60,15,1),
(536310, 32182, 571, 1, 4, 7693.4814453125, 1964.26123046875, 366.383331298828125, 4.6135950,60,60,15,1),
(536311, 32182, 571, 1, 4, 7898.5361328125, 1857.612548828125, 368.779052734375, 2.416872978,60,60,15,1),
(536312, 32182, 571, 1, 4, 7888.20166015625, 1805.7259521484375, 366.082916259765625, 2.0730,60,60,15,1),
(536313, 32182, 571, 1, 4, 7889.15966796875, 1795.77197265625, 366.314117431640625, 1.666768,60,60,15,1),
(536314, 32182, 571, 1, 4, 7839.8798828125, 1792.4180908203125, 360.891510009765625, 2.52270,60,60,15,1),
(536315, 32182, 571, 1, 4, 7902.12890625, 1796.9554443359375, 369.6524658203125, 2.341002225,60,60,15,1),
(536316, 32182, 571, 1, 4, 7900.05078125, 1795.5340576171875, 369.39764404296875, 4.86132717,60,60,15,1),
(536317, 32182, 571, 1, 4, 7866.43115234375, 1766.2001953125, 362.049407958984375, 5.9221625,60,60,15,1),
(536318, 32182, 571, 1, 4, 7911.26318359375, 1729.8218994140625, 373.83258056640625, 6.01830,60,60,15,1),
(536319, 32182, 571, 1, 4, 7775.875, 1789.0941162109375, 353.81744384765625, 3.9076564311981,60,60,15,1),
(536320, 32182, 571, 1, 4, 7758.62939453125, 1696.5184326171875, 348.168121337890625, 1.5754,60,60,15,1),
(536321, 32182, 571, 1, 4, 7758.904296875, 1739.835205078125, 350.156890869140625, 2.2614064,60,60,15,1),
(536322, 32182, 571, 1, 4, 7798.19482421875, 1692.7130126953125, 354.56365966796875, 4.93241,60,60,15,1),
(536323, 32182, 571, 1, 4, 7805.16796875, 1694.500244140625, 355.021514892578125, 2.39766454,60,60,15,1),
(536324, 32182, 571, 1, 4, 7743.00927734375, 1687.7911376953125, 345.947540283203125, 1.6784,60,60,15,1),
(536325, 32182, 571, 1, 4, 7718.72265625, 1737.746337890625, 345.407562255859375, 3.45932984,60,60,15,1),
(536326, 32182, 571, 1, 4, 7711.82958984375, 1755.9449462890625, 347.7271728515625, 1.091866,60,60,15,1),
(536327, 32182, 571, 1, 4, 7776.515625, 1640.90869140625, 350.943450927734375, 3.81145501136,60,60,15,1),
(536328, 32182, 571, 1, 4, 7718.86962890625, 1797.9771728515625, 351.652679443359375, 3.7870,60,60,15,1),
(536329, 32182, 571, 1, 4, 7682.1181640625, 1648.649658203125, 337.26202392578125, 5.5806994,60,60,15,1),
(536330, 32182, 571, 1, 4, 7683.15380859375, 1651.5924072265625, 337.651947021484375, 3.9269,60,60,15,1),
-- Gargoyle Ambusher 32188
(536331, 32188, 571, 1, 4, 7881.59228515625, 1912.0399169921875, 506.315185546875, 3.013163,60,60,0,0),
(536332, 32188, 571, 1, 4, 7869.98681640625, 1892.6124267578125, 505.615509033203125, 5.689,60,60,0,0),
(536333, 32188, 571, 1, 4, 7762.61572265625, 1949.85107421875, 504.615570068359375, 3.81387,60,60,0,0),
(536334, 32188, 571, 1, 4, 7931.46630859375, 1896.386474609375, 507.31512451171875, 2.74549,60,60,0,0),
(536335, 32188, 571, 1, 4, 7884.4111328125, 1910.3294677734375, 507.31512451171875, 3.09380,60,60,0,0),
(536336, 32188, 571, 1, 4, 7871.189453125, 1869.458740234375, 505.61553955078125, 2.5108208,60,60,0,0),
(536337, 32188, 571, 1, 4, 7779.3623046875, 1852.678955078125, 503.700225830078125, 1.60733,60,60,0,0),
(536338, 32188, 571, 1, 4, 7827.6494140625, 1819.884765625, 493.683349609375, 0.28686460852,60,60,0,0),
(536339, 32188, 571, 1, 4, 7899.271484375, 1814.4482421875, 484.035552978515625, 1.89614927,60,60,0,0),
(536340, 32188, 571, 1, 4, 7667.58251953125, 1901.1519775390625, 492.6412353515625, 1.15654,60,60,0,0),
(536341, 32188, 571, 1, 4, 7672.61962890625, 1858.186767578125, 492.6412353515625, 2.387538,60,60,0,0),
(536342, 32188, 571, 1, 4, 7661.49267578125, 1830.827880859375, 470.377899169921875, 2.3011,60,60,0,0),
(536343, 32188, 571, 1, 4, 7742.48779296875, 1731.8172607421875, 502.236968994140625, 0.198,60,60,0,0),
(536344, 32188, 571, 1, 4, 7773.98291015625, 1716.813720703125, 470.377899169921875, 2.5835,60,60,0,0),
(536345, 32188, 571, 1, 4, 7708.228515625, 1756.0506591796875, 469.377899169921875, 2.24060,60,60,0,0),
(536346, 32188, 571, 1, 4, 7728.9736328125, 1737.5213623046875, 503.237030029296875, 0.1943,60,60,0,0),
(536347, 32188, 571, 1, 4, 7730.36328125, 1748.107666015625, 503.237030029296875, 0.6208348,60,60,0,0),
(536348, 32188, 571, 1, 4, 7860.75244140625, 1669.2760009765625, 489.047515869140625, 5.246,60,60,0,0),
(536349, 32188, 571, 1, 4, 7961.3896484375, 1691.1650390625, 417.09674072265625, 1.04719758,60,60,0,0),
(536350, 32188, 571, 1, 4, 7960.5791015625, 1687.4058837890625, 417.5731201171875, 1.249421,60,60,0,0),
(536351, 32188, 571, 1, 4, 7963.67822265625, 1687.787109375, 418.5931396484375, 1.984145879,60,60,0,0),
(536352, 32188, 571, 1, 4, 7878.55712890625, 1660.946533203125, 473.660858154296875, 1.4471,60,60,0,0),
(536353, 32188, 571, 1, 4, 7860.87841796875, 1648.1873779296875, 488.047515869140625, 4.581,60,60,0,0),
(536354, 32188, 571, 1, 4, 7955.73876953125, 1615.6881103515625, 442.408294677734375, 4.834,60,60,0,0),
(536355, 32188, 571, 1, 4, 7950.728515625, 1615.35546875, 441.621551513671875, 1.2217304706,60,60,0,0),
(536356, 32188, 571, 1, 4, 7951.890625, 1624.2125244140625, 439.094757080078125, 1.01229095,60,60,0,0),
(536357, 32188, 571, 1, 4, 7711.478515625, 1787.095458984375, 461.520294189453125, 4.520402,60,60,0,0),
(536358, 32188, 571, 1, 4, 7772.81201171875, 1554.80859375, 488.04754638671875, 1.333788514,60,60,0,0),
(536359, 32188, 571, 1, 4, 7736.6240234375, 1562.3179931640625, 469.377838134765625, 2.0036,60,60,0,0),
(536360, 32188, 571, 1, 4, 7705.63330078125, 1821.9061279296875, 469.37786865234375, 5.8846,60,60,0,0),
(536361, 32188, 571, 1, 4, 7769.1015625, 1540.2479248046875, 489.047515869140625, 1.3404121,60,60,0,0),
(536362, 32188, 571, 1, 4, 7734.25830078125, 1581.38037109375, 470.377838134765625, 0.67712,60,60,0,0),
(536363, 32188, 571, 1, 4, 7747.92529296875, 1540.327880859375, 470.377838134765625, 2.2498,60,60,0,0),
(536364, 32188, 571, 1, 4, 7796.2177734375, 1516.54345703125, 463.806182861328125, 1.330594,60,60,0,0),
(536365, 32188, 571, 1, 4, 7772.69775390625, 1519.6402587890625, 462.80615234375, 0.0340089,60,60,0,0),
(536366, 32188, 571, 1, 4, 7649.80810546875, 1688.618408203125, 500.95867919921875, 0.66625,60,60,0,0),
(536367, 32188, 571, 1, 4, 7828.43798828125, 1486.7977294921875, 463.80615234375, 5.2798581,60,60,0,0),
(536368, 32188, 571, 1, 4, 7624.06201171875, 1662.8277587890625, 488.04754638671875, 2.7906,60,60,0,0),
(536369, 32188, 571, 1, 4, 7623.85546875, 1662.13037109375, 489.047576904296875, 2.82499337,60,60,0,0),
(536370, 32188, 571, 1, 4, 7654.44091796875, 1566.0439453125, 469.37786865234375, 0.0554601,60,60,0,0),
(536371, 32188, 571, 1, 4, 7638.87158203125, 1565.87158203125, 470.37786865234375, 0.072155,60,60,0,0),
(536372, 32188, 571, 1, 4, 7637.72998046875, 1800.209228515625, 491.6412353515625, 0.905011,60,60,0,0),
(536373, 32188, 571, 1, 4, 7856.32666015625, 1513.6043701171875, 428.31268310546875, 0.7504,60,60,0,0),
(536374, 32188, 571, 1, 4, 7541.90966796875, 1634.8192138671875, 488.047515869140625, 3.078,60,60,0,0),
(536375, 32188, 571, 1, 4, 7537.80712890625, 1648.2000732421875, 500.958709716796875, 1.789,60,60,0,0),
(536376, 32188, 571, 1, 4, 7535.423828125, 1766.8193359375, 499.95867919921875, 6.228162765,60,60,0,0),
(536377, 32188, 571, 1, 4, 7517.57421875, 1636.2728271484375, 489.047515869140625, 3.584842,60,60,0,0),
(536378, 32188, 571, 1, 4, 7503.265625, 1605.8045654296875, 470.463134765625, 6.14505624771,60,60,0,0),
(536379, 32188, 571, 1, 4, 7518.93994140625, 1556.5574951171875, 471.463104248046875, 1.206,60,60,0,0),
(536380, 32188, 571, 1, 4, 7515.4267578125, 1549.1656494140625, 471.463104248046875, 0.4499,60,60,0,0),
(536381, 32188, 571, 1, 4, 7439.86376953125, 1730.76904296875, 427.713287353515625, 0.21103,60,60,0,0),
(536382, 32188, 571, 1, 4, 7430.9453125, 1738.6256103515625, 428.284088134765625, 6.1039032,60,60,0,0),
(536383, 32188, 571, 1, 4, 7447.99658203125, 1691.81982421875, 456.067779541015625, 6.22119,60,60,0,0),
(536384, 32188, 571, 1, 4, 7863.00927734375, 1850.37841796875, 490.0543212890625, 2.6650462,60,60,0,0),
-- Frostbrood Sentry 31721
(536385, 31721, 571, 1, 4, 7153.4087,1172.1326,446.75787,0,60,60,0,3),
(536386, 31721, 571, 1, 4, 7596.8447,1533.3636,501.03223,0,60,60,0,3),
-- custom made below (no data available)
(536387,31721,571,1,4,7303.76,1235.17,456.176,1.69544,60,60,0,3),
(536388,31721,571,1,4,7223.16,1301.69,432.173,0,60,60,0,3),
(536389,31721,571,1,4,7326.65,1337.84,444.082,0,60,60,0,3),
(536390,31721,571,1,4,7127.64,1508.08,429.709,0,60,60,0,3),
(536391,31721,571,1,4,7365.45,1358.57,430.106,0,60,60,0,3),
(536392,31721,571,1,4,7275.36,1166.31,418.081,0,60,60,0,3),
(536393,31721,571,1,4,7184.27,1404.91,418.365,0,60,60,0,3),
(536394,31721,571,1,4,7586.36,1493.14,477.675,0,60,60,0,3),
(536395,31721,571,1,4,7556.58,1274.23,451.017,0,60,60,0,3),
(536396,31721,571,1,4,7590.7,1514.38,444.969,0,60,60,0,3),
(536397,31721,571,1,4,7385.67,1413.23,451.035,0,60,60,0,3),
(536398,31721,571,1,4,7433.68,1589.61,445.02,0,60,60,0,3),
(536399,31721,571,1,4,7262.77,1565.78,454.721,0,60,60,0,3),
(536400,31721,571,1,4,7237.95,1333.78,416.556,0,60,60,0,3),
(536401,31721,571,1,4,7660.63,1232.95,456.866,0,60,60,0,3),
(536402,31721,571,1,4,7308.84,1301.62,393.231,0,60,60,0,3),
(536403,31721,571,1,4,7387.23,1195.68,423.8421,0,60,60,0,3),
(536404,31721,571,1,4,7395.06,1537.85,425.259,0,60,60,0,3),
(536405,31721,571,1,4,7052.14,1420.3,438.349,0,60,60,0,3),
(536406,31721,571,1,4,7453.79,1387.25,479.892,0,60,60,0,3),
-- Scourge War Machine 32154
-- all custom made (from vid) - no data available
(536407,32154,571,1,4,7170.84,1293.26,302.174,3.21674,30,30,0,0),
(536408,32154,571,1,4,7171.55,1258.79,301.155,3.0361,30,30,0,0),
(536409,32154,571,1,4,7192.12,1184.57,309.202,3.50813,30,30,0,0),
(536410,32154,571,1,4,7222.52,1155.7,317.187,3.06045,30,30,0,0),
(536411,32154,571,1,4,7243.44,1182.71,314.301,2.85781,30,30,0,0),
(536412,32154,571,1,4,7275.31,1211.66,311.414,6.22324,30,30,0,0),
(536413,32154,571,1,4,7222.49,1231.25,306.287,3.18741,30,30,0,0),
(536414,32154,571,1,4,7198.5,1318.74,305.885,3.4191,30,30,0,0),
(536415,32154,571,1,4,7166.52,1350.39,308.579,3.5589,30,30,0,0),
(536416,32154,571,1,4,7285.95,1272.77,306.073,3.2471,30,30,0,0),
(536417,32154,571,1,4,7251,1287.14,304.711,2.92195,30,30,0,0),
(536418,32154,571,1,4,7289.86,1342.49,306.636,3.49136,30,30,0,0),
(536419,32154,571,1,4,7299.91,1391.79,312.723,3.47958,30,30,0,0),
(536420,32154,571,1,4,7322.01,1221.29,316.461,2.85912,30,30,0,0),
(536421,32154,571,1,4,7293.09,1305.42,307.091,3.04761,30,30,0,0),
(536422,32154,571,1,4,7077.61,1261.97,297.88,3.56598,30,30,0,0),
(536423,32154,571,1,4,7081.92,1340.52,305.68,3.94972,30,30,0,0),
(536424,32154,571,1,4,7047.43,1351.06,304.706,4.59767,30,30,0,0),
(536425,32154,571,1,4,7347.38,1427.84,316.911,3.70625,30,30,0,0),
(536426,32154,571,1,4,7348.23,1364.7,309.068,3.48634,30,30,0,0),
(536427,32154,571,1,4,7356.24,1281.44,314.51,2.95005,30,30,0,0),
(536428,32154,571,1,4,7103.66,1395.19,311.824,3.71023,30,30,0,0),
(536429,32154,571,1,4,7156.8,1404.56,317.219,3.20678,30,30,0,0),
(536430,32154,571,1,4,7185.74,1401.77,314.715,3.08112,30,30,0,0),
(536431,32154,571,1,4,7166.56,1440.35,321.789,3.49738,30,30,0,0),
(536432,32154,571,1,4,7208.77,1449.38,323.578,3.77776,30,30,0,0),
(536433,32154,571,1,4,7280.93,1412.07,314.071,2.33654,30,30,0,0),
(536434,32154,571,1,4,7234.13,1378.11,310.994,5.85883,30,30,0,0),
(536435,32154,571,1,4,7063.19,1207.08,297.468,3.20418,30,30,0,0),
(536436,32154,571,1,4,7112.42,1201.69,298.705,3.0314,30,30,0,0),
(536437,32154,571,1,4,7132.42,1227.79,299.198,3.0946,30,30,0,0),
(536438,32154,571,1,4,7134.64,1165.56,305.331,2.5566,30,30,0,0),
(536439,32154,571,1,4,7114.25,1291.32,298.761,4.12583,30,30,0,0),
(536440,32154,571,1,4,7107.06,1252.7,296.969,3.53128,30,30,0,0);
-- Updates
-- Stitched Brute 32179
UPDATE creature_template SET KillCredit1 = 32410 WHERE Entry = 32179;
-- Enraged Fleshrender
UPDATE creature_template SET KillCredit1 = 0 WHERE Entry = 32770;
-- Gargoyle Ambusher 32188
UPDATE creature_template SET  SpeedWalk=(2.5/2.5), SpeedRun=(12/7), StaticFlags1=2147483648, StaticFlags2=0x200800 WHERE Entry = 32188;
-- Spawn Groups
-- Group 1
UPDATE creature SET position_x = 7894.428, position_y = 1887.9249, position_z = 367.57782, spawndist = 0, MovementType = 0 WHERE guid IN (536084,536224,536219,536311,536316);
DELETE FROM `spawn_group` WHERE id = 34108;
INSERT INTO `spawn_group` (`Id`, `Name`, `Type`, `MaxCount`, `WorldState`, `Flags`) VALUES
(34108, 'Icecrown - The Bombardment (Phase 4) - Stitched Brute 32179 & Enraged Fleshrender 32182 x4 - Patrol 1', 0, 0, 0, 0);
DELETE FROM `spawn_group_spawn` WHERE id = 34108;
INSERT INTO `spawn_group_spawn` (`Id`, `Guid`, `SlotId`) VALUES
(34108, 536084, 0),
(34108, 536224, 1),
(34108, 536219, 2),
(34108, 536311, 3),
(34108, 536316, 4);
DELETE FROM `spawn_group_formation` WHERE id IN (34108);
INSERT INTO `spawn_group_formation` (`Id`, `FormationType`, `FormationSpread`, `FormationOptions`, `PathId`, `MovementType`, `Comment`) VALUES
(34108, 4, 8, 0, 34108, 4,'Icecrown - The Bombardment (Phase 4) - Stitched Brute 32179 & Enraged Fleshrender 32182 x4 - Patrol 1');
DELETE FROM `waypoint_path` WHERE PathId IN (34108);
INSERT INTO `waypoint_path` (`PathId`, `Point`, `PositionX`, `PositionY`,`PositionZ`, `Orientation`, `WaitTime`, `ScriptId`) VALUES
(34108,1,7894.428,1887.9249,367.57782,100,1000,0),
(34108,2,7904.327,1891.1992,369.06714,100,0,0),
(34108,3,7913.2456,1886.8375,369.6742,100,0,0),
(34108,4,7919.5728,1879.319,370.68335,100,0,0),
(34108,5,7938.8457,1862.663,375.126,100,0,0),
(34108,6,7948.3228,1856.1643,377.5292,100,0,0),
(34108,7,7959.1,1848.31,380.511,100,0,0),
(34108,8,7959.27,1837.34,380.829,100,1000,0);
DELETE FROM `waypoint_path_name` WHERE PathId IN (34108);
INSERT INTO `waypoint_path_name` (`PathId`, `Name`) VALUES
(34108,'Icecrown - The Bombardment (Phase 4) - Stitched Brute 32179 & Enraged Fleshrender 32182 x4 - Patrol 1');
-- Group 2
UPDATE creature SET position_x = 7809.488, position_y = 1992.7262, position_z = 372.01346, spawndist = 0, MovementType = 0 WHERE guid IN (536203,536205);
DELETE FROM `spawn_group` WHERE id = 34109;
INSERT INTO `spawn_group` (`Id`, `Name`, `Type`, `MaxCount`, `WorldState`, `Flags`) VALUES
(34109, 'Icecrown - The Bombardment (Phase 4) - Enraged Fleshrender 32182 x2 - Patrol 2', 0, 0, 0, 0);
DELETE FROM `spawn_group_spawn` WHERE id = 34109;
INSERT INTO `spawn_group_spawn` (`Id`, `Guid`, `SlotId`) VALUES
(34109, 536203, 0),
(34109, 536205, 1);
DELETE FROM `spawn_group_formation` WHERE id IN (34109);
INSERT INTO `spawn_group_formation` (`Id`, `FormationType`, `FormationSpread`, `FormationOptions`, `PathId`, `MovementType`, `Comment`) VALUES
(34109, 1, 6, 0, 34109, 2,'Icecrown - The Bombardment (Phase 4) - Enraged Fleshrender 32182 x2 - Patrol 2');
DELETE FROM `waypoint_path` WHERE PathId IN (34109);
INSERT INTO `waypoint_path` (`PathId`, `Point`, `PositionX`, `PositionY`,`PositionZ`, `Orientation`, `WaitTime`, `ScriptId`) VALUES
(34109,1,7809.488,1992.7262,372.01346,100,0,0),
(34109,2,7811.002,2009.4531,378.71405,100,0,0),
(34109,3,7809.9243,1975.9403,367.82864,100,0,0),
(34109,4,7812.5747,1952.2242,366.93835,100,0,0);
DELETE FROM `waypoint_path_name` WHERE PathId IN (34109);
INSERT INTO `waypoint_path_name` (`PathId`, `Name`) VALUES
(34109,'Icecrown - The Bombardment (Phase 4) - Enraged Fleshrender 32182 x2 - Patrol 2');
DELETE FROM creature_spawn_data WHERE guid IN(536203,536205);
INSERT INTO creature_spawn_data(Guid,Id) VALUES
(536203,1),(536205,1);
-- Group 3
UPDATE creature SET position_x = 7724.8447, position_y = 1942.6545, position_z = 366.51785, spawndist = 0, MovementType = 0 WHERE guid IN (536213,536215);
DELETE FROM `spawn_group` WHERE id = 34110;
INSERT INTO `spawn_group` (`Id`, `Name`, `Type`, `MaxCount`, `WorldState`, `Flags`) VALUES
(34110, 'Icecrown - The Bombardment (Phase 4) - Enraged Fleshrender 32182 x2 - Patrol 3', 0, 0, 0, 0);
DELETE FROM `spawn_group_spawn` WHERE id = 34110;
INSERT INTO `spawn_group_spawn` (`Id`, `Guid`, `SlotId`) VALUES
(34110, 536213, 0),
(34110, 536215, 1);
DELETE FROM `spawn_group_formation` WHERE id IN (34110);
INSERT INTO `spawn_group_formation` (`Id`, `FormationType`, `FormationSpread`, `FormationOptions`, `PathId`, `MovementType`, `Comment`) VALUES
(34110, 1, 6, 0, 34110, 2,'Icecrown - The Bombardment (Phase 4) - Enraged Fleshrender 32182 x2 - Patrol 3');
DELETE FROM `waypoint_path` WHERE PathId IN (34110);
INSERT INTO `waypoint_path` (`PathId`, `Point`, `PositionX`, `PositionY`,`PositionZ`, `Orientation`, `WaitTime`, `ScriptId`) VALUES
(34110,1,7724.8447,1942.6545,366.51785,100,0,0),
(34110,2,7741.5146,1919.9264,364.5936,100,0,0),
(34110,3,7719.4785,1953.5923,366.9363,100,0,0),
(34110,4,7716.691,1974.8759,368.22165,100,0,0);
DELETE FROM `waypoint_path_name` WHERE PathId IN (34110);
INSERT INTO `waypoint_path_name` (`PathId`, `Name`) VALUES
(34110,'Icecrown - The Bombardment (Phase 4) - Enraged Fleshrender 32182 x2 - Patrol 3');
DELETE FROM creature_spawn_data WHERE guid IN(536213,536215);
INSERT INTO creature_spawn_data(Guid,Id) VALUES
(536213,1),(536215,1);
-- Group 4
UPDATE creature SET position_x = 7895.042, position_y = 1913.4049, position_z = 368.07037, spawndist = 0, MovementType = 0 WHERE guid IN (536217,536220);
DELETE FROM `spawn_group` WHERE id = 34111;
INSERT INTO `spawn_group` (`Id`, `Name`, `Type`, `MaxCount`, `WorldState`, `Flags`) VALUES
(34111, 'Icecrown - The Bombardment (Phase 4) - Enraged Fleshrender 32182 x2 - Patrol 4', 0, 0, 0, 0);
DELETE FROM `spawn_group_spawn` WHERE id = 34111;
INSERT INTO `spawn_group_spawn` (`Id`, `Guid`, `SlotId`) VALUES
(34111, 536217, 0),
(34111, 536220, 1);
DELETE FROM `spawn_group_formation` WHERE id IN (34111);
INSERT INTO `spawn_group_formation` (`Id`, `FormationType`, `FormationSpread`, `FormationOptions`, `PathId`, `MovementType`, `Comment`) VALUES
(34111, 1, 6, 0, 34111, 4,'Icecrown - The Bombardment (Phase 4) - Enraged Fleshrender 32182 x2 - Patrol 4'); -- linear
DELETE FROM `waypoint_path` WHERE PathId IN (34111);
INSERT INTO `waypoint_path` (`PathId`, `Point`, `PositionX`, `PositionY`,`PositionZ`, `Orientation`, `WaitTime`, `ScriptId`) VALUES
(34111,1,7895.042,1913.4049,368.07037,100,0,0),
(34111,2,7921.3423,1926.3909,370.7705,100,0,0),
(34111,3,7963.2847,1968.5608,368.09595,100,0,0);
DELETE FROM `waypoint_path_name` WHERE PathId IN (34111);
INSERT INTO `waypoint_path_name` (`PathId`, `Name`) VALUES
(34111,'Icecrown - The Bombardment (Phase 4) - Enraged Fleshrender 32182 x2 - Patrol 4');
DELETE FROM creature_spawn_data WHERE guid IN(536217,536220);
INSERT INTO creature_spawn_data(Guid,Id) VALUES
(536217,1),(536220,1);
-- Group 5
UPDATE creature SET position_x = 7793.472, position_y = 1875.8114, position_z = 362.2521, spawndist = 0, MovementType = 0 WHERE guid IN (536212,536216);
DELETE FROM `spawn_group` WHERE id = 34112;
INSERT INTO `spawn_group` (`Id`, `Name`, `Type`, `MaxCount`, `WorldState`, `Flags`) VALUES
(34112, 'Icecrown - The Bombardment (Phase 4) - Enraged Fleshrender 32182 x2 - Patrol 5', 0, 0, 0, 0);
DELETE FROM `spawn_group_spawn` WHERE id = 34112;
INSERT INTO `spawn_group_spawn` (`Id`, `Guid`, `SlotId`) VALUES
(34112, 536212, 0),
(34112, 536216, 1);
DELETE FROM `spawn_group_formation` WHERE id IN (34112);
INSERT INTO `spawn_group_formation` (`Id`, `FormationType`, `FormationSpread`, `FormationOptions`, `PathId`, `MovementType`, `Comment`) VALUES
(34112, 1, 6, 0, 34112, 2,'Icecrown - The Bombardment (Phase 4) - Enraged Fleshrender 32182 x2 - Patrol 5');
DELETE FROM `waypoint_path` WHERE PathId IN (34112);
INSERT INTO `waypoint_path` (`PathId`, `Point`, `PositionX`, `PositionY`,`PositionZ`, `Orientation`, `WaitTime`, `ScriptId`) VALUES
(34112,1,7793.472,1875.8114,362.2521,100,0,0),
(34112,2,7817.8457,1861.167,362.75552,100,0,0),
(34112,3,7785.7173,1887.2258,363.0364,100,0,0),
(34112,4,7760.547,1930.1598,365.88095,100,0,0),
(34112,5,7769.922,1952.2592,367.55328,100,0,0),
(34112,6,7760.532,1919.5406,364.5516,100,0,0);
DELETE FROM `waypoint_path_name` WHERE PathId IN (34112);
INSERT INTO `waypoint_path_name` (`PathId`, `Name`) VALUES
(34112,'Icecrown - The Bombardment (Phase 4) - Enraged Fleshrender 32182 x2 - Patrol 5');
DELETE FROM creature_spawn_data WHERE guid IN(536212,536216);
INSERT INTO creature_spawn_data(Guid,Id) VALUES
(536212,1),(536216,1);
-- Group 6
UPDATE creature SET position_x = 7679.3906, position_y = 1959.5742, position_z = 66.6566, spawndist = 0, MovementType = 0 WHERE guid IN (536214,536223);
DELETE FROM `spawn_group` WHERE id = 34113;
INSERT INTO `spawn_group` (`Id`, `Name`, `Type`, `MaxCount`, `WorldState`, `Flags`) VALUES
(34113, 'Icecrown - The Bombardment (Phase 4) - Enraged Fleshrender 32182 x2 - Patrol 6', 0, 0, 0, 0);
DELETE FROM `spawn_group_spawn` WHERE id = 34113;
INSERT INTO `spawn_group_spawn` (`Id`, `Guid`, `SlotId`) VALUES
(34113, 536214, 0),
(34113, 536223, 1);
DELETE FROM `spawn_group_formation` WHERE id IN (34113);
INSERT INTO `spawn_group_formation` (`Id`, `FormationType`, `FormationSpread`, `FormationOptions`, `PathId`, `MovementType`, `Comment`) VALUES
(34113, 1, 6, 0, 34113, 2,'Icecrown - The Bombardment (Phase 4) - Enraged Fleshrender 32182 x2 - Patrol 6');
DELETE FROM `waypoint_path` WHERE PathId IN (34113);
INSERT INTO `waypoint_path` (`PathId`, `Point`, `PositionX`, `PositionY`,`PositionZ`, `Orientation`, `WaitTime`, `ScriptId`) VALUES
(34113,1,7679.3906,1959.5742,366.6566,100,0,0),
(34113,2,7660.461,1964.8242,369.7782,100,0,0),
(34113,3,7695.298,1953.3348,367.27988,100,0,0),
(34113,4,7719.4287,1931.3401,365.53262,100,0,0),
(34113,5,7714.1025,1918.0887,363.69254,100,0,0),
(34113,6,7710.182,1946.6715,365.97427,100,0,0);
DELETE FROM `waypoint_path_name` WHERE PathId IN (34113);
INSERT INTO `waypoint_path_name` (`PathId`, `Name`) VALUES
(34113,'Icecrown - The Bombardment (Phase 4) - Enraged Fleshrender 32182 x2 - Patrol 6');
DELETE FROM creature_spawn_data WHERE guid IN(536214,536223);
INSERT INTO creature_spawn_data(Guid,Id) VALUES
(536214,1),(536223,1);
-- Group 7
UPDATE creature SET position_x = 7877.767, position_y = 1789.3618, position_z = 364.4545, spawndist = 0, MovementType = 0 WHERE guid IN (536229,536234);
DELETE FROM `spawn_group` WHERE id = 34114;
INSERT INTO `spawn_group` (`Id`, `Name`, `Type`, `MaxCount`, `WorldState`, `Flags`) VALUES
(34114, 'Icecrown - The Bombardment (Phase 4) - Enraged Fleshrender 32182 x2 - Patrol 7', 0, 0, 0, 0);
DELETE FROM `spawn_group_spawn` WHERE id = 34114;
INSERT INTO `spawn_group_spawn` (`Id`, `Guid`, `SlotId`) VALUES
(34114, 536229, 0),
(34114, 536234, 1);
DELETE FROM `spawn_group_formation` WHERE id IN (34114);
INSERT INTO `spawn_group_formation` (`Id`, `FormationType`, `FormationSpread`, `FormationOptions`, `PathId`, `MovementType`, `Comment`) VALUES
(34114, 1, 6, 0, 34114, 2,'Icecrown - The Bombardment (Phase 4) - Enraged Fleshrender 32182 x2 - Patrol 7');
DELETE FROM `waypoint_path` WHERE PathId IN (34114);
INSERT INTO `waypoint_path` (`PathId`, `Point`, `PositionX`, `PositionY`,`PositionZ`, `Orientation`, `WaitTime`, `ScriptId`) VALUES
(34114,1,7877.767,1789.3618,364.4545,100,0,0),
(34114,2,7860.154,1825.9299,364.62598,100,0,0),
(34114,3,7873.1665,1794.3623,363.83475,100,0,0),
(34114,4,7912.9834,1775.1075,374.12915,100,0,0);
DELETE FROM `waypoint_path_name` WHERE PathId IN (34114);
INSERT INTO `waypoint_path_name` (`PathId`, `Name`) VALUES
(34114,'Icecrown - The Bombardment (Phase 4) - Enraged Fleshrender 32182 x2 - Patrol 7');
DELETE FROM creature_spawn_data WHERE guid IN(536229,536234);
INSERT INTO creature_spawn_data(Guid,Id) VALUES
(536229,1),(536234,1);
-- Group 8
UPDATE creature SET position_x = 7959.308, position_y = 1805.0944, position_z = 382.59872, spawndist = 0, MovementType = 0 WHERE guid IN (536243,536241);
DELETE FROM `spawn_group` WHERE id = 34115;
INSERT INTO `spawn_group` (`Id`, `Name`, `Type`, `MaxCount`, `WorldState`, `Flags`) VALUES
(34115, 'Icecrown - The Bombardment (Phase 4) - Enraged Fleshrender 32182 x2 - Patrol 8', 0, 0, 0, 0);
DELETE FROM `spawn_group_spawn` WHERE id = 34115;
INSERT INTO `spawn_group_spawn` (`Id`, `Guid`, `SlotId`) VALUES
(34115, 536243, 0),
(34115, 536241, 1);
DELETE FROM `spawn_group_formation` WHERE id IN (34115);
INSERT INTO `spawn_group_formation` (`Id`, `FormationType`, `FormationSpread`, `FormationOptions`, `PathId`, `MovementType`, `Comment`) VALUES
(34115, 1, 6, 0, 34115, 4,'Icecrown - The Bombardment (Phase 4) - Enraged Fleshrender 32182 x2 - Patrol 8');
DELETE FROM `waypoint_path` WHERE PathId IN (34115);
INSERT INTO `waypoint_path` (`PathId`, `Point`, `PositionX`, `PositionY`,`PositionZ`, `Orientation`, `WaitTime`, `ScriptId`) VALUES
(34115,1,7959.308,1805.0944,382.59872,100,1000,0),
(34115,2,7978.955,1828.2489,385.2043,100,0,0),
(34115,3,7978.3135,1857.7583,385.0429,100,1000,0);
DELETE FROM `waypoint_path_name` WHERE PathId IN (34115);
INSERT INTO `waypoint_path_name` (`PathId`, `Name`) VALUES
(34115,'Icecrown - The Bombardment (Phase 4) - Enraged Fleshrender 32182 x2 - Patrol 8');
DELETE FROM creature_spawn_data WHERE guid IN(536243,536241);
INSERT INTO creature_spawn_data(Guid,Id) VALUES
(536243,1),(536241,1);
-- Group 9
UPDATE creature SET position_x = 7962.401, position_y = 1771.997, position_z = 385.33072, spawndist = 0, MovementType = 0 WHERE guid IN (536245,536246);
DELETE FROM `spawn_group` WHERE id = 34116;
INSERT INTO `spawn_group` (`Id`, `Name`, `Type`, `MaxCount`, `WorldState`, `Flags`) VALUES
(34116, 'Icecrown - The Bombardment (Phase 4) - Enraged Fleshrender 32182 x2 - Patrol 9', 0, 0, 0, 0);
DELETE FROM `spawn_group_spawn` WHERE id = 34116;
INSERT INTO `spawn_group_spawn` (`Id`, `Guid`, `SlotId`) VALUES
(34116, 536245, 0),
(34116, 536246, 1);
DELETE FROM `spawn_group_formation` WHERE id IN (34116);
INSERT INTO `spawn_group_formation` (`Id`, `FormationType`, `FormationSpread`, `FormationOptions`, `PathId`, `MovementType`, `Comment`) VALUES
(34116, 1, 6, 0, 34116, 4,'Icecrown - The Bombardment (Phase 4) - Enraged Fleshrender 32182 x2 - Patrol 9');
DELETE FROM `waypoint_path` WHERE PathId IN (34116);
INSERT INTO `waypoint_path` (`PathId`, `Point`, `PositionX`, `PositionY`,`PositionZ`, `Orientation`, `WaitTime`, `ScriptId`) VALUES
(34116,1,7962.401,1771.997,385.33072,100,1000,0),
(34116,2,7924.831,1782.0518,375.58862,100,0,0),
(34116,3,7889.644,1790.7345,366.7847,100,0,0),
(34116,4,7889.1597,1795.772,366.31412,100,0,0),
(34116,5,7924.7207,1782.0928,375.57898,100,1000,0);
DELETE FROM `waypoint_path_name` WHERE PathId IN (34116);
INSERT INTO `waypoint_path_name` (`PathId`, `Name`) VALUES
(34116,'Icecrown - The Bombardment (Phase 4) - Enraged Fleshrender 32182 x2 - Patrol 9');
DELETE FROM creature_spawn_data WHERE guid IN(536245,536246);
INSERT INTO creature_spawn_data(Guid,Id) VALUES
(536245,1),(536246,1);
-- Group 10
UPDATE creature SET position_x = 7863.48, position_y = 1785.9885, position_z = 363.29202, spawndist = 0, MovementType = 0 WHERE guid IN (536244,536247);
DELETE FROM `spawn_group` WHERE id = 34117;
INSERT INTO `spawn_group` (`Id`, `Name`, `Type`, `MaxCount`, `WorldState`, `Flags`) VALUES
(34117, 'Icecrown - The Bombardment (Phase 4) - Enraged Fleshrender 32182 x2 - Patrol 10', 0, 0, 0, 0);
DELETE FROM `spawn_group_spawn` WHERE id = 34117;
INSERT INTO `spawn_group_spawn` (`Id`, `Guid`, `SlotId`) VALUES
(34117, 536244, 0),
(34117, 536247, 1);
DELETE FROM `spawn_group_formation` WHERE id IN (34117);
INSERT INTO `spawn_group_formation` (`Id`, `FormationType`, `FormationSpread`, `FormationOptions`, `PathId`, `MovementType`, `Comment`) VALUES
(34117, 1, 6, 0, 34117, 2,'Icecrown - The Bombardment (Phase 4) - Enraged Fleshrender 32182 x2 - Patrol 10');
DELETE FROM `waypoint_path` WHERE PathId IN (34117);
INSERT INTO `waypoint_path` (`PathId`, `Point`, `PositionX`, `PositionY`,`PositionZ`, `Orientation`, `WaitTime`, `ScriptId`) VALUES
(34117,1,7863.48,1785.9885,363.29202,100,0,0),
(34117,2,7850.539,1807.9377,362.23193,100,0,0),
(34117,3,7868.0034,1775.5859,362.95157,100,0,0),
(34117,4,7876.413,1753.9406,363.80313,100,0,0);
DELETE FROM `waypoint_path_name` WHERE PathId IN (34117);
INSERT INTO `waypoint_path_name` (`PathId`, `Name`) VALUES
(34117,'Icecrown - The Bombardment (Phase 4) - Enraged Fleshrender 32182 x2 - Patrol 10');
DELETE FROM creature_spawn_data WHERE guid IN(536244,536247);
INSERT INTO creature_spawn_data(Guid,Id) VALUES
(536244,1),(536247,1);
-- Group 11
UPDATE creature SET position_x = 7786.048, position_y = 1740.9681, position_z = 354.41104, spawndist = 0, MovementType = 0 WHERE guid IN (536255,536262);
DELETE FROM `spawn_group` WHERE id = 34118;
INSERT INTO `spawn_group` (`Id`, `Name`, `Type`, `MaxCount`, `WorldState`, `Flags`) VALUES
(34118, 'Icecrown - The Bombardment (Phase 4) - Enraged Fleshrender 32182 x2 - Patrol 11', 0, 0, 0, 0);
DELETE FROM `spawn_group_spawn` WHERE id = 34118;
INSERT INTO `spawn_group_spawn` (`Id`, `Guid`, `SlotId`) VALUES
(34118, 536255, 0),
(34118, 536262, 1);
DELETE FROM `spawn_group_formation` WHERE id IN (34118);
INSERT INTO `spawn_group_formation` (`Id`, `FormationType`, `FormationSpread`, `FormationOptions`, `PathId`, `MovementType`, `Comment`) VALUES
(34118, 1, 6, 0, 34118, 2,'Icecrown - The Bombardment (Phase 4) - Enraged Fleshrender 32182 x2 - Patrol 11');
DELETE FROM `waypoint_path` WHERE PathId IN (34118);
INSERT INTO `waypoint_path` (`PathId`, `Point`, `PositionX`, `PositionY`,`PositionZ`, `Orientation`, `WaitTime`, `ScriptId`) VALUES
(34118,1,7786.048,1740.9681,354.41104,100,0,0),
(34118,2,7774.122,1709.4979,352.0937,100,0,0),
(34118,3,7739.813,1668.1678,346.1342,100,0,0),
(34118,4,7722.5386,1660.8866,342.45352,100,0,0),
(34118,5,7751.467,1681.3838,347.55142,100,0,0),
(34118,6,7780.243,1723.54,353.12604,100,0,0);
DELETE FROM `waypoint_path_name` WHERE PathId IN (34118);
INSERT INTO `waypoint_path_name` (`PathId`, `Name`) VALUES
(34118,'Icecrown - The Bombardment (Phase 4) - Enraged Fleshrender 32182 x2 - Patrol 11');
DELETE FROM creature_spawn_data WHERE guid IN(536255,536262);
INSERT INTO creature_spawn_data(Guid,Id) VALUES
(536255,1),(536262,1);
-- Group 12
UPDATE creature SET position_x = 7650.5444, position_y = 1618.6627, position_z = 336.33215, spawndist = 0, MovementType = 0 WHERE guid IN (536266,536271);
DELETE FROM `spawn_group` WHERE id = 34119;
INSERT INTO `spawn_group` (`Id`, `Name`, `Type`, `MaxCount`, `WorldState`, `Flags`) VALUES
(34119, 'Icecrown - The Bombardment (Phase 4) - Enraged Fleshrender 32182 x2 - Patrol 12', 0, 0, 0, 0);
DELETE FROM `spawn_group_spawn` WHERE id = 34119;
INSERT INTO `spawn_group_spawn` (`Id`, `Guid`, `SlotId`) VALUES
(34119, 536266, 0),
(34119, 536271, 1);
DELETE FROM `spawn_group_formation` WHERE id IN (34119);
INSERT INTO `spawn_group_formation` (`Id`, `FormationType`, `FormationSpread`, `FormationOptions`, `PathId`, `MovementType`, `Comment`) VALUES
(34119, 1, 6, 0, 34119, 2,'Icecrown - The Bombardment (Phase 4) - Enraged Fleshrender 32182 x2 - Patrol 12');
DELETE FROM `waypoint_path` WHERE PathId IN (34119);
INSERT INTO `waypoint_path` (`PathId`, `Point`, `PositionX`, `PositionY`,`PositionZ`, `Orientation`, `WaitTime`, `ScriptId`) VALUES
(34119,1,7650.5444,1618.6627,336.33215,100,0,0),
(34119,2,7694.2485,1626.4763,337.64902,100,0,0),
(34119,3,7708.377,1642.3625,339.30692,100,0,0),
(34119,4,7675.124,1616.3395,335.23178,100,0,0);
DELETE FROM `waypoint_path_name` WHERE PathId IN (34119);
INSERT INTO `waypoint_path_name` (`PathId`, `Name`) VALUES
(34119,'Icecrown - The Bombardment (Phase 4) - Enraged Fleshrender 32182 x2 - Patrol 12');
DELETE FROM creature_spawn_data WHERE guid IN(536266,536271);
INSERT INTO creature_spawn_data(Guid,Id) VALUES
(536266,1),(536271,1);
-- Group 13
UPDATE creature SET position_x = 7676.9634, position_y = 1745.2963, position_z = 347.66132, spawndist = 0, MovementType = 0 WHERE guid IN (536277,536276);
DELETE FROM `spawn_group` WHERE id = 34120;
INSERT INTO `spawn_group` (`Id`, `Name`, `Type`, `MaxCount`, `WorldState`, `Flags`) VALUES
(34120, 'Icecrown - The Bombardment (Phase 4) - Enraged Fleshrender 32182 x2 - Patrol 13', 0, 0, 0, 0);
DELETE FROM `spawn_group_spawn` WHERE id = 34120;
INSERT INTO `spawn_group_spawn` (`Id`, `Guid`, `SlotId`) VALUES
(34120, 536277, 0),
(34120, 536276, 1);
DELETE FROM `spawn_group_formation` WHERE id IN (34120);
INSERT INTO `spawn_group_formation` (`Id`, `FormationType`, `FormationSpread`, `FormationOptions`, `PathId`, `MovementType`, `Comment`) VALUES
(34120, 1, 6, 0, 34120, 4,'Icecrown - The Bombardment (Phase 4) - Enraged Fleshrender 32182 x2 - Patrol 13');
DELETE FROM `waypoint_path` WHERE PathId IN (34120);
INSERT INTO `waypoint_path` (`PathId`, `Point`, `PositionX`, `PositionY`,`PositionZ`, `Orientation`, `WaitTime`, `ScriptId`) VALUES
(34120,1,7676.9634,1745.2963,347.66132,100,1000,0),
(34120,2,7666.5312,1735.431,346.2708,100,0,0),
(34120,3,7687.968,1772.6587,348.58313,100,0,0),
(34120,4,7697.5513,1800.6403,352.7095,100,0,0),
(34120,5,7706.1665,1830.4657,355.58704,100,1000,0);
DELETE FROM `waypoint_path_name` WHERE PathId IN (34120);
INSERT INTO `waypoint_path_name` (`PathId`, `Name`) VALUES
(34120,'Icecrown - The Bombardment (Phase 4) - Enraged Fleshrender 32182 x2 - Patrol 13');
DELETE FROM creature_spawn_data WHERE guid IN(536277,536276);
INSERT INTO creature_spawn_data(Guid,Id) VALUES
(536277,1),(536276,1);
-- Group 14
UPDATE creature SET position_x = 7584.268, position_y = 1736.9857, position_z = 348.46048, spawndist = 0, MovementType = 0 WHERE guid IN (536279,536287);
DELETE FROM `spawn_group` WHERE id = 34121;
INSERT INTO `spawn_group` (`Id`, `Name`, `Type`, `MaxCount`, `WorldState`, `Flags`) VALUES
(34121, 'Icecrown - The Bombardment (Phase 4) - Enraged Fleshrender 32182 x2 - Patrol 14', 0, 0, 0, 0);
DELETE FROM `spawn_group_spawn` WHERE id = 34121;
INSERT INTO `spawn_group_spawn` (`Id`, `Guid`, `SlotId`) VALUES
(34121, 536279, 0),
(34121, 536287, 1);
DELETE FROM `spawn_group_formation` WHERE id IN (34121);
INSERT INTO `spawn_group_formation` (`Id`, `FormationType`, `FormationSpread`, `FormationOptions`, `PathId`, `MovementType`, `Comment`) VALUES
(34121, 1, 6, 0, 34121, 2,'Icecrown - The Bombardment (Phase 4) - Enraged Fleshrender 32182 x2 - Patrol 14');
DELETE FROM `waypoint_path` WHERE PathId IN (34121);
INSERT INTO `waypoint_path` (`PathId`, `Point`, `PositionX`, `PositionY`,`PositionZ`, `Orientation`, `WaitTime`, `ScriptId`) VALUES
(34121,1,7584.268,1736.9857,348.46048,100,0,0),
(34121,2,7582.279,1741.9996,349.6149,100,0,0),
(34121,3,7591.014,1707.3228,344.53885,100,0,0),
(34121,4,7601.7188,1673.079,342.06558,100,0,0),
(34121,5,7604.77,1662.2991,342.58447,100,0,0),
(34121,6,7595.975,1694.0337,343.19608,100,0,0);
DELETE FROM `waypoint_path_name` WHERE PathId IN (34121);
INSERT INTO `waypoint_path_name` (`PathId`, `Name`) VALUES
(34121,'Icecrown - The Bombardment (Phase 4) - Enraged Fleshrender 32182 x2 - Patrol 14');
DELETE FROM creature_spawn_data WHERE guid IN(536279,536287);
INSERT INTO creature_spawn_data(Guid,Id) VALUES
(536279,1),(536287,1);
-- Group 15
UPDATE creature SET position_x = 7577.4844, position_y = 1839.1376, position_z = 369.29483, spawndist = 0, MovementType = 0 WHERE guid IN (536293,536294);
DELETE FROM `spawn_group` WHERE id = 34122;
INSERT INTO `spawn_group` (`Id`, `Name`, `Type`, `MaxCount`, `WorldState`, `Flags`) VALUES
(34122, 'Icecrown - The Bombardment (Phase 4) - Enraged Fleshrender 32182 x2 - Patrol 15', 0, 0, 0, 0);
DELETE FROM `spawn_group_spawn` WHERE id = 34122;
INSERT INTO `spawn_group_spawn` (`Id`, `Guid`, `SlotId`) VALUES
(34122, 536293, 0),
(34122, 536294, 1);
DELETE FROM `spawn_group_formation` WHERE id IN (34122);
INSERT INTO `spawn_group_formation` (`Id`, `FormationType`, `FormationSpread`, `FormationOptions`, `PathId`, `MovementType`, `Comment`) VALUES
(34122, 1, 6, 0, 34122, 2,'Icecrown - The Bombardment (Phase 4) - Enraged Fleshrender 32182 x2 - Patrol 15');
DELETE FROM `waypoint_path` WHERE PathId IN (34122);
INSERT INTO `waypoint_path` (`PathId`, `Point`, `PositionX`, `PositionY`,`PositionZ`, `Orientation`, `WaitTime`, `ScriptId`) VALUES
(34122,1,7577.4844,1839.1376,369.29483,100,0,0),
(34122,2,7561.153,1815.46,365.2445,100,0,0),
(34122,3,7565.1753,1800.6587,362.8346,100,0,0),
(34122,4,7568.961,1828.4918,367.58362,100,0,0),
(34122,5,7581.9756,1864.4258,371.49246,100,0,0),
(34122,6,7583.6304,1875.3624,372.15155,100,0,0);
DELETE FROM `waypoint_path_name` WHERE PathId IN (34122);
INSERT INTO `waypoint_path_name` (`PathId`, `Name`) VALUES
(34122,'Icecrown - The Bombardment (Phase 4) - Enraged Fleshrender 32182 x2 - Patrol 15');
DELETE FROM creature_spawn_data WHERE guid IN(536293,536294);
INSERT INTO creature_spawn_data(Guid,Id) VALUES
(536293,1),(536294,1);
-- Group 16
UPDATE creature SET position_x = 7611.0356, position_y = 1832.0519, position_z = 362.1327, spawndist = 0, MovementType = 0 WHERE guid IN (536297,536295);
DELETE FROM `spawn_group` WHERE id = 34123;
INSERT INTO `spawn_group` (`Id`, `Name`, `Type`, `MaxCount`, `WorldState`, `Flags`) VALUES
(34123, 'Icecrown - The Bombardment (Phase 4) - Enraged Fleshrender 32182 x2 - Patrol 16', 0, 0, 0, 0);
DELETE FROM `spawn_group_spawn` WHERE id = 34123;
INSERT INTO `spawn_group_spawn` (`Id`, `Guid`, `SlotId`) VALUES
(34123, 536297, 0),
(34123, 536295, 1);
DELETE FROM `spawn_group_formation` WHERE id IN (34123);
INSERT INTO `spawn_group_formation` (`Id`, `FormationType`, `FormationSpread`, `FormationOptions`, `PathId`, `MovementType`, `Comment`) VALUES
(34123, 1, 6, 0, 34123, 2,'Icecrown - The Bombardment (Phase 4) - Enraged Fleshrender 32182 x2 - Patrol 16');
DELETE FROM `waypoint_path` WHERE PathId IN (34123);
INSERT INTO `waypoint_path` (`PathId`, `Point`, `PositionX`, `PositionY`,`PositionZ`, `Orientation`, `WaitTime`, `ScriptId`) VALUES
(34123,1,7611.0356,1832.0519,362.1327,100,0,0),
(34123,2,7579.158,1840.1016,369.2482,100,0,0),
(34123,3,7552.258,1841.5927,371.64337,100,0,0),
(34123,4,7589.047,1839.9248,366.9982,100,0,0);
DELETE FROM `waypoint_path_name` WHERE PathId IN (34123);
INSERT INTO `waypoint_path_name` (`PathId`, `Name`) VALUES
(34123,'Icecrown - The Bombardment (Phase 4) - Enraged Fleshrender 32182 x2 - Patrol 16');
DELETE FROM creature_spawn_data WHERE guid IN(536297,536295);
INSERT INTO creature_spawn_data(Guid,Id) VALUES
(536297,1),(536295,1);
-- Group 17
UPDATE creature SET position_x = 7649.666, position_y = 1880.5514, position_z = 361.1357, spawndist = 0, MovementType = 0 WHERE guid IN (536301,536302);
DELETE FROM `spawn_group` WHERE id = 34124;
INSERT INTO `spawn_group` (`Id`, `Name`, `Type`, `MaxCount`, `WorldState`, `Flags`) VALUES
(34124, 'Icecrown - The Bombardment (Phase 4) - Enraged Fleshrender 32182 x2 - Patrol 17', 0, 0, 0, 0);
DELETE FROM `spawn_group_spawn` WHERE id = 34124;
INSERT INTO `spawn_group_spawn` (`Id`, `Guid`, `SlotId`) VALUES
(34124, 536301, 0),
(34124, 536302, 1);
DELETE FROM `spawn_group_formation` WHERE id IN (34124);
INSERT INTO `spawn_group_formation` (`Id`, `FormationType`, `FormationSpread`, `FormationOptions`, `PathId`, `MovementType`, `Comment`) VALUES
(34124, 1, 6, 0, 34124, 2,'Icecrown - The Bombardment (Phase 4) - Enraged Fleshrender 32182 x2 - Patrol 17');
DELETE FROM `waypoint_path` WHERE PathId IN (34124);
INSERT INTO `waypoint_path` (`PathId`, `Point`, `PositionX`, `PositionY`,`PositionZ`, `Orientation`, `WaitTime`, `ScriptId`) VALUES
(34124,1,7649.666,1880.5514,361.1357,100,0,0),
(34124,2,7640.2563,1850.1637,360.37265,100,0,0),
(34124,3,7636.8726,1843.2361,360.46542,100,0,0),
(34124,4,7649.666,1880.5514,361.1357,100,0,0),
(34124,5,7631.202,1905.2344,367.41284,100,0,0);
DELETE FROM `waypoint_path_name` WHERE PathId IN (34124);
INSERT INTO `waypoint_path_name` (`PathId`, `Name`) VALUES
(34124,'Icecrown - The Bombardment (Phase 4) - Enraged Fleshrender 32182 x2 - Patrol 17');
DELETE FROM creature_spawn_data WHERE guid IN(536301,536302);
INSERT INTO creature_spawn_data(Guid,Id) VALUES
(536301,1),(536302,1);
-- Group 19
UPDATE creature SET position_x = 7932.607, position_y = 1746.3921, position_z = 506.31516, spawndist = 0, MovementType = 0 WHERE guid IN (536331,536332,536333);
DELETE FROM `spawn_group` WHERE id = 34125;
INSERT INTO `spawn_group` (`Id`, `Name`, `Type`, `MaxCount`, `WorldState`, `Flags`) VALUES
(34125, 'Icecrown - The Bombardment (Phase 4) - Gargoyle Ambusher 32188 x3 - Patrol 1', 0, 0, 0, 0);
DELETE FROM `spawn_group_spawn` WHERE id = 34125;
INSERT INTO `spawn_group_spawn` (`Id`, `Guid`, `SlotId`) VALUES
(34125, 536331, 0),
(34125, 536332, 1),
(34125, 536333, 2);
DELETE FROM `spawn_group_formation` WHERE id IN (34125);
INSERT INTO `spawn_group_formation` (`Id`, `FormationType`, `FormationSpread`, `FormationOptions`, `PathId`, `MovementType`, `Comment`) VALUES
(34125, 3, 5, 0, 34125, 2,'Icecrown - The Bombardment (Phase 4) - Gargoyle Ambusher 32188 x3 - Patrol 1');
DELETE FROM `waypoint_path` WHERE PathId IN (34125);
INSERT INTO `waypoint_path` (`PathId`, `Point`, `PositionX`, `PositionY`,`PositionZ`, `Orientation`, `WaitTime`, `ScriptId`) VALUES
(34125,1,7932.607,1746.3921,506.31516,100,0,0),
(34125,2,7965.666,1866.5048,506.3152,100,0,0),
(34125,3,7863.7915,1912.943,506.31516,100,0,0),
(34125,4,7761.213,1857.762,506.31516,100,0,0);
DELETE FROM `waypoint_path_name` WHERE PathId IN (34125);
INSERT INTO `waypoint_path_name` (`PathId`, `Name`) VALUES
(34125,'Icecrown - The Bombardment (Phase 4) - Gargoyle Ambusher 32188 x3 - Patrol 1');
DELETE FROM creature_spawn_data WHERE guid IN(536331,536332,536333);
INSERT INTO creature_spawn_data(Guid,Id) VALUES
(536331,20056),(536332,20056),(536333,20056);
-- Group 20
UPDATE creature SET position_x = 7967.7217, position_y = 1906.3452, position_z = 507.3152, spawndist = 0, MovementType = 0 WHERE guid IN (536334,536335,536336);
DELETE FROM `spawn_group` WHERE id = 34126;
INSERT INTO `spawn_group` (`Id`, `Name`, `Type`, `MaxCount`, `WorldState`, `Flags`) VALUES
(34126, 'Icecrown - The Bombardment (Phase 4) - Gargoyle Ambusher 32188 x3 - Patrol 2', 0, 0, 0, 0);
DELETE FROM `spawn_group_spawn` WHERE id = 34126;
INSERT INTO `spawn_group_spawn` (`Id`, `Guid`, `SlotId`) VALUES
(34126, 536334, 0),
(34126, 536335, 1),
(34126, 536336, 2);
DELETE FROM `spawn_group_formation` WHERE id IN (34126);
INSERT INTO `spawn_group_formation` (`Id`, `FormationType`, `FormationSpread`, `FormationOptions`, `PathId`, `MovementType`, `Comment`) VALUES
(34126, 3, 5, 0, 34126, 2,'Icecrown - The Bombardment (Phase 4) - Gargoyle Ambusher 32188 x3 - Patrol 2');
DELETE FROM `waypoint_path` WHERE PathId IN (34126);
INSERT INTO `waypoint_path` (`PathId`, `Point`, `PositionX`, `PositionY`,`PositionZ`, `Orientation`, `WaitTime`, `ScriptId`) VALUES
(34126,1,7967.7217,1906.3452,507.3152,100,0,0),
(34126,2,7904.071,1909.3893,507.31516,100,0,0),
(34126,3,7840.42,1912.4333,507.3151,100,0,0);
DELETE FROM `waypoint_path_name` WHERE PathId IN (34126);
INSERT INTO `waypoint_path_name` (`PathId`, `Name`) VALUES
(34126,'Icecrown - The Bombardment (Phase 4) - Gargoyle Ambusher 32188 x3 - Patrol 2');
DELETE FROM creature_spawn_data WHERE guid IN(536334,536335,536336);
INSERT INTO creature_spawn_data(Guid,Id) VALUES
(536334,20056),(536335,20056),(536336,20056);
-- Group 21
UPDATE creature SET position_x = 8008.8535, position_y = 1864.0227, position_z = 507.3152, spawndist = 0, MovementType = 0 WHERE guid IN (536337,536338,536339);
DELETE FROM `spawn_group` WHERE id = 34127;
INSERT INTO `spawn_group` (`Id`, `Name`, `Type`, `MaxCount`, `WorldState`, `Flags`) VALUES
(34127, 'Icecrown - The Bombardment (Phase 4) - Gargoyle Ambusher 32188 x3 - Patrol 3', 0, 0, 0, 0);
DELETE FROM `spawn_group_spawn` WHERE id = 34127;
INSERT INTO `spawn_group_spawn` (`Id`, `Guid`, `SlotId`) VALUES
(34127, 536337, 0),
(34127, 536338, 1),
(34127, 536339, 2);
DELETE FROM `spawn_group_formation` WHERE id IN (34127);
INSERT INTO `spawn_group_formation` (`Id`, `FormationType`, `FormationSpread`, `FormationOptions`, `PathId`, `MovementType`, `Comment`) VALUES
(34127, 3, 5, 0, 34127, 2,'Icecrown - The Bombardment (Phase 4) - Gargoyle Ambusher 32188 x3 - Patrol 3');
DELETE FROM `waypoint_path` WHERE PathId IN (34127);
INSERT INTO `waypoint_path` (`PathId`, `Point`, `PositionX`, `PositionY`,`PositionZ`, `Orientation`, `WaitTime`, `ScriptId`) VALUES
(34127,1,8008.8535,1864.0227,507.3152,100,0,0),
(34127,2,7949.6304,1888.7902,507.3151,100,0,0),
(34127,3,7890.407,1913.5576,507.3151,100,0,0);
DELETE FROM `waypoint_path_name` WHERE PathId IN (34127);
INSERT INTO `waypoint_path_name` (`PathId`, `Name`) VALUES
(34127,'Icecrown - The Bombardment (Phase 4) - Gargoyle Ambusher 32188 x3 - Patrol 3');
DELETE FROM creature_spawn_data WHERE guid IN(536337,536338,536339);
INSERT INTO creature_spawn_data(Guid,Id) VALUES
(536337,20056),(536338,20056),(536339,20056);
-- Group 22
UPDATE creature SET position_x = 7786.559, position_y = 1779.2478, position_z = 504.61557, spawndist = 0, MovementType = 0 WHERE guid IN (536340,536341,536342);
DELETE FROM `spawn_group` WHERE id = 34128;
INSERT INTO `spawn_group` (`Id`, `Name`, `Type`, `MaxCount`, `WorldState`, `Flags`) VALUES
(34128, 'Icecrown - The Bombardment (Phase 4) - Gargoyle Ambusher 32188 x3 - Patrol 4', 0, 0, 0, 0);
DELETE FROM `spawn_group_spawn` WHERE id = 34128;
INSERT INTO `spawn_group_spawn` (`Id`, `Guid`, `SlotId`) VALUES
(34128, 536340, 0),
(34128, 536341, 1),
(34128, 536342, 2);
DELETE FROM `spawn_group_formation` WHERE id IN (34128);
INSERT INTO `spawn_group_formation` (`Id`, `FormationType`, `FormationSpread`, `FormationOptions`, `PathId`, `MovementType`, `Comment`) VALUES
(34128, 3, 5, 0, 34128, 2,'Icecrown - The Bombardment (Phase 4) - Gargoyle Ambusher 32188 x3 - Patrol 4');
DELETE FROM `waypoint_path` WHERE PathId IN (34128);
INSERT INTO `waypoint_path` (`PathId`, `Point`, `PositionX`, `PositionY`,`PositionZ`, `Orientation`, `WaitTime`, `ScriptId`) VALUES
(34128,1,7786.559,1779.2478,504.61557,100,0,0),
(34128,2,7890.0225,1855.7135,504.6155,100,0,0),
(34128,3,7774.291,1954.191,504.61557,100,0,0),
(34128,4,7734.5845,1860.2799,504.6155,100,0,0);
DELETE FROM `waypoint_path_name` WHERE PathId IN (34128);
INSERT INTO `waypoint_path_name` (`PathId`, `Name`) VALUES
(34128,'Icecrown - The Bombardment (Phase 4) - Gargoyle Ambusher 32188 x3 - Patrol 4');
DELETE FROM creature_spawn_data WHERE guid IN(536340,536341,536342);
INSERT INTO creature_spawn_data(Guid,Id) VALUES
(536340,20056),(536341,20056),(536342,20056);
-- Group 23
UPDATE creature SET position_x = 7792.5806, position_y = 1860.2828, position_z = 505.7855, spawndist = 0, MovementType = 0 WHERE guid IN (536343,536344,536345);
DELETE FROM `spawn_group` WHERE id = 34129;
INSERT INTO `spawn_group` (`Id`, `Name`, `Type`, `MaxCount`, `WorldState`, `Flags`) VALUES
(34129, 'Icecrown - The Bombardment (Phase 4) - Gargoyle Ambusher 32188 x3 - Patrol 5', 0, 0, 0, 0);
DELETE FROM `spawn_group_spawn` WHERE id = 34129;
INSERT INTO `spawn_group_spawn` (`Id`, `Guid`, `SlotId`) VALUES
(34129, 536343, 0),
(34129, 536344, 1),
(34129, 536345, 2);
DELETE FROM `spawn_group_formation` WHERE id IN (34129);
INSERT INTO `spawn_group_formation` (`Id`, `FormationType`, `FormationSpread`, `FormationOptions`, `PathId`, `MovementType`, `Comment`) VALUES
(34129, 3, 5, 0, 34129, 2,'Icecrown - The Bombardment (Phase 4) - Gargoyle Ambusher 32188 x3 - Patrol 5');
DELETE FROM `waypoint_path` WHERE PathId IN (34129);
INSERT INTO `waypoint_path` (`PathId`, `Point`, `PositionX`, `PositionY`,`PositionZ`, `Orientation`, `WaitTime`, `ScriptId`) VALUES
(34129,1,7792.5806,1860.2828,505.7855,100,0,0),
(34129,2,7754.4985,1749.8375,489.8136,100,0,0),
(34129,3,7881.5703,1685.4904,478.3967,100,0,0),
(34129,4,7896.817,1820.3986,484.8413,100,0,0);
DELETE FROM `waypoint_path_name` WHERE PathId IN (34129);
INSERT INTO `waypoint_path_name` (`PathId`, `Name`) VALUES
(34129,'Icecrown - The Bombardment (Phase 4) - Gargoyle Ambusher 32188 x3 - Patrol 5');
DELETE FROM creature_spawn_data WHERE guid IN(536343,536344,536345);
INSERT INTO creature_spawn_data(Guid,Id) VALUES
(536343,20056),(536344,20056),(536345,20056);
-- Group 24
UPDATE creature SET position_x = 7577.059, position_y = 1757.2704, position_z = 502.23703, spawndist = 0, MovementType = 0 WHERE guid IN (536346,536347,536348);
DELETE FROM `spawn_group` WHERE id = 34130;
INSERT INTO `spawn_group` (`Id`, `Name`, `Type`, `MaxCount`, `WorldState`, `Flags`) VALUES
(34130, 'Icecrown - The Bombardment (Phase 4) - Gargoyle Ambusher 32188 x3 - Patrol 6', 0, 0, 0, 0);
DELETE FROM `spawn_group_spawn` WHERE id = 34130;
INSERT INTO `spawn_group_spawn` (`Id`, `Guid`, `SlotId`) VALUES
(34130, 536346, 0),
(34130, 536347, 1),
(34130, 536348, 2);
DELETE FROM `spawn_group_formation` WHERE id IN (34130);
INSERT INTO `spawn_group_formation` (`Id`, `FormationType`, `FormationSpread`, `FormationOptions`, `PathId`, `MovementType`, `Comment`) VALUES
(34130, 3, 5, 0, 34130, 2,'Icecrown - The Bombardment (Phase 4) - Gargoyle Ambusher 32188 x3 - Patrol 6');
DELETE FROM `waypoint_path` WHERE PathId IN (34130);
INSERT INTO `waypoint_path` (`PathId`, `Point`, `PositionX`, `PositionY`,`PositionZ`, `Orientation`, `WaitTime`, `ScriptId`) VALUES
(34130,1,7577.059,1757.2704,502.23703,100,0,0),
(34130,2,7755.4575,1735.9067,502.2370,100,0,0),
(34130,3,7774.4365,1854.9224,502.2370,100,0,0),
(34130,4,7608.502,1869.4048,502.23703,100,0,0);
DELETE FROM `waypoint_path_name` WHERE PathId IN (34130);
INSERT INTO `waypoint_path_name` (`PathId`, `Name`) VALUES
(34130,'Icecrown - The Bombardment (Phase 4) - Gargoyle Ambusher 32188 x3 - Patrol 6');
DELETE FROM creature_spawn_data WHERE guid IN(536346,536347,536348);
INSERT INTO creature_spawn_data(Guid,Id) VALUES
(536346,20056),(536347,20056),(536348,20056);
-- Group 25
UPDATE creature SET position_x = 7770.849, position_y = 1626.5885, position_z = 469.37787, spawndist = 0, MovementType = 0 WHERE guid IN (536349,536350,536351);
DELETE FROM `spawn_group` WHERE id = 34131;
INSERT INTO `spawn_group` (`Id`, `Name`, `Type`, `MaxCount`, `WorldState`, `Flags`) VALUES
(34131, 'Icecrown - The Bombardment (Phase 4) - Gargoyle Ambusher 32188 x3 - Patrol 7', 0, 0, 0, 0);
DELETE FROM `spawn_group_spawn` WHERE id = 34131;
INSERT INTO `spawn_group_spawn` (`Id`, `Guid`, `SlotId`) VALUES
(34131, 536349, 0),
(34131, 536350, 1),
(34131, 536351, 2);
DELETE FROM `spawn_group_formation` WHERE id IN (34131);
INSERT INTO `spawn_group_formation` (`Id`, `FormationType`, `FormationSpread`, `FormationOptions`, `PathId`, `MovementType`, `Comment`) VALUES
(34131, 3, 5, 0, 34131, 2,'Icecrown - The Bombardment (Phase 4) - Gargoyle Ambusher 32188 x3 - Patrol 7');
DELETE FROM `waypoint_path` WHERE PathId IN (34131);
INSERT INTO `waypoint_path` (`PathId`, `Point`, `PositionX`, `PositionY`,`PositionZ`, `Orientation`, `WaitTime`, `ScriptId`) VALUES
(34131,1,7770.849,1626.5885,469.37787,100,0,0),
(34131,2,7852.71,1642.3629,469.3779  ,100,0,0),
(34131,3,7745.98,1713.5385,469.37787 ,100,0,0),
(34131,4,7637.651,1833.4266,469.37787,100,0,0),
(34131,5,7633.527,1715.276,469.37787 ,100,0,0);
DELETE FROM `waypoint_path_name` WHERE PathId IN (34131);
INSERT INTO `waypoint_path_name` (`PathId`, `Name`) VALUES
(34131,'Icecrown - The Bombardment (Phase 4) - Gargoyle Ambusher 32188 x3 - Patrol 7');
DELETE FROM creature_spawn_data WHERE guid IN(536349,536350,536351);
INSERT INTO creature_spawn_data(Guid,Id) VALUES
(536349,20056),(536350,20056),(536351,20056);
-- Group 26
UPDATE creature SET position_x = 8037.334, position_y = 1519.8607, position_z = 332.57074, spawndist = 0, MovementType = 0 WHERE guid IN (536352,536353,536354);
DELETE FROM `spawn_group` WHERE id = 34132;
INSERT INTO `spawn_group` (`Id`, `Name`, `Type`, `MaxCount`, `WorldState`, `Flags`) VALUES
(34132, 'Icecrown - The Bombardment (Phase 4) - Gargoyle Ambusher 32188 x3 - Patrol 7', 0, 0, 0, 0);
DELETE FROM `spawn_group_spawn` WHERE id = 34132;
INSERT INTO `spawn_group_spawn` (`Id`, `Guid`, `SlotId`) VALUES
(34132, 536352, 0),
(34132, 536353, 1),
(34132, 536354, 2);
DELETE FROM `spawn_group_formation` WHERE id IN (34132);
INSERT INTO `spawn_group_formation` (`Id`, `FormationType`, `FormationSpread`, `FormationOptions`, `PathId`, `MovementType`, `Comment`) VALUES
(34132, 3, 5, 0, 34132, 2,'Icecrown - The Bombardment (Phase 4) - Gargoyle Ambusher 32188 x3 - Patrol 7');
DELETE FROM `waypoint_path` WHERE PathId IN (34132);
INSERT INTO `waypoint_path` (`PathId`, `Point`, `PositionX`, `PositionY`,`PositionZ`, `Orientation`, `WaitTime`, `ScriptId`) VALUES
(34132,1,8037.334,1519.8607,332.57074,100,0,0),
(34132,2,7963.678,1687.7871,418.59314,100,0,0),
(34132,3,7890.0225,1855.7135,504.6155,100,0,0),
(34132,4,7774.291,1954.191,504.61557 ,100,0,0);
DELETE FROM `waypoint_path_name` WHERE PathId IN (34132);
INSERT INTO `waypoint_path_name` (`PathId`, `Name`) VALUES
(34132,'Icecrown - The Bombardment (Phase 4) - Gargoyle Ambusher 32188 x3 - Patrol 7');
DELETE FROM creature_spawn_data WHERE guid IN(536352,536353,536354);
INSERT INTO creature_spawn_data(Guid,Id) VALUES
(536352,20056),(536353,20056),(536354,20056);
-- Group 27
UPDATE creature SET position_x = 7545.0347, position_y = 1634.5306, position_z = 488.0475, spawndist = 0, MovementType = 0 WHERE guid IN (536355,536356,536357);
DELETE FROM `spawn_group` WHERE id = 34133;
INSERT INTO `spawn_group` (`Id`, `Name`, `Type`, `MaxCount`, `WorldState`, `Flags`) VALUES
(34133, 'Icecrown - The Bombardment (Phase 4) - Gargoyle Ambusher 32188 x3 - Patrol 8', 0, 0, 0, 0);
DELETE FROM `spawn_group_spawn` WHERE id = 34133;
INSERT INTO `spawn_group_spawn` (`Id`, `Guid`, `SlotId`) VALUES
(34133, 536355, 0),
(34133, 536356, 1),
(34133, 536357, 2);
DELETE FROM `spawn_group_formation` WHERE id IN (34133);
INSERT INTO `spawn_group_formation` (`Id`, `FormationType`, `FormationSpread`, `FormationOptions`, `PathId`, `MovementType`, `Comment`) VALUES
(34133, 3, 5, 0, 34133, 2,'Icecrown - The Bombardment (Phase 4) - Gargoyle Ambusher 32188 x3 - Patrol 8');
DELETE FROM `waypoint_path` WHERE PathId IN (34133);
INSERT INTO `waypoint_path` (`PathId`, `Point`, `PositionX`, `PositionY`,`PositionZ`, `Orientation`, `WaitTime`, `ScriptId`) VALUES
(34133,1,7545.0347,1634.5306,488.0475,100,0,0),
(34133,2,7523.7407,1724.5021,488.0475,100,0,0),
(34133,3,7767.6987,1743.9106,488.0475,100,0,0),
(34133,4,7860.212,1644.8394,488.04752,100,0,0),
(34133,5,7720.3447,1570.2402,488.0475,100,0,0);
DELETE FROM `waypoint_path_name` WHERE PathId IN (34133);
INSERT INTO `waypoint_path_name` (`PathId`, `Name`) VALUES
(34133,'Icecrown - The Bombardment (Phase 4) - Gargoyle Ambusher 32188 x3 - Patrol 8');
DELETE FROM creature_spawn_data WHERE guid IN(536355,536356,536357);
INSERT INTO creature_spawn_data(Guid,Id) VALUES
(536355,20056),(536356,20056),(536357,20056);
-- Group 28
UPDATE creature SET position_x = 7593.886, position_y = 1689.9005, position_z = 488.04752, spawndist = 0, MovementType = 0 WHERE guid IN (536358,536359,536360);
DELETE FROM `spawn_group` WHERE id = 34134;
INSERT INTO `spawn_group` (`Id`, `Name`, `Type`, `MaxCount`, `WorldState`, `Flags`) VALUES
(34134, 'Icecrown - The Bombardment (Phase 4) - Gargoyle Ambusher 32188 x3 - Patrol 9', 0, 0, 0, 0);
DELETE FROM `spawn_group_spawn` WHERE id = 34134;
INSERT INTO `spawn_group_spawn` (`Id`, `Guid`, `SlotId`) VALUES
(34134, 536358, 0),
(34134, 536359, 1),
(34134, 536360, 2);
DELETE FROM `spawn_group_formation` WHERE id IN (34134);
INSERT INTO `spawn_group_formation` (`Id`, `FormationType`, `FormationSpread`, `FormationOptions`, `PathId`, `MovementType`, `Comment`) VALUES
(34134, 3, 5, 0, 34134, 2,'Icecrown - The Bombardment (Phase 4) - Gargoyle Ambusher 32188 x3 - Patrol 9');
DELETE FROM `waypoint_path` WHERE PathId IN (34134);
INSERT INTO `waypoint_path` (`PathId`, `Point`, `PositionX`, `PositionY`,`PositionZ`, `Orientation`, `WaitTime`, `ScriptId`) VALUES
(34134,1,7593.886,1689.9005,488.04752,100,0,0),
(34134,2,7548.928,1640.5947,488.04755,100,0,0),
(34134,3,7595.538,1556.7806,488.04752,100,0,0),
(34134,4,7721.191,1445.154,488.04752 ,100,0,0),
(34134,5,7776.0034,1646.4344,488.0475,100,0,0);
DELETE FROM `waypoint_path_name` WHERE PathId IN (34134);
INSERT INTO `waypoint_path_name` (`PathId`, `Name`) VALUES
(34134,'Icecrown - The Bombardment (Phase 4) - Gargoyle Ambusher 32188 x3 - Patrol 9');
DELETE FROM creature_spawn_data WHERE guid IN(536358,536359,536360);
INSERT INTO creature_spawn_data(Guid,Id) VALUES
(536358,20056),(536359,20056),(536360,20056);
-- Group 29
UPDATE creature SET position_x = 7819.3135, position_y = 1613.2135, position_z = 469.3778, spawndist = 0, MovementType = 0 WHERE guid IN (536361,536362,536363);
DELETE FROM `spawn_group` WHERE id = 34135;
INSERT INTO `spawn_group` (`Id`, `Name`, `Type`, `MaxCount`, `WorldState`, `Flags`) VALUES
(34135, 'Icecrown - The Bombardment (Phase 4) - Gargoyle Ambusher 32188 x3 - Patrol 10', 0, 0, 0, 0);
DELETE FROM `spawn_group_spawn` WHERE id = 34135;
INSERT INTO `spawn_group_spawn` (`Id`, `Guid`, `SlotId`) VALUES
(34135, 536361, 0),
(34135, 536362, 1),
(34135, 536363, 2);
DELETE FROM `spawn_group_formation` WHERE id IN (34135);
INSERT INTO `spawn_group_formation` (`Id`, `FormationType`, `FormationSpread`, `FormationOptions`, `PathId`, `MovementType`, `Comment`) VALUES
(34135, 3, 5, 0, 34135, 2,'Icecrown - The Bombardment (Phase 4) - Gargoyle Ambusher 32188 x3 - Patrol 10');
DELETE FROM `waypoint_path` WHERE PathId IN (34135);
INSERT INTO `waypoint_path` (`PathId`, `Point`, `PositionX`, `PositionY`,`PositionZ`, `Orientation`, `WaitTime`, `ScriptId`) VALUES
(34135,1,7819.3135,1613.2135,469.3778,100,0,0),
(34135,2,7854.7993,1565.1547,469.3779,100,0,0),
(34135,3,7790.3003,1509.9995,469.3778,100,0,0),
(34135,4,7733.546,1578.0189,469.37787,100,0,0);
DELETE FROM `waypoint_path_name` WHERE PathId IN (34135);
INSERT INTO `waypoint_path_name` (`PathId`, `Name`) VALUES
(34135,'Icecrown - The Bombardment (Phase 4) - Gargoyle Ambusher 32188 x3 - Patrol 10');
DELETE FROM creature_spawn_data WHERE guid IN(536361,536362,536363);
INSERT INTO creature_spawn_data(Guid,Id) VALUES
(536361,20056),(536362,20056),(536363,20056);
-- Group 30
UPDATE creature SET position_x = 7819.3135, position_y = 1613.2135, position_z = 469.3778, spawndist = 0, MovementType = 0 WHERE guid IN (536364,536365,536366);
DELETE FROM `spawn_group` WHERE id = 34136;
INSERT INTO `spawn_group` (`Id`, `Name`, `Type`, `MaxCount`, `WorldState`, `Flags`) VALUES
(34136, 'Icecrown - The Bombardment (Phase 4) - Gargoyle Ambusher 32188 x3 - Patrol 11', 0, 0, 0, 0);
DELETE FROM `spawn_group_spawn` WHERE id = 34136;
INSERT INTO `spawn_group_spawn` (`Id`, `Guid`, `SlotId`) VALUES
(34136, 536364, 0),
(34136, 536365, 1),
(34136, 536366, 2);
DELETE FROM `spawn_group_formation` WHERE id IN (34136);
INSERT INTO `spawn_group_formation` (`Id`, `FormationType`, `FormationSpread`, `FormationOptions`, `PathId`, `MovementType`, `Comment`) VALUES
(34136, 3, 5, 0, 34136, 2,'Icecrown - The Bombardment (Phase 4) - Gargoyle Ambusher 32188 x3 - Patrol 11');
DELETE FROM `waypoint_path` WHERE PathId IN (34136);
INSERT INTO `waypoint_path` (`PathId`, `Point`, `PositionX`, `PositionY`,`PositionZ`, `Orientation`, `WaitTime`, `ScriptId`) VALUES
(34136,1,7848.636,1704.4498,469.37787,100,0,0),
(34136,2,7852.71,1642.3629,469.3779  ,100,0,0),
(34136,3,7745.98,1713.5385,469.37787 ,100,0,0),
(34136,4,7596.7954,1801.3427,469.3778,100,0,0),
(34136,5,7703.2007,1822.8872,469.3778,100,0,0);
DELETE FROM `waypoint_path_name` WHERE PathId IN (34136);
INSERT INTO `waypoint_path_name` (`PathId`, `Name`) VALUES
(34136,'Icecrown - The Bombardment (Phase 4) - Gargoyle Ambusher 32188 x3 - Patrol 11');
DELETE FROM creature_spawn_data WHERE guid IN(536364,536365,536366);
INSERT INTO creature_spawn_data(Guid,Id) VALUES
(536364,20056),(536365,20056),(536366,20056);
-- Group 31
UPDATE creature SET position_x = 7823.079, position_y = 1490.0481, position_z = 462.80618, spawndist = 0, MovementType = 0 WHERE guid IN (536367,536368,536369);
DELETE FROM `spawn_group` WHERE id = 34137;
INSERT INTO `spawn_group` (`Id`, `Name`, `Type`, `MaxCount`, `WorldState`, `Flags`) VALUES
(34137, 'Icecrown - The Bombardment (Phase 4) - Gargoyle Ambusher 32188 x3 - Patrol 12', 0, 0, 0, 0);
DELETE FROM `spawn_group_spawn` WHERE id = 34137;
INSERT INTO `spawn_group_spawn` (`Id`, `Guid`, `SlotId`) VALUES
(34137, 536367, 0),
(34137, 536368, 1),
(34137, 536369, 2);
DELETE FROM `spawn_group_formation` WHERE id IN (34137);
INSERT INTO `spawn_group_formation` (`Id`, `FormationType`, `FormationSpread`, `FormationOptions`, `PathId`, `MovementType`, `Comment`) VALUES
(34137, 3, 5, 0, 34137, 2,'Icecrown - The Bombardment (Phase 4) - Gargoyle Ambusher 32188 x3 - Patrol 12');
DELETE FROM `waypoint_path` WHERE PathId IN (34137);
INSERT INTO `waypoint_path` (`PathId`, `Point`, `PositionX`, `PositionY`,`PositionZ`, `Orientation`, `WaitTime`, `ScriptId`) VALUES
(34137,1,7823.079,1490.0481,462.80618,100,0,0),
(34137,2,7829.494,1414.4534,462.80615,100,0,0),
(34137,3,7737.079,1399.3325,462.80615,100,0,0),
(34137,4,7760.843,1514.7449,462.80615,100,0,0);
DELETE FROM `waypoint_path_name` WHERE PathId IN (34137);
INSERT INTO `waypoint_path_name` (`PathId`, `Name`) VALUES
(34137,'Icecrown - The Bombardment (Phase 4) - Gargoyle Ambusher 32188 x3 - Patrol 12');
DELETE FROM creature_spawn_data WHERE guid IN(536367,536368,536369);
INSERT INTO creature_spawn_data(Guid,Id) VALUES
(536367,20056),(536368,20056),(536369,20056);
-- Group 32
UPDATE creature SET position_x = 7569.522, position_y = 1684.8682, position_z = 488.04752, spawndist = 0, MovementType = 0 WHERE guid IN (536370,536371,536372);
DELETE FROM `spawn_group` WHERE id = 34138;
INSERT INTO `spawn_group` (`Id`, `Name`, `Type`, `MaxCount`, `WorldState`, `Flags`) VALUES
(34138, 'Icecrown - The Bombardment (Phase 4) - Gargoyle Ambusher 32188 x3 - Patrol 13', 0, 0, 0, 0);
DELETE FROM `spawn_group_spawn` WHERE id = 34138;
INSERT INTO `spawn_group_spawn` (`Id`, `Guid`, `SlotId`) VALUES
(34138, 536370, 0),
(34138, 536371, 1),
(34138, 536372, 2);
DELETE FROM `spawn_group_formation` WHERE id IN (34138);
INSERT INTO `spawn_group_formation` (`Id`, `FormationType`, `FormationSpread`, `FormationOptions`, `PathId`, `MovementType`, `Comment`) VALUES
(34138, 3, 5, 0, 34138, 2,'Icecrown - The Bombardment (Phase 4) - Gargoyle Ambusher 32188 x3 - Patrol 13');
DELETE FROM `waypoint_path` WHERE PathId IN (34138);
INSERT INTO `waypoint_path` (`PathId`, `Point`, `PositionX`, `PositionY`,`PositionZ`, `Orientation`, `WaitTime`, `ScriptId`) VALUES
(34138,1,7569.522,1684.8682,488.04752,100,0,0),
(34138,2,7531.4316,1728.3934,488.0475,100,0,0),
(34138,3,7736.604,1822.2009,488.04752,100,0,0),
(34138,4,7843.5244,1774.5248,488.0475,100,0,0),
(34138,5,7730.475,1647.61,488.04752  ,100,0,0);
DELETE FROM `waypoint_path_name` WHERE PathId IN (34138);
INSERT INTO `waypoint_path_name` (`PathId`, `Name`) VALUES
(34138,'Icecrown - The Bombardment (Phase 4) - Gargoyle Ambusher 32188 x3 - Patrol 13');
DELETE FROM creature_spawn_data WHERE guid IN(536370,536371,536372);
INSERT INTO creature_spawn_data(Guid,Id) VALUES
(536370,20056),(536371,20056),(536372,20056);
-- Group 33
UPDATE creature SET position_x = 7726.936, position_y = 1574.5536, position_z = 469.37787, spawndist = 0, MovementType = 0 WHERE guid IN (536373,536374,536375);
DELETE FROM `spawn_group` WHERE id = 34139;
INSERT INTO `spawn_group` (`Id`, `Name`, `Type`, `MaxCount`, `WorldState`, `Flags`) VALUES
(34139, 'Icecrown - The Bombardment (Phase 4) - Gargoyle Ambusher 32188 x3 - Patrol 14', 0, 0, 0, 0);
DELETE FROM `spawn_group_spawn` WHERE id = 34139;
INSERT INTO `spawn_group_spawn` (`Id`, `Guid`, `SlotId`) VALUES
(34139, 536373, 0),
(34139, 536374, 1),
(34139, 536375, 2);
DELETE FROM `spawn_group_formation` WHERE id IN (34139);
INSERT INTO `spawn_group_formation` (`Id`, `FormationType`, `FormationSpread`, `FormationOptions`, `PathId`, `MovementType`, `Comment`) VALUES
(34139, 3, 5, 0, 34139, 2,'Icecrown - The Bombardment (Phase 4) - Gargoyle Ambusher 32188 x3 - Patrol 14');
DELETE FROM `waypoint_path` WHERE PathId IN (34139);
INSERT INTO `waypoint_path` (`PathId`, `Point`, `PositionX`, `PositionY`,`PositionZ`, `Orientation`, `WaitTime`, `ScriptId`) VALUES
(34139,1,7726.936,1574.5536,469.37787,100,0,0),
(34139,2,7746.225,1618.6967,469.3779 ,100,0,0),
(34139,3,7672.8706,1652.3031,469.3778,100,0,0),
(34139,4,7558.5693,1619.7517,469.3778,100,0,0),
(34139,5,7560.5415,1568.3271,469.3778,100,0,0);
DELETE FROM `waypoint_path_name` WHERE PathId IN (34139);
INSERT INTO `waypoint_path_name` (`PathId`, `Name`) VALUES
(34139,'Icecrown - The Bombardment (Phase 4) - Gargoyle Ambusher 32188 x3 - Patrol 14');
DELETE FROM creature_spawn_data WHERE guid IN(536373,536374,536375);
INSERT INTO creature_spawn_data(Guid,Id) VALUES
(536373,20056),(536374,20056),(536375,20056);
-- Group 33
UPDATE creature SET position_x = 7573.8125, position_y = 1923.8427, position_z = 491.6412, spawndist = 0, MovementType = 0 WHERE guid IN (536376,536377,536378);
DELETE FROM `spawn_group` WHERE id = 34140;
INSERT INTO `spawn_group` (`Id`, `Name`, `Type`, `MaxCount`, `WorldState`, `Flags`) VALUES
(34140, 'Icecrown - The Bombardment (Phase 4) - Gargoyle Ambusher 32188 x3 - Patrol 15', 0, 0, 0, 0);
DELETE FROM `spawn_group_spawn` WHERE id = 34140;
INSERT INTO `spawn_group_spawn` (`Id`, `Guid`, `SlotId`) VALUES
(34140, 536376, 0),
(34140, 536377, 1),
(34140, 536378, 2);
DELETE FROM `spawn_group_formation` WHERE id IN (34140);
INSERT INTO `spawn_group_formation` (`Id`, `FormationType`, `FormationSpread`, `FormationOptions`, `PathId`, `MovementType`, `Comment`) VALUES
(34140, 3, 5, 0, 34140, 2,'Icecrown - The Bombardment (Phase 4) - Gargoyle Ambusher 32188 x3 - Patrol 15');
DELETE FROM `waypoint_path` WHERE PathId IN (34140);
INSERT INTO `waypoint_path` (`PathId`, `Point`, `PositionX`, `PositionY`,`PositionZ`, `Orientation`, `WaitTime`, `ScriptId`) VALUES
(34140,1,7573.8125,1923.8427,491.6412,100,0,0),
(34140,2,7523.087,1852.7765,491.64124,100,0,0),
(34140,3,7599.772,1768.1384,491.64124,100,0,0),
(34140,4,7673.3647,1875.8141,491.6412,100,0,0);
DELETE FROM `waypoint_path_name` WHERE PathId IN (34140);
INSERT INTO `waypoint_path_name` (`PathId`, `Name`) VALUES
(34140,'Icecrown - The Bombardment (Phase 4) - Gargoyle Ambusher 32188 x3 - Patrol 15');
DELETE FROM creature_spawn_data WHERE guid IN(536376,536377,536378);
INSERT INTO creature_spawn_data(Guid,Id) VALUES
(536376,20056),(536377,20056),(536378,20056);
-- Group 34
UPDATE creature SET position_x = 7625.6694, position_y = 1728.9478, position_z = 499.9587, spawndist = 0, MovementType = 0 WHERE guid IN (536379,536380,536381);
DELETE FROM `spawn_group` WHERE id = 34141;
INSERT INTO `spawn_group` (`Id`, `Name`, `Type`, `MaxCount`, `WorldState`, `Flags`) VALUES
(34141, 'Icecrown - The Bombardment (Phase 4) - Gargoyle Ambusher 32188 x3 - Patrol 16', 0, 0, 0, 0);
DELETE FROM `spawn_group_spawn` WHERE id = 34141;
INSERT INTO `spawn_group_spawn` (`Id`, `Guid`, `SlotId`) VALUES
(34141, 536379, 0),
(34141, 536380, 1),
(34141, 536381, 2);
DELETE FROM `spawn_group_formation` WHERE id IN (34141);
INSERT INTO `spawn_group_formation` (`Id`, `FormationType`, `FormationSpread`, `FormationOptions`, `PathId`, `MovementType`, `Comment`) VALUES
(34141, 3, 5, 0, 34141, 2,'Icecrown - The Bombardment (Phase 4) - Gargoyle Ambusher 32188 x3 - Patrol 16');
DELETE FROM `waypoint_path` WHERE PathId IN (34141);
INSERT INTO `waypoint_path` (`PathId`, `Point`, `PositionX`, `PositionY`,`PositionZ`, `Orientation`, `WaitTime`, `ScriptId`) VALUES
(34141,1,7625.6694,1728.9478,499.9587,100,0,0),
(34141,2,7666.3394,1582.6656,499.9587,100,0,0),
(34141,3,7525.0615,1647.5905,499.9587,100,0,0),
(34141,4,7510.279,1762.2217,499.9587 ,100,0,0);
DELETE FROM `waypoint_path_name` WHERE PathId IN (34141);
INSERT INTO `waypoint_path_name` (`PathId`, `Name`) VALUES
(34141,'Icecrown - The Bombardment (Phase 4) - Gargoyle Ambusher 32188 x3 - Patrol 16');
DELETE FROM creature_spawn_data WHERE guid IN(536379,536380,536381);
INSERT INTO creature_spawn_data(Guid,Id) VALUES
(536379,20056),(536380,20056),(536381,20056);
-- Group 35
UPDATE creature SET position_x = 7467.382, position_y = 1514.9805, position_z = 470.4631, spawndist = 0, MovementType = 0 WHERE guid IN (536382,536383,536384);
DELETE FROM `spawn_group` WHERE id = 34142;
INSERT INTO `spawn_group` (`Id`, `Name`, `Type`, `MaxCount`, `WorldState`, `Flags`) VALUES
(34142, 'Icecrown - The Bombardment (Phase 4) - Gargoyle Ambusher 32188 x3 - Patrol 17', 0, 0, 0, 0);
DELETE FROM `spawn_group_spawn` WHERE id = 34142;
INSERT INTO `spawn_group_spawn` (`Id`, `Guid`, `SlotId`) VALUES
(34142, 536382, 0),
(34142, 536383, 1),
(34142, 536384, 2);
DELETE FROM `spawn_group_formation` WHERE id IN (34142);
INSERT INTO `spawn_group_formation` (`Id`, `FormationType`, `FormationSpread`, `FormationOptions`, `PathId`, `MovementType`, `Comment`) VALUES
(34142, 3, 5, 0, 34142, 2,'Icecrown - The Bombardment (Phase 4) - Gargoyle Ambusher 32188 x3 - Patrol 17');
DELETE FROM `waypoint_path` WHERE PathId IN (34142);
INSERT INTO `waypoint_path` (`PathId`, `Point`, `PositionX`, `PositionY`,`PositionZ`, `Orientation`, `WaitTime`, `ScriptId`) VALUES
(34142,1,7467.382,1514.9805,470.4631 ,100,0,0),
(34142,2,7456.384,1604.0714,470.46313,100,0,0),
(34142,3,7573.684,1581.9342,470.4631 ,100,0,0),
(34142,4,7546.9707,1499.6537,470.4631,100,0,0);
DELETE FROM `waypoint_path_name` WHERE PathId IN (34142);
INSERT INTO `waypoint_path_name` (`PathId`, `Name`) VALUES
(34142,'Icecrown - The Bombardment (Phase 4) - Gargoyle Ambusher 32188 x3 - Patrol 17');
DELETE FROM creature_spawn_data WHERE guid IN(536382,536383,536384);
INSERT INTO creature_spawn_data(Guid,Id) VALUES
(536382,20056),(536383,20056),(536384,20056);
-- Frostbrood Sentry 31721
UPDATE creature_template SET StaticFlags1=2147483648 WHERE Entry = 31721;
DELETE FROM creature_movement WHERE id BETWEEN 536385 AND 536406;
INSERT INTO creature_movement (id, Point, PositionX, PositionY, PositionZ, Orientation, WaitTime, ScriptId) VALUES
-- 536385
(536385,1,7153.4087,1172.1326,446.75787,100,0,0),
(536385,2,7151.1396,1155.8811,450.06345,100,0,0),
(536385,3,7365.239,1245.0387,417.09128,100,0,0),
(536385,4,7505.855,1536.139,446.75787,100,0,0),
(536385,5,7603.0415,1354.2677,462.17456,100,0,0),
(536385,6,7209.192,1250.4198,446.75787,100,0,0),
-- 536386
(536386,1,7596.8447,1533.3636,501.03223,100,0,0),
(536386,2,7481.432,1576.2943,501.7266,100,0,0),
(536386,3,7429.974,1485.9868,508.3656,100,0,0),
(536386,4,7522.5146,1410.5055,502.64334,100,0,0),
-- all custom made below
-- 536387
(536387,1,7303.76,1235.17,456.176,100,0,0),
(536387,2,7366.05,1279.72,462.157,100,0,0),
(536387,3,7309.67,1400.27,447.076,100,0,0),
(536387,4,7190.48,1446.93,444.014,100,0,0),
(536387,5,7167.83,1266.6,443.319,100,0,0),
-- 536388
(536388,1,7223.16,1301.69,432.173,100,0,0),
(536388,2,7315.71,1273.99,428.556,100,0,0),
(536388,3,7280.42,1203.7,420.664,100,0,0),
(536388,4,7186.57,1198.79,407.694,100,0,0),
-- 536389
(536389,1,7326.65,1337.84,444.082,100,0,0),
(536389,2,7419.95,1332.08,447.035,100,0,0),
(536389,3,7424.45,1242.02,435.109,100,0,0),
(536389,4,7316.37,1232.13,429.961,100,0,0),
-- 536390
(536390,1,7127.64,1508.08,429.709,100,0,0),
(536390,2,7256.22,1539.01,425.946,100,0,0),
(536390,3,7317.54,1437.22,424.244,100,0,0),
(536390,4,7186.99,1379.29,414.609,100,0,0),
-- 536391
(536391,1,7365.45,1358.57,430.106,100,0,0),
(536391,2,7401.41,1459.61,432.856,100,0,0),
(536391,3,7496.45,1417.5,432.337,100,0,0),
(536391,4,7445.2,1323.9,429.124,100,0,0),
(536391,5,7357.89,1371.46,426.167,100,0,0),
-- 536392
(536392,1,7275.36,1166.31,418.081,100,0,0),
(536392,2,7384.61,1226.96,422.407,100,0,0),
(536392,3,7359.48,1376.48,425.301,100,0,0),
(536392,4,7294.74,1472.39,424.562,100,0,0),
(536392,5,7202.23,1494.7,422.159,100,0,0),
(536392,6,7122.93,1328.94,413.572,100,0,0),
-- 536393
(536393,1,7184.27,1404.91,418.365,100,0,0),
(536393,2,7322.02,1446.36,411.538,100,0,0),
(536393,3,7389.56,1384.52,420.394,100,0,0),
(536393,4,7337.65,1297.4,414.109,100,0,0),
(536393,5,7185.66,1336.7,404.201,100,0,0),
(536393,6,7167.54,1426.73,405.112,100,0,0),
-- 536394
(536394,1,7586.36,1493.14,477.675,100,0,0),
(536394,2,7491.75,1407,466.795,100,0,0),
(536394,3,7504.38,1287.59,457.444,100,0,0),
(536394,4,7639.56,1320.95,457.042,100,0,0),
-- 536395
(536395,1,7556.58,1274.23,451.017,100,0,0),
(536395,2,7456.03,1219.59,442.23,100,0,0),
(536395,3,7385,1349.26,434.408,100,0,0),
(536395,4,7461.02,1446.21,432.631,100,0,0),
-- 536396
(536396,1,7590.7,1514.38,444.969,100,0,0),
(536396,2,7626.8,1647.01,433.718,100,0,0),
(536396,3,7532.43,1702.23,445.912,100,0,0),
(536396,4,7401.85,1589.45,440.723,100,0,0),
-- 536397
(536397,1,7385.67,1413.23,451.035,100,0,0),
(536397,2,7408.13,1266.6,434.674,100,0,0),
(536397,3,7336.54,1214.4,431.231,100,0,0),
(536397,4,7251.46,1280.02,424.994,100,0,0),
(536397,5,7294.94,1377.02,428.142,100,0,0),
-- 536398
(536398,1,7433.68,1589.61,445.02,100,0,0),
(536398,2,7528.79,1500.76,443.773,100,0,0),
(536398,3,7467.76,1412.99,435.88,100,0,0),
(536398,4,7382.64,1474.65,432.323,100,0,0),
-- 536399 
(536399,1,7262.77,1565.78,454.721,100,0,0),
(536399,2,7281.41,1435.71,443.324,100,0,0),
(536399,3,7317.75,1260,423.016,100,0,0),
(536399,4,7373.97,1235.13,431.877,100,0,0),
(536399,5,7437.22,1275.38,435.467,100,0,0),
(536399,6,7406.62,1386.02,437.946,100,0,0),
(536399,7,7360.33,1505.09,434.67,100,0,0),
(536399,8,7283.9,1560.92,432.814,100,0,0),
-- 536400
(536400,1,7237.95,1333.78,416.556,100,0,0),
(536400,2,7105.68,1268.48,425.674,100,0,0),
(536400,3,7201.6,1189.95,417.11,100,0,0),
(536400,4,7307.19,1291.67,420.308,100,0,0),
-- 536401
(536401,1,7660.63,1232.95,456.866,100,0,0),
(536401,2,7596.52,1334.09,459.352,100,0,0),
(536401,3,7458.66,1518.13,446.058,100,0,0),
(536401,4,7359.3,1534.08,441.878,100,0,0),
(536401,5,7317.69,1421.07,439.726,100,0,0),
(536401,6,7331.82,1321,432.08,100,0,0),
(536401,7,7423.77,1205.13,426.839,100,0,0),
-- 536402
(536402,1,7308.84,1301.62,393.231,100,0,0),
(536402,2,7245.6,1217.84,394.697,100,0,0),
(536402,3,7151.71,1268.84,398.989,100,0,0),
(536402,4,7229.9,1371.87,404.991,100,0,0),
-- 536403
(536403,1,7387.23,1195.68,423.842,100,0,0),
(536403,2,7207.37,1148.1,410.059 ,100,0,0),
(536403,3,7113.69,1231.23,417.572,100,0,0),
(536403,4,7255.07,1308.96,418.99 ,100,0,0),
(536403,5,7366.08,1281.86,430.678,100,0,0),
-- 536404
(536404,1,7395.06,1537.85,425.259,100,0,0),
(536404,2,7221.94,1516.6,407.25  ,100,0,0),
(536404,3,7138.71,1421.96,399.642,100,0,0),
(536404,4,7225.4,1371.6,403.493  ,100,0,0),
(536404,5,7359.53,1415.39,409.063,100,0,0),
-- 536405
(536405,1,7052.14,1420.3,438.349,100,0,0),
(536405,2,7078.73,1348.88,431.79,100,0,0),
(536405,3,7145.86,1151.34,418.485,100,0,0),
(536405,4,7225.47,1177.99,414.475,100,0,0),
(536405,5,7210.85,1336.57,406.516,100,0,0),
(536405,6,7170.4,1502.78,401.322,100,0,0),
-- 536406
(536406,1,7453.79,1387.25,479.892,100,0,0),
(536406,2,7289.32,1385.16,449.547,100,0,0),
(536406,3,7159.55,1312.49,433.869,100,0,0),
(536406,4,7280.75,1208.72,436.113,100,0,0);
DELETE FROM `creature_spawn_data` WHERE guid BETWEEN 536385 AND 536406;;
INSERT INTO `creature_spawn_data` (`guid`, `id`) VALUES 
(536385,20056),(536386,20056),(536387,20056),(536388,20056),
(536389,20056),(536390,20056),(536391,20056),(536392,20056),
(536393,20056),(536394,20056),(536395,20056),(536396,20056),
(536397,20056),(536398,20056),(536399,20056),(536400,20056),
(536401,20056),(536402,20056),(536403,20056),(536404,20056),
(536405,20056),(536406,20056);
-- Scourge War Machine 32154
UPDATE creature_template SET MinLevel = 80, MaxLevel = 80, Faction = 2068, StaticFlags1=2147483648 WHERE Entry = 32154;
