-- Icecrown: The Fleshwerks - Phase 64

-- objects
-- missing objects added
DELETE FROM game_event_gameobject WHERE guid BETWEEN 521126 AND 521165;
DELETE FROM gameobject_battleground WHERE guid BETWEEN 521126 AND 521165;
DELETE FROM gameobject WHERE guid BETWEEN 521126 AND 521165;
INSERT INTO gameobject (guid, id, map, spawnMask, phaseMask, position_x, position_y, position_z, orientation, rotation0, rotation1, rotation2, rotation3, spawntimesecsmin, spawntimesecsmax) VALUES
-- Large Fleshwerks Fire 193204
(521126,193204,571,1,64,6774.447,3517.5972,670.3411,3.1066523,0,0,0.9998474,0.017469281,300,300),
(521127,193204,571,1,64,6509.69,3298.9658,670.12823,3.892087,0,0,-0.93041706,0.3665025,300,300),
(521128,193204,571,1,64,6432.7754,3164.4487,667.0376,2.4958181,0,0,0.94832325,0.3173059,300,300),
(521129,193204,571,1,64,6425.6484,3134.6243,657.4811,3.5779302,0,0,-0.9762955,0.21644206,300,300),
(521130,193204,571,1,64,6774.1,3539.3276,670.28265,3.9618986,0,0,-0.9170599,0.3987495,300,300),
(521131,193204,571,1,64,6859.7456,3515.8274,696.07324,4.747296,0,0,-0.6946583,0.71933985,300,300),
(521132,193204,571,1,64,6885.061,3495.637,707.6733,6.056293,0,0,-0.11320305,0.9935719,300,300),
(521133,193204,571,1,64,6926.368,3514.5808,713.6303,4.031712,0,0,-0.902585,0.43051165,300,300),
-- Small Fleshwerks Fire 193203
(521134,193203,571,1,64,6593.5327,3143.9258,666.10114,3.0543265,0,0,0.99904823,0.04361926,300,300),
(521135,193203,571,1,64,6635.948,3192.11,648.33374,1.9722198,0,0,0.8338852,0.55193794,300,300),
(521136,193203,571,1,64,6671.423,3264.8372,669.0335,5.7246814,0,0,-0.27563667,0.96126187,300,300),
(521137,193203,571,1,64,6633.169,3246.0444,670.4354,5.497789,0,0,-0.3826828,0.9238798,300,300),
(521138,193203,571,1,64,6575.444,3336.632,667.6539,4.3982325,0,0,-0.8090162,0.5877863,300,300),
(521139,193203,571,1,64,6541.1978,3337.6116,674.4935,3.1940022,0,0,-0.9996567,0.026201647,300,300),
(521140,193203,571,1,64,6561.242,3342.8433,667.0536,3.1066523,0,0,0.9998474,0.017469281,300,300),
(521141,193203,571,1,64,6517.65,3262.135,668.0207,0.31415844,0,0,0.15643406,0.98768836,300,300),
(521142,193203,571,1,64,6531.642,3336.6316,666.5159,2.5656319,0,0,0.9588194,0.28401646,300,300),
(521143,193203,571,1,64,6441.0405,3245.8018,643.53394,4.4331365,0,0,-0.7986355,0.60181504,300,300),
(521144,193203,571,1,64,6434.889,3166.3723,667.3663,0.41887861,0,0,0.20791149,0.9781476,300,300),
(521145,193203,571,1,64,6430.9673,3119.2158,658.5272,4.5553107,0,0,-0.76040554,0.6494485,300,300),
(521146,193203,571,1,64,6565.1787,3151.583,665.6999,1.2042773,0,0,0.56640625,0.8241262,300,300),
(521147,193203,571,1,64,6578.5723,3123.9836,666.86383,2.879789,0,0,0.9914446,0.13052827,300,300),
(521148,193203,571,1,64,6669.5244,3338.2083,703.5842,1.7976887,0,0,0.78260803,0.6225148,300,300),
(521149,193203,571,1,64,6523.4653,3403.5164,599.73517,1.0646496,0,0,0.50753784,0.8616294,300,300),
(521150,193203,571,1,64,6466.252,3423.3235,598.091,0.45378506,0,0,0.22495079,0.9743701,300,300),
(521151,193203,571,1,64,6522.733,3429.2314,599.06323,3.3510466,0,0,-0.99452114,0.10453553,300,300),
(521152,193203,571,1,64,6544.474,3464.5127,597.8202,0.13962449,0,0,0.069755554,0.99756414,300,300),
(521153,193203,571,1,64,6516.931,3478.9817,597.88245,4.729844,0,0,-0.70090866,0.71325105,300,300),
(521154,193203,571,1,64,6498.917,3480.3667,596.7786,2.0245788,0,0,0.84804726,0.5299206,300,300),
(521155,193203,571,1,64,6656.0806,3455.3625,632.7549,2.7052553,0,0,0.9762955,0.21644206,300,300),
(521156,193203,571,1,64,6678.7095,3572.9282,671.75226,4.0666203,0,0,-0.8949337,0.44619918,300,300),
(521157,193203,571,1,64,6665.039,3553.0452,670.4769,2.0769393,0,0,0.86162853,0.5075394,300,300),
(521158,193203,571,1,64,6671.1426,3539.871,670.931,3.5604727,0,0,-0.9781475,0.20791209,300,300),
(521159,193203,571,1,64,6717.0947,3499.1936,656.2964,1.3089955,0,0,0.60876083,0.7933538,300,300),
(521160,193203,571,1,64,6716.513,3544.3945,670.40607,0.6632232,0,0,0.32556725,0.94551885,300,300),
(521161,193203,571,1,64,6680.3604,3371.357,701.1601,0.31415844,0,0,0.15643406,0.98768836,300,300),
(521162,193203,571,1,64,6815.1865,3502.3616,691.76556,2.2340178,0,0,0.8987932,0.43837282,300,300),
(521163,193203,571,1,64,6836.5396,3514.9263,691.6472,3.5604727,0,0,-0.9781475,0.20791209,300,300),
(521164,193203,571,1,64,6907.9854,3453.7068,705.4143,6.03884,0,0,-0.12186909,0.9925462,300,300),
(521165,193203,571,1,64,6901.2905,3446.3962,704.4607,2.5830808,0,0,0.9612608,0.2756405,300,300);

-- Creatures
-- Darkrider Arly 30631
UPDATE creature SET PhaseMask = 1+64 WHERE id = 30631;
-- Corpulent Horror 30696 - missing added
DELETE FROM creature_addon WHERE guid BETWEEN 530036 AND 530062;
DELETE FROM creature_movement WHERE id BETWEEN 530036 AND 530062;
DELETE FROM game_event_creature WHERE guid BETWEEN 530036 AND 530062;
DELETE FROM game_event_creature_data WHERE guid BETWEEN 530036 AND 530062;
DELETE FROM creature_battleground WHERE guid BETWEEN 530036 AND 530062;
DELETE FROM creature_linking WHERE guid BETWEEN 530036 AND 530062;
DELETE FROM creature WHERE guid BETWEEN 530036 AND 530062;
DELETE FROM creature_addon WHERE guid IN (530629,530630,530743,530744,530767,530901,531549,531929,532736,532737,532738,532739,532740,533631,533632,533633,533634);
DELETE FROM creature_movement WHERE id IN (530629,530630,530743,530744,530767,530901,531549,531929,532736,532737,532738,532739,532740,533631,533632,533633,533634);
DELETE FROM game_event_creature WHERE guid IN (530629,530630,530743,530744,530767,530901,531549,531929,532736,532737,532738,532739,532740,533631,533632,533633,533634);
DELETE FROM game_event_creature_data WHERE guid IN (530629,530630,530743,530744,530767,530901,531549,531929,532736,532737,532738,532739,532740,533631,533632,533633,533634);
DELETE FROM creature_battleground WHERE guid IN (530629,530630,530743,530744,530767,530901,531549,531929,532736,532737,532738,532739,532740,533631,533632,533633,533634);
DELETE FROM creature_linking WHERE guid IN (530629,530630,530743,530744,530767,530901,531549,531929,532736,532737,532738,532739,532740,533631,533632,533633,533634);
DELETE FROM creature WHERE guid IN (530629,530630,530743,530744,530767,530901,531549,531929,532736,532737,532738,532739,532740,533631,533632,533633,533634);
INSERT INTO creature (guid, id, map, spawnMask, phaseMask, position_x, position_y, position_z, orientation, spawntimesecsmin, spawntimesecsmax, spawndist, MovementType) VALUES
(530036,30696,571,1,64,6610.272,3140.7622,665.5177,0,300,300,0,4),
(530037,30696,571,1,64,6665.661,3197.251,666.88275,0,300,300,0,4),
(530038,30696,571,1,64,6528.8,3256.92,665.965,0,300,300,7,1),
(530039,30696,571,1,64,6529.4585,3295.1162,664.938,0,300,300,7,1),
(530040,30696,571,1,64,6547.5835,3308.8064,665.7393,0,300,300,7,1),
(530041,30696,571,1,64,6568.8726,3316.9275,667.4317,0,300,300,7,1),
(530042,30696,571,1,64,6477.2036,3257.9006,643.6331,3.8048,300,300,0,0),
(530043,30696,571,1,64,6488.242,3194.7192,652.90393,1.483,300,300,0,0),
(530044,30696,571,1,64,6416.644,3232.118,640.5982,6.0794,300,300,0,0),
(530045,30696,571,1,64,6413.427,3218.0288,638.46783,0.12217,300,300,7,1),
(530046,30696,571,1,64,6454.5967,3159.2664,657.4811,0,300,300,7,1),
(530047,30696,571,1,64,6443.2515,3135.5889,657.4811,0,300,300,7,1),
(530048,30696,571,1,64,6442.1494,3109.8848,657.4811,0,300,300,7,1),
(530049,30696,571,1,64,6469.1484,3081.8628,657.4811,0,300,300,7,1),
(530050,30696,571,1,64,6564.1943,3135.6008,666.2081,0.4537,300,300,0,0),
(530051,30696,571,1,64,6589.303,3118.948,666.381,1.588,300,300,0,0),
(530052,30696,571,1,64,6500.21,3420.98,597.018,0,300,300,7,1),
(530053,30696,571,1,64,6481.98,3425.06,595.573,0,300,300,7,1),
(530054,30696,571,1,64,6491.4,3454.2,595.554,0,300,300,7,1),
(530055,30696,571,1,64,6508.89,3440.12,596.139,0,300,300,7,1),
(530056,30696,571,1,64,6520.98,3463.13,595.718,0,300,300,7,1),
(530057,30696,571,1,64,6533.8,3442.5,597.39,0,300,300,7,1),
(530058,30696,571,1,64,6661.949,3358.471,703.95514,2.87236,300,300,0,0),
(530059,30696,571,1,64,6675.882,3342.8892,705.01605,0.609,300,300,0,0),
(530060,30696,571,1,64,6667.316,3477.0781,633.6426,0,300,300,0,4),
(530061,30696,571,1,64,6651.0786,3450.3513,631.4898,0,300,300,7,1),
(530062,30696,571,1,64,6691.806,3557.056,670.802,0,300,300,0,4),
(530629,30696,571,1,64,6729.009,3486.3188,657.14856,0,300,300,0,4),
(530630,30696,571,1,64,6704.67,3424.03,681.028,0,300,300,7,1),
(530743,30696,571,1,64,6728.5,3432.8,682.195,0,300,300,7,1),
(530744,30696,571,1,64,6792.7075,3504.5889,682.7049,2.6,300,300,0,0),
(530767,30696,571,1,64,6773.0474,3487.1343,671.8592,0,300,300,0,4),
(530901,30696,571,1,64,6812.758,3515.1091,690.6593,5.8468,300,300,0,0),
(531549,30696,571,1,64,6830.2,3505.94,690.274,0,300,300,7,1),
(531929,30696,571,1,64,6875.1543,3513.0654,698.81616,3.94,300,300,0,0),
(532736,30696,571,1,64,6869,3432.21,708.261,0,300,300,7,1),
(532737,30696,571,1,64,6868.66,3491.79,695.481,0,300,300,7,1),
(532738,30696,571,1,64,6894.1562,3455.5225,700.9239,0,300,300,7,1),
(532739,30696,571,1,64,6881.756,3479.487,695.6296,0,300,300,0,4),
(532740,30696,571,1,64,6926.92,3447.56,712.549,0,300,300,7,1),
(533631,30696,571,1,64,6975.386,3462.0056,710.9403,6.126,300,300,0,0),
(533632,30696,571,1,64,6982.377,3478.5876,710.9403,5.8119,300,300,0,0),
(533633,30696,571,1,64,6959.289,3523.3997,715.1378,0,300,300,7,1),
(533634,30696,571,1,64,6932.9272,3502.4712,705.0461,3.281219,300,300,0,0);
-- Updates
UPDATE creature_template SET Faction = 2102, UnitFlags = 32768, MinLevel = 80, MaxLevel = 80, Expansion = 2, MinLootGold = 2500, MaxLootGold = 3700 WHERE Entry = 30696;
-- waypoints
DELETE FROM creature_movement WHERE Id IN (530036,530037,530060,530062,530629,530767,532739);
INSERT INTO creature_movement (id, point, positionx, positiony, positionz, orientation, waittime, scriptid) VALUES
-- 530036
(530036,1,6610.272,3140.7622,665.5177,100,1000,0),
(530036,2,6630.1904,3144.674,662.0642,100,0,0),
(530036,3,6638.812 ,3160.7336,660.7008,100,0,0),
(530036,4,6628.3184,3166.7815,659.30975,100,0,0),
(530036,5,6617.3926,3171.7998,655.7953,100,0,0),
(530036,6,6608.376,3182.7998,650.7496,100,1000,0),
-- 530037
(530037,1,6665.661,3197.251,666.88275,100,1000,0),
(530037,2,6662.8794,3162.1357,659.7934,100,0,0),
(530037,3,6667.344,3151.7246,658.6792,100,0,0),
(530037,4,6686.6284,3147.7202,656.3629,100,1000,0),
-- 530060
(530060,1,6667.316,3477.0781,633.6426,100,1000,0),
(530060,2,6659.3784,3473.552,629.2657,100,0,0),
(530060,3,6651.416,3467.705,626.11005,100,0,0),
(530060,4,6642.416,3467.5557,621.7852,100,0,0),
(530060,5,6625.368,3464.3604,614.19135,100,0,0),
(530060,6,6604.9688,3460.6423,606.0486,100,0,0),
(530060,7,6584.5034,3457.0234,599.6483,100,1000,0),
-- 530062
(530062,1,6691.806,3557.056,670.802,100,1000,0),
(530062,2,6704.8535,3542.709,669.232,100,0,0),
(530062,3,6725.776,3533.1125,668.5566,100,0,0),
(530062,4,6742.28,3519.7383,668.70056,100,1000,0),
-- 530629
(530629,1,6729.009,3486.3188,657.14856,100,1000,0),
(530629,2,6715.8438,3485.7234,652.28204,100,0,0),
(530629,3,6701.877,3482.3862,647.20807,100,0,0),
(530629,4,6686.4946,3481.9458,641.606,100,1000,0),
-- 530767
(530767,1,6773.0474,3487.1343,671.8592,100,1000,0),
(530767,2,6785.6357,3484.444,675.3761,100,0,0),
(530767,3,6823.6357,3484.2588,688.37305,100,1000,0),
-- 532739
(532739,1,6881.756,3479.487,695.6296,100,1000,0),
(532739,2,6911.4985,3478.053,701.47266,100,0,0),
(532739,3,6920.8477,3480.7603,703.11084,100,0,0),
(532739,4,6941.7134,3477.3672,707.9948,100,1000,0);

-- Putrid Colossus 30697
DELETE FROM creature_addon WHERE guid IN (533635,533636,533637,533638,533639,533907,533946);
DELETE FROM creature_movement WHERE id IN (533635,533636,533637,533638,533639,533907,533946);
DELETE FROM game_event_creature WHERE guid IN (533635,533636,533637,533638,533639,533907,533946);
DELETE FROM game_event_creature_data WHERE guid IN (533635,533636,533637,533638,533639,533907,533946);
DELETE FROM creature_battleground WHERE guid IN (533635,533636,533637,533638,533639,533907,533946);
DELETE FROM creature_linking WHERE guid IN (533635,533636,533637,533638,533639,533907,533946);
DELETE FROM creature WHERE guid IN (533635,533636,533637,533638,533639,533907,533946);
INSERT INTO creature (guid, id, map, spawnMask, phaseMask, position_x, position_y, position_z, orientation, spawntimesecsmin, spawntimesecsmax, spawndist, MovementType) VALUES
(533635,30697,571,1,64,6515.8105,3280.0898,665.0708,0.1396,300,300,0,0),
(533636,30697,571,1,64,6559.192,3333.0203,664.9217,4.9916,300,300,0,0),
(533637,30697,571,1,64,6510.454,3318.7026,665.48303,5.829,300,300,0,0),
(533638,30697,571,1,64,6417.244,3260.9932,640.87177,5.42797,300,300,0,0),
(533639,30697,571,1,64,6476.1284,3146.229,657.5644,4.38077,300,300,0,0),
(533907,30697,571,1,64,6444.2915,3091.8286,657.4811,1.0079,300,300,0,0),
(533946,30697,571,1,64,6695.0195,3374.8171,704.2075,3.96189,300,300,0,0);
-- Updates
DELETE FROM creature_addon WHERE guid IN (SELECT guid FROM creature WHERE id = 30697);
DELETE FROM creature_template_addon WHERE entry = 30697;
INSERT INTO creature_template_addon (entry, mount, stand_state, sheath_state, pvp_flags, emote, moveflags, auras) VALUES
(30697,0,0,1,0,333,0,NULL);
UPDATE creature_template SET Faction = 2102, UnitFlags = 32768, MinLevel = 80, MaxLevel = 80, Expansion = 2 WHERE Entry = 30697;
-- loot corrected
DELETE FROM `creature_loot_template` WHERE entry IN (30696);
INSERT INTO `creature_loot_template` (`entry`, `item`, `ChanceOrQuestChance`, `groupid`, `mincountOrRef`, `maxcount`, `condition_id`, `comments`) VALUES
('30696','26001','3','1','-26001','1','0','Old - Temp System'),
('30696','26002','3','1','-26002','1','0','Old - Temp System'),
('30696','26013','1','1','-26013','1','0','Old - Temp System'),
('30696','26014','1','1','-26014','1','0','Old - Temp System'),
('30696','26015','1','1','-26015','1','0','Old - Temp System'),
('30696','26027','0.5','1','-26027','1','0','Old - Temp System'),
('30696','26028','0.5','1','-26028','1','0','Old - Temp System'),
('30696','26029','0.05','1','-26029','1','0','Old - Temp System'),
('30696','26044','2','0','-26044','1','0','Old - Temp System'),
('30696','39152','50','0','1','1','57','Manual: Heavy Frostweave Bandage'),
('30696','43297','1','0','1','1','0','Damaged Necklace'),
('30696','43526','-25','2','1','1','0','Olakin\'s Torso'),
('30696','43527','-25','2','1','1','0','Olakin\'s Legs'),
('30696','43528','-25','2','1','1','0','Olakin\'s Left Arm'),
('30696','43529','-25','2','1','1','0','Olakin\'s Right Arm');

-- Father Kamaros 32800
DELETE FROM creature_addon WHERE guid IN (533976);
DELETE FROM creature_movement WHERE id IN (533976);
DELETE FROM game_event_creature WHERE guid IN (533976);
DELETE FROM game_event_creature_data WHERE guid IN (533976);
DELETE FROM creature_battleground WHERE guid IN (533976);
DELETE FROM creature_linking WHERE guid IN (533976);
DELETE FROM creature WHERE guid IN (533976);
INSERT INTO creature (guid, id, map, spawnMask, phaseMask, position_x, position_y, position_z, orientation, spawntimesecsmin, spawntimesecsmax, spawndist, MovementType) VALUES
(533976,32800,571,1,64,6717.8306,3452.0208,683.75336,4.625,30,30,0,0);
UPDATE creature_template SET Faction = 113, UnitFlags = 768, MinLevel = 80, MaxLevel = 80, UnitClass = 2, Expansion = 2 WHERE Entry = 32800;
DELETE FROM creature_template_addon WHERE entry = 32800;
INSERT INTO creature_template_addon (entry, mount, stand_state, sheath_state, pvp_flags, emote, moveflags, auras) VALUES
(32800,0,8,0,0,0,0,NULL);

-- Intrepid Ghoul 31015
DELETE FROM creature_addon WHERE guid IN (533980,533983,534106,534107,534187,534188);
DELETE FROM creature_movement WHERE id IN (533980,533983,534106,534107,534187,534188);
DELETE FROM game_event_creature WHERE guid IN (533980,533983,534106,534107,534187,534188);
DELETE FROM game_event_creature_data WHERE guid IN (533980,533983,534106,534107,534187,534188);
DELETE FROM creature_battleground WHERE guid IN (533980,533983,534106,534107,534187,534188);
DELETE FROM creature_linking WHERE guid IN (533980,533983,534106,534107,534187,534188);
DELETE FROM creature WHERE guid IN (533980,533983,534106,534107,534187,534188);
DELETE FROM creature_addon WHERE guid BETWEEN 536441 AND 536492;
DELETE FROM creature_movement WHERE id BETWEEN 536441 AND 536492;
DELETE FROM game_event_creature WHERE guid BETWEEN 536441 AND 536492;
DELETE FROM game_event_creature_data WHERE guid BETWEEN 536441 AND 536492;
DELETE FROM creature_battleground WHERE guid BETWEEN 536441 AND 536492;
DELETE FROM creature_linking WHERE guid BETWEEN 536441 AND 536492;
DELETE FROM creature WHERE guid BETWEEN 536441 AND 536492;
INSERT INTO creature (guid, id, map, spawnMask, phaseMask, position_x, position_y, position_z, orientation, spawntimesecsmin, spawntimesecsmax, spawndist, MovementType) VALUES
(533980,31015,571,1,64,6602.973,3151.485,665.50867,0,300,300,7,1),
(533983,31015,571,1,64,6662.666,3263.7188,669.00415,0,300,300,7,1),
(534106,31015,571,1,64,6659.868,3213.4375,667.2164,0,300,300,7,1),
(534107,31015,571,1,64,6675.356,3175.7058,649.3781,0,300,300,0,4),
(534187,31015,571,1,64,6704.35,3161.24,654.531,0,300,300,7,1),
(534188,31015,571,1,64,6584.345,3271.7659,671.65533,0,300,300,0,4),
(536441,31015,571,1,64,6582.214,3155.764,665.9841,0,300,300,7,1),
(536442,31015,571,1,64,6648.0117,3241.77,669.97284,0,300,300,7,1),
(536443,31015,571,1,64,6537.38,3276.89,666.467,0,300,300,7,1),
(536444,31015,571,1,64,6520.04,3306.03,664.944,0,300,300,7,1),
(536445,31015,571,1,64,6533.65,3323.94,664.848,0,300,300,7,1),
(536446,31015,571,1,64,6556.78,3322.8,664.836,0,300,300,7,1),
(536447,31015,571,1,64,6545.93,3299.03,666.458,0,300,300,7,1),
(536448,31015,571,1,64,6584.23,3330.36,666.636,0,300,300,7,1),
(536449,31015,571,1,64,6524.84,3261.24,664.954,0,300,300,7,1),
(536450,31015,571,1,64,6610.58,3359.67,660.474,0,300,300,7,1),
(536451,31015,571,1,64,6497.326,3288.7844,664.80206,0,300,300,7,1),
(536452,31015,571,1,64,6431.66,3252.55,641.381,0,300,300,7,1),
(536453,31015,571,1,64,6429.88,3235.35,640.871,0,300,300,7,1),
(536454,31015,571,1,64,6420.1,3219.71,638.563,0,300,300,7,1),
(536455,31015,571,1,64,6496.78,3080.62,657.476,0,300,300,7,1),
(536456,31015,571,1,64,6471.89,3070.82,657.469,0,300,300,7,1),
(536457,31015,571,1,64,6462.16,3097.42,657.482,0,300,300,7,1),
(536458,31015,571,1,64,6450.02,3102.3,657.482,0,300,300,7,1),
(536459,31015,571,1,64,6422.65,3105.18,658.063,0,300,300,7,1),
(536460,31015,571,1,64,6458.92,3135.79,657.482,0,300,300,7,1),
(536461,31015,571,1,64,6440.74,3126.03,657.482,0,300,300,7,1),
(536462,31015,571,1,64,6463.24,3154.83,657.481,0,300,300,7,1),
(536463,31015,571,1,64,6437.02,3155.14,657.481,0,300,300,7,1),
(536464,31015,571,1,64,6498.057,3314.354,664.80206,0,300,300,7,1),
(536465,31015,571,1,64,6552.668,3351.1836,664.8021,0,300,300,7,1),
(536466,31015,571,1,64,6521.38,3474.07,595.712,0,300,300,7,1),
(536467,31015,571,1,64,6562.58,3434.76,599.483,0,300,300,7,1),
(536468,31015,571,1,64,6487.2,3444.62,596.427,0,300,300,7,1),
(536469,31015,571,1,64,6476.87,3452.71,595.548,0,300,300,7,1),
(536470,31015,571,1,64,6471.7,3433.89,596.026,0,300,300,7,1),
(536471,31015,571,1,64,6521.12,3448.39,596.724,0,300,300,7,1),
(536472,31015,571,1,64,6510.82,3422.62,597.985,0,300,300,7,1),
(536473,31015,571,1,64,6485.91,3408.03,595.984,0,300,300,7,1),
(536474,31015,571,1,64,6529.88,3411.4,598.631,0,300,300,7,1),
(536475,31015,571,1,64,6538.14,3452.23,597.496,0,300,300,7,1),
(536476,31015,571,1,64,6544.6025,3473.2505,595.4622,0,300,300,7,1),
(536477,31015,571,1,64,6500.56,3467.2566,595.9451,0,300,300,7,1),
(536478,31015,571,1,64,6686.96,3535.43,669.792,0,300,300,7,1),
(536479,31015,571,1,64,6671.41,3556.64,669.272,0,300,300,7,1),
(536480,31015,571,1,64,6751.77,3520.06,670.355,0,300,300,7,1),
(536481,31015,571,1,64,6763.22,3531.31,670.258,0,300,300,7,1),
(536482,31015,571,1,64,6717.35,3438.7,682.233,0,300,300,7,1),
(536483,31015,571,1,64,6720.25,3426.53,682.935,0,300,300,7,1),
(536484,31015,571,1,64,6605.65,3319.76,674.456,0,300,300,7,1),
(536485,31015,571,1,64,6932.54,3466.06,708.314,0,300,300,7,1),
(536486,31015,571,1,64,6953.6,3455.74,711.791,0,300,300,7,1),
(536487,31015,571,1,64,6965.91,3493.29,711.776,0,300,300,7,1),
(536488,31015,571,1,64,6912.51,3491.87,703.945,0,300,300,7,1),
(536489,31015,571,1,64,6917.7,3506.54,704.538,0,300,300,7,1),
(536490,31015,571,1,64,6866.54,3501.09,696.042,0,300,300,7,1),
(536491,31015,571,1,64,6838.69,3506.45,690.275,0,300,300,7,1),
(536492,31015,571,1,64,6815.61,3508.3,690.276,0,300,300,7,1);
-- Updates
UPDATE creature_template SET Faction = 2102, UnitFlags = 32768, MinLevel = 80, MaxLevel = 80, Expansion = 2 WHERE Entry = 31015;
-- waypoints
DELETE FROM creature_movement WHERE Id IN (534107,534188);
INSERT INTO creature_movement (id, point, positionx, positiony, positionz, orientation, waittime, scriptid) VALUES
-- 534107
(534107,1,6675.356,3175.7058,649.3781,100,1000,0),
(534107,2,6655.686,3181.3945,648.6889,100,0,0),
(534107,3,6627.71,3189.8962,648.1526,100,1000,0),
-- 534188
(534188,1,6584.345,3271.7659,671.65533,100,1000,0),
(534188,2,6593.9644,3262.507,672.44745,100,0,0),
(534188,3,6599.7334,3248.9446,671.1124,100,0,0),
(534188,4,6603.7437,3236.7478,669.7293,100,0,0),
(534188,5,6614.2134,3230.5076,668.2847,100,1000,0);
-- Ebon Blade Champion 30703
UPDATE creature_template SET Faction = 1770, UnitFlags = 32768, MinLevel = 80, MaxLevel = 80, UnitClass = 2, Expansion = 2, EquipmentTemplateId = 1029 WHERE Entry = 30703;
DELETE FROM creature_template_addon WHERE entry = 30703;
INSERT INTO creature_template_addon (entry, mount, stand_state, sheath_state, pvp_flags, emote, moveflags, auras) VALUES
(30703,25280,0,1,0,0,0,NULL);
-- Argent Paladin 30704
UPDATE creature_template SET Faction = 1770, UnitFlags = 32768, MinLevel = 80, MaxLevel = 80, UnitClass = 2, Expansion = 2, EquipmentTemplateId = 834 WHERE Entry = 30704;
DELETE FROM creature_template_addon WHERE entry = 30704;
INSERT INTO creature_template_addon (entry, mount, stand_state, sheath_state, pvp_flags, emote, moveflags, auras) VALUES
(30704,28919,0,1,0,0,0,NULL);
DELETE FROM creature_addon WHERE guid BETWEEN 536493 AND 536531;
DELETE FROM creature_movement WHERE id BETWEEN 536493 AND 536531;
DELETE FROM game_event_creature WHERE guid BETWEEN 536493 AND 536531;
DELETE FROM game_event_creature_data WHERE guid BETWEEN 536493 AND 536531;
DELETE FROM creature_battleground WHERE guid BETWEEN 536493 AND 536531;
DELETE FROM creature_linking WHERE guid BETWEEN 536493 AND 536531;
DELETE FROM creature WHERE guid BETWEEN 536493 AND 536531;
INSERT INTO creature (guid, id, map, spawnMask, phaseMask, position_x, position_y, position_z, orientation, spawntimesecsmin, spawntimesecsmax, spawndist, MovementType) VALUES
(536493,30704,571,1,64,6571.5396,3281.336,670.894,5.1138,300,300,0,4),
(536494,30704,571,1,64,6455.0103,3048.4514,657.4176,0.67409,300,300,0,4),
(536495,30704,571,1,64,6412.84,3096.7588,657.9145,0.87266,300,300,0,4),
(536496,30704,571,1,64,6427.0166,3196.2852,643.75494,2.932,300,300,0,4),
(536497,30704,571,1,64,6454.889,3447.8313,595.4623,1.117,300,300,0,4),
(536498,30704,571,1,64,6489.0405,3488.05,595.4623,1.2566,300,300,0,4),
(536499,30704,571,1,64,6562.3228,3406.288,612.2682,3.1939,300,300,0,4),
(536500,30704,571,1,64,6686.2803,3411.829,672.27454,3.7,300,300,0,4),
(536501,30704,571,1,64,6627.53,3325.4246,686.73834,3.0368,300,300,0,4),
(536502,30704,571,1,64,6813.7866,3453.812,696.47705,2.007,300,300,0,4),
(536503,30704,571,1,64,6845.742,3416.736,725.03516,1.239,300,300,0,4),
(536504,30704,571,1,64,6881.4634,3414.4915,718.7579,3.78736,300,300,0,4),
(536505,30704,571,1,64,6772.28,3468.4,673.126,3.78475,300,300,0,4),
(536506,30704,571,1,64,6456.79,3180.62,658.427,4.62137,300,300,0,0), -- SGroup 1
(536507,0,571,1,64,6456.79,3180.62,658.427,4.62137,300,300,0,0), -- SGroup 1
(536508,30704,571,1,64,6456.79,3180.62,658.427,4.62137,300,300,0,0), -- SGroup 1
(536509,30704,571,1,64,6471.077,3318.8772,616.4919,0,300,300,0,0), -- SGroup 2
(536510,0,571,1,64,6471.077,3318.8772,616.4919,0,300,300,0,0), -- SGroup 2
(536511,30704,571,1,64,6471.077,3318.8772,616.4919,0,300,300,0,0), -- SGroup 2
(536512,30704,571,1,64,6509.0195,3212.6987,658.4735,5.026,300,300,0,0), -- SGroup 3
(536513,0,571,1,64,6509.0195,3212.6987,658.4735,5.026,300,300,0,0), -- SGroup 3
(536514,30704,571,1,64,6509.0195,3212.6987,658.4735,5.026,300,300,0,0), -- SGroup 3
(536515,30704,571,1,64,6520.7666,3016.3547,651.1102,1.4165,300,300,0,0), -- SGroup 4
(536516,0,571,1,64,6520.7666,3016.3547,651.1102,1.4165,300,300,0,0), -- SGroup 4
(536517,30704,571,1,64,6520.7666,3016.3547,651.1102,1.4165,300,300,0,0), -- SGroup 4
(536518,30704,571,1,64,6462.88,3253.8618,641.1767,0.04091,300,300,0,0), -- SGroup 5
(536519,0,571,1,64,6462.88,3253.8618,641.1767,0.04091,300,300,0,0), -- SGroup 5
(536520,30704,571,1,64,6462.88,3253.8618,641.1767,0.04091,300,300,0,0), -- SGroup 5
(536521,30704,571,1,64,6605.853,3355.1711,662.08746,2.164,300,300,0,0), -- SGroup 6
(536522,0,571,1,64,6605.853,3355.1711,662.08746,2.164,300,300,0,0), -- SGroup 6
(536523,30704,571,1,64,6605.853,3355.1711,662.08746,2.164,300,300,0,0), -- SGroup 6
(536524,30704,571,1,64,6631.818,3465.9473,616.8607,3.3562,300,300,0,0), -- SGroup 7
(536525,0,571,1,64,6631.818,3465.9473,616.8607,3.3562,300,300,0,0), -- SGroup 7
(536526,30704,571,1,64,6631.818,3465.9473,616.8607,3.3562,300,300,0,0), -- SGroup 7
(536527,30704,571,1,64,7032.604,3450.507,696.1634,5.27089,300,300,0,0), -- SGroup 8
(536528,0,571,1,64,7032.604,3450.507,696.1634,5.27089,300,300,0,0), -- SGroup 8
(536529,30704,571,1,64,7032.604,3450.507,696.1634,5.27089,300,300,0,0), -- SGroup 8
(536530,30704,571,1,64,6823.0547,3449.8604,701.5168,1.500,300,300,0,0), -- SGroup 9
(536531,0,571,1,64,6823.0547,3449.8604,701.5168,1.500,300,300,0,0); -- SGroup 9
DELETE FROM `creature_spawn_entry` WHERE `guid` BETWEEN 536493 AND 536531;
INSERT INTO `creature_spawn_entry` (`guid`, `entry`) VALUES
(536507, 30703),(536510, 30703),(536513, 30703),(536516, 30703),
(536519, 30703),(536522, 30703),(536525, 30703),(536528, 30703),
(536531, 30703);
-- waypoints
DELETE FROM creature_movement WHERE Id BETWEEN 536493 AND 536505;
INSERT INTO creature_movement (id, point, positionx, positiony, positionz, orientation, waittime, scriptid) VALUES
-- 536493
(536493,1,6571.5396,3281.336,670.894,100,1000,5),
(536493,2,6556.27,3293.33,669.099,100,0,0),
(536493,3,6538.17,3306.67,664.945,100,0,0),
(536493,4,6522.24,3317.81,664.836,100,1000,0),
-- 536494
(536494,1,6455.0103,3048.4514,657.4176,100,1000,5),
(536494,2,6462.17,3062.39,657.605,100,0,0),
(536494,3,6463.04,3087.37,657.481,100,1000,0),
-- 536495
(536495,1,6425.56,3107.43,657.714,100,1000,5),
(536495,2,6425.56,3107.43,657.714,100,0,0),
(536495,3,6451.19,3123.34,657.482,100,1000,0),
-- 536496
(536496,1,6427.0166,3196.2852,643.75494,100,1000,5),
(536496,2,6415.79,3214.14,639.712,100,0,0),
(536496,3,6421.36,3231.45,640.881,100,0,0),
(536496,4,6422.28,3255.36,639.642,100,1000,0),
-- 536497
(536497,1,6454.889,3447.8313,595.4623,100,1000,5),
(536497,2,6465.85,3445.46,595.536,100,0,0),
(536497,3,6500.58,3443.06,595.842,100,1000,0),
-- 536498
(536498,1,6489.0405,3488.05,595.4623,100,1000,5),
(536498,2,6491.6,3475.9,595.459,100,0,0),
(536498,3,6504.61,3445.55,595.777,100,1000,0),
-- 536499
(536499,1,6562.3228,3406.288,612.2682,100,1000,5),
(536499,2,6550.108,3407.769,603.4395,100,0,0),
(536499,3,6524.0063,3418.6794,598.61975,100,0,0),
(536499,4,6502.9,3426.88,596.786,100,1000,0),
-- 536500
(536500,1,6686.2803,3411.829,672.27454,100,1000,5),
(536500,2,6697.14,3417.6,677.112,100,0,0),
(536500,3,6707.5,3425.34,681.676,100,0,0),
(536500,4,6716.94,3435.33,682.195,100,1000,0),
-- 536501
(536501,1,6627.53,3325.4246,686.73834,100,1000,5),
(536501,2,6641.6216,3327.1292,693.2988,100,0,0),
(536501,3,6665.0283,3341.8738,703.7702,100,0,0),
(536501,4,6670.0063,3357.2622,704.15137,100,1000,0),
-- 536502
(536502,1,6813.7866,3453.812,696.47705,100,1000,5),
(536502,2,6816.309,3467.189,691.266,100,0,0),
(536502,3,6817.3765,3476.26,687.0049,100,0,0),
(536502,4,6824.467,3490.8633,689.9051,100,0,0),
(536502,5,6829.803,3505.2263,690.2744,100,1000,0),
-- 536503
(536503,1,6845.742,3416.736,725.03516,100,1000,5),
(536503,2,6862.556,3419.9338,717.188,100,0,0),
(536503,3,6868.306,3435.6838,705.938,100,0,0),
(536503,4,6873.87,3451.1316,699.3408,100,1000,0),
-- 536504
(536504,1,6881.4634,3414.4915,718.7579,100,1000,5),
(536504,2,6891.0176,3435.3147,707.099,100,0,0),
(536504,3,6890.774,3447.9517,701.6837,100,1000,0),
-- 536505
(536505,1,6772.28,3468.4,673.126,100,1000,5),
(536505,2,6755.68,3456.97,675.535,100,0,0),
(536505,3,6742.95,3444.25,679.65,100,0,0),
(536505,4,6726.09,3432.36,682.194,100,1000,0);
-- Spawn Groups
-- Group 1
DELETE FROM `spawn_group` WHERE id = 34146;
INSERT INTO `spawn_group` (`Id`, `Name`, `Type`, `MaxCount`, `WorldState`, `Flags`) VALUES
(34146, 'Icecrown - The Fleshwerks (Phase 64) - Ebon Blade Champion 30703 / Argent Paladin 30704 x3 - Patrol 1', 0, 0, 0, 0x02);
DELETE FROM `spawn_group_spawn` WHERE id = 34146;
INSERT INTO `spawn_group_spawn` (`Id`, `Guid`, `SlotId`) VALUES
(34146, 536506, 0),
(34146, 536507, 1),
(34146, 536508, 2);
DELETE FROM `spawn_group_formation` WHERE id IN (34146);
INSERT INTO `spawn_group_formation` (`Id`, `FormationType`, `FormationSpread`, `FormationOptions`, `PathId`, `MovementType`, `Comment`) VALUES
(34146, 2, 4, 0, 34146, 4,'Icecrown - The Fleshwerks (Phase 64) - Ebon Blade Champion 30703 / Argent Paladin 30704 x3 - Patrol 1');
DELETE FROM `waypoint_path` WHERE PathId IN (34146);
INSERT INTO `waypoint_path` (`PathId`, `Point`, `PositionX`, `PositionY`,`PositionZ`, `Orientation`, `WaitTime`, `ScriptId`) VALUES
(34146,1,6456.79,3180.62,658.427,100,5000,5),
(34146,2,6454.02,3164.14,657.481,100,0,0),
(34146,3,6451.19,3129.56,657.481,100,0,0);
DELETE FROM `waypoint_path_name` WHERE PathId IN (34146);
INSERT INTO `waypoint_path_name` (`PathId`, `Name`) VALUES
(34146,'Icecrown - The Fleshwerks (Phase 64) - Ebon Blade Champion 30703 / Argent Paladin 30704 x3 - Patrol 1');
-- Group 2
DELETE FROM `spawn_group` WHERE id = 34147;
INSERT INTO `spawn_group` (`Id`, `Name`, `Type`, `MaxCount`, `WorldState`, `Flags`) VALUES
(34147, 'Icecrown - The Fleshwerks (Phase 64) - Ebon Blade Champion 30703 / Argent Paladin 30704 x3 - Patrol 2', 0, 0, 0, 0x02);
DELETE FROM `spawn_group_spawn` WHERE id = 34147;
INSERT INTO `spawn_group_spawn` (`Id`, `Guid`, `SlotId`) VALUES
(34147, 536509, 0),
(34147, 536510, 1),
(34147, 536511, 2);
DELETE FROM `spawn_group_formation` WHERE id IN (34147);
INSERT INTO `spawn_group_formation` (`Id`, `FormationType`, `FormationSpread`, `FormationOptions`, `PathId`, `MovementType`, `Comment`) VALUES
(34147, 3, 3, 0, 34147, 4,'Icecrown - The Fleshwerks (Phase 64) - Ebon Blade Champion 30703 / Argent Paladin 30704 x3 - Patrol 2');
DELETE FROM `waypoint_path` WHERE PathId IN (34147);
INSERT INTO `waypoint_path` (`PathId`, `Point`, `PositionX`, `PositionY`,`PositionZ`, `Orientation`, `WaitTime`, `ScriptId`) VALUES
(34147,1,6471.077,3318.8772,616.4919,100,1000,5),
(34147,2,6480.8813,3351.5334,605.69525,100,0,0),
(34147,3,6489.9175,3386.6355,598.10767,100,0,0),
(34147,4,6489.31,3409.01,596.012,100,0,0),
(34147,5,6491.14,3422.22,595.834,100,0,0),
(34147,6,6496.71,3437.51,595.78,100,0,0),
(34147,7,6509.67,3452.65,596.262,100,0,0);
DELETE FROM `waypoint_path_name` WHERE PathId IN (34147);
INSERT INTO `waypoint_path_name` (`PathId`, `Name`) VALUES
(34147,'Icecrown - The Fleshwerks (Phase 64) - Ebon Blade Champion 30703 / Argent Paladin 30704 x3 - Patrol 2');
-- Group 3
DELETE FROM `spawn_group` WHERE id = 34148;
INSERT INTO `spawn_group` (`Id`, `Name`, `Type`, `MaxCount`, `WorldState`, `Flags`) VALUES
(34148, 'Icecrown - The Fleshwerks (Phase 64) - Ebon Blade Champion 30703 / Argent Paladin 30704 x3 - Patrol 3', 0, 0, 0, 0x02);
DELETE FROM `spawn_group_spawn` WHERE id = 34148;
INSERT INTO `spawn_group_spawn` (`Id`, `Guid`, `SlotId`) VALUES
(34148, 536512, 0),
(34148, 536513, 1),
(34148, 536514, 2);
DELETE FROM `spawn_group_formation` WHERE id IN (34148);
INSERT INTO `spawn_group_formation` (`Id`, `FormationType`, `FormationSpread`, `FormationOptions`, `PathId`, `MovementType`, `Comment`) VALUES
(34148, 1, 3, 0, 34148, 4,'Icecrown - The Fleshwerks (Phase 64) - Ebon Blade Champion 30703 / Argent Paladin 30704 x3 - Patrol 3');
DELETE FROM `waypoint_path` WHERE PathId IN (34148);
INSERT INTO `waypoint_path` (`PathId`, `Point`, `PositionX`, `PositionY`,`PositionZ`, `Orientation`, `WaitTime`, `ScriptId`) VALUES
(34148,1,6509.0195,3212.6987,658.4735,100,1000,5),
(34148,2,6530.263,3252.0955,666.7457,100,0,0),
(34148,3,6526.64,3279.64,664.868,100,0,0),
(34148,4,6528.47,3310.94,665.269,100,0,0);
DELETE FROM `waypoint_path_name` WHERE PathId IN (34148);
INSERT INTO `waypoint_path_name` (`PathId`, `Name`) VALUES
(34148,'Icecrown - The Fleshwerks (Phase 64) - Ebon Blade Champion 30703 / Argent Paladin 30704 x3 - Patrol 3');
-- Group 4
DELETE FROM `spawn_group` WHERE id = 34149;
INSERT INTO `spawn_group` (`Id`, `Name`, `Type`, `MaxCount`, `WorldState`, `Flags`) VALUES
(34149, 'Icecrown - The Fleshwerks (Phase 64) - Ebon Blade Champion 30703 / Argent Paladin 30704 x3 - Patrol 4', 0, 0, 0, 0x02);
DELETE FROM `spawn_group_spawn` WHERE id = 34149;
INSERT INTO `spawn_group_spawn` (`Id`, `Guid`, `SlotId`) VALUES
(34149, 536515, 0),
(34149, 536516, 1),
(34149, 536517, 2);
DELETE FROM `spawn_group_formation` WHERE id IN (34149);
INSERT INTO `spawn_group_formation` (`Id`, `FormationType`, `FormationSpread`, `FormationOptions`, `PathId`, `MovementType`, `Comment`) VALUES
(34149, 2, 4, 0, 34149, 4,'Icecrown - The Fleshwerks (Phase 64) - Ebon Blade Champion 30703 / Argent Paladin 30704 x3 - Patrol 4');
DELETE FROM `waypoint_path` WHERE PathId IN (34149);
INSERT INTO `waypoint_path` (`PathId`, `Point`, `PositionX`, `PositionY`,`PositionZ`, `Orientation`, `WaitTime`, `ScriptId`) VALUES
(34149,1,6520.7666,3016.3547,651.1102,100,1000,5),
(34149,2,6518.9893,3041.8586,652.2955,100,0,0),
(34149,3,6510.86,3062.39,656.889,100,0,0),
(34149,4,6496.97,3073.29,657.462,100,0,0),
(34149,5,6475.61,3085.39,657.483,100,0,0),
(34149,6,6454.73,3098.23,657.482,100,0,0);
DELETE FROM `waypoint_path_name` WHERE PathId IN (34149);
INSERT INTO `waypoint_path_name` (`PathId`, `Name`) VALUES
(34149,'Icecrown - The Fleshwerks (Phase 64) - Ebon Blade Champion 30703 / Argent Paladin 30704 x3 - Patrol 4');
-- Group 5
DELETE FROM `spawn_group` WHERE id = 34150;
INSERT INTO `spawn_group` (`Id`, `Name`, `Type`, `MaxCount`, `WorldState`, `Flags`) VALUES
(34150, 'Icecrown - The Fleshwerks (Phase 64) - Ebon Blade Champion 30703 / Argent Paladin 30704 x3 - Patrol 5', 0, 0, 0, 0x02);
DELETE FROM `spawn_group_spawn` WHERE id = 34150;
INSERT INTO `spawn_group_spawn` (`Id`, `Guid`, `SlotId`) VALUES
(34150, 536518, 0),
(34150, 536519, 1),
(34150, 536520, 2);
DELETE FROM `spawn_group_formation` WHERE id IN (34150);
INSERT INTO `spawn_group_formation` (`Id`, `FormationType`, `FormationSpread`, `FormationOptions`, `PathId`, `MovementType`, `Comment`) VALUES
(34150, 3, 4, 0, 34150, 4,'Icecrown - The Fleshwerks (Phase 64) - Ebon Blade Champion 30703 / Argent Paladin 30704 x3 - Patrol 5');
DELETE FROM `waypoint_path` WHERE PathId IN (34150);
INSERT INTO `waypoint_path` (`PathId`, `Point`, `PositionX`, `PositionY`,`PositionZ`, `Orientation`, `WaitTime`, `ScriptId`) VALUES
(34150,1,6462.88,3253.8618,641.1767,100,1000,5),
(34150,2,6447.4326,3235.8557,643.2698,100,0,0),
(34150,3,6429.9834,3234.2417,640.7151,100,0,0),
(34150,4,6418.11,3225.61,638.502,100,0,0);
DELETE FROM `waypoint_path_name` WHERE PathId IN (34150);
INSERT INTO `waypoint_path_name` (`PathId`, `Name`) VALUES
(34150,'Icecrown - The Fleshwerks (Phase 64) - Ebon Blade Champion 30703 / Argent Paladin 30704 x3 - Patrol 5');
-- Group 6
DELETE FROM `spawn_group` WHERE id = 34151;
INSERT INTO `spawn_group` (`Id`, `Name`, `Type`, `MaxCount`, `WorldState`, `Flags`) VALUES
(34151, 'Icecrown - The Fleshwerks (Phase 64) - Ebon Blade Champion 30703 / Argent Paladin 30704 x3 - Patrol 6', 0, 0, 0, 0x02);
DELETE FROM `spawn_group_spawn` WHERE id = 34151;
INSERT INTO `spawn_group_spawn` (`Id`, `Guid`, `SlotId`) VALUES
(34151, 536521, 0),
(34151, 536522, 1),
(34151, 536523, 2);
DELETE FROM `spawn_group_formation` WHERE id IN (34151);
INSERT INTO `spawn_group_formation` (`Id`, `FormationType`, `FormationSpread`, `FormationOptions`, `PathId`, `MovementType`, `Comment`) VALUES
(34151, 3, 4, 0, 34151, 4,'Icecrown - The Fleshwerks (Phase 64) - Ebon Blade Champion 30703 / Argent Paladin 30704 x3 - Patrol 6');
DELETE FROM `waypoint_path` WHERE PathId IN (34151);
INSERT INTO `waypoint_path` (`PathId`, `Point`, `PositionX`, `PositionY`,`PositionZ`, `Orientation`, `WaitTime`, `ScriptId`) VALUES
(34151,1,6605.853,3355.1711,662.08746,100,1000,5),
(34151,2,6590.4336,3331.8225,667.1674,100,0,0),
(34151,3,6575.716,3323.5103,666.4931,100,0,0),
(34151,4,6546.48,3311.76,665.247,100,0,0);
DELETE FROM `waypoint_path_name` WHERE PathId IN (34151);
INSERT INTO `waypoint_path_name` (`PathId`, `Name`) VALUES
(34151,'Icecrown - The Fleshwerks (Phase 64) - Ebon Blade Champion 30703 / Argent Paladin 30704 x3 - Patrol 6');
-- Group 7
DELETE FROM `spawn_group` WHERE id = 34152;
INSERT INTO `spawn_group` (`Id`, `Name`, `Type`, `MaxCount`, `WorldState`, `Flags`) VALUES
(34152, 'Icecrown - The Fleshwerks (Phase 64) - Ebon Blade Champion 30703 / Argent Paladin 30704 x3 - Patrol 6', 0, 0, 0, 0x02);
DELETE FROM `spawn_group_spawn` WHERE id = 34152;
INSERT INTO `spawn_group_spawn` (`Id`, `Guid`, `SlotId`) VALUES
(34152, 536524, 0),
(34152, 536525, 1),
(34152, 536526, 2);
DELETE FROM `spawn_group_formation` WHERE id IN (34152);
INSERT INTO `spawn_group_formation` (`Id`, `FormationType`, `FormationSpread`, `FormationOptions`, `PathId`, `MovementType`, `Comment`) VALUES
(34152, 3, 4, 0, 34152, 4,'Icecrown - The Fleshwerks (Phase 64) - Ebon Blade Champion 30703 / Argent Paladin 30704 x3 - Patrol 7');
DELETE FROM `waypoint_path` WHERE PathId IN (34152);
INSERT INTO `waypoint_path` (`PathId`, `Point`, `PositionX`, `PositionY`,`PositionZ`, `Orientation`, `WaitTime`, `ScriptId`) VALUES
(34152,1,6631.818,3465.9473,616.8607,100,1000,5),
(34152,2,6604.74,3459.63,605.892,100,0,0),
(34152,3,6583.91,3454.78,599.453,100,0,0),
(34152,4,6569.4,3449.71,598.541,100,0,0),
(34152,5,6551.44,3446.66,598.257,100,0,0),
(34152,6,6536.01,3446.9,597.487,100,0,0),
(34152,7,6510.6,3446.73,596.133,100,0,0);
DELETE FROM `waypoint_path_name` WHERE PathId IN (34152);
INSERT INTO `waypoint_path_name` (`PathId`, `Name`) VALUES
(34152,'Icecrown - The Fleshwerks (Phase 64) - Ebon Blade Champion 30703 / Argent Paladin 30704 x3 - Patrol 7');
-- Group 8
DELETE FROM `spawn_group` WHERE id = 34153;
INSERT INTO `spawn_group` (`Id`, `Name`, `Type`, `MaxCount`, `WorldState`, `Flags`) VALUES
(34153, 'Icecrown - The Fleshwerks (Phase 64) - Ebon Blade Champion 30703 / Argent Paladin 30704 x3 - Patrol 8', 0, 0, 0, 0x02);
DELETE FROM `spawn_group_spawn` WHERE id = 34153;
INSERT INTO `spawn_group_spawn` (`Id`, `Guid`, `SlotId`) VALUES
(34153, 536527, 0),
(34153, 536528, 1),
(34153, 536529, 2);
DELETE FROM `spawn_group_formation` WHERE id IN (34153);
INSERT INTO `spawn_group_formation` (`Id`, `FormationType`, `FormationSpread`, `FormationOptions`, `PathId`, `MovementType`, `Comment`) VALUES
(34153, 2, 4, 0, 34153, 4,'Icecrown - The Fleshwerks (Phase 64) - Ebon Blade Champion 30703 / Argent Paladin 30704 x3 - Patrol 8');
DELETE FROM `waypoint_path` WHERE PathId IN (34153);
INSERT INTO `waypoint_path` (`PathId`, `Point`, `PositionX`, `PositionY`,`PositionZ`, `Orientation`, `WaitTime`, `ScriptId`) VALUES
(34153,1,7032.604,3450.507,696.1634,100,5000,5),
(34153,2,7004.4565,3458.5862,698.72266,100,0,0),
(34153,3,6993.7725,3462.5188,704.21454,100,0,0),
(34153,4,6974.449,3470.5498,710.9134,100,0,0),
(34153,5,6955.49,3473.63,709.898,100,0,0),
(34153,6,6963.75,3497.36,711.106,100,0,0),
(34153,7,6962.95,3516.38,715.804,100,0,0);
DELETE FROM `waypoint_path_name` WHERE PathId IN (34153);
INSERT INTO `waypoint_path_name` (`PathId`, `Name`) VALUES
(34153,'Icecrown - The Fleshwerks (Phase 64) - Ebon Blade Champion 30703 / Argent Paladin 30704 x3 - Patrol 8');
-- Group 9
DELETE FROM `spawn_group` WHERE id = 34154;
INSERT INTO `spawn_group` (`Id`, `Name`, `Type`, `MaxCount`, `WorldState`, `Flags`) VALUES
(34154, 'Icecrown - The Fleshwerks (Phase 64) - Ebon Blade Champion 30703 / Argent Paladin 30704 x3 - Patrol 9', 0, 0, 0, 0x02);
DELETE FROM `spawn_group_spawn` WHERE id = 34154;
INSERT INTO `spawn_group_spawn` (`Id`, `Guid`, `SlotId`) VALUES
(34154, 536530, 0),
(34154, 536531, 1);
DELETE FROM `spawn_group_formation` WHERE id IN (34154);
INSERT INTO `spawn_group_formation` (`Id`, `FormationType`, `FormationSpread`, `FormationOptions`, `PathId`, `MovementType`, `Comment`) VALUES
(34154, 1, 4, 0, 34154, 4,'Icecrown - The Fleshwerks (Phase 64) - Ebon Blade Champion 30703 / Argent Paladin 30704 x3 - Patrol 9');
DELETE FROM `waypoint_path` WHERE PathId IN (34154);
INSERT INTO `waypoint_path` (`PathId`, `Point`, `PositionX`, `PositionY`,`PositionZ`, `Orientation`, `WaitTime`, `ScriptId`) VALUES
(34154,1,6823.0547,3449.8604,701.5168,100,1000,5),
(34154,2,6821.593,3461.8447,696.8956,100,0,0),
(34154,3,6823.093,3471.0947,690.1456,100,0,0),
(34154,4,6830.1313,3504.829,690.2744,100,0,0);
DELETE FROM `waypoint_path_name` WHERE PathId IN (34154);
INSERT INTO `waypoint_path_name` (`PathId`, `Name`) VALUES
(34154,'Icecrown - The Fleshwerks (Phase 64) - Ebon Blade Champion 30703 / Argent Paladin 30704 x3 - Patrol 9');
