-- q.13403 'Tirion's Gambit' -- A
-- q.13364 'Tirion's Gambit' -- H
-- Updated
DELETE FROM spell_area WHERE spell = 49416;
INSERT INTO spell_area (spell, area, quest_start, quest_start_active, quest_end, condition_id, aura_spell, racemask, gender, autocast) VALUES
(49416,4206,0,0,12431,0,0,0,2,1), -- Conquest Hold
(49416,4248,0,0,12431,0,0,0,2,1), -- The Conquest Pit
(49416,4509,0,0,0,20805,0,0,2,1), -- The Bombardment
(49416,4521,13403,1,13403,0,0,1101,2,1), -- Cathedral of Darkness
(49416,4521,13364,1,13364,0,0,690,2,1), -- Cathedral of Darkness
(49416,4533,0,0,0,20822,0,0,2,1), -- Sindragosa's Fall
(49416,4537,0,0,0,20805,0,0,2,1), -- The Valley of Lost Hope
(49416,4622,0,0,0,20805,0,0,2,1); -- First Legion Forward Camp

-- Gameobject
DELETE FROM game_event_gameobject WHERE guid IN (521250,521251);
DELETE FROM gameobject_battleground WHERE guid IN (521250,521251);
DELETE FROM gameobject WHERE guid IN (521250,521251);
INSERT INTO gameobject (guid, id, map, spawnMask, PhaseMask, position_x, position_y, position_z, orientation, rotation0, rotation1, rotation2, rotation3, spawntimesecsmin, spawntimesecsmax) VALUES
-- Frozen Heart 193794
(521250,193794,571,1,1,6132.5425,2760.7634,573.914,5.497789,0,0,-0.3826828,0.9238798,-155,-155),
-- Escape Portal 193941
(521251,193941,571,1,1,6133.566,2757.8167,573.914,4.6949368,0,0,-0.71325016,0.70090955,-120,-120);
-- summoned during event
DELETE FROM creature_addon WHERE guid = 504802;
DELETE FROM creature_movement WHERE id = 504802;
DELETE FROM game_event_creature WHERE guid = 504802;
DELETE FROM game_event_creature_data WHERE guid = 504802;
DELETE FROM creature_battleground WHERE guid = 504802;
DELETE FROM creature_linking WHERE guid = 504802;
DELETE FROM creature WHERE guid = 504802;

-- Creature
-- missing added
DELETE FROM creature_addon WHERE guid BETWEEN 536767 AND 536773;
DELETE FROM creature_movement WHERE id BETWEEN 536767 AND 536773;
DELETE FROM game_event_creature WHERE guid BETWEEN 536767 AND 536773;
DELETE FROM game_event_creature_data WHERE guid BETWEEN 536767 AND 536773;
DELETE FROM creature_battleground WHERE guid BETWEEN 536767 AND 536773;
DELETE FROM creature_linking WHERE guid BETWEEN 536767 AND 536773;
DELETE FROM creature WHERE guid BETWEEN 536767 AND 536773;
INSERT INTO creature (guid, id, map, spawnMask, phaseMask, position_x, position_y, position_z, orientation, spawntimesecsmin, spawntimesecsmax, spawndist, MovementType) VALUES
-- Highlord Tirion Fordring 32239
(536767,32239,571,1,1,6240.595,2658.8455,570.3328,5.8643,30,30,0,0),
-- Disguised Crusader 32241
(536768,32241,571,1,1,6252.46,2665.3594,570.3328,3.9793,30,30,0,0),
(536769,32241,571,1,1,6250.4507,2656.4363,570.33276,2.199,30,30,0,0),
(536770,32241,571,1,1,6243.4526,2667.7197,570.33276,5.4105,30,30,0,0),
-- Chosen Zealot 32175
(536771,32175,571,1,1,6169.452,2680.8914,573.9974,1.9722,30,30,0,0), -- part of formation
(536772,32175,571,1,1,6169.452,2680.8914,573.9974,1.9722,30,30,0,0), -- part of formation
(536773,32175,571,1,1,6169.452,2680.8914,573.9974,1.9722,30,30,0,0); -- part of formation
-- Updates
-- Disguised Crusader 32241
UPDATE creature_template SET Faction = 2070, MinLevel = 80, MaxLevel = 80, NpcFlags = 0, UnitClass = 2, UnitFlags = 0, EquipmentTemplateId = 319 WHERE Entry = 32241;
DELETE FROM creature_template_addon WHERE entry IN (32241);
INSERT INTO creature_template_addon (entry, mount, stand_state, sheath_state, pvp_flags, emote, moveflags, auras) VALUES
(32241,0,0,1,0,0,0,'49414');
-- Highlord Tirion Fordring 32239
UPDATE creature_template SET Faction = 2070, MinLevel = 83, MaxLevel = 83, NpcFlags = 1, UnitClass = 1, UnitFlags = 32832, GossipMenuId = 10200 WHERE Entry = 32239;
DELETE FROM creature_template_addon WHERE entry IN (32239);
INSERT INTO creature_template_addon (entry, mount, stand_state, sheath_state, pvp_flags, emote, moveflags, auras) VALUES
(32239,0,0,1,0,0,0,'49414');
DELETE FROM `gossip_menu` WHERE `entry` IN (10200);
INSERT INTO `gossip_menu` (`entry`, `text_id`, `script_id`, `condition_id`) VALUES
(10200, 14159, 0, 0), -- default
(10200, 14160, 0, 20840);
DELETE FROM npc_text_broadcast_text WHERE Id IN(14159,14160);
INSERT INTO npc_text_broadcast_text(Id,Prob0,BroadcastTextId0) VALUES
(14159,1,32931),
(14160,1,32932);
DELETE FROM npc_text WHERE id IN (14159,14160);
DELETE FROM gossip_menu_option WHERE menu_id IN (10200);
INSERT INTO gossip_menu_option (menu_id, id, option_icon, option_text, option_broadcast_text, option_id, npc_option_npcflag, action_menu_id, action_poi_id, action_script_id, box_coded, box_money, box_text, box_broadcast_text, condition_id) VALUES
(10200,0,0,'I\'m ready, Highlord.',32933,1,1,-1,0,1020001,0,0,NULL,0,20840);
DELETE FROM conditions WHERE condition_entry = 20840;
INSERT INTO conditions (condition_entry, `type`, value1, value2, value3, flags, comments) VALUES
(20840,1,61131,0,0,0,'');
DELETE FROM dbscripts_on_gossip WHERE id IN (1020001);
INSERT INTO dbscripts_on_gossip (id, delay, command, datalong, datalong2, datalong3, buddy_entry, search_radius, data_flags, dataint, dataint2, dataint3, dataint4, x, y, z, o, comments) VALUES
(1020001,1,21,1,0,0,0,0,0x04,0,0,0,0,0,0,0,0,'Active'),
(1020001,2,29,1,0,0,0,0,0x04,0,0,0,0,0,0,0,0,'Remove NPcFlags'),
(1020001,3,20,2,1,0,0,0,0x04,0,0,0,0,0,0,0,0,'Set Path1'),
(1020001,4,35,5,20,0,0,0,0x04,0,0,0,0,0,0,0,0,'send event 5'),
(1020001,5,10,32272,600000,0,0,0,6|0x08,0,0,0,0,6131.2627,2763.7249,573.9973,5.13126,'summon High Invoker Basaleph 32272'),
(1020001,6,10,24042,600000,0,0,0,6|0x08,0,0,0,0,6132.37988,2760.76,573.99700,4.3633,'summon Generic Trigger LAB 24042');
DELETE FROM creature_movement_template WHERE Entry = 32239;
INSERT INTO creature_movement_template (`Entry`, `Pathid`, `Point`, `PositionX`, `PositionY`, `PositionZ`, `Orientation`, `WaitTime`, `ScriptId`) VALUES
-- Path 1
(32239,1,1,6240.595,2658.8455,570.3328,5.8643,3000,3223901),
(32239,1,2,6241.0107,2653.9224,570.54114,100,0,0),
(32239,1,3,6239.0107,2644.9224,570.54114,100,0,0),
(32239,1,4,6224.0107,2631.4224,570.54114,100,0,0),
(32239,1,5,6207.0107,2627.9224,570.54114,100,0,0),
(32239,1,6,6193.2607,2629.1724,570.54114,100,0,0),
(32239,1,7,6188.4263,2638.499,570.24945,100,8000,0),
(32239,1,8,6188.4263,2638.499,570.24945,100,100,3223902),
(32239,1,9,6181.5996,2656.623,573.5817,100,0,0),
(32239,1,10,6174.3496,2672.123,574.3317,100,0,0),
(32239,1,11,6164.5996,2692.873,574.0817,100,0,0),
(32239,1,12,6154.5996,2714.373,574.0817,100,0,0),
(32239,1,13,6146.0996,2732.873,574.0817,100,0,0),
(32239,1,14,6160.5996,2743.623,574.0817,100,0,0),
(32239,1,15,6170.0996,2753.873,574.0817,100,0,0),
(32239,1,16,6165.7725,2760.7473,573.914,100,66000,3223903),
-- Path 2
(32239,2,1,6165.7725,2760.7473,573.914,100,100,3223904),
(32239,2,2,6169.1396,2758.2244,574.164,100,0,0),
(32239,2,3,6163.6396,2756.2244,574.164,100,0,0),
(32239,2,4,6156.6396,2756.7244,574.164,100,0,0),
(32239,2,5,6142.5073,2757.7014,573.914,100,1000,3);
DELETE FROM dbscripts_on_creature_movement WHERE id BETWEEN 3223901 AND 3223904;
INSERT INTO dbscripts_on_creature_movement (id, delay, command, datalong, datalong2, datalong3, buddy_entry, search_radius, data_flags, dataint, dataint2, dataint3, dataint4, x, y, z, o, comments) VALUES
(3223901,100,0,0,0,0,0,0,0x04,32578,0,0,0,0,0,0,0,'Say'),
(3223902,1,0,0,0,0,0,0,0x04,32616,0,0,0,0,0,0,0,'Say'),
(3223902,10,35,6,40,0,0,0,0,0,0,0,0,0,0,0,0,'Send event 6'), -- makes path 2 for all
(3223903,1,53,0,0,0,0,0,0,34156,1,0,0,0,0,0,0,'Set worldstate variable to 1'), -- on
(3223903,3000,0,0,0,0,0,0,0x04,32619,0,0,0,0,0,0,0,'Say'), -- 01:02:53.328 - Here it comes.  Stand ready. 
(3223903,53000,0,0,0,0,0,0,0x04,32620,0,0,0,0,0,0,0,'Say'), -- 01:03:43.687 - Something's wrong... I sense a dark presence.
(3223903,53600,10,32184,600000,0,0,0,0x04,0,0,0,0,6180.016,2658.279,573.9008,1.9994,'Summon 32184'), -- 01:03:44.252
(3223903,63000,0,0,0,0,0,0,0x04,32621,0,0,0,0,0,0,0,'Say'), -- 01:03:53.263 - The Lich King is here.  May the Light guide our blades.
(3223903,64500,3,0,0,0,0,0,0x04,0,0,0,0,0,0,0,4.72897,'move'), -- 01:03:54.778
(3223903,64600,20,0,0,0,0,0,0x04,0,0,0,0,0,0,0,0,'idle'),
(3223904,100,42,0,0,0,0,0,0x04,13262,0,0,0,0,0,0,0,'equip');
-- Disguised Crusader 32241
DELETE FROM creature_movement WHERE id IN (536768,536769,536770);
INSERT INTO creature_movement (`id`, `Point`, `PositionX`, `PositionY`, `PositionZ`, `Orientation`, `WaitTime`, `ScriptId`) VALUES
-- 536768
(536768,1 ,6255.5996,2654.4053,570.54114,100,0,0),
(536768,2 ,6249.3496,2645.4053,570.54114,100,0,0),
(536768,3 ,6230.0996,2629.6553,570.54114,100,0,0),
(536768,4 ,6217.0996,2622.6553,570.54114,100,0,0),
(536768,5 ,6205.5996,2622.4053,570.54114,100,0,0),
(536768,6 ,6196.8496,2623.9053,570.54114,100,0,0),
(536768,7 ,6194.239,2628.9514,570.24945 ,100,1000,7),
(536768,8 ,6185.4033,2647.951,572.0817,100,0,0),
(536768,9 ,6178.4033,2662.951,574.8317,100,0,0),
(536768,10,6164.4033,2693.701,574.0817,100,0,0),
(536768,11,6157.6533,2708.701,574.0817,100,0,0),
(536768,12,6148.9033,2727.201,574.0817,100,0,0),
(536768,13,6153.4033,2736.701,574.0817,100,0,0),
(536768,14,6178.6533,2749.201,574.0817,100,0,0),
(536768,15,6170.568,2762.9504,573.914,100,100,3),
-- 536769
(536769,1 ,6237.1055,2639.3262,570.54114,100,0,0),
(536769,2 ,6230.8555,2634.0762,570.54114,100,0,0),
(536769,3 ,6218.1055,2624.8262,570.54114,100,0,0),
(536769,4 ,6198.6055,2617.5762,570.54114,100,0,0),
(536769,5 ,6188.8555,2621.5762,570.54114,100,0,0),
(536769,6 ,6183.2603,2631.216,570.24945,100,1000,7),
(536769,7 ,6176.7734,2653.5925,573.8317,100,0,0),
(536769,8 ,6168.7734,2671.8425,574.3317,100,0,0),
(536769,9 ,6159.7734,2691.3425,574.0817,100,0,0),
(536769,10,6148.5234,2715.5925,574.0817,100,0,0),
(536769,11,6140.7734,2732.0925,574.0817,100,0,0),
(536769,12,6159.0234,2742.8425,574.0817,100,0,0),
(536769,13,6174.2734,2749.3425,574.0817,100,0,0),
(536769,14,6168.286,2761.969,573.914,100,100,3),
-- 536770
(536770,1 ,6238.1343,2664.2446,570.54114,100,0,0),
(536770,2 ,6238.1343,2651.4946,570.54114,100,0,0),
(536770,3 ,6229.3843,2629.9946,570.54114,100,0,0),
(536770,4 ,6210.3843,2622.7446,570.54114,100,0,0),
(536770,5 ,6200.6343,2631.9946,570.54114,100,0,0),
(536770,6 ,6197.816,2637.2693,570.24945,100,1000,7),
(536770,7 ,6188.0654,2657.2097,573.8317,100,0,0),
(536770,8 ,6178.8154,2677.4597,574.3317,100,0,0),
(536770,9 ,6171.3154,2691.7097,574.0817,100,0,0),
(536770,10,6163.5654,2707.9597,574.0817,100,0,0),
(536770,11,6159.8154,2715.7097,574.0817,100,0,0),
(536770,12,6151.3154,2733.7097,574.0817,100,0,0),
(536770,13,6154.5654,2737.4597,574.0817,100,0,0),
(536770,14,6179.5654,2751.4597,574.0817,100,0,0),
(536770,15,6173.3145,2764.1501,573.914 ,100,100,3);
DELETE FROM creature_movement_template WHERE Entry = 32241;
INSERT INTO creature_movement_template (`Entry`, `Pathid`, `Point`, `PositionX`, `PositionY`, `PositionZ`, `Orientation`, `WaitTime`, `ScriptId`) VALUES
-- Path 1
(32241,1,1,6162.497,2759.0657,574.164,100,0,0),
(32241,1,2,6151.747,2762.0657,574.164,100,0,0),
(32241,1,3,6140.247,2763.5657,574.164,100,0,0),
(32241,1,4,6133.427,2764.181,573.914,100,0,0),
(32241,1,5,6133.427,2764.181,573.914,6.2657,1000,3224101),
-- Path 2
(32241,2,1,6161.965,2757.1052,574.164,100,0,0),
(32241,2,2,6148.465,2755.6052,574.164,100,0,0),
(32241,2,3,6132.715,2757.6052,574.164,100,0,0),
(32241,2,4,6128.644,2760.2415,573.914,100,0,0),
(32241,2,5,6128.644,2760.2415,573.914,4.45058,1000,3224101),
-- Path 3
(32241,3,1,6158.4043,2754.641,574.164,100,0,0),
(32241,3,2,6134.994,2759.1323,573.914,100,0,0),
(32241,3,3,6134.994,2759.1323,573.914,5.3756,1000,3224102);
DELETE FROM dbscripts_on_creature_movement WHERE id BETWEEN 3224101 AND 3224102;
INSERT INTO dbscripts_on_creature_movement (id, delay, command, datalong, datalong2, datalong3, buddy_entry, search_radius, data_flags, dataint, dataint2, dataint3, dataint4, x, y, z, o, comments) VALUES
(3224101,1,1,375,0,0,0,0,0x04,0,0,0,0,0,0,0,0,'emote'),
(3224101,100,20,0,0,0,0,0,0x04,0,0,0,0,0,0,0,0,'idle'),
(3224102,1,1,375,0,0,0,0,0x04,0,0,0,0,0,0,0,0,'emote'),
(3224102,100,0,0,0,0,0,0,0x04,32687,0,0,0,0,0,0,0,'Say'),
(3224102,200,20,0,0,0,0,0,0x04,0,0,0,0,0,0,0,0,'idle');
DELETE FROM dbscripts_on_relay WHERE id IN (21097);
INSERT INTO dbscripts_on_relay (id, delay, command, datalong, datalong2, datalong3, buddy_entry, search_radius, data_flags, dataint, dataint2, dataint3, dataint4, x, y, z, o, comments) VALUES
(21097,1,21,0,0,0,0,0,0x04,0,0,0,0,0,0,0,0,'Part of Disguised Crusader 32241 EAI: Active'),
(21097,2,20,2,0,0,0,0,0x04,0,0,0,0,0,0,0,0,'Part of Disguised Crusader 32241 EAI: Set Waypoints');
-- High Invoker Basaleph 32272
UPDATE creature_template SET Faction = 233, MinLevel = 80, MaxLevel = 80, UnitClass = 2, UnitFlags = 256 WHERE Entry = 32272;
-- Chosen Zealot 32175
DELETE FROM `spawn_group` WHERE id = 34156;
INSERT INTO `spawn_group` (`Id`, `Name`, `Type`, `MaxCount`, `WorldState`, `Flags`) VALUES
(34156, 'Icecrown - Cathedral of Darkness - Chosen Zealot 32175 x3 spawn with q.13403/13364', 0, 0, 20841, 0x08);
DELETE FROM `spawn_group_spawn` WHERE id = 34156;
INSERT INTO `spawn_group_spawn` (`Id`, `Guid`, `SlotId`) VALUES
(34156, 536771, 0),
(34156, 536772, 1),
(34156, 536773, 2);
DELETE FROM `spawn_group_formation` WHERE id = 34156;
INSERT INTO `spawn_group_formation` (`Id`, `FormationType`, `FormationSpread`, `FormationOptions`, `PathId`, `MovementType`, `Comment`) VALUES
(34156, 3, 3, 0, 34156, 2, 'Icecrown - Cathedral of Darkness - Chosen Zealot 32175 x3 spawn with q.13403/13364');
DELETE FROM `waypoint_path_name` WHERE PathId = 34156;
INSERT INTO `waypoint_path_name` (`PathId`, `Name`) VALUES
(34156,'Icecrown - Cathedral of Darkness - Chosen Zealot 32175 x3 spawn with q.13403/13364');
DELETE FROM `waypoint_path` WHERE PathId = 34156;
INSERT INTO `waypoint_path` (`PathId`, `Point`, `PositionX`, `PositionY`,`PositionZ`, `Orientation`, `WaitTime`, `ScriptId`) VALUES
(34156,1 ,6169.452,2680.8914,573.9974,1.9722,0,0),
(34156,2 ,6165.823,2689.4082,574.2057,100,0,0),
(34156,3 ,6160.573,2700.9082,574.2057,100,0,0),
(34156,4 ,6150.073,2724.1582,574.2057,100,0,0),
(34156,5 ,6138.573,2748.6582,574.2057,100,0,0),
(34156,6 ,6133.6943,2758.925,573.914,100,14000,3217501),
(34156,7 ,6135.834,2754.803,574.164,100,0,0),
(34156,8 ,6142.584,2735.803,574.164,100,0,0),
(34156,9 ,6144.834,2720.303,574.164,100,0,0),
(34156,10,6143.084,2709.303,574.164,100,0,0),
(34156,11,6134.973,2693.681,573.914,100,100,3217502);
DELETE FROM conditions WHERE condition_entry IN (20841);
INSERT INTO conditions (condition_entry, `type`, value1, value2, value3, flags, comments) VALUES
(20841, 42, 34156, 1, 1, 0, 'Icecrown - Cathedral of Darkness - Chosen Zealot 32175 x3 spawn with q.13403/13364');
DELETE FROM worldstate_name WHERE Id=34156;
INSERT INTO worldstate_name(Id, Name) VALUES
(34156,'Icecrown - Cathedral of Darkness - Chosen Zealot 32175 x3 spawn with q.13403/13364');
DELETE FROM dbscripts_on_creature_movement WHERE id BETWEEN 3217501 AND 3217502;
INSERT INTO dbscripts_on_creature_movement (id, delay, command, datalong, datalong2, datalong3, buddy_entry, search_radius, data_flags, dataint, dataint2, dataint3, dataint4, x, y, z, o, comments) VALUES
(3217501,1000,35,5,10,0,0,0,0,0,0,0,0,0,0,0,0,'Send Event 5'),
(3217501,1800,9,521250,155,0,0,0,0,0,0,0,0,0,0,0,0,'Respawn gameobject'),
(3217501,11000,35,6,10,0,0,0,0,0,0,0,0,0,0,0,0,'Send Event 6'),
(3217501,12000,35,8,10,0,0,0,0,0,0,0,0,0,0,0,0,'Send Event 8'),
(3217502,1000,53,0,0,0,0,0,0,34156,0,0,0,0,0,0,0,'Set worldstate variable to 0'); -- off
-- The Lich King 32184
UPDATE creature_template SET Faction = 14, MinLevel = 83, MaxLevel = 83, Expansion = 2, UnitClass = 1, UnitFlags = 256, MovementType = 2 WHERE Entry = 32184;
DELETE FROM creature_movement_template WHERE Entry = 32184;
INSERT INTO creature_movement_template (`Entry`, `Pathid`, `Point`, `PositionX`, `PositionY`, `PositionZ`, `Orientation`, `WaitTime`, `ScriptId`) VALUES
(32184,0,1,6185.6895,2645.8633,573.3042,100,0,0),
(32184,0,2,6180.3374,2657.576,573.867,100,0,0),
(32184,0,3,6174.9854,2669.2886,574.4298,100,0,0),
(32184,0,4,6164.939,2691.5999,573.914,100,0,0),
(32184,0,5,6156.291,2709.657,573.914,100,0,0),
(32184,0,6,6147.657,2729.304,573.914,100,0,0),
(32184,0,7,6131.82,2757.886,573.914,100,5000,0),
(32184,0,8,6131.82,2757.886,573.914,0.08407,1000000,3218401); -- 01:04:25.560
DELETE FROM dbscripts_on_creature_movement WHERE id IN (3218401);
INSERT INTO dbscripts_on_creature_movement (id, delay, command, datalong, datalong2, datalong3, buddy_entry, search_radius, data_flags, dataint, dataint2, dataint3, dataint4, x, y, z, o, comments) VALUES
(3218401,4000,1,1,0,0,0,0,0x04,0,0,0,0,0,0,0,0,'emote'), -- 01:04:29.202
(3218401,4100,0,0,0,0,0,0,0x04,32582,0,0,0,0,0,0,0,'say'), -- 01:04:29.300
(3218401,4101,20,2,2,0,32239,536767,7|0x10,0,0,0,0,0,0,0,0,'buddy path 2'),
(3218401,13000,1,1,0,0,0,0,0x04,0,0,0,0,0,0,0,0,'emote'), -- 01:04:38.522
(3218401,13100,0,0,0,0,0,0,0x04,32585,0,0,0,0,0,0,0,'say'), -- 01:04:38.632 -- I must confess... you were no
(3218401,26000,1,25,0,0,32239,536767,7|0x10,0,0,0,0,0,0,0,0,'buddy emote'), -- 01:04:51.506
(3218401,26100,0,0,0,0,32239,536767,7|0x10,32592,0,0,0,0,0,0,0,'buddy say'), -- 01:04:51.607 -- You sound a little 
(3218401,34000,1,11,0,0,0,0,0x04,0,0,0,0,0,0,0,0,'emote'), -- 01:04:58.389
(3218401,34100,0,0,0,0,0,0,0x04,32588,0,0,0,0,0,0,0,'say'), -- 01:04:58.497 -- Last time we met, you
(3218401,43000,1,1,0,0,32239,536767,7|0x10,0,0,0,0,0,0,0,0,'buddy emote'), -- 01:05:07.687
(3218401,43100,0,0,0,0,32239,536767,7|0x10,32589,0,0,0,0,0,0,0,'buddy say'), -- 01:05:07.798 -- That might be, but 
(3218401,50000,1,1,0,0,0,0,0x04,0,0,0,0,0,0,0,0,'emote'), -- 01:05:14.596
(3218401,50100,0,0,0,0,0,0,0x04,32593,0,0,0,0,0,0,0,'say'), -- 01:05:14.706 -- I call your bluff.
(3218401,58000,1,1,0,0,0,0,0x04,0,0,0,0,0,0,0,0,'emote'), -- 01:05:22.718
(3218401,58100,0,0,0,0,0,0,0x04,32594,0,0,0,0,0,0,0,'say'), -- 01:05:22.811 -- You surely would
(3218401,59200,1,1,0,0,32239,536767,7|0x10,0,0,0,0,0,0,0,0,'buddy emote'), -- 01:05:23.927
(3218401,59300,0,0,0,0,32239,536767,7|0x10,32590,0,0,0,0,0,0,0,'buddy say'), -- 01:05:24.039 -- The heart... the last 
(3218401,75000,0,0,0,0,32239,536767,7|0x10,32595,0,0,0,0,0,0,0,'buddy say'), -- 01:05:40.242 -- Only shadows from the past rem
(3218401,78000,15,60456,0,0,32239,536767,7|0x10,0,0,0,0,0,0,0,0,'buddy cast 60456'),
(3218401,79000,35,9,50,0,0,0,0,0,0,0,0,0,0,0,0,'send event 9'),
(3218401,80000,28,7,0,0,32239,536767,7|0x10,0,0,0,0,0,0,0,0,'buddy STATE_DEAD'), -- 01:05:45.004
(3218401,80001,35,8,100,0,0,0,0,0,0,0,0,0,0,0,0,'send event 8'),
(3218401,80100,0,0,0,0,0,0,0x04,32694,0,0,0,0,0,0,0,'say'), -- 01:05:45.100 -- Arrrrggggggg
(3218401,83000,28,8,0,0,0,0,0x04,0,0,0,0,0,0,0,0,'STATE_KNEEL'), -- 01:05:48.245
(3218401,88000,0,0,0,0,0,0,0x04,32698,0,0,0,0,0,0,0,'say'), -- 01:05:53.611 -- You... will pay for
(3218401,89000,35,10,100,0,0,0,0,0,0,0,0,0,0,0,0,'send event 10'),
(3218401,89001,48,512,1,0,0,0,0,0,0,0,0,0,0,0,0,'add unitflag');
DELETE FROM dbscripts_on_creature_movement WHERE id = 3218401 AND delay = 78001;
INSERT INTO dbscripts_on_creature_movement (id,delay,priority,command,datalong,datalong2,datalong3,buddy_entry,search_radius,data_flags,dataint,dataint2,dataint3,dataint4,datafloat,x,y,z,o,speed,condition_id,comments) VALUES
(3218401,78001,0,20,15,0,0,32239,536767,7|0x10,0,0,0,0,2,6132.377,2760.7644,573.9071,100,17,0,'jump');
UPDATE `broadcast_text` SET `ChatTypeID` = 1 WHERE `Id` IN (32694,32687,32698,32708,32710);
DELETE FROM spell_script_target WHERE entry IN (60456,60532);
INSERT INTO spell_script_target (`entry`, `type`, `targetEntry`, `inverseEffectMask`) VALUES
(60456, 1, 32239, 0),
(60532, 1, 32184, 4),
(60532, 1, 32272, 3);
DELETE FROM dbscripts_on_spell WHERE id IN (60484);
INSERT INTO dbscripts_on_spell (id, delay, command, datalong, datalong2, datalong3, buddy_entry, search_radius, data_flags, dataint, dataint2, dataint3, dataint4, x, y, z, o, comments) VALUES
(60484,0,15,60532,1,0,0,0,0x04,0,0,0,0,0,0,0,0,'');
DELETE FROM dbscripts_on_relay WHERE id IN (21104);
INSERT INTO dbscripts_on_relay (id, delay, command, datalong, datalong2, datalong3, buddy_entry, search_radius, data_flags, dataint, dataint2, dataint3, dataint4, x, y, z, o, comments) VALUES
(21104,10000,28,0,0,0,0,0,0x04,0,0,0,0,0,0,0,0,'Part of The Lich King 32184 EAI: Satnd'),
(21104,12000,18,12000,0,0,0,0,0x04,0,0,0,0,0,0,0,0,'Part of The Lich King 32184 EAI: despawn Self'),
(21104,13000,15,60536,0,0,0,0,0,0,0,0,0,0,0,0,0,'Part of The Lich King 32184 EAI: Cast 60536');
-- Chosen Zealot 32175
DELETE FROM dbscripts_on_relay WHERE id IN (21098);
INSERT INTO dbscripts_on_relay (id, delay, command, datalong, datalong2, datalong3, buddy_entry, search_radius, data_flags, dataint, dataint2, dataint3, dataint4, x, y, z, o, comments) VALUES
(21098,1,28,0,0,0,0,0,0x04,0,0,0,0,0,0,0,0,'Part of Chosen Zealot 32175 EAI: Stand state'),
(21098,1000,25,1,0,0,0,0,0x04,0,0,0,0,0,0,0,0,'Part of Chosen Zealot 32175 EAI: Set Run'),
(21098,2000,20,2,0,0,0,0,0x04,0,0,0,0,0,0,0,0,'Part of Chosen Zealot 32175 EAI: Set Waypoints');
-- set by Script
DELETE FROM creature_movement WHERE id IN (531849,531816,531853,531812,531826,531838,531824,531850,531837,531829,531841,531842,531854,
531847,531839,531815,531844,531833,531825,531851,531823,531818,531817,531821,531811,531845,531843,531814,531813,531831,531832,531835,
531819,531836,531827,531852,531848,531820,531822,531828,531830,531846,531834,531840);
INSERT INTO creature_movement (`id`, `Point`, `PositionX`, `PositionY`, `PositionZ`, `Orientation`, `WaitTime`, `ScriptId`) VALUES
-- 531849
(531849,1,6085.417,2732.9375,574.9522,100,0,0),
(531849,2,6088.417,2734.6875,574.9522,100,0,0),
(531849,3,6104.167,2743.9375,573.9522,100,0,0),
(531849,4,6106.591,2745.4326,573.9071,100,1000,3217503),
-- 531816
(531816,1 ,6088.613,2732.0679,574.9522,100,0,0),
(531816,2 ,6091.113,2733.8179,574.9522,100,0,0),
(531816,3 ,6105.363,2743.0679,573.9522,100,0,0),
(531816,4 ,6114.613,2749.0679,573.9522,100,0,0),
(531816,5 ,6118.863,2751.8179,573.9522,100,0,0),
(531816,6 ,6119.863,2752.5679,574.4522,100,0,0),
(531816,7 ,6121.113,2753.3179,574.2022,100,0,0),
(531816,8 ,6121.363,2753.5679,573.9522,100,0,0),
(531816,9 ,6122.863,2754.5679,573.9522,100,0,0),
(531816,10,6125.6934,2756.368,573.9071,100,1000,3217503),
-- 531853 
(531853,1,6091.177,2730.9868,574.9522,100,0,0),
(531853,2,6093.677,2732.7368,574.9522,100,0,0),
(531853,3,6106.177,2741.7368,573.9522,100,0,0),
(531853,4,6108.0737,2743.1758,573.9071,100,1000,3217503),
-- 531812
(531812,1,6108.259,2734.3843,573.95215,100,0,0),
(531812,2,6108.759,2734.8843,574.95215,100,0,0),
(531812,3,6110.509,2736.8843,574.95215,100,0,0),
(531812,4,6112.509,2739.1343,574.95215,100,0,0),
(531812,5,6115.4604,2742.255,573.90704,100,1000,3217503),
-- 531826
(531826,1,6110.816,2735.7485,574.35846,100,0,0),
(531826,2,6110.816,2735.7485,574.85846,100,0,0),
(531826,3,6112.8164,2738.0327,574.7196,100,1000,3217503),
-- 531838
(531838,1,6113.1997,2736.6997,574.889,100,0,0),
(531838,2,6115.9497,2740.4497,574.889,100,0,0),
(531838,3,6119.8965,2745.1406,574.28064,100,1000,3217503),
-- 531824
(531824,1,6093.806,2712.4746,574.9522,100,0,0),
(531824,2,6095.556,2714.4746,574.9522,100,0,0),
(531824,3,6101.056,2721.4746,573.9522,100,0,0),
(531824,4,6107.556,2729.4746,573.9522,100,0,0),
(531824,5,6113.056,2736.7246,574.9522,100,0,0),
(531824,6,6116.056,2740.2246,574.9522,100,0,0),
(531824,7,6123.056,2749.2246,573.9522,100,0,0),
(531824,8,6124.556,2750.9746,573.9522,100,0,0),
(531824,9,6124.9023,2751.3767,573.9071,100,1000,3217503),
-- 531850
(531850,1 ,6096.471,2711.6848,574.9522,100,0,0),
(531850,2 ,6096.721,2712.1848,574.9522,100,0,0),
(531850,3 ,6097.971,2713.6848,574.9522,100,0,0),
(531850,4 ,6098.221,2714.4348,573.9522,100,0,0),
(531850,5 ,6099.721,2716.4348,573.9522,100,0,0),
(531850,6 ,6108.721,2728.4348,573.9522,100,0,0),
(531850,7 ,6117.971,2738.1848,574.2022,100,0,0),
(531850,8 ,6118.221,2738.4348,574.2022,100,0,0),
(531850,9 ,6118.971,2739.6848,574.2022,100,0,0),
(531850,10,6123.971,2747.4348,573.9522,100,0,0),
(531850,11,6124.971,2748.9348,573.9522,100,0,0),
(531850,12,6125.221,2749.4348,573.9522,100,0,0),
(531850,13,6125.99,2750.6052,573.9071,100,1000,3217503),
-- 531837
(531837,1,6099.1646,2710.5903,574.97485,100,0,0),
(531837,2,6100.6646,2712.8403,574.97485,100,0,0),
(531837,3,6109.9146,2726.8403,573.97485,100,0,0),
(531837,4,6115.768,2735.7815,573.9524,100,1000,3217503),
-- 531829
(531829,1,6102.092,2709.65,574.9619,100,0,0),
(531829,2,6103.342,2711.9,574.9619,100,0,0),
(531829,3,6111.592,2725.9,573.9619,100,0,0),
(531829,4,6118.592,2737.9,574.2119,100,0,0),
(531829,5,6118.842,2738.15,574.2119,100,0,0),
(531829,6,6119.842,2739.9,574.2119,100,0,0),
(531829,7,6122.1177,2743.5962,573.9265,100,1000,3217503),
-- 531841
(531841,1,6118.176,2738.7136,574.2022,100,0,0),
(531841,2,6119.426,2739.9636,574.2022,100,0,0),
(531841,3,6123.926,2747.4636,573.9522,100,0,0),
(531841,4,6124.393,2748.0654,573.9071,100,1000,3217503),
-- 531842
(531842,1,6116.75,2712.7227,574.9909,100,0,0),
(531842,2,6117.75,2715.7227,574.9909,100,0,0),
(531842,3,6119,2719.2227,573.9909,100,0,0),
(531842,4,6123.037,2732.2554,573.9845,100,1000,3217503),
-- 531854
(531854,1 ,6120,2714.304,574.9522,100,0,0),
(531854,2 ,6120,2714.804,574.9522,100,0,0),
(531854,3 ,6120.5,2716.304,574.9522,100,0,0),
(531854,4 ,6121,2717.304,574.9522,100,0,0),
(531854,5 ,6120.75,2717.804,573.9522,100,0,0),
(531854,6 ,6125.5,2735.554,574.2022,100,0,0),
(531854,7 ,6125,2736.554,574.2022,100,0,0),
(531854,8 ,6126,2741.554,573.9522,100,0,0),
(531854,9 ,6126.75,2743.554,573.9522,100,0,0),
(531854,10,6127.25,2745.054,573.9522,100,0,0),
(531854,11,6127.6904,2746.5154,573.9071,100,1000,3217503),
-- 531847
(531847,1,6122.91,2715.6128,575.43225,100,0,0),
(531847,2,6123.41,2716.8628,574.93225,100,0,0),
(531847,3,6124.41,2718.8628,574.93225,100,0,0),
(531847,4,6125.91,2722.1128,574.18225,100,0,0),
(531847,5,6129.689,2730.885,573.86725,100,1000,3217503),
-- 531839
(531839,1,6125.075,2716.7417,574.04395,100,0,0),
(531839,2,6125.075,2716.9917,575.29395,100,0,0),
(531839,3,6125.075,2717.9917,574.79395,100,0,0),
(531839,4,6125.075,2719.2417,574.79395,100,0,0),
(531839,5,6125.075,2719.9917,574.04395,100,0,0),
(531839,6,6125.575,2735.4917,574.29395,100,0,0),
(531839,7,6125.075,2736.4917,574.29395,100,0,0),
(531839,8,6125.0537,2736.8618,574.09064,100,1000,3217503),
-- 531815
(531815,1,6083.12,2733.8643,574.9523,100,0,0),
(531815,2,6086.12,2735.6143,574.9523,100,0,0),
(531815,3,6087.12,2736.1143,573.9523,100,0,0),
(531815,4,6103.12,2744.8643,573.9523,100,0,0),
(531815,5,6114.37,2750.8643,573.9523,100,0,0),
(531815,6,6119.222,2753.5566,573.90717,100,1000,3217503),
-- 531844
(531844,1 ,6102.5635,2695.355,574.99664,100,0,0),
(531844,2 ,6103.5635,2695.605,574.99664,100,0,0),
(531844,3 ,6104.3135,2697.605,574.99664,100,0,0),
(531844,4 ,6104.5635,2697.855,573.99664,100,0,0),
(531844,5 ,6108.8135,2710.355,573.99664,100,0,0),
(531844,6 ,6109.3135,2711.355,573.99664,100,0,0),
(531844,7 ,6108.8135,2711.855,573.99664,100,0,0),
(531844,8 ,6109.5635,2713.605,573.99664,100,0,0),
(531844,9 ,6114.0635,2723.105,573.99664,100,0,0),
(531844,10,6121.0635,2737.105,574.24664,100,0,0),
(531844,11,6121.3135,2737.605,574.24664,100,0,0),
(531844,12,6121.502,2738.254,573.996,100,1000,3217503),
-- 531833
(531833,1 ,6104.1978,2694.8691,574.9522,100,0,0),
(531833,2 ,6105.1978,2697.1191,574.9522,100,0,0),
(531833,3 ,6111.1978,2710.8691,573.9522,100,0,0),
(531833,4 ,6111.6978,2712.1191,573.9522,100,0,0),
(531833,5 ,6112.1978,2713.3691,573.9522,100,0,0),
(531833,6 ,6112.6978,2714.1191,573.9522,100,0,0),
(531833,7 ,6115.6978,2721.8691,573.9522,100,0,0),
(531833,8 ,6122.1978,2736.8691,574.2022,100,0,0),
(531833,9 ,6122.4478,2737.3691,574.2022,100,0,0),
(531833,10,6123.9478,2740.8691,573.9522,100,0,0),
(531833,11,6125.4478,2744.6191,573.9522,100,0,0),
(531833,12,6125.9478,2745.6191,573.9522,100,0,0),
(531833,13,6126.4478,2746.8691,573.9522,100,0,0),
(531833,14,6126.4756,2746.974,573.9071,100,1000,3217503),
-- 531825
(531825,1 ,6107.618,2693.7732,574.9522,100,0,0),
(531825,2 ,6108.118,2694.0232,574.9522,100,0,0),
(531825,3 ,6105.868,2696.0232,574.9522,100,0,0),
(531825,4 ,6106.118,2696.7732,574.9522,100,0,0),
(531825,5 ,6106.118,2697.2732,573.9522,100,0,0),
(531825,6 ,6108.868,2710.5232,573.9522,100,0,0),
(531825,7 ,6109.368,2711.2732,573.9522,100,0,0),
(531825,8 ,6108.868,2711.7732,573.9522,100,0,0),
(531825,9 ,6109.618,2713.5232,573.9522,100,0,0),
(531825,10,6114.368,2723.0232,573.9522,100,0,0),
(531825,11,6120.868,2737.0232,574.2022,100,0,0),
(531825,12,6121.118,2737.5232,574.2022,100,0,0),
(531825,13,6122.618,2740.5232,573.9522,100,0,0),
(531825,14,6124.868,2745.5232,573.9522,100,0,0),
(531825,15,6125.8516,2747.258,573.9071,100,1000,3217503),
-- 531851
(531851,1 ,6109.925,2692.7627,574.77826,100,0,0),
(531851,2 ,6112.675,2694.2627,574.77826,100,0,0),
(531851,3 ,6112.925,2695.2627,574.02826,100,0,0),
(531851,4 ,6117.425,2710.0127,574.02826,100,0,0),
(531851,5 ,6120.925,2714.5127,574.02826,100,0,0),
(531851,6 ,6121.175,2714.7627,574.02826,100,0,0),
(531851,7 ,6120.925,2715.2627,574.77826,100,0,0),
(531851,8 ,6125.675,2718.0127,574.77826,100,0,0),
(531851,9 ,6125.175,2719.0127,574.77826,100,0,0),
(531851,10,6124.925,2719.7627,574.02826,100,0,0),
(531851,11,6125.4023,2731.587,574.0592,100,1000,3217503),
-- 531823
(531823,1 ,6122.4087,2694.412,573.9522,100,0,0),
(531823,2 ,6122.1587,2695.162,574.9522,100,0,0),
(531823,3 ,6122.4087,2697.412,574.9522,100,0,0),
(531823,4 ,6122.4087,2697.912,573.9522,100,0,0),
(531823,5 ,6123.9087,2707.162,573.9522,100,0,0),
(531823,6 ,6125.1587,2716.412,573.9522,100,0,0),
(531823,7 ,6125.1587,2716.662,573.9522,100,0,0),
(531823,8 ,6124.9087,2717.162,575.2022,100,0,0),
(531823,9 ,6124.9087,2717.912,574.9522,100,0,0),
(531823,10,6125.1587,2719.162,574.9522,100,0,0),
(531823,11,6124.9087,2719.662,573.9522,100,0,0),
(531823,12,6125.6587,2735.662,574.2022,100,0,0),
(531823,13,6124.9087,2736.662,574.2022,100,0,0),
(531823,14,6126.1587,2741.662,573.9522,100,0,0),
(531823,15,6126.1284,2741.7656,573.9071,100,1000,3217503),
-- 531818
(531818,1 ,6129.4033,2697.6904,573.98193,100,0,0),
(531818,2 ,6129.1533,2698.1904,574.98193,100,0,0),
(531818,3 ,6129.1533,2700.4404,574.98193,100,0,0),
(531818,4 ,6129.1533,2700.9404,573.98193,100,0,0),
(531818,5 ,6129.4033,2705.1904,573.98193,100,0,0),
(531818,6 ,6130.1533,2717.6904,573.98193,100,0,0),
(531818,7 ,6130.1533,2718.4404,574.23193,100,0,0),
(531818,8 ,6130.4033,2721.6904,573.98193,100,0,0),
(531818,9 ,6130.6533,2731.9404,573.98193,100,0,0),
(531818,10,6130.9033,2733.6904,574.48193,100,0,0),
(531818,11,6131.1533,2734.1904,574.98193,100,0,0),
(531818,12,6131.9033,2734.4404,574.73193,100,0,0),
(531818,13,6132.1533,2734.4404,573.98193,100,0,0),
(531818,14,6132.1533,2734.6904,573.98193,100,0,0),
(531818,15,6133.6533,2736.9404,573.98193,100,0,0),
(531818,16,6133.6533,2737.6904,573.98193,100,0,0),
(531818,17,6134.6533,2739.6904,574.48193,100,0,0),
(531818,18,6134.4033,2740.6904,574.73193,100,0,0),
(531818,19,6134.5264,2740.8545,573.96655,100,1000,3217503),
-- 531817
(531817,1,6129.324,2697.7075,574.9522,100,0,0),
(531817,2,6129.324,2700.4575,574.9522,100,0,0),
(531817,3,6129.074,2700.9575,573.9522,100,0,0),
(531817,4,6129.324,2705.2075,573.9522,100,0,0),
(531817,5,6129.824,2717.4575,573.9522,100,0,0),
(531817,6,6129.824,2718.4575,574.2022,100,0,0),
(531817,7,6130.074,2721.7075,573.9522,100,0,0),
(531817,8,6130.588,2730.8179,573.9071,100,1000,3217503),
-- 531821
(531821,1 ,6132.414,2699.1914,574.9641,100,0,0),
(531821,2 ,6132.164,2701.6914,574.9641,100,0,0),
(531821,3 ,6131.914,2702.1914,573.9641,100,0,0),
(531821,4 ,6131.914,2703.9414,573.9641,100,0,0),
(531821,5 ,6132.164,2717.9414,573.9641,100,0,0),
(531821,6 ,6132.164,2719.1914,574.2141,100,0,0),
(531821,7 ,6132.164,2722.6914,573.9641,100,0,0),
(531821,8 ,6132.164,2729.4414,573.9641,100,0,0),
(531821,9 ,6132.164,2731.1914,574.4641,100,0,0),
(531821,10,6132.164,2731.6914,574.4641,100,0,0),
(531821,11,6132.164,2732.6914,574.7141,100,0,0),
(531821,12,6132.414,2733.9414,574.7141,100,0,0),
(531821,13,6132.414,2733.9414,573.9641,100,0,0),
(531821,14,6132.414,2734.6914,573.9641,100,0,0),
(531821,15,6133.664,2736.9414,573.9641,100,0,0),
(531821,16,6133.664,2737.6914,573.9641,100,0,0),
(531821,17,6134.664,2739.6914,574.4641,100,0,0),
(531821,18,6134.414,2740.6914,574.7141,100,0,0),
(531821,19,6134.414,2740.9414,574.2141,100,0,0),
(531821,20,6133.236,2752.8105,573.93085,100,1000,3217503),
-- 531811
(531811,1,6184.173,2771.5269,573.9523,100,0,0),
(531811,2,6182.673,2770.7769,573.9523,100,0,0),
(531811,3,6179.423,2770.0269,573.9523,100,0,0),
(531811,4,6175.923,2769.5269,573.9523,100,0,0),
(531811,5,6171.673,2769.0269,573.9523,100,0,0),
(531811,6,6161.78,2766.7197,573.90717,100,1000,3217503),
-- 531845
(531845,1,6184.379,2771.6,573.9522,100,0,0),
(531845,2,6182.879,2770.85,573.9522,100,0,0),
(531845,3,6179.379,2770.1,573.9522,100,0,0),
(531845,4,6175.879,2769.85,573.9522,100,0,0),
(531845,5,6171.379,2768.85,573.9522,100,0,0),
(531845,6,6158.879,2766.35,573.9522,100,0,0),
(531845,7,6156.8794,2765.727,573.9071,100,1000,3217503),
-- 531843
(531843,1,6185.8926,2777.6606,574.9522,100,0,0),
(531843,2,6182.8926,2776.6606,574.9522,100,0,0),
(531843,3,6181.6426,2776.4106,573.9522,100,0,0),
(531843,4,6170.6426,2772.9106,573.9522,100,0,0),
(531843,5,6155.1426,2768.1606,573.9522,100,0,0),
(531843,6,6148.8926,2766.1606,573.9522,100,0,0),
(531843,7,6146.3926,2765.4106,573.9522,100,0,0),
(531843,8,6143.8228,2764.3687,573.9071,100,1000,3217503),
-- 531814
(531814,1 ,6187.599,2779.997,573.9522,100,0,0),
(531814,2 ,6186.349,2778.747,573.9522,100,0,0),
(531814,3 ,6185.599,2778.997,574.9522,100,0,0),
(531814,4 ,6183.349,2777.997,574.9522,100,0,0),
(531814,5 ,6181.099,2776.997,573.9522,100,0,0),
(531814,6 ,6170.849,2772.497,573.9522,100,0,0),
(531814,7 ,6155.599,2767.997,573.9522,100,0,0),
(531814,8 ,6149.599,2766.247,573.9522,100,0,0),
(531814,9 ,6146.349,2765.247,573.9522,100,0,0),
(531814,10,6143.862,2764.2427,573.9071,100,1000,3217503),
-- 531813
(531813,1 ,6204.617,2742.9834,573.9522,100,0,0),
(531813,2 ,6204.117,2743.2334,574.9522,100,0,0),
(531813,3 ,6202.367,2744.2334,574.9522,100,0,0),
(531813,4 ,6202.117,2744.2334,573.9522,100,0,0),
(531813,5 ,6189.367,2747.2334,573.9522,100,0,0),
(531813,6 ,6188.117,2747.4834,573.9522,100,0,0),
(531813,7 ,6186.117,2748.4834,573.9522,100,0,0),
(531813,8 ,6184.867,2748.7334,573.9522,100,0,0),
(531813,9 ,6174.117,2750.9834,573.9522,100,0,0),
(531813,10,6159.367,2754.4834,573.9522,100,0,0),
(531813,11,6149.617,2756.7334,573.9522,100,0,0),
(531813,12,6148.867,2756.9834,573.9522,100,0,0),
(531813,13,6147.867,2757.2334,573.9522,100,0,0),
(531813,14,6146.98,2757.3372,573.9071,100,1000,3217503),
-- 531831
(531831,1,6172.9,2738.8926,573.9522,100,0,0),
(531831,2,6172.15,2738.6426,574.2022,100,0,0),
(531831,3,6171.65,2739.1426,573.9522,100,0,0),
(531831,4,6157.4,2749.8926,573.9522,100,0,0),
(531831,5,6156.9,2751.1426,573.9522,100,0,0),
(531831,6,6150.9,2753.8926,573.9522,100,0,0),
(531831,7,6148.15,2754.8926,573.9522,100,0,0),
(531831,8,6146.42,2755.492,573.9071,100,1000,3217503),
-- 531832
(531832,1,6172.668,2738.9,573.9522,100,0,0),
(531832,2,6172.168,2738.65,574.2022,100,0,0),
(531832,3,6171.668,2738.9,573.9522,100,0,0),
(531832,4,6157.418,2749.9,573.9522,100,0,0),
(531832,5,6156.668,2751.15,573.9522,100,0,0),
(531832,6,6150.918,2753.9,573.9522,100,0,0),
(531832,7,6148.168,2754.9,573.9522,100,0,0),
(531832,8,6144.168,2756.4,573.9522,100,0,0),
(531832,9,6143.6113,2756.5464,573.9071,100,1000,3217503),
-- 531835
(531835,1,6172.823,2738.8496,573.9522,100,0,0),
(531835,2,6172.323,2738.8496,574.2022,100,0,0),
(531835,3,6171.823,2739.0996,573.9522,100,0,0),
(531835,4,6157.323,2749.8496,573.9522,100,0,0),
(531835,5,6156.823,2751.3496,573.9522,100,0,0),
(531835,6,6150.823,2753.8496,573.9522,100,0,0),
(531835,7,6148.323,2754.8496,573.9522,100,0,0),
(531835,8,6144.323,2756.3496,573.9522,100,0,0),
(531835,9,6143.6113,2756.5464,573.9071,100,1000,3217503),
-- 531819
(531819,1,6185.516,2744.9854,573.9522,100,0,0),
(531819,2,6185.266,2745.4854,574.9522,100,0,0),
(531819,3,6182.516,2746.2354,574.9522,100,0,0),
(531819,4,6182.266,2746.7354,573.9522,100,0,0),
(531819,5,6173.516,2749.2354,573.9522,100,0,0),
(531819,6,6158.516,2753.4854,573.9522,100,0,0),
(531819,7,6149.266,2755.9854,573.9522,100,0,0),
(531819,8,6146.9326,2756.6025,573.9071,100,1000,3217503),
-- 531836
(531836,1 ,6194.49,2752.1606,574.9522,100,0,0),
(531836,2 ,6191.74,2752.6606,574.9522,100,0,0),
(531836,3 ,6182.49,2753.9106,573.9522,100,0,0),
(531836,4 ,6174.49,2754.9106,573.9522,100,0,0),
(531836,5 ,6160.99,2756.6606,573.9522,100,0,0),
(531836,6 ,6148.99,2758.4106,573.9522,100,0,0),
(531836,7 ,6148.49,2758.4106,573.9522,100,0,0),
(531836,8 ,6147.24,2758.6606,573.9522,100,0,0),
(531836,9 ,6145.74,2758.9106,573.9522,100,0,0),
(531836,10,6144.2573,2759.0735,573.9071,100,1000,3217503),
-- 531827
(531827,1,6195.358,2755.2388,574.9522,100,0,0),
(531827,2,6192.858,2755.4888,574.9522,100,0,0),
(531827,3,6181.108,2756.4888,573.9522,100,0,0),
(531827,4,6174.858,2756.9888,573.9522,100,0,0),
(531827,5,6161.858,2757.9888,573.9522,100,0,0),
(531827,6,6148.608,2759.2388,573.9522,100,0,0),
(531827,7,6146.858,2759.4888,573.9522,100,0,0),
(531827,8,6145.358,2759.4888,573.9522,100,0,0),
(531827,9,6144.326,2759.6624,573.9071,100,1000,3217503),
-- 531852
(531852,1 ,6196.16,2757.2876,574.9522,100,0,0),
(531852,2 ,6195.41,2757.0376,574.9522,100,0,0),
(531852,3 ,6192.91,2755.5376,574.9522,100,0,0),
(531852,4 ,6192.41,2755.7876,573.9522,100,0,0),
(531852,5 ,6181.16,2756.7876,573.9522,100,0,0),
(531852,6 ,6174.91,2757.2876,573.9522,100,0,0),
(531852,7 ,6162.16,2758.5376,573.9522,100,0,0),
(531852,8 ,6148.66,2759.2876,573.9522,100,0,0),
(531852,9 ,6145.16,2759.7876,573.9522,100,0,0),
(531852,10,6140.347,2760.0771,573.9071,100,1000,3217503),
-- 531848
(531848,1 ,6197.4995,2761.0146,574.9522,100,0,0),
(531848,2 ,6196.9995,2761.5146,574.9522,100,0,0),
(531848,3 ,6194.4995,2760.2646,574.9522,100,0,0),
(531848,4 ,6193.9995,2760.2646,573.9522,100,0,0),
(531848,5 ,6185.2495,2760.5146,573.9522,100,0,0),
(531848,6 ,6179.2495,2760.5146,573.9522,100,0,0),
(531848,7 ,6175.4995,2760.5146,573.9522,100,0,0),
(531848,8 ,6162.9995,2759.7646,573.9522,100,0,0),
(531848,9 ,6147.9995,2760.2646,573.9522,100,0,0),
(531848,10,6147.362,2760.09,573.9071,100,1000,3217503),
-- 531820
(531820,1 ,6182.9395,2722.7366,573.9522,100,0,0),
(531820,2 ,6182.6895,2722.9866,574.9522,100,0,0),
(531820,3 ,6180.9395,2724.7366,574.9522,100,0,0),
(531820,4 ,6180.6895,2725.2366,573.9522,100,0,0),
(531820,5 ,6177.9395,2727.2366,573.9522,100,0,0),
(531820,6 ,6167.6895,2734.7366,573.9522,100,0,0),
(531820,7 ,6164.9395,2733.9866,573.9522,100,0,0),
(531820,8 ,6164.4395,2733.7366,574.4522,100,0,0),
(531820,9 ,6164.1895,2733.4866,574.7022,100,0,0),
(531820,10,6163.9395,2733.9866,573.9522,100,0,0),
(531820,11,6159.9395,2735.7366,573.9522,100,0,0),
(531820,12,6158.6895,2736.7366,574.2022,100,0,0),
(531820,13,6158.1895,2737.2366,573.9522,100,0,0),
(531820,14,6157.4395,2737.9866,573.9522,100,0,0),
(531820,15,6157.1895,2738.2366,574.4522,100,0,0),
(531820,16,6156.6895,2738.4866,573.9522,100,0,0),
(531820,17,6156.4395,2738.9866,574.2022,100,0,0),
(531820,18,6156.4395,2738.9866,574.4522,100,0,0),
(531820,19,6155.6895,2739.4866,574.2022,100,0,0),
(531820,20,6148.4395,2745.9866,573.9522,100,0,0),
(531820,21,6141.6895,2742.9866,574.2022,100,0,0),
(531820,22,6141.4395,2743.4866,574.4522,100,0,0),
(531820,23,6141.4395,2743.4866,573.9522,100,0,0),
(531820,24,6139.134,2747.3723,573.9071,100,1000,3217503),
-- 531822
(531822,1 ,6185.5425,2723.9858,573.9522,100,0,0),
(531822,2 ,6185.5425,2723.9858,574.9522,100,0,0),
(531822,3 ,6183.2925,2725.7358,574.9522,100,0,0),
(531822,4 ,6183.0425,2726.2358,573.9522,100,0,0),
(531822,5 ,6180.2925,2728.2358,573.9522,100,0,0),
(531822,6 ,6169.0425,2735.9858,573.9522,100,0,0),
(531822,7 ,6168.5425,2736.2358,574.2022,100,0,0),
(531822,8 ,6168.5425,2736.4858,573.9522,100,0,0),
(531822,9 ,6157.2925,2749.9858,573.9522,100,0,0),
(531822,10,6156.7925,2751.2358,573.9522,100,0,0),
(531822,11,6151.088,2753.701,573.9071,100,1000,3217503),
-- 531828
(531828,1 ,6188.549,2725.3423,574.9522,100,0,0),
(531828,2 ,6188.049,2725.8423,574.9522,100,0,0),
(531828,3 ,6187.049,2727.3423,574.9522,100,0,0),
(531828,4 ,6186.799,2727.8423,573.9522,100,0,0),
(531828,5 ,6184.049,2729.5923,573.9522,100,0,0),
(531828,6 ,6171.049,2737.3423,573.9522,100,0,0),
(531828,7 ,6170.799,2737.5923,574.2022,100,0,0),
(531828,8 ,6170.549,2737.8423,574.2022,100,0,0),
(531828,9 ,6170.299,2737.8423,573.9522,100,0,0),
(531828,10,6157.299,2749.8423,573.9522,100,0,0),
(531828,11,6156.799,2751.3423,573.9522,100,0,0),
(531828,12,6150.799,2753.8423,573.9522,100,0,0),
(531828,13,6148.299,2754.8423,573.9522,100,0,0),
(531828,14,6144.299,2756.3423,573.9522,100,0,0),
(531828,15,6139.8667,2757.9524,573.9071,100,1000,3217503),
-- 531830
(531830,1 ,6191.5024,2726.609,574.9522,100,0,0),
(531830,2 ,6189.0024,2728.359,574.9522,100,0,0),
(531830,3 ,6189.0024,2728.859,573.9522,100,0,0),
(531830,4 ,6186.2524,2730.359,573.9522,100,0,0),
(531830,5 ,6172.2524,2738.359,573.9522,100,0,0),
(531830,6 ,6172.0024,2738.609,574.2022,100,0,0),
(531830,7 ,6171.5024,2738.859,573.9522,100,0,0),
(531830,8 ,6157.2524,2749.859,573.9522,100,0,0),
(531830,9 ,6156.7524,2751.359,573.9522,100,0,0),
(531830,10,6150.7524,2753.859,573.9522,100,0,0),
(531830,11,6148.2524,2754.859,573.9522,100,0,0),
(531830,12,6144.2524,2756.359,573.9522,100,0,0),
(531830,13,6139.8667,2757.9524,573.9071,100,1000,3217503),
-- 531846
(531846,1 ,6202.413,2736.4766,573.9522,100,0,0),
(531846,2 ,6201.913,2736.7266,574.9522,100,0,0),
(531846,3 ,6200.163,2737.4766,574.9522,100,0,0),
(531846,4 ,6199.663,2737.4766,573.9522,100,0,0),
(531846,5 ,6187.163,2745.2266,573.9522,100,0,0),
(531846,6 ,6186.663,2745.4766,573.9522,100,0,0),
(531846,7 ,6185.913,2745.7266,574.9522,100,0,0),
(531846,8 ,6182.913,2746.2266,574.9522,100,0,0),
(531846,9 ,6182.663,2746.7266,573.9522,100,0,0),
(531846,10,6173.663,2749.2266,573.9522,100,0,0),
(531846,11,6158.413,2753.4766,573.9522,100,0,0),
(531846,12,6151.638,2755.3784,573.9071,100,1000,3217503),
-- 531834
(531834,1 ,6203.475,2739.4182,574.9522,100,0,0),
(531834,2 ,6200.975,2739.9182,574.9522,100,0,0),
(531834,3 ,6200.475,2739.9182,573.9522,100,0,0),
(531834,4 ,6187.225,2745.1682,573.9522,100,0,0),
(531834,5 ,6186.475,2745.4182,573.9522,100,0,0),
(531834,6 ,6185.725,2745.6682,574.9522,100,0,0),
(531834,7 ,6182.975,2746.1682,574.9522,100,0,0),
(531834,8 ,6182.725,2746.6682,573.9522,100,0,0),
(531834,9 ,6173.725,2749.1682,573.9522,100,0,0),
(531834,10,6161.2686,2752.6855,573.9071,100,1000,3217503),
-- 531840
(531840,1 ,6205.55,2745.3398,573.9522,100,0,0),
(531840,2 ,6205.05,2745.5898,574.9522,100,0,0),
(531840,3 ,6203.05,2746.0898,574.9522,100,0,0),
(531840,4 ,6202.55,2746.0898,573.9522,100,0,0),
(531840,5 ,6191.3,2748.5898,573.9522,100,0,0),
(531840,6 ,6189.55,2748.3398,573.9522,100,0,0),
(531840,7 ,6189.3,2749.3398,573.9522,100,0,0),
(531840,8 ,6188.8,2749.3398,573.9522,100,0,0),
(531840,9 ,6184.05,2750.3398,573.9522,100,0,0),
(531840,10,6174.3,2752.0898,573.9522,100,0,0),
(531840,11,6159.8,2755.0898,573.9522,100,0,0),
(531840,12,6151.9614,2756.7075,573.9071,100,1000,3217503);
DELETE FROM dbscripts_on_creature_movement WHERE id IN (3217503);
INSERT INTO dbscripts_on_creature_movement (id, delay, command, datalong, datalong2, datalong3, buddy_entry, search_radius, data_flags, dataint, dataint2, dataint3, dataint4, x, y, z, o, comments) VALUES
(3217503,1,20,0,0,0,0,0,0x04,0,0,0,0,0,0,0,0,'idle'),
(3217503,100,1,27,0,0,0,0,0x04,0,0,0,0,0,0,0,0,'emote');
-- Highlord Darion Mograine 32312
UPDATE creature_template SET Faction = 2144, MinLevel = 83, MaxLevel = 83, Expansion = 2, UnitClass = 2, UnitFlags = 32832, EquipmentTemplateId = 365, MovementType = 2 WHERE Entry = 32312;
DELETE FROM creature_template_addon WHERE entry IN (32312);
INSERT INTO creature_template_addon (entry, mount, stand_state, sheath_state, pvp_flags, emote, moveflags, auras) VALUES
(32312,0,0,1,0,333,0,'42459');
DELETE FROM creature_movement_template WHERE Entry = 32312;
INSERT INTO creature_movement_template (`Entry`, `Pathid`, `Point`, `PositionX`, `PositionY`, `PositionZ`, `Orientation`, `WaitTime`, `ScriptId`) VALUES
(32312,0,1,6172.6396,2676.076,574.1444,1.98312,10,5),
(32312,0,2,6164.547,2694.1533,573.9071,100,0,0),
(32312,0,3,6154.9126,2715.3098,573.9071,100,0,0),
(32312,0,4,6150.175,2725.552,573.9071,100,0,0),
(32312,0,5,6135.03,2755.8853,573.914,4.22025,10000,0),
(32312,0,6,6135.03,2755.8853,573.914,4.22025,1000,3231201); -- finall script
DELETE FROM dbscripts_on_creature_movement WHERE id IN (3231201);
INSERT INTO dbscripts_on_creature_movement (id, delay, command, datalong, datalong2, datalong3, buddy_entry, search_radius, data_flags, dataint, dataint2, dataint3, dataint4, x, y, z, o, comments) VALUES
(3231201,1,15,61487,0,0,0,0,0,0,0,0,0,0,0,0,0,'cast 61487'),
(3231201,2,9,521251,120,0,0,0,0,0,0,0,0,0,0,0,0,'Respawn gameobject'),
(3231201,3,15,45104,0,0,0,0,0x04,0,0,0,0,0,0,0,0,'cast 45104'),
(3231201,100,0,0,0,0,0,0,0x04,32707,0,0,0,0,0,0,0,'say'),
(3231201,6000,35,6,50,0,0,0,0,0,0,0,0,0,0,0,0,'send event 6'), -- race check
(3231201,14000,0,0,0,0,0,0,0x04,32726,0,0,0,0,0,0,0,'say'),
(3231201,22000,35,8,100,0,0,0,0,0,0,0,0,0,0,0,0,'send event 8');
-- Koltira Deathweaver 32311
UPDATE creature_template SET Faction = 2140, MinLevel = 80, MaxLevel = 80, Expansion = 2, UnitClass = 2, UnitFlags = 32768, EquipmentTemplateId = 647, MovementType = 2 WHERE Entry = 32311;
DELETE FROM creature_movement_template WHERE Entry = 32311;
INSERT INTO creature_movement_template (`Entry`, `Pathid`, `Point`, `PositionX`, `PositionY`, `PositionZ`, `Orientation`, `WaitTime`, `ScriptId`) VALUES
(32311,0,1,6176.119,2670.9292,574.42505,1.9025,10,5),
(32311,0,2,6159.437,2705.4094,573.9071,100,0,0),
(32311,0,3,6156.6416,2712.3462,573.9071,100,0,0),
(32311,0,4,6152.9844,2719.3396,573.9071,100,0,0),
(32311,0,5,6145.2383,2736.7102,573.88556,100,0,0),
(32311,0,6,6138.53,2749.88,573.914,1.91724,100,3);
DELETE FROM creature_template_addon WHERE entry IN (32311);
INSERT INTO creature_template_addon (entry, mount, stand_state, sheath_state, pvp_flags, emote, moveflags, auras) VALUES
(32311,0,0,1,0,333,0,NULL);
-- Thassarian 32310
UPDATE creature_template SET Faction = 2036, MinLevel = 80, MaxLevel = 80, Expansion = 2, UnitClass = 1, UnitFlags = 32768, EquipmentTemplateId = 613, MovementType = 2 WHERE Entry = 32310;
DELETE FROM creature_movement_template WHERE Entry = 32310;
INSERT INTO creature_movement_template (`Entry`, `Pathid`, `Point`, `PositionX`, `PositionY`, `PositionZ`, `Orientation`, `WaitTime`, `ScriptId`) VALUES
(32310,0,1,6170.1084,2682.4614,574.0027,1.9151,10,5),
(32310,0,2,6163.0864,2702.045,573.9071,100,0,0),
(32310,0,3,6153.4756,2721.4753,573.9071,100,0,0),
(32310,0,4,6149.546,2732.418,573.90704,100,0,0),
(32310,0,5,6144.151,2740.1738,573.8919,100,0,0),
(32310,0,6,6136.23,2749.24,573.914,1.96043,1000,3);
DELETE FROM creature_template_addon WHERE entry IN (32310);
INSERT INTO creature_template_addon (entry, mount, stand_state, sheath_state, pvp_flags, emote, moveflags, auras) VALUES
(32310,0,0,1,0,333,0,NULL);
-- Ebon Knight 32309
UPDATE creature_template SET Faction = 2144, MinLevel = 80, MaxLevel = 80, Expansion = 2, UnitClass = 2, UnitFlags = 32768, EquipmentTemplateId = 363, MovementType = 0 WHERE Entry = 32309;
DELETE FROM creature_template_addon WHERE entry IN (32309);
INSERT INTO creature_template_addon (entry, mount, stand_state, sheath_state, pvp_flags, emote, moveflags, auras) VALUES
(32309,0,0,1,0,333,0,NULL);
DELETE FROM creature_movement_template WHERE Entry = 32309;
INSERT INTO creature_movement_template (`Entry`, `Pathid`, `Point`, `PositionX`, `PositionY`, `PositionZ`, `Orientation`, `WaitTime`, `ScriptId`) VALUES
-- Path1
(32309,1,1,6173.1895,2674.0015,574.25757,1.98812,10,5),
(32309,1,2,6161.983,2699.176,573.9071,100,0,0),
(32309,1,3,6152.995,2718.253,573.9071,100,0,0),
(32309,1,4,6145.7974,2731.8706,573.90704,100,0,0),
(32309,1,5,6137.68,2746.47,573.914,100,100,3),
-- Path2
(32309,2,1,6177.9927,2673.2732,574.39667,1.8244,10,5),
(32309,2,2,6157.7935,2700.3948,573.9071,100,0,0),
(32309,2,3,6150.6787,2717.0151,573.9071,100,0,0),
(32309,2,4,6146.949,2726.0254,573.90967,100,0,0),
(32309,2,5,6138.45,2747.58,573.914,100,100,3),
-- Path3
(32309,3,1,6172.3525,2672.135,574.33105,2.057,10,5),
(32309,3,2,6161.3506,2703.2063,573.9071,100,0,0),
(32309,3,3,6154.466,2715.3682,573.9071,100,0,0),
(32309,3,4,6150.735,2723.6104,573.9071,100,0,0),
(32309,3,5,6139.78,2747.29,573.914,100,100,3),
-- Path4
(32309,4,1,6171.529,2681.4202,573.996,1.96797,10,5),
(32309,4,2,6163.748,2699.9695,573.9071,100,0,0),
(32309,4,3,6157.07,2717.2107,573.9071,100,0,0),
(32309,4,4,6153.2393,2725.673,573.9071,100,0,0),
(32309,4,5,6136.2,2747.93,573.914,100,100,3),
-- Path5
(32309,5,1,6169.3223,2680.5034,574.0159,1.9226,10,5),
(32309,5,2,6162.5933,2698.8352,573.9071,100,0,0),
(32309,5,3,6152.5967,2717.144,573.9071,100,0,0),
(32309,5,4,6149.0405,2723.5388,573.9071,100,0,0),
(32309,5,5,6139.37,2749.1,573.914,100,100,3),
-- Path6
(32309,6,1,6169.62,2680.4172,574.0141,1.9162,10,5),
(32309,6,2,6162.536,2700.1013,573.9071,100,0,0),
(32309,6,3,6154.5747,2717.6558,573.9071,100,0,0),
(32309,6,4,6146.034,2736.9646,573.89124,100,0,0),
(32309,6,5,6140.86,2746.44,573.914,100,100,3),
-- Path7
(32309,7,1,6173.9697,2674.7043,574.23987,1.9398998,10,5),
(32309,7,2,6161.637,2699.961,573.9071,100,0,0),
(32309,7,3,6154.853,2718.443,573.9071,100,0,0),
(32309,7,4,6148.1304,2731.6826,573.90704,100,0,0),
(32309,7,5,6144.542,2739.566,573.89197,100,0,0),
(32309,7,6,6135.63,2745.9,573.914,100,100,3);
-- Knighs arriving
DELETE FROM dbscripts_on_event WHERE id IN (20616);
INSERT INTO dbscripts_on_event (id, delay, command, datalong, datalong2, datalong3, buddy_entry, search_radius, data_flags, dataint, dataint2, dataint3, dataint4, x, y, z, o, comments) VALUES
(20616,15001,10,32312,600000,0,0,0,0x08,0,0,0,0,6172.6396,2676.076,574.1444,1.98312,'Summon 32312'),
(20616,15002,10,32311,600000,0,0,0,0x08,0,0,0,0,6176.119,2670.9292,574.42505,1.9025,'Summon 32311'),
(20616,15003,10,32310,600000,0,0,0,0x08,0,0,0,0,6170.1084,2682.4614,574.0027,1.9151,'Summon 32310'),
(20616,15004,10,32309,600000,0,0,0,0x08,0,0,0,88,6173.1895,2674.0015,574.25757,1.98812,'Summon 32309'),
(20616,15005,10,32309,600000,0,0,0,0x08,0,0,0,102,6177.9927,2673.2732,574.39667,1.8244,'Summon 32309'),
(20616,15006,10,32309,600000,0,0,0,0x08,0,0,0,103,6172.3525,2672.135,574.33105,2.057,'Summon 32309'),
(20616,15007,10,32309,600000,0,0,0,0x08,0,0,0,104,6171.529,2681.4202,573.996,1.96797,'Summon 32309'),
(20616,15008,10,32309,600000,0,0,0,0x08,0,0,0,105,6169.3223,2680.5034,574.0159,1.9226,'Summon 32309'),
(20616,15009,10,32309,600000,0,0,0,0x08,0,0,0,106,6169.62,2680.4172,574.0141,1.9162,'Summon 32309'),
(20616,15010,10,32309,600000,0,0,0,0x08,0,0,0,107,6173.9697,2674.7043,574.23987,1.9398998,'Summon 32309');
DELETE FROM dbscripts_on_relay WHERE id IN (21101);
INSERT INTO dbscripts_on_relay (id, delay, command, datalong, datalong2, datalong3, buddy_entry, search_radius, data_flags, dataint, dataint2, dataint3, dataint4, x, y, z, o, comments) VALUES
(21101,1,10,32309,600000,0,0,0,0x08,0,0,0,102,6177.9927,2673.2732,574.39667,1.8244,'Ebon Knight 32309 EAI: Summon 32309');
-- Generic Trigger LAB 24042
DELETE FROM dbscripts_on_relay WHERE id IN (21099,21100,21102,21103);
INSERT INTO dbscripts_on_relay (id, delay, command, datalong, datalong2, datalong3, buddy_entry, search_radius, data_flags, dataint, dataint2, dataint3, dataint4, x, y, z, o, comments) VALUES
(21099,10000,34,21,0,0,0,0,0x04|0x08,0,0,0,0,0,0,0,0,'Part of Generic Trigger LAB 24042 EAI: Horde Player check'),
(21099,11000,0,0,0,0,32311,200,7,32708,0,0,0,0,0,0,0,'Part of Generic Trigger LAB 24042 EAI: buddy Say'),
(21100,10000,34,22,0,0,0,0,0x04|0x08,0,0,0,0,0,0,0,0,'Part of Generic Trigger LAB 24042 EAI: Alliance Player check'),
(21100,11000,0,0,0,0,32310,200,7,32710,0,0,0,0,0,0,0,'Part of Generic Trigger LAB 24042 EAI: buddy Say'),
(21102,1,34,21,0,0,0,0,0x04|0x08,0,0,0,0,0,0,0,0,'Part of Generic Trigger LAB 24042 EAI: Horde Player check'),
(21102,1000,0,0,0,0,32311,200,7,32725,0,0,0,0,0,0,0,'Part of Generic Trigger LAB 24042 EAI: buddy Say'),
(21103,1,34,22,0,0,0,0,0x04|0x08,0,0,0,0,0,0,0,0,'Part of Generic Trigger LAB 24042 EAI: Alliance Player check'),
(21103,1000,0,0,0,0,32310,200,7,32722,0,0,0,0,0,0,0,'Part of Generic Trigger LAB 24042 EAI: buddy Say');
DELETE FROM spell_target_position WHERE Id IN(60585);
INSERT INTO spell_target_position(id, target_map, target_position_x, target_position_y, target_position_z, target_orientation) VALUES
(60585,571,6487.01,411.41,482.422,3.39393);
